Name	Completeness	Contamination	Completeness_Model_Used	Translation_Table_Used	Coding_Density	Contig_N50	Average_Gene_Length	Genome_Size	GC_Content	Total_Coding_Sequences	Total_Contigs	Max_Contig_Length	Additional_Notes
SRR24759596_binette_bin20.fasta	11.35	0.0	Neural Network (Specific Model)	11	0.859	2789	231.8416485900217	372860	0.33	461	128	9063	None
SRR24759596_binette_bin22.fasta	11.18	0.43	Neural Network (Specific Model)	11	0.724	2118	181.00100401606426	745768	0.3	996	353	4772	None
SRR24759596_binette_bin23.fasta	9.7	0.11	Neural Network (Specific Model)	11	0.861	1991	207.1338199513382	295983	0.35	411	146	5820	None
SRR24759596_binette_bin28.fasta	6.77	0.13	Neural Network (Specific Model)	11	0.92	3500	193.103125	200719	0.46	320	62	19996	None
SRR24759596_binette_bin58.fasta	3.64	0.0	Neural Network (Specific Model)	11	0.897	6405	215.525	114766	0.52	160	26	14224	None
SRR24759597_binette_bin32.fasta	15.51	0.03	Neural Network (Specific Model)	11	0.894	1318	205.83804627249359	268030	0.37	389	195	3488	None
SRR24759597_binette_bin33.fasta	16.16	0.53	Neural Network (Specific Model)	11	0.904	1708	235.0262725779967	474280	0.36	609	270	7688	None
SRR24759597_binette_bin34.fasta	15.91	0.77	Neural Network (Specific Model)	11	0.776	1609	182.31049822064057	790709	0.31	1124	490	7502	None
SRR24759597_binette_bin35.fasta	15.48	0.57	Neural Network (Specific Model)	11	0.893	2092	252.7327935222672	419004	0.6	494	201	2247	None
SRR24759597_binette_bin36.fasta	21.31	3.86	Neural Network (Specific Model)	11	0.789	1577	199.6024423337856	558539	0.45	737	358	4816	None
SRR24759597_binette_bin37.fasta	13.07	0.03	Neural Network (Specific Model)	11	0.918	1773	229.5485893416928	238648	0.62	319	135	1930	None
SRR24759597_binette_bin39.fasta	19.12	3.48	Neural Network (Specific Model)	11	0.824	2082	217.76196032672112	677755	0.46	857	344	4475	None
SRR24759597_binette_bin42.fasta	13.23	0.84	Neural Network (Specific Model)	11	0.843	7120	276.9810298102981	363021	0.46	369	105	44257	None
SRR24759597_binette_bin44.fasta	10.84	0.1	Neural Network (Specific Model)	11	0.718	4624	220.21006564551422	419345	0.39	457	116	15919	None
SRR24759597_binette_bin45.fasta	10.28	0.07	Neural Network (Specific Model)	11	0.871	1858	196.3469387755102	461612	0.41	686	263	5603	None
SRR24759597_binette_bin46.fasta	10.56	0.11	Neural Network (Specific Model)	11	0.918	3072	300.8349514563107	201947	0.61	206	62	7799	None
SRR24759597_binette_bin47.fasta	10.94	0.27	Neural Network (Specific Model)	11	0.65	1650	180.12	662623	0.28	800	397	6040	None
SRR24759597_binette_bin64.fasta	6.35	0.01	Neural Network (Specific Model)	11	0.803	1423	189.4655172413793	204832	0.34	290	144	3558	None
SRR24759598_binette_bin100.fasta	5.83	0.0	Neural Network (Specific Model)	11	0.894	1227	191.61307901907358	235273	0.51	367	186	2595	None
SRR24759598_binette_bin101.fasta	5.63	0.0	Neural Network (Specific Model)	11	0.89	1408	194.7550505050505	258869	0.43	396	178	3729	None
SRR24759598_binette_bin103.fasta	5.78	0.23	Neural Network (Specific Model)	11	0.779	4366	240.68702290076337	242428	0.29	262	57	19334	None
SRR24759598_binette_bin104.fasta	6.84	0.79	Neural Network (Specific Model)	11	0.772	1544	188.1815286624204	229260	0.45	314	151	3669	None
SRR24759598_binette_bin108.fasta	11.29	3.26	Neural Network (Specific Model)	11	0.854	1296	220.49628252788105	415942	0.47	538	309	2368	None
SRR24759598_binette_bin109.fasta	5.42	0.57	Neural Network (Specific Model)	11	0.844	41474	231.16167664670658	273323	0.5	334	9	62965	None
SRR24759598_binette_bin38.fasta	32.13	7.84	Neural Network (Specific Model)	11	0.83	3194	276.60622222222224	1123381	0.45	1125	331	19940	None
SRR24759598_binette_bin39.fasta	25.69	5.3	Neural Network (Specific Model)	11	0.884	1554	213.52818733738076	833929	0.61	1153	542	3021	None
SRR24759598_binette_bin44.fasta	12.91	0.09	Neural Network (Specific Model)	11	0.784	2401	190.27836034318398	762018	0.37	1049	359	9550	None
SRR24759598_binette_bin45.fasta	16.77	2.24	Neural Network (Specific Model)	11	0.844	2256	224.30503144654088	506450	0.33	636	229	13932	None
SRR24759598_binette_bin46.fasta	14.73	1.25	Neural Network (Specific Model)	11	0.913	2689	196.3256972111554	644829	0.47	1004	286	13889	None
SRR24759598_binette_bin47.fasta	12.68	0.17	Neural Network (Specific Model)	11	0.744	1941	182.7492795389049	510019	0.29	694	272	10888	None
SRR24759598_binette_bin48.fasta	13.75	0.98	Neural Network (Specific Model)	11	0.851	1676	206.76764705882354	247178	0.46	340	150	3906	None
SRR24759598_binette_bin49.fasta	12.66	0.42	Neural Network (Specific Model)	11	0.865	5899	263.0121107266436	526175	0.52	578	124	19904	None
SRR24759598_binette_bin60.fasta	9.6	0.13	Neural Network (Specific Model)	11	0.649	1825	169.1279279279279	431846	0.36	555	237	10011	None
SRR24759598_binette_bin61.fasta	10.15	0.75	Neural Network (Specific Model)	4	0.71	2688	195.44555694618273	653767	0.49	799	280	18325	None
SRR24759598_binette_bin62.fasta	9.6	0.46	Neural Network (Specific Model)	11	0.865	1524	221.54882154882154	227459	0.46	297	140	9201	None
SRR24759598_binette_bin65.fasta	7.63	0.05	Neural Network (Specific Model)	11	0.822	3320	231.425	202150	0.45	240	57	9032	None
SRR24759598_binette_bin67.fasta	10.26	1.5	Neural Network (Specific Model)	11	0.839	1624	217.86720867208672	286557	0.45	369	184	3523	None
SRR24759599_binette_bin27.fasta	39.45	4.94	Neural Network (Specific Model)	11	0.876	2770	247.04066543438077	1370591	0.34	1623	545	18360	None
SRR24759599_binette_bin29.fasta	30.25	1.08	Neural Network (Specific Model)	11	0.93	1729	249.31414868105514	669629	0.63	834	381	10126	None
SRR24759599_binette_bin50.fasta	23.37	6.05	Neural Network (Specific Model)	11	0.874	1496	233.02426693629928	788945	0.48	989	537	3752	None
SRR24759599_binette_bin51.fasta	14.27	0.47	Neural Network (Specific Model)	11	0.684	1687	164.93424036281178	636822	0.33	882	368	14485	None
SRR24759599_binette_bin52.fasta	13.69	1.28	Neural Network (Specific Model)	11	0.9	3003	186.06916426512967	642748	0.46	1041	264	24015	None
SRR24759599_binette_bin54.fasta	11.75	0.3	Neural Network (Specific Model)	11	0.881	3544	243.28813559322035	487702	0.51	590	179	12747	None
SRR24759599_binette_bin55.fasta	11.55	0.19	Neural Network (Specific Model)	11	0.842	1908	207.56375838926175	330216	0.34	447	179	6952	None
SRR24759599_binette_bin56.fasta	10.57	0.0	Neural Network (Specific Model)	11	0.879	1341	192.60458452722062	457416	0.35	698	329	5035	None
SRR24759599_binette_bin59.fasta	10.4	0.06	Neural Network (Specific Model)	11	0.842	3514	230.44212962962962	354342	0.32	432	118	7273	None
SRR24759599_binette_bin74.fasta	7.34	0.01	Neural Network (Specific Model)	11	0.633	2184	169.45833333333334	383383	0.39	480	192	8498	None
SRR24759599_binette_bin75.fasta	22.71	7.7	Neural Network (Specific Model)	11	0.896	1451	248.92365269461078	555480	0.48	668	381	2483	None
SRR24759599_binette_bin76.fasta	9.43	1.46	Neural Network (Specific Model)	11	0.85	2108	219.26408450704224	438532	0.45	568	221	9024	None
SRR24759599_binette_bin77.fasta	6.73	0.03	Neural Network (Specific Model)	11	0.731	4594	188.12307692307692	300457	0.31	390	95	18294	None
SRR24759599_binette_bin78.fasta	6.38	0.0	Gradient Boost (General Model)	11	0.091	2343	65.76923076923077	84328	0.22	39	39	10450	None
SRR24759599_binette_bin93.fasta	7.94	1.03	Neural Network (Specific Model)	11	0.79	1605	176.06560636182903	335683	0.45	503	218	2841	None
SRR24759599_binette_bin95.fasta	8.96	1.91	Neural Network (Specific Model)	11	0.744	1571	175.46049661399547	312129	0.43	443	197	3390	None
SRR24759599_binette_bin98.fasta	11.84	3.93	Neural Network (Specific Model)	4	0.775	1544	184.92354740061162	697199	0.45	981	452	3622	None
SRR24759600_binette_bin101.fasta	6.07	0.03	Neural Network (Specific Model)	11	0.88	1869	209.41483516483515	258925	0.38	364	145	6925	None
SRR24759600_binette_bin102.fasta	5.85	0.03	Neural Network (Specific Model)	11	0.842	1551	203.5984455958549	279515	0.39	386	176	5726	None
SRR24759600_binette_bin103.fasta	6.45	0.3	Neural Network (Specific Model)	11	0.69	1783	176.7781954887218	203406	0.43	266	116	7362	None
SRR24759600_binette_bin104.fasta	5.72	0.0	Neural Network (Specific Model)	11	0.814	4667	239.29881656804733	297570	0.3	338	86	17764	None
SRR24759600_binette_bin105.fasta	5.7	0.06	Neural Network (Specific Model)	11	0.891	1443	216.18471337579618	228076	0.36	314	154	2673	None
SRR24759600_binette_bin106.fasta	5.24	0.01	Neural Network (Specific Model)	11	0.792	1692	233.5236220472441	224133	0.37	254	137	7079	None
SRR24759600_binette_bin107.fasta	6.39	0.81	Neural Network (Specific Model)	11	0.766	2143	208.67729083665338	204530	0.45	251	101	5917	None
SRR24759600_binette_bin108.fasta	4.67	0.1	Neural Network (Specific Model)	11	0.678	2121	177.97759103641457	280675	0.29	357	141	5932	None
SRR24759600_binette_bin109.fasta	4.14	0.01	Neural Network (Specific Model)	11	0.615	1561	161.62213740458014	206097	0.31	262	132	3903	None
SRR24759600_binette_bin38.fasta	17.93	0.18	Neural Network (Specific Model)	11	0.88	1322	194.1386430678466	224073	0.36	339	167	2358	None
SRR24759600_binette_bin42.fasta	15.95	0.65	Neural Network (Specific Model)	11	0.901	1419	219.69761273209548	275292	0.36	377	181	6598	None
SRR24759600_binette_bin44.fasta	15.3	1.74	Neural Network (Specific Model)	4	0.702	1582	175.30374238468232	855158	0.41	1149	507	15166	None
SRR24759600_binette_bin45.fasta	15.33	0.5	Neural Network (Specific Model)	11	0.804	2169	218.64038461538462	423114	0.45	520	180	11639	None
SRR24759600_binette_bin47.fasta	14.19	0.3	Neural Network (Specific Model)	11	0.952	2878	386.02846299810244	639853	0.38	527	265	19066	None
SRR24759600_binette_bin64.fasta	14.59	2.66	Neural Network (Specific Model)	11	0.872	1432	220.73605150214593	353296	0.43	466	241	4361	None
SRR24759600_binette_bin65.fasta	9.2	0.0	Neural Network (Specific Model)	11	0.903	1273	197.59965034965035	374594	0.56	572	280	6461	None
SRR24759600_binette_bin66.fasta	9.53	0.21	Neural Network (Specific Model)	11	0.906	1486	227.63295880149812	200926	0.36	267	133	7181	None
SRR24759600_binette_bin67.fasta	9.04	0.0	Neural Network (Specific Model)	11	0.845	1726	222.56737588652481	222426	0.33	282	128	14405	None
SRR24759600_binette_bin68.fasta	9.02	0.05	Neural Network (Specific Model)	11	0.831	3935	254.23809523809524	327135	0.32	357	97	15980	None
SRR24759600_binette_bin69.fasta	9.72	0.34	Neural Network (Specific Model)	11	0.772	1470	178.65714285714284	435458	0.53	630	300	4594	None
SRR24759600_binette_bin80.fasta	7.22	0.2	Neural Network (Specific Model)	11	0.734	1851	171.85899814471244	377157	0.32	539	210	5139	None
SRR24759600_binette_bin81.fasta	6.7	0.08	Neural Network (Specific Model)	11	0.924	5194	357.28372093023256	248995	0.37	215	48	26756	None
SRR24759600_binette_bin86.fasta	6.38	0.0	Gradient Boost (General Model)	11	0.279	1578	102.14285714285714	53516	0.42	49	32	4702	None
SRR24759601_binette_bin21.fasta	17.98	0.36	Neural Network (Specific Model)	11	0.845	3014	178.26624068157614	590424	0.45	939	230	32461	None
SRR24759601_binette_bin22.fasta	14.58	0.01	Neural Network (Specific Model)	11	0.874	1488	204.73960612691465	320393	0.36	457	216	2872	None
SRR24759601_binette_bin23.fasta	19.29	2.53	Neural Network (Specific Model)	11	0.885	1516	237.8184713375796	252747	0.36	314	160	4443	None
SRR24759601_binette_bin28.fasta	13.71	0.14	Neural Network (Specific Model)	11	0.887	3225	282.3133159268929	364985	0.46	383	100	22813	None
SRR24759601_binette_bin29.fasta	13.48	0.21	Neural Network (Specific Model)	11	0.847	1791	195.51686909581647	511449	0.34	741	291	5478	None
SRR24759601_binette_bin58.fasta	5.55	0.01	Neural Network (Specific Model)	11	0.843	1618	196.71333333333334	209550	0.45	300	123	13709	None
SRR24759601_binette_bin59.fasta	4.75	0.12	Neural Network (Specific Model)	11	0.677	1862	171.55871886120997	212736	0.38	281	119	4900	None
SRR24759602_binette_bin20.fasta	26.43	2.44	Neural Network (Specific Model)	11	0.901	3657	257.21399730820997	635230	0.37	743	212	21294	None
SRR24759602_binette_bin21.fasta	21.07	0.13	Neural Network (Specific Model)	11	0.921	2213	249.77879481311976	1064836	0.59	1311	514	8574	None
SRR24759602_binette_bin23.fasta	18.53	0.13	Neural Network (Specific Model)	11	0.852	1412	209.35714285714286	771650	0.52	1050	527	6493	None
SRR24759602_binette_bin25.fasta	17.93	0.59	Neural Network (Specific Model)	11	0.927	1751	226.71472392638037	238743	0.36	326	139	5019	None
SRR24759602_binette_bin27.fasta	18.58	1.92	Neural Network (Specific Model)	11	0.904	1287	205.70729166666666	653800	0.61	960	501	2722	None
SRR24759602_binette_bin51.fasta	7.17	0.02	Neural Network (Specific Model)	11	0.877	1819	267.81962025316454	289036	0.62	316	147	37292	None
SRR24759602_binette_bin52.fasta	6.76	0.0	Neural Network (Specific Model)	11	0.859	1740	315.39285714285717	215869	0.36	196	122	6946	None
SRR24759602_binette_bin54.fasta	6.57	0.01	Neural Network (Specific Model)	11	0.64	1739	143.00945626477542	282432	0.33	423	167	4949	None
SRR24759602_binette_bin55.fasta	6.76	0.21	Neural Network (Specific Model)	4	0.728	1336	164.744019138756	282107	0.43	418	203	3230	None
SRR24759602_binette_bin72.fasta	7.17	0.61	Neural Network (Specific Model)	11	0.911	1627	218.74113475177305	202708	0.34	282	125	4612	None
SRR24759602_binette_bin73.fasta	5.92	0.02	Neural Network (Specific Model)	11	0.777	2315	158.58734939759037	201901	0.45	332	89	40486	None
SRR24759602_binette_bin78.fasta	3.76	0.0	Neural Network (Specific Model)	11	0.935	1888	490.4651162790698	202842	0.45	129	106	6373	None
SRR24759603_binette_bin13.fasta	82.27	3.22	Neural Network (Specific Model)	11	0.839	5710	261.4120825147348	1900302	0.42	2036	488	25269	None
SRR24759603_binette_bin17.fasta	72.15	3.25	Neural Network (Specific Model)	11	0.882	12017	291.0917285259809	1864772	0.35	1886	264	57471	None
SRR24759603_binette_bin34.fasta	21.64	1.82	Neural Network (Specific Model)	11	0.755	3307	199.87235649546827	1049403	0.31	1324	381	57523	None
SRR24759603_binette_bin35.fasta	19.69	0.74	Neural Network (Specific Model)	11	0.834	1572	180.42558528428094	772413	0.46	1196	461	15337	None
SRR24759603_binette_bin36.fasta	16.18	0.34	Neural Network (Specific Model)	11	0.788	1275	190.0682128240109	528013	0.46	733	396	4340	None
SRR24759603_binette_bin39.fasta	15.29	0.51	Neural Network (Specific Model)	11	0.634	1666	161.79826732673268	615193	0.38	808	366	7856	None
SRR24759603_binette_bin41.fasta	13.21	0.2	Neural Network (Specific Model)	11	0.772	4878	204.22306525037936	521633	0.4	659	150	28632	None
SRR24759603_binette_bin42.fasta	11.28	0.22	Neural Network (Specific Model)	11	0.697	1798	171.53907134767837	650361	0.3	883	364	8983	None
SRR24759603_binette_bin49.fasta	8.6	0.01	Neural Network (Specific Model)	11	0.883	392603	286.84313725490193	397112	0.36	408	3	392603	None
SRR24759603_binette_bin86.fasta	6.22	0.0	Neural Network (Specific Model)	11	0.873	7241	282.57092198581563	273169	0.55	282	38	7514	None
SRR24759603_binette_bin88.fasta	8.71	1.17	Neural Network (Specific Model)	11	0.729	1445	166.71209213051824	356428	0.44	521	247	3029	None
SRR24759603_binette_bin89.fasta	6.0	0.26	Neural Network (Specific Model)	11	0.723	3647	230.43497757847533	212501	0.41	223	62	15036	None
SRR24759604_binette_bin10.fasta	83.24	1.96	Neural Network (Specific Model)	11	0.898	5605	263.19473264166004	1100290	0.37	1253	261	18633	None
SRR24759604_binette_bin100.fasta	4.29	0.21	Neural Network (Specific Model)	11	0.55	1837	148.652	202219	0.39	250	115	4900	None
SRR24759604_binette_bin101.fasta	3.06	0.0	Neural Network (Specific Model)	11	0.899	8151	223.11258278145695	111970	0.52	151	19	17912	None
SRR24759604_binette_bin102.fasta	10.02	3.81	Neural Network (Specific Model)	11	0.926	1466	250.92337164750958	211883	0.48	261	148	2762	None
SRR24759604_binette_bin12.fasta	70.38	1.7	Gradient Boost (General Model)	11	0.886	2720	233.14889123548048	2236802	0.32	2841	919	24883	None
SRR24759604_binette_bin34.fasta	13.23	0.58	Neural Network (Specific Model)	11	0.735	4188	223.67148014440434	756594	0.3	831	166	25689	None
SRR24759604_binette_bin35.fasta	13.27	0.51	Neural Network (Specific Model)	11	0.855	2634	243.06611570247935	309150	0.42	363	145	17036	None
SRR24759604_binette_bin36.fasta	11.51	0.3	Neural Network (Specific Model)	11	0.774	1356	181.8995983935743	525344	0.32	747	376	4404	None
SRR24759604_binette_bin37.fasta	10.82	0.08	Neural Network (Specific Model)	11	0.913	1896	245.42567567567568	238453	0.35	296	133	6399	None
SRR24759604_binette_bin39.fasta	26.74	8.32	Neural Network (Specific Model)	11	0.929	1479	264.70934256055364	246734	0.48	289	170	2549	None
SRR24759604_binette_bin42.fasta	9.65	0.11	Neural Network (Specific Model)	11	0.708	2634	180.85639229422065	435001	0.41	571	187	8799	None
SRR24759604_binette_bin43.fasta	9.48	0.08	Neural Network (Specific Model)	11	0.867	4390	273.5363321799308	273189	0.46	289	66	11579	None
SRR24759604_binette_bin44.fasta	10.18	0.29	Neural Network (Specific Model)	11	0.886	1406	209.2434017595308	241084	0.35	341	169	4573	None
SRR24759604_binette_bin45.fasta	11.28	0.62	Neural Network (Specific Model)	11	0.899	2623	166.65125495376486	419136	0.45	757	174	15422	None
SRR24759604_binette_bin46.fasta	9.41	0.14	Neural Network (Specific Model)	11	0.92	1352	228.43382352941177	202300	0.38	272	145	3332	None
SRR24759604_binette_bin47.fasta	8.65	0.02	Neural Network (Specific Model)	11	0.8	4608	198.48387096774192	367769	0.4	496	107	29392	None
SRR24759604_binette_bin8.fasta	94.18	3.39	Neural Network (Specific Model)	11	0.902	7070	278.95953757225436	1442450	0.36	1557	289	37225	None
SRR24759604_binette_bin87.fasta	7.14	0.48	Neural Network (Specific Model)	11	0.758	1815	177.79138321995464	309265	0.4	441	174	6131	None
SRR24759604_binette_bin88.fasta	6.33	0.01	Neural Network (Specific Model)	11	0.862	6377	233.0891472868217	208424	0.4	258	37	17537	None
SRR24759604_binette_bin9.fasta	89.11	3.29	Gradient Boost (General Model)	11	0.81	4430	261.53199741435037	1497026	0.39	1547	410	15838	None
SRR24759605_binette_bin20.fasta	34.79	0.96	Neural Network (Specific Model)	11	0.859	5738	257.3318140382862	984372	0.35	1097	221	73239	None
SRR24759605_binette_bin21.fasta	31.69	0.96	Neural Network (Specific Model)	11	0.866	15100	312.6607142857143	848405	0.34	784	70	40042	None
SRR24759605_binette_bin23.fasta	40.62	6.61	Neural Network (Specific Model)	11	0.852	3283	247.25673446948872	1581012	0.34	1819	517	23811	None
SRR24759605_binette_bin28.fasta	13.29	0.06	Neural Network (Specific Model)	11	0.809	3698	245.39354838709679	281717	0.46	310	76	3983	None
SRR24759605_binette_bin29.fasta	12.92	0.0	Neural Network (Specific Model)	11	0.825	4997	274.624	249307	0.45	250	50	5554	None
SRR24759605_binette_bin3.fasta	99.73	0.59	Neural Network (Specific Model)	11	0.833	131653	312.72443403590944	2880954	0.37	2562	43	332169	None
SRR24759605_binette_bin90.fasta	3.44	0.0	Neural Network (Specific Model)	11	0.895	6216	211.49079754601226	115081	0.52	163	23	16921	None
SRR24759606_binette_bin1.fasta	100.0	0.36	Neural Network (Specific Model)	11	0.862	301940	317.81334314446894	4504648	0.4	4077	22	645620	None
SRR24759606_binette_bin2.fasta	99.98	0.49	Neural Network (Specific Model)	11	0.899	271820	320.5136020976729	3260803	0.36	3051	25	430480	None
SRR24759606_binette_bin25.fasta	20.61	1.58	Neural Network (Specific Model)	11	0.928	1694	252.81627296587928	310943	0.44	381	188	5832	None
SRR24759606_binette_bin26.fasta	16.85	0.26	Neural Network (Specific Model)	11	0.862	1893	216.8428351309707	488537	0.35	649	258	3696	None
SRR24759606_binette_bin3.fasta	99.95	1.45	Neural Network (Specific Model)	11	0.894	23540	296.09625322997414	1535311	0.37	1548	115	89870	None
SRR24759606_binette_bin50.fasta	21.61	7.43	Neural Network (Specific Model)	11	0.929	1284	247.42984409799556	358118	0.63	449	271	2492	None
SRR24759606_binette_bin78.fasta	6.4	0.02	Neural Network (Specific Model)	11	0.781	1612	184.35294117647058	274872	0.51	391	178	5232	None
SRR24759606_binette_bin90.fasta	4.11	0.21	Neural Network (Specific Model)	11	0.755	1528	183.84172661870502	201573	0.46	278	136	2748	None
SRR24759607_binette_bin15.fasta	40.01	2.37	Neural Network (Specific Model)	11	0.841	2221	229.4512093411176	979080	0.45	1199	472	9031	None
SRR24759607_binette_bin17.fasta	21.72	0.28	Neural Network (Specific Model)	11	0.839	4668	250.32251082251082	412808	0.42	462	117	11784	None
SRR24759607_binette_bin3.fasta	72.9	1.92	Neural Network (Specific Model)	11	0.868	9731	302.37599153886833	1975440	0.34	1891	246	30802	None
SRR24759607_binette_bin34.fasta	6.87	0.0	Neural Network (Specific Model)	11	0.85	4586	249.5607843137255	224191	0.42	255	69	7593	None
SRR24759607_binette_bin35.fasta	6.62	0.0	Neural Network (Specific Model)	11	0.832	2995	239.58823529411765	205338	0.46	238	68	3476	None
SRR24759607_binette_bin36.fasta	7.55	0.43	Neural Network (Specific Model)	11	0.761	2200	185.16473988439307	251878	0.44	346	121	7284	None
SRR24759607_binette_bin42.fasta	5.77	0.03	Neural Network (Specific Model)	11	0.741	3261	172.81270903010034	208116	0.43	299	81	16336	None
SRR24759607_binette_bin43.fasta	5.48	0.01	Neural Network (Specific Model)	11	0.821	1877	176.6889534883721	221270	0.42	344	118	10322	None
SRR24759607_binette_bin46.fasta	14.9	5.91	Neural Network (Specific Model)	11	0.869	3231	255.08303249097472	243591	0.47	277	78	7433	None
SRR24759608_binette_bin15.fasta	64.4	7.03	Neural Network (Specific Model)	11	0.903	3058	246.61828571428572	1431279	0.38	1750	561	11248	None
SRR24759608_binette_bin30.fasta	32.95	5.54	Neural Network (Specific Model)	11	0.824	3452	259.09041591320073	1041447	0.45	1106	290	11947	None
SRR24759608_binette_bin34.fasta	24.06	2.58	Neural Network (Specific Model)	11	0.845	1864	219.15960099750623	622838	0.46	802	351	4584	None
SRR24759608_binette_bin36.fasta	18.03	0.26	Neural Network (Specific Model)	11	0.894	1487	213.69953051643193	305028	0.37	426	207	2953	None
SRR24759608_binette_bin37.fasta	26.5	4.55	Neural Network (Specific Model)	11	0.863	2276	231.07032181168057	672613	0.34	839	312	48815	None
SRR24759608_binette_bin40.fasta	22.72	3.83	Neural Network (Specific Model)	11	0.801	1423	195.08439086294416	1147223	0.51	1576	776	28975	None
SRR24759608_binette_bin41.fasta	14.94	0.51	Neural Network (Specific Model)	11	0.875	1873	230.69794721407624	538654	0.34	682	285	12584	None
SRR24759608_binette_bin42.fasta	14.94	0.45	Neural Network (Specific Model)	11	0.871	1534	165.27344521224086	573590	0.45	1013	372	4887	None
SRR24759608_binette_bin43.fasta	12.46	0.07	Neural Network (Specific Model)	11	0.555	1589	171.95609756097562	760811	0.27	820	459	24298	None
SRR24759608_binette_bin44.fasta	14.23	0.68	Neural Network (Specific Model)	11	0.789	4056	250.4906937394247	561926	0.45	591	142	12585	None
SRR24759608_binette_bin45.fasta	12.5	0.07	Neural Network (Specific Model)	11	0.907	2058	213.72075471698113	373855	0.35	530	189	8160	None
SRR24759608_binette_bin46.fasta	12.89	0.28	Neural Network (Specific Model)	11	0.783	3714	236.51127819548873	481014	0.31	532	131	9008	None
SRR24759608_binette_bin47.fasta	16.8	2.85	Neural Network (Specific Model)	11	0.879	1445	235.52777777777777	433239	0.48	540	300	3833	None
SRR24759608_binette_bin48.fasta	12.73	0.32	Neural Network (Specific Model)	4	0.711	1432	170.01607142857142	398691	0.42	560	257	6646	None
SRR24759608_binette_bin49.fasta	12.56	0.8	Neural Network (Specific Model)	11	0.718	3206	205.63474827245804	867824	0.4	1013	326	62833	None
SRR24759608_binette_bin61.fasta	8.86	0.03	Neural Network (Specific Model)	11	0.884	1548	226.88255033557047	229020	0.37	298	148	3177	None
SRR24759608_binette_bin63.fasta	8.78	0.03	Neural Network (Specific Model)	11	0.816	2403	283.51807228915663	345820	0.35	332	158	14941	None
SRR24759608_binette_bin68.fasta	7.4	0.05	Neural Network (Specific Model)	11	0.677	2215	181.70883534136547	399642	0.38	498	194	23140	None
SRR24759608_binette_bin84.fasta	25.34	9.75	Neural Network (Specific Model)	11	0.951	1211	239.3830769230769	979208	0.64	1300	769	5693	None
SRR24759608_binette_bin85.fasta	9.0	1.67	Neural Network (Specific Model)	11	0.812	1651	222.34615384615384	234420	0.45	286	141	9725	None
SRR24759608_binette_bin86.fasta	6.07	0.2	Neural Network (Specific Model)	11	0.622	1343	159.377308707124	290473	0.4	379	205	3143	None
SRR24759608_binette_bin87.fasta	9.11	2.1	Neural Network (Specific Model)	11	0.899	1324	225.27777777777777	229739	0.35	306	168	3957	None
SRR24759609_binette_bin24.fasta	23.97	2.92	Neural Network (Specific Model)	11	0.903	1427	214.5335720680394	793519	0.61	1117	553	2581	None
SRR24759609_binette_bin50.fasta	9.71	0.2	Neural Network (Specific Model)	11	0.839	1876	276.65439672801637	483330	0.36	489	267	6448	None
SRR24759609_binette_bin51.fasta	14.29	2.79	Neural Network (Specific Model)	11	0.926	1311	236.86363636363637	202338	0.38	264	149	2893	None
SRR24759609_binette_bin52.fasta	9.65	0.18	Neural Network (Specific Model)	11	0.961	1189	253.41411042944785	257365	0.66	326	209	2001	None
SRR24759609_binette_bin57.fasta	8.64	0.11	Neural Network (Specific Model)	11	0.83	1689	197.20821114369502	242553	0.34	341	151	2854	None
SRR24759609_binette_bin59.fasta	11.69	1.61	Neural Network (Specific Model)	11	0.853	1847	213.31715210355986	231509	0.47	309	132	7410	None
SRR24759609_binette_bin79.fasta	6.19	0.01	Neural Network (Specific Model)	11	0.741	6580	244.71575342465752	288842	0.29	292	45	19384	None
SRR24759610_binette_bin1.fasta	99.9	0.17	Neural Network (Specific Model)	11	0.885	57121	316.2238485558158	5483319	0.55	5124	144	299962	None
SRR24759610_binette_bin2.fasta	99.32	0.11	Neural Network (Specific Model)	11	0.891	17057	296.65	2553191	0.38	2560	218	65421	None
SRR24759610_binette_bin31.fasta	22.39	0.12	Neural Network (Specific Model)	11	0.913	1597	247.76720351390924	554607	0.61	683	330	8877	None
SRR24759610_binette_bin33.fasta	18.66	0.0	Neural Network (Specific Model)	11	0.854	1302	179.39617834394903	492455	0.37	785	368	3305	None
SRR24759610_binette_bin34.fasta	18.56	0.15	Neural Network (Specific Model)	11	0.853	2551	247.6966463414634	570485	0.33	656	250	21959	None
SRR24759610_binette_bin35.fasta	15.54	0.49	Neural Network (Specific Model)	11	0.851	5113	276.639798488665	386485	0.42	397	77	18614	None
SRR24759610_binette_bin37.fasta	14.34	0.11	Neural Network (Specific Model)	11	0.79	1564	184.69189189189188	517270	0.29	740	315	7187	None
SRR24759610_binette_bin38.fasta	19.79	3.31	Neural Network (Specific Model)	11	0.923	1255	206.35841081994928	790401	0.62	1183	615	2842	None
SRR24759610_binette_bin39.fasta	14.49	0.32	Neural Network (Specific Model)	11	0.894	1790	223.60652173913044	344367	0.35	460	195	8220	None
SRR24759610_binette_bin41.fasta	13.28	0.35	Neural Network (Specific Model)	11	0.79	8878	229.5150442477876	490679	0.33	565	89	26536	None
SRR24759610_binette_bin42.fasta	13.33	0.53	Neural Network (Specific Model)	11	0.709	3291	211.69181380417336	557187	0.34	623	203	13053	None
SRR24759610_binette_bin43.fasta	13.76	1.0	Neural Network (Specific Model)	11	0.879	1627	219.62929475587703	413568	0.35	553	246	9733	None
SRR24759610_binette_bin47.fasta	11.26	0.25	Neural Network (Specific Model)	11	0.754	3250	223.9388489208633	494778	0.29	556	185	19308	None
SRR24759610_binette_bin5.fasta	91.36	0.88	Neural Network (Specific Model)	11	0.889	50376	313.356647763075	1675459	0.37	1587	58	188910	None
SRR24759610_binette_bin64.fasta	8.18	0.0	Neural Network (Specific Model)	11	0.82	1332	180.4808743169399	241182	0.34	366	175	3581	None
SRR24759610_binette_bin65.fasta	8.19	0.12	Neural Network (Specific Model)	11	0.856	1630	210.30094043887146	234864	0.46	319	146	3054	None
SRR24759610_binette_bin66.fasta	10.26	1.18	Neural Network (Specific Model)	11	0.879	2040	266.12	204001	0.47	225	104	11118	None
SRR24759610_binette_bin68.fasta	7.89	0.09	Neural Network (Specific Model)	11	0.84	21051	261.3473389355742	332769	0.49	357	64	81651	None
SRR24759610_binette_bin69.fasta	8.22	0.25	Neural Network (Specific Model)	11	0.895	3325	269.2730769230769	234445	0.34	260	71	18303	None
SRR24759611_binette_bin28.fasta	16.01	1.58	Neural Network (Specific Model)	11	0.762	3738	212.76310272536688	398281	0.29	477	140	13173	None
SRR24759611_binette_bin29.fasta	12.94	0.35	Neural Network (Specific Model)	11	0.916	1326	227.55	267745	0.61	360	195	2454	None
SRR24759611_binette_bin5.fasta	79.9	2.12	Neural Network (Specific Model)	11	0.837	9346	277.77561904761905	2610659	0.33	2625	385	44196	None
SRR24759611_binette_bin70.fasta	7.54	0.63	Neural Network (Specific Model)	11	0.779	1412	186.2236559139785	332463	0.41	465	230	5112	None
SRR24759611_binette_bin71.fasta	6.32	0.01	Neural Network (Specific Model)	11	0.928	4673	270.2903225806452	216218	0.32	248	63	19141	None
SRR24759611_binette_bin73.fasta	5.83	0.0	Neural Network (Specific Model)	11	0.939	1429	398.2440476190476	213367	0.46	168	140	5690	None
SRR24759611_binette_bin74.fasta	6.96	0.59	Neural Network (Specific Model)	11	0.928	1759	260.3305439330544	200844	0.39	239	113	6443	None
SRR24759611_binette_bin75.fasta	5.53	0.01	Neural Network (Specific Model)	11	0.894	1712	219.05769230769232	152567	0.59	208	94	3430	None
SRR24759611_binette_bin79.fasta	5.39	0.0	Neural Network (Specific Model)	11	0.868	1326	202.2825396825397	219690	0.38	315	164	2201	None
SRR24759611_binette_bin92.fasta	2.25	0.0	Neural Network (Specific Model)	11	0.324	1365	108.26923076923077	51932	0.42	52	37	3081	None
SRR24759612_binette_bin21.fasta	24.93	1.08	Neural Network (Specific Model)	11	0.851	3509	268.0292921074044	1158052	0.56	1229	385	17474	None
SRR24759612_binette_bin23.fasta	14.38	0.7	Neural Network (Specific Model)	11	0.793	2006	207.77949709864603	404924	0.45	517	203	3876	None
SRR24759612_binette_bin24.fasta	13.07	0.28	Neural Network (Specific Model)	11	0.866	321404	306.2267657992565	569966	0.52	538	11	321404	None
SRR24759612_binette_bin25.fasta	12.48	0.53	Neural Network (Specific Model)	11	0.732	3393	207.00113765642777	743585	0.28	879	259	11489	None
SRR24759612_binette_bin27.fasta	10.59	0.06	Neural Network (Specific Model)	11	0.893	4378	266.4150485436893	367723	0.35	412	84	11463	None
SRR24759613_binette_bin15.fasta	44.86	3.22	Neural Network (Specific Model)	11	0.875	4262	255.75730337078653	1168500	0.35	1335	297	14127	None
SRR24759613_binette_bin34.fasta	15.55	0.82	Neural Network (Specific Model)	11	0.708	2286	189.18627450980392	815836	0.29	1020	350	53119	None
SRR24759613_binette_bin36.fasta	18.67	2.76	Neural Network (Specific Model)	11	0.755	1613	192.15798511734403	1328883	0.5	1747	780	14795	None
SRR24759613_binette_bin37.fasta	14.22	0.76	Neural Network (Specific Model)	11	0.841	2723	181.94332939787486	546907	0.45	847	235	26935	None
SRR24759613_binette_bin39.fasta	12.44	0.65	Neural Network (Specific Model)	11	0.764	3784	196.63755020080322	765996	0.33	996	260	15983	None
SRR24759613_binette_bin40.fasta	9.7	0.13	Neural Network (Specific Model)	11	0.735	1555	161.39291217257318	425681	0.43	649	260	19298	None
SRR24759613_binette_bin41.fasta	9.79	0.19	Neural Network (Specific Model)	11	0.85	2091	223.20065789473685	238942	0.36	304	114	16131	None
SRR24759613_binette_bin42.fasta	9.0	0.09	Neural Network (Specific Model)	11	0.899	6049	246.14454277286137	277624	0.33	339	56	125460	None
SRR24759613_binette_bin43.fasta	13.27	2.38	Neural Network (Specific Model)	11	0.925	2137	261.0496031746032	425733	0.62	504	195	5931	None
SRR24759613_binette_bin6.fasta	99.26	5.15	Neural Network (Specific Model)	11	0.85	8635	284.7763019923104	2870822	0.42	2861	567	37304	None
SRR24759613_binette_bin60.fasta	14.04	5.19	Neural Network (Specific Model)	11	0.84	4101	266.5524861878453	344093	0.46	362	87	11367	None
SRR24759614_binette_bin34.fasta	18.04	2.09	Neural Network (Specific Model)	11	0.899	2313	214.6031042128603	322447	0.35	451	146	10413	None
SRR24759614_binette_bin35.fasta	14.39	0.32	Neural Network (Specific Model)	11	0.87	7442	283.86409736308315	482201	0.33	493	88	29200	None
SRR24759614_binette_bin38.fasta	13.05	0.08	Neural Network (Specific Model)	11	0.881	6488	268.60360360360363	304184	0.34	333	76	21501	None
SRR24759614_binette_bin40.fasta	12.41	0.18	Neural Network (Specific Model)	11	0.881	1554	214.8444976076555	304915	0.43	418	203	2492	None
SRR24759614_binette_bin41.fasta	12.74	0.44	Neural Network (Specific Model)	11	0.924	2273	253.72431077694236	327986	0.37	399	160	6773	None
SRR24759614_binette_bin42.fasta	14.65	1.48	Neural Network (Specific Model)	11	0.894	1522	245.28	246614	0.43	300	161	4125	None
SRR24759614_binette_bin43.fasta	11.79	0.46	Neural Network (Specific Model)	11	0.922	1411	222.56743421052633	439117	0.62	608	296	7029	None
SRR24759614_binette_bin45.fasta	9.88	0.03	Neural Network (Specific Model)	11	0.908	2090	239.19626168224298	253381	0.36	321	123	6131	None
SRR24759614_binette_bin46.fasta	10.08	0.16	Neural Network (Specific Model)	11	0.83	2286	224.55797101449275	223592	0.45	276	101	4783	None
SRR24759614_binette_bin64.fasta	6.81	0.05	Neural Network (Specific Model)	11	0.801	6847	255.56944444444446	206369	0.44	216	41	23152	None
SRR24759614_binette_bin67.fasta	6.71	0.01	Neural Network (Specific Model)	11	0.717	2982	217.29963898916967	251247	0.43	277	84	4514	None
SRR24759615_binette_bin28.fasta	26.89	1.68	Neural Network (Specific Model)	11	0.875	3304	244.4012968299712	1159813	0.38	1388	402	63884	None
SRR24759615_binette_bin54.fasta	10.28	0.13	Neural Network (Specific Model)	11	0.844	18860	274.087962962963	419909	0.37	432	37	46940	None
SRR24759615_binette_bin56.fasta	10.05	0.3	Neural Network (Specific Model)	11	0.822	9922	228.21357615894038	501136	0.37	604	93	36178	None
SRR24759615_binette_bin58.fasta	8.89	0.0	Neural Network (Specific Model)	11	0.823	267006	319.44347826086954	267006	0.45	230	1	267006	None
SRR24759615_binette_bin59.fasta	9.31	0.45	Neural Network (Specific Model)	11	0.745	3018	183.51089108910892	371546	0.42	505	147	22669	None
SRR24759615_binette_bin71.fasta	7.71	0.66	Neural Network (Specific Model)	11	0.847	1593	205.35693215339234	246309	0.45	339	158	3257	None
SRR24759615_binette_bin92.fasta	10.89	5.93	Neural Network (Specific Model)	11	0.724	1473	183.42505133470226	369239	0.44	487	251	3020	None
SRR24759616_binette_bin23.fasta	21.57	2.91	Neural Network (Specific Model)	11	0.784	1961	208.78923253150057	695501	0.45	873	352	3705	None
SRR24759616_binette_bin24.fasta	14.48	0.03	Neural Network (Specific Model)	11	0.901	2623	252.85915492957747	357557	0.43	426	138	2958	None
SRR24759616_binette_bin26.fasta	12.01	0.46	Neural Network (Specific Model)	11	0.77	3900	238.3302752293578	808707	0.3	872	227	17894	None
SRR24759616_binette_bin27.fasta	10.75	0.0	Neural Network (Specific Model)	11	0.914	1358	211.672131147541	338496	0.54	488	240	3805	None
SRR24759616_binette_bin72.fasta	5.89	0.01	Neural Network (Specific Model)	11	0.709	3961	221.96978851963746	310225	0.29	331	72	35644	None
SRR24759616_binette_bin78.fasta	5.5	0.01	Neural Network (Specific Model)	11	0.844	3844	268.4957264957265	223083	0.31	234	57	14403	None
SRR24759596_binette_bin18.fasta	17.87	1.27	Neural Network (Specific Model)	11	0.805	3563	246.95029239766083	627676	0.45	684	190	11086	None
SRR24759596_binette_bin27.fasta	7.52	0.01	Neural Network (Specific Model)	11	0.907	4171	291.5954545454546	211855	0.35	220	48	15618	None
SRR24759596_binette_bin33.fasta	6.38	0.0	Gradient Boost (General Model)	11	0.076	1780	74.6086956521739	202341	0.22	69	110	9414	None
SRR24759597_binette_bin48.fasta	11.12	0.44	Neural Network (Specific Model)	11	0.713	2651	208.27479674796749	537458	0.41	615	221	12956	None
SRR24759597_binette_bin49.fasta	8.79	0.0	Neural Network (Specific Model)	11	0.883	2303	237.58267716535434	204749	0.36	254	90	14660	None
SRR24759597_binette_bin60.fasta	7.37	0.41	Neural Network (Specific Model)	11	0.734	1858	191.13826366559485	242023	0.45	311	131	6841	None
SRR24759597_binette_bin61.fasta	6.61	0.02	Neural Network (Specific Model)	11	0.778	2355	196.72118959107806	203447	0.32	269	88	13709	None
SRR24759597_binette_bin62.fasta	6.84	0.03	Neural Network (Specific Model)	11	0.676	1807	190.79097387173397	355410	0.39	421	185	10883	None
SRR24759597_binette_bin7.fasta	72.64	2.66	Neural Network (Specific Model)	11	0.88	2646	239.336417157275	2904338	0.51	3567	1250	10181	None
SRR24759597_binette_bin74.fasta	5.84	0.0	Neural Network (Specific Model)	11	0.778	1464	200.47972972972974	228297	0.34	296	154	4178	None
SRR24759597_binette_bin75.fasta	5.66	0.0	Neural Network (Specific Model)	11	0.869	209464	311.3282051282051	209464	0.39	195	1	209464	None
SRR24759598_binette_bin105.fasta	5.25	0.01	Neural Network (Specific Model)	11	0.897	6431	217.6043165467626	201381	0.36	278	56	19350	None
SRR24759598_binette_bin106.fasta	6.79	0.89	Neural Network (Specific Model)	11	0.878	1367	208.50694444444446	204760	0.46	288	147	2492	None
SRR24759598_binette_bin107.fasta	5.19	0.16	Neural Network (Specific Model)	11	0.936	1718	404.25	248473	0.46	192	148	6329	None
SRR24759598_binette_bin110.fasta	5.62	1.39	Neural Network (Specific Model)	11	0.656	1468	147.51902173913044	247456	0.43	368	169	2862	None
SRR24759598_binette_bin111.fasta	5.0	1.45	Neural Network (Specific Model)	11	0.733	1427	166.98648648648648	201696	0.43	296	141	3358	None
SRR24759598_binette_bin113.fasta	4.76	1.44	Neural Network (Specific Model)	11	0.834	1650	200.75483870967741	223563	0.46	310	144	2511	None
SRR24759598_binette_bin114.fasta	13.47	6.91	Neural Network (Specific Model)	11	0.904	1442	245.9044776119403	273050	0.47	335	192	2477	None
SRR24759598_binette_bin27.fasta	37.69	2.37	Neural Network (Specific Model)	11	0.875	2191	241.49619611158073	978491	0.34	1183	460	8567	None
SRR24759598_binette_bin3.fasta	97.86	1.62	Neural Network (Specific Model)	11	0.881	11813	289.5785384292314	4692206	0.6	4762	585	57740	None
SRR24759598_binette_bin36.fasta	19.84	0.46	Neural Network (Specific Model)	11	0.905	2473	222.18530701754386	669974	0.39	912	293	35261	None
SRR24759598_binette_bin41.fasta	15.26	0.76	Neural Network (Specific Model)	11	0.744	3977	193.2736220472441	789656	0.31	1016	268	29755	None
SRR24759598_binette_bin42.fasta	13.91	0.11	Neural Network (Specific Model)	11	0.745	2434	212.61641791044775	573058	0.3	670	259	21934	None
SRR24759598_binette_bin43.fasta	19.69	3.37	Neural Network (Specific Model)	11	0.857	1488	221.41213653603035	611678	0.47	791	418	2920	None
SRR24759598_binette_bin50.fasta	12.39	0.38	Neural Network (Specific Model)	11	0.802	3554	204.5448275862069	552501	0.42	725	192	62801	None
SRR24759598_binette_bin52.fasta	11.32	0.21	Neural Network (Specific Model)	11	0.875	11107	253.21413276231263	808184	0.52	934	113	34926	None
SRR24759598_binette_bin53.fasta	10.36	0.04	Neural Network (Specific Model)	11	0.838	1285	171.3304347826087	421921	0.37	690	322	2850	None
SRR24759598_binette_bin54.fasta	9.97	0.0	Neural Network (Specific Model)	11	0.901	1220	194.37115839243498	273201	0.56	423	216	2392	None
SRR24759598_binette_bin55.fasta	11.31	0.58	Neural Network (Specific Model)	4	0.734	1381	164.12849740932643	643117	0.42	965	449	8736	None
SRR24759598_binette_bin69.fasta	7.54	0.16	Neural Network (Specific Model)	11	0.615	1658	163.20816326530613	388886	0.38	490	233	14470	None
SRR24759598_binette_bin7.fasta	83.67	1.21	Neural Network (Specific Model)	11	0.906	17754	293.8223880597015	1301578	0.34	1340	126	64643	None
SRR24759599_binette_bin3.fasta	99.71	0.54	Neural Network (Specific Model)	11	0.89	15683	301.4832786885246	1547252	0.37	1525	150	90331	None
SRR24759599_binette_bin48.fasta	14.51	0.52	Neural Network (Specific Model)	11	0.837	3443	171.05300988319857	678175	0.36	1113	242	18693	None
SRR24759599_binette_bin49.fasta	14.13	0.46	Neural Network (Specific Model)	11	0.818	5663	276.7025495750708	714385	0.53	706	133	24806	None
SRR24759599_binette_bin60.fasta	10.83	0.39	Neural Network (Specific Model)	11	0.835	1244	196.0	367766	0.33	523	288	2446	None
SRR24759599_binette_bin61.fasta	9.89	0.02	Neural Network (Specific Model)	11	0.87	1942	215.33212996389892	409732	0.37	554	220	10054	None
SRR24759599_binette_bin62.fasta	10.11	0.18	Neural Network (Specific Model)	11	0.68	3523	201.32027027027027	654971	0.4	740	237	16040	None
SRR24759599_binette_bin63.fasta	24.94	8.29	Neural Network (Specific Model)	11	0.787	1887	194.62229617304493	444846	0.44	601	248	3844	None
SRR24759599_binette_bin64.fasta	8.67	0.0	Neural Network (Specific Model)	11	0.896	2150	254.58582089552237	228145	0.6	268	108	12664	None
SRR24759599_binette_bin65.fasta	8.9	0.09	Neural Network (Specific Model)	11	0.641	1700	155.63322884012538	231546	0.41	319	138	5886	None
SRR24759599_binette_bin71.fasta	7.94	0.08	Neural Network (Specific Model)	11	0.864	2129	212.96918767507003	263677	0.35	357	132	4346	None
SRR24759599_binette_bin72.fasta	7.79	0.06	Neural Network (Specific Model)	11	0.707	1507	152.97050938337802	241114	0.42	373	155	6931	None
SRR24759599_binette_bin88.fasta	6.66	0.17	Neural Network (Specific Model)	11	0.711	4950	226.5608108108108	282433	0.34	296	64	13281	None
SRR24759599_binette_bin89.fasta	7.35	0.08	Neural Network (Specific Model)	11	0.781	39908	282.8859649122807	490829	0.51	456	28	65731	None
SRR24759600_binette_bin1.fasta	99.89	0.03	Neural Network (Specific Model)	11	0.845	118501	312.8700823421775	2426353	0.3	2186	56	248517	None
SRR24759600_binette_bin14.fasta	73.73	2.06	Gradient Boost (General Model)	11	0.914	3104	252.93282149712093	2157642	0.44	2605	822	15798	None
SRR24759600_binette_bin2.fasta	99.82	0.16	Neural Network (Specific Model)	11	0.821	123140	315.43860404997844	2669964	0.45	2321	48	422661	None
SRR24759600_binette_bin3.fasta	99.96	0.31	Neural Network (Specific Model)	11	0.897	23593	289.0398740818468	2758665	0.31	2859	193	105510	None
SRR24759600_binette_bin49.fasta	13.49	0.08	Neural Network (Specific Model)	11	0.893	1844	216.46875	255579	0.35	352	139	11987	None
SRR24759600_binette_bin58.fasta	11.74	0.57	Neural Network (Specific Model)	11	0.829	4341	192.49632892804698	472136	0.43	681	165	33771	None
SRR24759600_binette_bin59.fasta	10.64	0.11	Neural Network (Specific Model)	11	0.877	1293	193.19136960600375	351473	0.59	533	268	2336	None
SRR24759600_binette_bin60.fasta	9.9	0.03	Neural Network (Specific Model)	11	0.874	1632	218.3765690376569	357196	0.43	478	198	34951	None
SRR24759600_binette_bin61.fasta	10.69	0.22	Neural Network (Specific Model)	11	0.806	3657	171.36320754716982	538057	0.35	848	199	19162	None
SRR24759600_binette_bin62.fasta	10.02	0.08	Neural Network (Specific Model)	11	0.862	1438	187.203125	208053	0.35	320	133	11515	None
SRR24759600_binette_bin63.fasta	11.15	0.22	Neural Network (Specific Model)	11	0.878	1523	210.4977973568282	325898	0.35	454	217	3222	None
SRR24759600_binette_bin74.fasta	9.55	0.92	Neural Network (Specific Model)	11	0.892	1563	222.30144927536233	257211	0.46	345	169	2842	None
SRR24759600_binette_bin75.fasta	8.89	0.68	Neural Network (Specific Model)	11	0.776	1927	202.64879356568363	291430	0.44	373	157	5262	None
SRR24759600_binette_bin99.fasta	7.28	0.4	Neural Network (Specific Model)	4	0.717	2364	195.861328125	416680	0.39	512	191	12766	None
SRR24759601_binette_bin24.fasta	16.98	0.91	Neural Network (Specific Model)	11	0.912	1917	242.8366718027735	517437	0.37	649	284	5641	None
SRR24759601_binette_bin25.fasta	16.45	0.94	Neural Network (Specific Model)	11	0.855	1600	195.60801393728224	393171	0.35	574	247	5091	None
SRR24759601_binette_bin26.fasta	14.26	0.08	Neural Network (Specific Model)	11	0.894	1472	219.06586826347305	245071	0.37	334	166	3719	None
SRR24759601_binette_bin27.fasta	14.37	0.15	Neural Network (Specific Model)	11	0.871	2007	222.64154411764707	416261	0.34	544	213	7456	None
SRR24759601_binette_bin32.fasta	11.77	0.24	Neural Network (Specific Model)	11	0.914	1342	204.10152284263958	263070	0.38	394	193	3118	None
SRR24759601_binette_bin33.fasta	11.64	0.34	Neural Network (Specific Model)	11	0.87	1996	215.43426294820716	372267	0.34	502	199	5553	None
SRR24759601_binette_bin35.fasta	11.91	0.54	Neural Network (Specific Model)	11	0.776	1863	204.89365671641792	423832	0.45	536	226	3416	None
SRR24759601_binette_bin36.fasta	13.77	0.85	Neural Network (Specific Model)	11	0.846	1360	216.08858267716536	388522	0.47	508	281	3117	None
SRR24759601_binette_bin37.fasta	10.5	0.23	Neural Network (Specific Model)	11	0.899	2125	237.09364548494983	236174	0.36	299	111	6760	None
SRR24759601_binette_bin40.fasta	10.02	0.12	Neural Network (Specific Model)	11	0.838	1694	201.32616487455198	200778	0.35	279	117	5123	None
SRR24759601_binette_bin41.fasta	10.04	0.4	Neural Network (Specific Model)	11	0.755	1469	197.5	238321	0.44	304	158	4799	None
SRR24759601_binette_bin42.fasta	10.18	0.57	Neural Network (Specific Model)	11	0.816	2374	220.95611285266457	258527	0.36	319	120	8379	None
SRR24759601_binette_bin43.fasta	8.81	0.06	Neural Network (Specific Model)	11	0.793	2679	223.0940170940171	394290	0.3	468	157	11115	None
SRR24759601_binette_bin44.fasta	8.43	0.04	Neural Network (Specific Model)	11	0.791	3246	256.85121107266434	280450	0.44	289	72	14510	None
SRR24759601_binette_bin45.fasta	8.2	0.55	Neural Network (Specific Model)	11	0.86	1814	260.18884120171674	210918	0.46	233	110	10273	None
SRR24759601_binette_bin7.fasta	65.29	2.16	Neural Network (Specific Model)	11	0.874	3452	242.05872576177285	1497732	0.34	1805	531	14598	None
SRR24759602_binette_bin17.fasta	29.72	2.83	Neural Network (Specific Model)	11	0.813	1914	214.5997963340122	775226	0.45	982	407	3211	None
SRR24759602_binette_bin28.fasta	14.96	0.2	Neural Network (Specific Model)	11	0.833	1263	185.99402985074627	447672	0.42	670	340	2940	None
SRR24759602_binette_bin29.fasta	14.1	0.15	Neural Network (Specific Model)	11	0.831	2844	256.6533957845433	394657	0.46	427	136	4842	None
SRR24759602_binette_bin38.fasta	9.64	0.05	Neural Network (Specific Model)	11	0.887	1742	259.82216494845363	340523	0.6	388	193	15597	None
SRR24759602_binette_bin39.fasta	17.76	4.2	Neural Network (Specific Model)	11	0.885	1439	235.1881918819188	215824	0.47	271	145	9363	None
SRR24759602_binette_bin48.fasta	9.0	0.77	Neural Network (Specific Model)	11	0.934	1910	268.64092664092664	223069	0.64	259	112	4322	None
SRR24759602_binette_bin49.fasta	9.62	0.06	Neural Network (Specific Model)	4	0.82	10365	251.65338645418328	459413	0.51	502	72	34649	None
SRR24759602_binette_bin75.fasta	5.73	0.0	Neural Network (Specific Model)	11	0.839	1427	176.28225806451613	233130	0.43	372	163	3204	None
SRR24759602_binette_bin76.fasta	4.89	0.01	Neural Network (Specific Model)	11	0.716	3344	209.59259259259258	212320	0.49	243	73	10304	None
SRR24759602_binette_bin77.fasta	4.3	0.02	Neural Network (Specific Model)	11	0.673	2018	169.3118971061093	233699	0.38	311	118	10574	None
SRR24759603_binette_bin20.fasta	42.56	0.34	Gradient Boost (General Model)	11	0.894	1734	220.3800657174151	1347779	0.34	1826	802	5489	None
SRR24759603_binette_bin27.fasta	38.79	4.43	Neural Network (Specific Model)	11	0.813	3833	259.1829573934837	1142542	0.45	1197	291	13385	None
SRR24759603_binette_bin44.fasta	10.69	0.7	Neural Network (Specific Model)	11	0.84	1525	213.86046511627907	621753	0.54	817	401	18408	None
SRR24759603_binette_bin45.fasta	11.82	1.28	Neural Network (Specific Model)	11	0.876	1629	245.13081395348837	288102	0.37	344	178	7985	None
SRR24759603_binette_bin46.fasta	11.62	1.33	Neural Network (Specific Model)	11	0.784	1620	195.75075987841944	490999	0.46	658	304	5967	None
SRR24759603_binette_bin51.fasta	9.17	0.59	Neural Network (Specific Model)	11	0.911	1302	239.88326848249028	202577	0.47	257	151	2810	None
SRR24759603_binette_bin54.fasta	8.32	0.92	Neural Network (Specific Model)	11	0.716	2778	209.4875	210373	0.41	240	92	7699	None
SRR24759603_binette_bin55.fasta	6.64	0.02	Neural Network (Specific Model)	11	0.763	1407	175.0239520958084	343953	0.32	501	243	3798	None
SRR24759603_binette_bin56.fasta	6.58	0.02	Neural Network (Specific Model)	11	0.923	1795	372.48130841121497	258922	0.46	214	152	4840	None
SRR24759603_binette_bin57.fasta	5.91	0.0	Neural Network (Specific Model)	11	0.886	1976	230.49027237354085	200158	0.56	257	111	2973	None
SRR24759603_binette_bin90.fasta	5.91	0.75	Neural Network (Specific Model)	11	0.569	1406	137.3986710963455	217037	0.41	301	152	4088	None
SRR24759604_binette_bin28.fasta	17.72	0.34	Neural Network (Specific Model)	11	0.877	1818	207.42691415313226	305387	0.37	431	179	4216	None
SRR24759604_binette_bin29.fasta	20.25	1.17	Neural Network (Specific Model)	11	0.765	1638	207.78913324708927	628344	0.46	773	374	6406	None
SRR24759604_binette_bin3.fasta	99.38	1.15	Neural Network (Specific Model)	11	0.891	19129	335.9591968911917	1744940	0.61	1544	172	53855	None
SRR24759604_binette_bin48.fasta	8.38	0.17	Neural Network (Specific Model)	11	0.916	3005	203.4455205811138	273691	0.46	413	103	13316	None
SRR24759604_binette_bin58.fasta	12.8	3.13	Neural Network (Specific Model)	11	0.915	1464	239.51497005988023	261944	0.37	334	183	3129	None
SRR24759604_binette_bin6.fasta	89.65	0.7	Gradient Boost (General Model)	11	0.828	18336	299.80931677018634	1747015	0.46	1610	139	90327	None
SRR24759605_binette_bin22.fasta	43.57	7.09	Gradient Boost (General Model)	11	0.9	1505	213.3433908045977	1482710	0.4	2088	1003	4187	None
SRR24759605_binette_bin26.fasta	19.71	0.62	Neural Network (Specific Model)	11	0.8	2073	207.23844731977817	419705	0.45	541	199	12677	None
SRR24759605_binette_bin27.fasta	16.3	0.46	Neural Network (Specific Model)	11	0.868	3069	279.1	250391	0.46	260	68	20783	None
SRR24759605_binette_bin30.fasta	11.23	0.09	Neural Network (Specific Model)	11	0.821	14537	306.258389261745	333277	0.31	298	32	35197	None
SRR24759605_binette_bin31.fasta	11.31	0.31	Neural Network (Specific Model)	11	0.871	2072	220.9538745387454	411582	0.35	542	193	4416	None
SRR24759605_binette_bin32.fasta	10.94	0.08	Neural Network (Specific Model)	11	0.896	3327	248.24436090225564	220722	0.36	266	73	8222	None
SRR24759605_binette_bin34.fasta	11.18	0.55	Neural Network (Specific Model)	11	0.874	3242	264.6320224719101	322987	0.46	356	90	22758	None
SRR24759605_binette_bin35.fasta	9.69	0.01	Neural Network (Specific Model)	11	0.897	1356	194.30102040816325	254085	0.31	392	179	3879	None
SRR24759605_binette_bin36.fasta	9.11	0.03	Neural Network (Specific Model)	11	0.89	1662	197.07567567567568	245171	0.3	370	149	7291	None
SRR24759605_binette_bin40.fasta	8.24	0.01	Neural Network (Specific Model)	11	0.868	4759	267.2488479262673	200032	0.38	217	44	27690	None
SRR24759605_binette_bin42.fasta	8.95	1.09	Neural Network (Specific Model)	11	0.786	4423	251.90434782608696	220637	0.45	230	45	16959	None
SRR24759605_binette_bin51.fasta	6.38	0.0	Gradient Boost (General Model)	11	0.331	1409	110.80357142857143	55821	0.42	56	39	2884	None
SRR24759605_binette_bin85.fasta	5.07	0.04	Neural Network (Specific Model)	11	0.714	3467	222.1806167400881	211316	0.38	227	59	7602	None
SRR24759606_binette_bin38.fasta	12.25	0.92	Neural Network (Specific Model)	11	0.938	1434	227.45620437956205	397752	0.63	548	276	2456	None
SRR24759606_binette_bin39.fasta	10.21	0.05	Neural Network (Specific Model)	11	0.907	1634	235.84805653710248	220384	0.37	283	133	6170	None
SRR24759606_binette_bin48.fasta	7.81	0.16	Neural Network (Specific Model)	4	0.748	1370	176.01937984496124	361341	0.45	516	247	5846	None
SRR24759606_binette_bin64.fasta	6.38	0.0	Gradient Boost (General Model)	11	0.279	1384	67.6144578313253	59755	0.45	83	44	1830	None
SRR24759606_binette_bin89.fasta	8.24	1.84	Neural Network (Specific Model)	11	0.9	2428	252.55442176870747	247127	0.35	294	109	7344	None
SRR24759607_binette_bin18.fasta	20.16	0.7	Neural Network (Specific Model)	11	0.918	1598	211.4137323943662	391788	0.37	568	243	4762	None
SRR24759607_binette_bin19.fasta	14.21	0.37	Neural Network (Specific Model)	11	0.906	1238	216.65491651205937	385967	0.42	539	301	2157	None
SRR24759607_binette_bin20.fasta	13.74	0.29	Neural Network (Specific Model)	11	0.905	2296	239.86363636363637	279215	0.35	352	116	9929	None
SRR24759607_binette_bin23.fasta	10.01	0.09	Neural Network (Specific Model)	11	0.818	3084	233.71011235955055	380468	0.39	445	141	6902	None
SRR24759607_binette_bin24.fasta	10.42	0.26	Neural Network (Specific Model)	11	0.865	1337	206.21841155234657	395550	0.34	554	288	3174	None
SRR24759607_binette_bin25.fasta	11.53	1.14	Neural Network (Specific Model)	11	0.791	1531	205.0	481867	0.47	621	310	10940	None
SRR24759607_binette_bin27.fasta	9.43	0.44	Neural Network (Specific Model)	11	0.867	1330	203.72641509433961	372173	0.58	530	246	59517	None
SRR24759607_binette_bin31.fasta	7.89	0.03	Neural Network (Specific Model)	11	0.814	1344	170.52850877192984	285426	0.33	456	205	3389	None
SRR24759607_binette_bin32.fasta	7.7	0.0	Neural Network (Specific Model)	11	0.659	1539	160.472	455447	0.29	625	289	5270	None
SRR24759607_binette_bin33.fasta	7.68	0.27	Neural Network (Specific Model)	4	0.752	1368	179.76070901033972	482439	0.43	677	316	15523	None
SRR24759607_binette_bin44.fasta	4.95	0.0	Neural Network (Specific Model)	11	0.866	1240	191.325	238062	0.39	360	186	2438	None
SRR24759607_binette_bin45.fasta	6.02	0.94	Neural Network (Specific Model)	11	0.844	2048	216.374531835206	204753	0.45	267	106	10001	None
SRR24759607_binette_bin9.fasta	51.94	0.5	Neural Network (Specific Model)	11	0.844	10340	304.1119592875318	1273561	0.46	1179	147	34814	None
SRR24759608_binette_bin13.fasta	68.54	5.97	Neural Network (Specific Model)	11	0.875	5274	279.67620020429007	1875763	0.34	1958	403	21717	None
SRR24759608_binette_bin29.fasta	23.11	0.59	Neural Network (Specific Model)	11	0.918	3709	266.22911051212935	322174	0.36	371	86	6813	None
SRR24759608_binette_bin64.fasta	8.4	0.02	Neural Network (Specific Model)	11	0.901	1929	212.13513513513513	338097	0.37	481	177	10405	None
SRR24759608_binette_bin65.fasta	14.04	3.14	Neural Network (Specific Model)	11	0.795	1507	198.6593567251462	511680	0.46	684	340	3149	None
SRR24759608_binette_bin66.fasta	8.49	0.37	Neural Network (Specific Model)	11	0.875	1456	202.64801864801865	297456	0.34	429	207	2528	None
SRR24759608_binette_bin88.fasta	4.68	0.0	Neural Network (Specific Model)	11	0.745	1541	167.08387096774194	207658	0.32	310	137	4425	None
SRR24759609_binette_bin21.fasta	37.77	7.45	Neural Network (Specific Model)	11	0.903	1420	218.04897959183674	886028	0.62	1225	615	4034	None
SRR24759609_binette_bin23.fasta	28.88	4.21	Neural Network (Specific Model)	11	0.892	1587	215.56776947705444	677965	0.35	937	432	5607	None
SRR24759609_binette_bin30.fasta	18.24	1.61	Neural Network (Specific Model)	11	0.894	1270	202.05330490405117	316987	0.36	469	236	3729	None
SRR24759609_binette_bin32.fasta	18.66	2.4	Neural Network (Specific Model)	11	0.821	3653	217.66052934407364	689723	0.34	869	251	40768	None
SRR24759609_binette_bin33.fasta	20.17	2.86	Neural Network (Specific Model)	11	0.763	1689	185.32418001525554	952075	0.29	1311	548	14314	None
SRR24759609_binette_bin34.fasta	14.34	0.28	Neural Network (Specific Model)	11	0.828	3134	268.1224944320713	435374	0.45	449	137	5702	None
SRR24759609_binette_bin35.fasta	19.11	2.88	Neural Network (Specific Model)	11	0.894	2165	221.73774230330673	650919	0.34	877	314	14628	None
SRR24759609_binette_bin42.fasta	10.49	0.09	Neural Network (Specific Model)	11	0.844	40614	291.75488069414314	477757	0.33	461	40	85293	None
SRR24759609_binette_bin43.fasta	11.03	0.49	Neural Network (Specific Model)	11	0.846	2038	218.37414965986395	340759	0.46	441	176	6717	None
SRR24759609_binette_bin44.fasta	10.34	0.14	Neural Network (Specific Model)	11	0.857	1202	179.4114671163575	371769	0.38	593	294	2937	None
SRR24759609_binette_bin46.fasta	10.19	0.14	Neural Network (Specific Model)	11	0.655	1612	170.3016627078385	326643	0.38	421	204	4238	None
SRR24759609_binette_bin54.fasta	9.95	0.29	Neural Network (Specific Model)	11	0.876	1791	227.0992736077482	320916	0.33	413	190	6088	None
SRR24759609_binette_bin55.fasta	8.76	0.0	Neural Network (Specific Model)	11	0.79	1392	170.5625	289001	0.41	448	201	4673	None
SRR24759609_binette_bin56.fasta	8.6	0.0	Neural Network (Specific Model)	11	0.813	2015	214.41149425287355	343469	0.46	435	174	10024	None
SRR24759609_binette_bin80.fasta	6.72	0.01	Neural Network (Specific Model)	11	0.859	1334	194.90544412607449	236639	0.56	349	171	2525	None
SRR24759609_binette_bin82.fasta	8.19	1.03	Neural Network (Specific Model)	11	0.822	1669	202.12933753943219	233560	0.32	317	147	3669	None
SRR24759609_binette_bin86.fasta	4.94	0.03	Neural Network (Specific Model)	11	0.719	2191	216.72844827586206	209027	0.42	232	96	11820	None
SRR24759609_binette_bin87.fasta	4.72	0.01	Neural Network (Specific Model)	11	0.901	2503	429.73770491803276	261537	0.41	183	116	10286	None
SRR24759609_binette_bin90.fasta	3.33	0.0	Neural Network (Specific Model)	11	0.756	1542	215.16129032258064	78671	0.57	93	48	5200	None
SRR24759609_binette_bin91.fasta	3.07	0.0	Neural Network (Specific Model)	11	0.907	2812	219.34146341463415	88910	0.56	123	36	6375	None
SRR24759609_binette_bin92.fasta	21.45	9.35	Neural Network (Specific Model)	11	0.92	1367	234.27737226277372	208867	0.38	274	149	2819	None
SRR24759610_binette_bin102.fasta	10.0	3.06	Neural Network (Specific Model)	11	0.933	1611	270.3208333333333	208232	0.48	240	132	3722	None
SRR24759610_binette_bin103.fasta	7.57	1.83	Neural Network (Specific Model)	11	0.861	1604	225.01438848920864	217596	0.45	278	136	5408	None
SRR24759610_binette_bin106.fasta	7.66	2.52	Neural Network (Specific Model)	11	0.868	1455	220.7123745819398	227759	0.46	299	158	4088	None
SRR24759610_binette_bin49.fasta	10.19	0.08	Neural Network (Specific Model)	11	0.68	2716	172.20462850182705	622397	0.32	821	269	15670	None
SRR24759610_binette_bin58.fasta	8.92	0.0	Neural Network (Specific Model)	11	0.819	1715	212.70662460567823	246403	0.41	317	146	5316	None
SRR24759610_binette_bin59.fasta	9.16	0.07	Neural Network (Specific Model)	11	0.869	1354	199.04635761589404	310597	0.41	453	226	3425	None
SRR24759610_binette_bin60.fasta	8.77	0.16	Neural Network (Specific Model)	11	0.84	4661	219.21445221445222	334907	0.34	429	92	19675	None
SRR24759610_binette_bin62.fasta	8.34	0.01	Neural Network (Specific Model)	11	0.691	2710	203.72813238770686	372953	0.29	423	154	20832	None
SRR24759610_binette_bin63.fasta	8.28	0.29	Neural Network (Specific Model)	11	0.762	1628	175.9935691318328	214431	0.44	311	131	5946	None
SRR24759610_binette_bin70.fasta	7.85	0.31	Neural Network (Specific Model)	4	0.828	1906	205.6457142857143	259194	0.45	350	142	4309	None
SRR24759610_binette_bin71.fasta	11.19	1.94	Neural Network (Specific Model)	11	0.841	1964	228.0	200499	0.45	247	114	5434	None
SRR24759610_binette_bin72.fasta	7.43	0.18	Neural Network (Specific Model)	11	0.723	2660	196.98233995584988	369057	0.41	453	160	8790	None
SRR24759610_binette_bin73.fasta	6.8	0.02	Neural Network (Specific Model)	11	0.852	1576	260.63188976377955	465553	0.61	508	279	11127	None
SRR24759610_binette_bin74.fasta	6.99	0.06	Neural Network (Specific Model)	11	0.61	1814	159.03980099502488	312754	0.38	402	170	7353	None
SRR24759610_binette_bin75.fasta	9.12	1.12	Neural Network (Specific Model)	11	0.856	1692	231.12156862745098	206250	0.46	255	125	5795	None
SRR24759610_binette_bin9.fasta	87.02	8.52	Neural Network (Specific Model)	11	0.892	27919	305.5856507230256	1844851	0.36	1798	96	71110	None
SRR24759610_binette_bin98.fasta	16.14	5.43	Neural Network (Specific Model)	11	0.909	1279	224.65283018867925	392468	0.61	530	302	3045	None
SRR24759610_binette_bin99.fasta	5.23	0.02	Neural Network (Specific Model)	11	0.643	1455	161.0890052356021	286004	0.36	382	191	3894	None
SRR24759611_binette_bin26.fasta	17.09	1.1	Neural Network (Specific Model)	11	0.85	3012	221.77089337175792	542244	0.35	694	238	14687	None
SRR24759611_binette_bin30.fasta	11.84	0.0	Neural Network (Specific Model)	11	0.862	3462	240.22184300341297	244205	0.36	293	77	10771	None
SRR24759611_binette_bin32.fasta	11.66	0.38	Neural Network (Specific Model)	11	0.914	1775	177.25647668393782	446760	0.46	772	241	29875	None
SRR24759611_binette_bin33.fasta	12.26	0.68	Neural Network (Specific Model)	11	0.671	3026	199.58552631578948	540189	0.38	608	206	9901	None
SRR24759611_binette_bin34.fasta	15.65	2.82	Neural Network (Specific Model)	11	0.926	3643	255.6085409252669	232388	0.36	281	69	15585	None
SRR24759611_binette_bin35.fasta	10.53	0.3	Neural Network (Specific Model)	11	0.924	1381	221.62883435582822	233865	0.37	326	160	6855	None
SRR24759611_binette_bin36.fasta	10.05	0.16	Neural Network (Specific Model)	11	0.899	2943	234.7582697201018	307172	0.37	393	121	7805	None
SRR24759611_binette_bin40.fasta	10.99	0.78	Neural Network (Specific Model)	11	0.904	1937	217.4125874125874	205427	0.34	286	110	6636	None
SRR24759611_binette_bin41.fasta	10.55	0.58	Neural Network (Specific Model)	11	0.906	1598	201.43356643356643	284952	0.61	429	185	2484	None
SRR24759611_binette_bin42.fasta	9.17	0.0	Neural Network (Specific Model)	11	0.888	1586	209.07629427792915	258783	0.41	367	164	4758	None
SRR24759611_binette_bin43.fasta	9.29	0.14	Neural Network (Specific Model)	11	0.772	3759	214.86647727272728	293295	0.3	352	108	19582	None
SRR24759611_binette_bin45.fasta	8.71	0.01	Neural Network (Specific Model)	11	0.846	7599	293.2317880794702	313722	0.34	302	44	23966	None
SRR24759611_binette_bin78.fasta	6.33	0.31	Neural Network (Specific Model)	11	0.934	1271	237.64437689969606	250497	0.64	329	191	2532	None
SRR24759611_binette_bin80.fasta	4.86	0.0	Neural Network (Specific Model)	11	0.854	10126	214.42537313432837	201181	0.4	268	41	24145	None
SRR24759611_binette_bin84.fasta	4.58	0.02	Neural Network (Specific Model)	11	0.905	2508	412.3313253012048	226629	0.41	166	109	9061	None
SRR24759612_binette_bin1.fasta	99.86	1.09	Neural Network (Specific Model)	11	0.728	48725	265.92156386595434	4501605	0.36	4118	135	139103	None
SRR24759612_binette_bin17.fasta	44.68	8.77	Neural Network (Specific Model)	11	0.811	3815	257.12571103526733	1668253	0.45	1758	425	21952	None
SRR24759612_binette_bin28.fasta	10.24	0.0	Neural Network (Specific Model)	11	0.821	5024	330.18957345971563	254369	0.4	211	51	16030	None
SRR24759612_binette_bin38.fasta	13.81	3.13	Neural Network (Specific Model)	11	0.886	2172	248.62083333333334	201800	0.35	240	87	9994	None
SRR24759612_binette_bin39.fasta	7.93	0.12	Neural Network (Specific Model)	11	0.885	1879	216.660777385159	207412	0.43	283	118	7363	None
SRR24759612_binette_bin5.fasta	83.29	1.5	Neural Network (Specific Model)	11	0.886	9730	281.1125137211855	1731171	0.36	1822	246	38212	None
SRR24759612_binette_bin60.fasta	7.68	0.89	Neural Network (Specific Model)	11	0.901	1318	233.13677811550153	255011	0.6	329	189	2486	None
SRR24759612_binette_bin65.fasta	5.6	0.27	Neural Network (Specific Model)	11	0.674	2246	213.6771653543307	240963	0.37	254	109	7888	None
SRR24759612_binette_bin66.fasta	5.53	0.71	Neural Network (Specific Model)	11	0.924	1359	213.9875	221591	0.63	320	161	2307	None
SRR24759613_binette_bin1.fasta	98.72	0.15	Gradient Boost (General Model)	11	0.907	72494	325.9001225490196	3509914	0.42	3264	104	198984	None
SRR24759613_binette_bin2.fasta	98.03	0.25	Neural Network (Specific Model)	11	0.897	132427	304.2413515687852	1262975	0.45	1243	15	213978	None
SRR24759613_binette_bin21.fasta	40.37	7.02	Neural Network (Specific Model)	11	0.881	1647	205.09313725490196	852945	0.37	1224	537	6183	None
SRR24759613_binette_bin22.fasta	33.41	3.37	Neural Network (Specific Model)	11	0.828	1413	186.10517473118279	2001220	0.33	2976	1360	8687	None
SRR24759613_binette_bin23.fasta	38.06	6.23	Neural Network (Specific Model)	11	0.823	1451	189.41997686077903	1785233	0.42	2593	1199	8045	None
SRR24759613_binette_bin27.fasta	39.84	9.18	Neural Network (Specific Model)	11	0.801	2136	214.27082008900192	1260149	0.45	1573	589	4548	None
SRR24759613_binette_bin30.fasta	27.45	4.24	Neural Network (Specific Model)	11	0.888	3038	259.5983167559296	1142421	0.6	1307	424	21345	None
SRR24759613_binette_bin32.fasta	18.89	0.32	Neural Network (Specific Model)	11	0.867	2204	214.30324400564174	524759	0.35	709	241	5427	None
SRR24759613_binette_bin33.fasta	21.01	2.48	Neural Network (Specific Model)	11	0.87	12106	282.61401673640165	929853	0.52	956	156	71779	None
SRR24759613_binette_bin44.fasta	8.69	0.11	Neural Network (Specific Model)	11	0.818	1998	217.8188976377953	202539	0.45	254	102	3830	None
SRR24759613_binette_bin45.fasta	7.3	0.0	Neural Network (Specific Model)	11	0.892	1249	203.77839335180056	247010	0.52	361	189	2399	None
SRR24759613_binette_bin46.fasta	7.09	0.0	Neural Network (Specific Model)	11	0.898	5808	238.39700374531836	211753	0.42	267	60	19293	None
SRR24759613_binette_bin47.fasta	6.52	0.0	Neural Network (Specific Model)	11	0.681	3404	212.66559485530547	290524	0.3	311	91	11466	None
SRR24759613_binette_bin54.fasta	6.35	0.1	Neural Network (Specific Model)	11	0.835	3926	303.00588235294117	369410	0.52	340	91	13017	None
SRR24759613_binette_bin55.fasta	6.09	0.01	Neural Network (Specific Model)	11	0.615	1739	148.33548387096775	335497	0.29	465	195	5916	None
SRR24759613_binette_bin56.fasta	6.09	0.07	Neural Network (Specific Model)	11	0.584	1461	138.3734939759036	235151	0.37	332	161	2519	None
SRR24759614_binette_bin101.fasta	3.97	0.0	Neural Network (Specific Model)	11	0.6	1833	172.57429718875503	213928	0.38	249	116	7516	None
SRR24759614_binette_bin103.fasta	8.69	3.67	Neural Network (Specific Model)	11	0.956	1329	230.87640449438203	321440	0.65	445	239	2484	None
SRR24759614_binette_bin28.fasta	23.01	2.75	Neural Network (Specific Model)	11	0.91	4357	293.96745027124774	535286	0.36	553	131	9718	None
SRR24759614_binette_bin48.fasta	9.89	0.07	Neural Network (Specific Model)	11	0.881	3138	252.6894586894587	301713	0.33	351	108	11521	None
SRR24759614_binette_bin49.fasta	9.76	0.01	Neural Network (Specific Model)	11	0.891	1242	194.4453781512605	310358	0.43	476	240	5452	None
SRR24759614_binette_bin58.fasta	8.46	0.46	Neural Network (Specific Model)	11	0.801	1476	200.2534059945504	274712	0.47	367	185	5752	None
SRR24759614_binette_bin59.fasta	7.44	0.02	Neural Network (Specific Model)	11	0.887	2189	220.02356902356902	220861	0.35	297	112	5867	None
SRR24759614_binette_bin61.fasta	7.19	0.0	Neural Network (Specific Model)	11	0.911	1204	210.1259259259259	93239	0.33	135	74	2584	None
SRR24759614_binette_bin62.fasta	7.34	0.0	Neural Network (Specific Model)	11	0.695	2719	196.982869379015	396009	0.32	467	172	8825	None
SRR24759614_binette_bin63.fasta	6.72	0.0	Neural Network (Specific Model)	11	0.758	1747	173.72013651877134	200923	0.33	293	119	4541	None
SRR24759615_binette_bin24.fasta	37.45	2.32	Neural Network (Specific Model)	11	0.907	1462	218.7655172413793	627994	0.37	870	405	6056	None
SRR24759615_binette_bin35.fasta	21.89	2.23	Neural Network (Specific Model)	11	0.882	1555	216.28704939919893	549222	0.47	749	356	3371	None
SRR24759615_binette_bin36.fasta	17.7	0.61	Neural Network (Specific Model)	11	0.728	2788	197.72391304347826	747667	0.29	920	307	19504	None
SRR24759615_binette_bin40.fasta	13.06	0.26	Neural Network (Specific Model)	4	0.767	1441	180.0691003911343	537173	0.44	767	370	3984	None
SRR24759615_binette_bin41.fasta	14.11	0.71	Neural Network (Specific Model)	11	0.682	3824	197.38854073410923	967249	0.4	1117	342	50078	None
SRR24759615_binette_bin43.fasta	21.25	4.63	Neural Network (Specific Model)	11	0.836	1715	205.97518610421835	594294	0.45	806	362	3122	None
SRR24759615_binette_bin45.fasta	11.85	0.14	Neural Network (Specific Model)	11	0.794	1653	202.8328075709779	485202	0.32	634	293	8887	None
SRR24759615_binette_bin46.fasta	12.61	0.5	Neural Network (Specific Model)	11	0.903	1501	236.44106463878327	206251	0.61	263	137	3309	None
SRR24759615_binette_bin47.fasta	11.91	0.14	Neural Network (Specific Model)	11	0.776	2034	193.1684053651267	499185	0.33	671	268	6909	None
SRR24759615_binette_bin51.fasta	10.96	0.14	Neural Network (Specific Model)	11	0.894	5337	289.8231884057971	335318	0.34	345	62	13648	None
SRR24759615_binette_bin52.fasta	9.75	0.02	Neural Network (Specific Model)	11	0.716	3119	206.60747663551402	461641	0.4	535	180	12859	None
SRR24759615_binette_bin68.fasta	9.6	0.89	Neural Network (Specific Model)	4	0.714	1554	162.55089058524172	532202	0.44	786	346	5042	None
SRR24759615_binette_bin69.fasta	6.61	0.0	Neural Network (Specific Model)	11	0.771	50780	315.55	269505	0.47	220	10	69194	None
SRR24759615_binette_bin83.fasta	6.02	0.01	Neural Network (Specific Model)	11	0.874	1956	233.8448275862069	232285	0.35	290	119	10849	None
SRR24759615_binette_bin84.fasta	5.88	0.0	Neural Network (Specific Model)	11	0.813	1369	184.83879781420765	248788	0.31	366	174	3955	None
SRR24759615_binette_bin85.fasta	5.39	0.0	Neural Network (Specific Model)	11	0.706	3313	209.6958174904943	233756	0.35	263	97	5061	None
SRR24759615_binette_bin86.fasta	6.38	0.43	Neural Network (Specific Model)	11	0.814	9688	277.64414414414415	226866	0.3	222	23	18254	None
SRR24759615_binette_bin87.fasta	5.15	0.01	Neural Network (Specific Model)	11	0.783	1659	202.0030303030303	255044	0.38	330	159	5612	None
SRR24759616_binette_bin12.fasta	64.89	3.56	Gradient Boost (General Model)	11	0.856	2127	218.19336835193695	2321963	0.34	3046	1166	8056	None
SRR24759616_binette_bin28.fasta	9.84	0.08	Neural Network (Specific Model)	11	0.918	1327	197.3018292682927	210827	0.33	328	158	3198	None
SRR24759616_binette_bin75.fasta	5.5	0.0	Neural Network (Specific Model)	11	0.693	4224	247.88584474885846	234482	0.37	219	53	24709	None
SRR24759616_binette_bin76.fasta	5.51	0.0	Neural Network (Specific Model)	11	0.72	3838	253.52380952380952	309307	0.39	294	80	16196	None
SRR24759616_binette_bin77.fasta	5.41	0.01	Neural Network (Specific Model)	11	0.875	6252	250.3684210526316	243540	0.37	285	44	17092	None
SRR24759596_binette_bin14.fasta	19.62	1.28	Neural Network (Specific Model)	11	0.836	2181	218.2987987987988	520643	0.45	666	229	15971	None
SRR24759596_binette_bin16.fasta	17.9	1.04	Neural Network (Specific Model)	11	0.791	2204	201.22185430463577	690262	0.32	906	308	13957	None
SRR24759596_binette_bin17.fasta	16.8	0.27	Neural Network (Specific Model)	11	0.901	1317	226.3515037593985	400007	0.62	532	264	12586	None
SRR24759596_binette_bin19.fasta	13.97	0.8	Neural Network (Specific Model)	11	0.87	5398	288.5121951219512	326247	0.35	328	71	19351	None
SRR24759597_binette_bin1.fasta	99.97	1.02	Neural Network (Specific Model)	11	0.867	33844	315.4478371501272	2142574	0.34	1965	96	151911	None
SRR24759597_binette_bin23.fasta	34.47	4.0	Neural Network (Specific Model)	11	0.788	4822	239.42600574712642	1265036	0.43	1392	352	50078	None
SRR24759597_binette_bin26.fasta	25.94	0.21	Neural Network (Specific Model)	11	0.897	1239	196.2263157894737	373213	0.37	570	292	4086	None
SRR24759597_binette_bin27.fasta	31.95	4.88	Neural Network (Specific Model)	11	0.839	3684	267.03419811320754	808496	0.46	848	215	8955	None
SRR24759597_binette_bin28.fasta	33.18	4.75	Neural Network (Specific Model)	11	0.75	1563	192.6496062992126	1170781	0.44	1524	730	8611	None
SRR24759597_binette_bin29.fasta	24.29	0.94	Neural Network (Specific Model)	11	0.873	3233	231.23102310231022	720905	0.34	909	285	16281	None
SRR24759597_binette_bin50.fasta	9.62	0.2	Neural Network (Specific Model)	11	0.843	2186	174.50558659217876	442412	0.45	716	214	10423	None
SRR24759597_binette_bin51.fasta	11.98	1.46	Neural Network (Specific Model)	11	0.868	2456	218.56589147286823	291716	0.45	387	126	8065	None
SRR24759597_binette_bin52.fasta	9.74	0.46	Neural Network (Specific Model)	11	0.885	1357	211.6722972972973	211963	0.36	296	147	4176	None
SRR24759597_binette_bin53.fasta	18.01	4.72	Neural Network (Specific Model)	11	0.878	3526	255.4232365145228	210009	0.47	241	68	12709	None
SRR24759597_binette_bin54.fasta	8.41	0.0	Neural Network (Specific Model)	11	0.809	1533	187.01956947162427	353542	0.32	511	228	3747	None
SRR24759597_binette_bin55.fasta	8.18	0.04	Neural Network (Specific Model)	11	0.94	2217	463.58088235294116	402173	0.45	272	203	8619	None
SRR24759597_binette_bin57.fasta	7.55	0.12	Neural Network (Specific Model)	11	0.875	1668	241.35978835978835	468072	0.64	567	257	8156	None
SRR24759597_binette_bin76.fasta	5.77	0.01	Neural Network (Specific Model)	11	0.807	1442	179.4225806451613	206076	0.32	310	138	5029	None
SRR24759597_binette_bin77.fasta	4.93	0.09	Neural Network (Specific Model)	11	0.803	3431	242.1260162601626	222019	0.31	246	63	7241	None
SRR24759597_binette_bin78.fasta	4.58	0.89	Neural Network (Specific Model)	11	0.796	1858	207.91636363636363	215030	0.45	275	120	10961	None
SRR24759598_binette_bin56.fasta	11.13	0.49	Neural Network (Specific Model)	11	0.864	1267	179.90059642147116	313354	0.35	503	240	2981	None
SRR24759598_binette_bin70.fasta	7.16	0.11	Neural Network (Specific Model)	11	0.826	5233	256.09027777777777	267563	0.33	288	53	9328	None
SRR24759598_binette_bin71.fasta	7.38	0.38	Neural Network (Specific Model)	11	0.776	1875	190.9016393442623	224713	0.43	305	128	3585	None
SRR24759598_binette_bin98.fasta	6.15	0.01	Neural Network (Specific Model)	11	0.753	1534	166.3090909090909	217765	0.37	330	139	5175	None
SRR24759599_binette_bin31.fasta	35.9	4.08	Neural Network (Specific Model)	11	0.871	1377	200.32003192338388	862179	0.36	1253	608	7435	None
SRR24759599_binette_bin36.fasta	21.58	0.27	Neural Network (Specific Model)	11	0.87	3779	265.4347826086956	525606	0.42	575	142	17884	None
SRR24759599_binette_bin37.fasta	20.61	0.0	Neural Network (Specific Model)	11	0.876	1412	198.4754816112084	774657	0.52	1142	525	17451	None
SRR24759599_binette_bin38.fasta	21.64	0.67	Neural Network (Specific Model)	11	0.802	6989	229.33793663688058	1052787	0.34	1231	259	61945	None
SRR24759599_binette_bin39.fasta	27.23	4.31	Neural Network (Specific Model)	11	0.861	2817	235.4597014925373	822946	0.34	1005	307	7619	None
SRR24759599_binette_bin40.fasta	21.14	1.62	Neural Network (Specific Model)	11	0.833	4099	279.4521072796935	524678	0.46	522	121	17918	None
SRR24759599_binette_bin41.fasta	31.05	7.73	Neural Network (Specific Model)	11	0.864	1833	224.02869198312237	919351	0.47	1185	530	4562	None
SRR24759599_binette_bin43.fasta	26.1	8.16	Neural Network (Specific Model)	11	0.754	1848	199.4014234875445	1111023	0.43	1405	612	8326	None
SRR24759599_binette_bin44.fasta	15.6	0.64	Neural Network (Specific Model)	11	0.749	3858	193.96314741035857	777196	0.33	1004	257	43700	None
SRR24759599_binette_bin45.fasta	14.05	0.08	Neural Network (Specific Model)	11	0.84	2809	214.99101123595506	340926	0.33	445	141	8503	None
SRR24759599_binette_bin46.fasta	17.28	1.79	Neural Network (Specific Model)	11	0.888	3230	259.3951890034364	254568	0.35	291	84	8623	None
SRR24759599_binette_bin47.fasta	20.96	3.96	Neural Network (Specific Model)	11	0.712	2448	191.25291181364392	965654	0.29	1202	427	16254	None
SRR24759599_binette_bin66.fasta	9.53	0.47	Neural Network (Specific Model)	11	0.831	2502	237.98044009779952	350745	0.35	409	152	9400	None
SRR24759599_binette_bin67.fasta	13.03	2.36	Neural Network (Specific Model)	11	0.771	2777	232.27611940298507	483864	0.43	536	197	13136	None
SRR24759599_binette_bin68.fasta	8.5	0.04	Neural Network (Specific Model)	11	0.773	1614	209.92528735632183	283040	0.37	348	177	5870	None
SRR24759599_binette_bin80.fasta	6.38	0.0	Gradient Boost (General Model)	11	0.279	1508	107.54347826086956	52768	0.42	46	32	3977	None
SRR24759600_binette_bin111.fasta	7.63	2.51	Neural Network (Specific Model)	11	0.848	1795	242.0331950207469	206052	0.47	241	117	8511	None
SRR24759600_binette_bin112.fasta	5.7	1.58	Neural Network (Specific Model)	11	0.702	1962	189.9120879120879	221110	0.44	273	123	5190	None
SRR24759600_binette_bin113.fasta	8.62	3.82	Neural Network (Specific Model)	11	0.894	1394	216.37125748502993	242039	0.43	334	172	3841	None
SRR24759600_binette_bin114.fasta	5.98	3.55	Neural Network (Specific Model)	11	0.857	2006	263.6916299559471	209194	0.45	227	110	6879	None
SRR24759600_binette_bin115.fasta	6.25	4.52	Neural Network (Specific Model)	11	0.719	1607	177.96	203333	0.44	275	122	5520	None
SRR24759600_binette_bin116.fasta	7.44	5.35	Neural Network (Specific Model)	11	0.874	2088	261.46581196581195	209707	0.47	234	109	6520	None
SRR24759600_binette_bin117.fasta	14.3	9.97	Neural Network (Specific Model)	11	0.855	1918	218.593984962406	203792	0.47	266	113	5247	None
SRR24759600_binette_bin24.fasta	62.25	9.07	Neural Network (Specific Model)	11	0.882	3068	248.91486449493567	3086716	0.42	3653	1137	14963	None
SRR24759600_binette_bin25.fasta	57.23	8.89	Neural Network (Specific Model)	11	0.903	5577	265.81022979985175	1188960	0.36	1349	223	18081	None
SRR24759600_binette_bin26.fasta	52.16	7.95	Gradient Boost (General Model)	11	0.885	1574	217.12934362934362	380499	0.44	518	245	3908	None
SRR24759600_binette_bin27.fasta	41.13	2.0	Neural Network (Specific Model)	11	0.887	3422	250.6288770053476	790809	0.36	935	224	10057	None
SRR24759600_binette_bin50.fasta	24.3	5.6	Neural Network (Specific Model)	11	0.786	1658	196.60077519379846	772309	0.46	1032	475	5748	None
SRR24759600_binette_bin51.fasta	12.63	0.09	Neural Network (Specific Model)	11	0.74	2127	196.8611898016997	561510	0.28	706	282	8423	None
SRR24759600_binette_bin53.fasta	12.17	0.23	Neural Network (Specific Model)	11	0.908	2963	194.65039727582294	563745	0.47	881	230	17291	None
SRR24759600_binette_bin54.fasta	14.07	1.31	Neural Network (Specific Model)	11	0.863	1734	212.10211267605635	418176	0.34	568	247	6985	None
SRR24759600_binette_bin55.fasta	18.01	3.14	Neural Network (Specific Model)	11	0.783	1670	203.9274279615795	729616	0.45	937	441	9061	None
SRR24759600_binette_bin56.fasta	12.23	0.61	Neural Network (Specific Model)	11	0.872	114470	309.6501377410468	386193	0.33	363	8	143859	None
SRR24759600_binette_bin6.fasta	100.0	1.69	Neural Network (Specific Model)	11	0.89	285762	309.3404190707561	3426966	0.38	3293	36	513259	None
SRR24759600_binette_bin76.fasta	8.57	0.43	Neural Network (Specific Model)	11	0.854	2113	231.66788321167883	222376	0.46	274	109	7617	None
SRR24759600_binette_bin77.fasta	8.38	0.3	Neural Network (Specific Model)	11	0.743	2046	193.16339869281046	238112	0.44	306	126	6813	None
SRR24759600_binette_bin79.fasta	7.37	0.16	Neural Network (Specific Model)	11	0.751	1342	168.99170124481327	324256	0.31	482	230	4774	None
SRR24759601_binette_bin12.fasta	39.55	0.92	Neural Network (Specific Model)	11	0.822	2700	228.03480278422273	1432001	0.41	1724	581	50077	None
SRR24759601_binette_bin16.fasta	42.23	9.29	Neural Network (Specific Model)	11	0.799	3560	242.7623701893708	1489770	0.45	1637	447	17320	None
SRR24759601_binette_bin17.fasta	24.33	0.77	Neural Network (Specific Model)	11	0.904	7262	314.4604550379198	962629	0.37	923	242	68501	None
SRR24759601_binette_bin18.fasta	27.28	2.18	Neural Network (Specific Model)	11	0.752	1518	192.4690618762475	1150813	0.44	1503	742	10160	None
SRR24759601_binette_bin19.fasta	20.59	1.07	Neural Network (Specific Model)	11	0.925	1598	224.57698541329012	448713	0.37	617	273	5223	None
SRR24759601_binette_bin31.fasta	11.84	0.0	Neural Network (Specific Model)	11	0.879	1228	188.15251572327045	407564	0.36	636	314	4337	None
SRR24759601_binette_bin39.fasta	10.25	0.0	Neural Network (Specific Model)	11	0.803	1540	181.73469387755102	331334	0.33	490	209	6973	None
SRR24759601_binette_bin46.fasta	7.22	0.04	Neural Network (Specific Model)	11	0.841	1357	191.15384615384616	220708	0.46	325	161	3232	None
SRR24759602_binette_bin18.fasta	37.55	7.48	Neural Network (Specific Model)	11	0.93	1276	228.92220113851994	776817	0.63	1054	591	5153	None
SRR24759602_binette_bin30.fasta	14.26	0.29	Neural Network (Specific Model)	11	0.751	3549	233.4	823648	0.3	885	227	7943	None
SRR24759602_binette_bin31.fasta	14.89	0.58	Neural Network (Specific Model)	11	0.906	1700	220.17219589257505	460364	0.37	633	274	8337	None
SRR24759602_binette_bin33.fasta	11.61	0.15	Neural Network (Specific Model)	11	0.877	1698	227.23743016759778	555001	0.55	716	327	5981	None
SRR24759602_binette_bin34.fasta	11.72	0.18	Neural Network (Specific Model)	11	0.893	1614	213.17791411042944	349297	0.36	489	221	3923	None
SRR24759602_binette_bin35.fasta	11.24	0.24	Neural Network (Specific Model)	11	0.872	79101	312.4364161849711	371704	0.3	346	16	120705	None
SRR24759602_binette_bin36.fasta	10.77	0.03	Neural Network (Specific Model)	11	0.654	1322	167.3415061295972	437163	0.26	571	318	4103	None
SRR24759602_binette_bin37.fasta	10.97	0.06	Neural Network (Specific Model)	11	0.7	3080	206.99718309859156	314147	0.38	355	127	13138	None
SRR24759602_binette_bin40.fasta	9.46	0.13	Neural Network (Specific Model)	11	0.713	4324	230.4075	386747	0.4	400	85	40206	None
SRR24759602_binette_bin41.fasta	9.69	0.38	Neural Network (Specific Model)	11	0.911	1804	225.6340579710145	204796	0.36	276	123	3331	None
SRR24759602_binette_bin42.fasta	8.96	0.07	Neural Network (Specific Model)	11	0.695	2381	201.8361581920904	461969	0.33	531	210	8901	None
SRR24759602_binette_bin44.fasta	10.0	0.83	Neural Network (Specific Model)	11	0.856	1383	207.97	291025	0.48	400	206	2565	None
SRR24759602_binette_bin45.fasta	8.34	0.02	Neural Network (Specific Model)	11	0.758	2479	186.748031496063	467625	0.31	635	207	10441	None
SRR24759602_binette_bin46.fasta	8.64	0.21	Neural Network (Specific Model)	11	0.86	3205	259.34965034965035	258274	0.45	286	70	8224	None
SRR24759602_binette_bin8.fasta	73.67	2.11	Neural Network (Specific Model)	11	0.865	5499	265.29133038271283	3527781	0.4	3841	800	21127	None
SRR24759603_binette_bin1.fasta	100.0	0.06	Neural Network (Specific Model)	11	0.862	261870	312.6062992125984	3861557	0.42	3556	23	506402	None
SRR24759603_binette_bin2.fasta	99.97	0.07	Neural Network (Specific Model)	11	0.889	188039	315.2631027253669	3041630	0.4	2862	28	347229	None
SRR24759603_binette_bin29.fasta	29.9	0.95	Neural Network (Specific Model)	11	0.889	1426	209.87330873308733	574319	0.32	813	385	3858	None
SRR24759603_binette_bin52.fasta	7.44	0.0	Neural Network (Specific Model)	11	0.832	24349	236.06439393939394	224032	0.37	264	30	46846	None
SRR24759603_binette_bin53.fasta	7.09	0.07	Neural Network (Specific Model)	11	0.826	1822	165.78079710144928	330371	0.36	552	172	15245	None
SRR24759603_binette_bin6.fasta	94.98	1.43	Gradient Boost (General Model)	11	0.853	5984	259.5141991669822	2407146	0.36	2641	551	28875	None
SRR24759604_binette_bin21.fasta	61.31	9.55	Gradient Boost (General Model)	11	0.914	1464	235.79338842975207	1401669	0.62	1815	912	8616	None
SRR24759604_binette_bin23.fasta	34.64	0.29	Neural Network (Specific Model)	11	0.814	3037	235.189417989418	817215	0.45	945	321	13548	None
SRR24759604_binette_bin26.fasta	24.77	2.9	Neural Network (Specific Model)	11	0.867	3479	268.1384950926936	849878	0.35	917	239	8408	None
SRR24759604_binette_bin27.fasta	17.52	0.0	Neural Network (Specific Model)	11	0.869	1972	229.35658914728683	204092	0.34	258	101	8567	None
SRR24759604_binette_bin50.fasta	7.89	0.02	Neural Network (Specific Model)	11	0.718	4436	219.51535836177473	267754	0.38	293	71	37622	None
SRR24759604_binette_bin51.fasta	8.81	0.38	Neural Network (Specific Model)	11	0.89	1286	217.92273730684326	332314	0.61	453	255	2480	None
SRR24759604_binette_bin52.fasta	7.39	0.12	Neural Network (Specific Model)	4	0.752	1616	187.36569579288025	228514	0.45	309	136	8909	None
SRR24759604_binette_bin53.fasta	8.93	0.74	Neural Network (Specific Model)	11	0.877	2081	227.9275	311276	0.33	400	144	14738	None
SRR24759604_binette_bin54.fasta	7.65	0.1	Neural Network (Specific Model)	11	0.824	2103	218.65189873417722	250986	0.45	316	122	9620	None
SRR24759604_binette_bin55.fasta	9.94	1.28	Neural Network (Specific Model)	11	0.829	3657	256.6404761904762	389394	0.39	420	121	8298	None
SRR24759604_binette_bin57.fasta	8.56	0.61	Neural Network (Specific Model)	11	0.764	1466	193.82494004796163	316382	0.47	417	219	4099	None
SRR24759604_binette_bin91.fasta	5.92	0.05	Neural Network (Specific Model)	11	0.701	1711	172.54964539007094	207720	0.28	282	124	6003	None
SRR24759604_binette_bin93.fasta	6.86	0.6	Neural Network (Specific Model)	11	0.647	2084	182.8941908713693	407606	0.39	482	203	14150	None
SRR24759604_binette_bin96.fasta	5.79	0.41	Neural Network (Specific Model)	4	0.707	1646	163.63758389261744	206024	0.44	298	126	4631	None
SRR24759604_binette_bin98.fasta	5.38	0.8	Neural Network (Specific Model)	11	0.843	1781	210.58928571428572	209218	0.44	280	115	7328	None
SRR24759605_binette_bin38.fasta	11.53	1.51	Neural Network (Specific Model)	11	0.897	3086	288.7051671732523	316861	0.6	329	100	6256	None
SRR24759605_binette_bin81.fasta	6.03	0.0	Neural Network (Specific Model)	11	0.854	1548	200.11778290993072	303266	0.44	433	198	4118	None
SRR24759605_binette_bin88.fasta	4.12	0.05	Neural Network (Specific Model)	11	0.904	3949	253.0931174089069	206800	0.44	247	53	10354	None
SRR24759606_binette_bin16.fasta	39.41	2.6	Neural Network (Specific Model)	11	0.805	2029	203.4098273572377	2848677	0.3	3765	1418	31761	None
SRR24759606_binette_bin30.fasta	18.7	1.64	Neural Network (Specific Model)	11	0.91	1554	223.7551766138855	604191	0.61	821	378	9595	None
SRR24759606_binette_bin31.fasta	14.27	0.01	Neural Network (Specific Model)	11	0.885	2053	220.5261437908497	228382	0.35	306	121	3760	None
SRR24759606_binette_bin32.fasta	15.19	0.7	Neural Network (Specific Model)	11	0.923	5669	264.9567307692308	357432	0.35	416	69	15123	None
SRR24759606_binette_bin34.fasta	12.87	0.58	Neural Network (Specific Model)	11	0.829	7780	285.44419134396355	452717	0.32	439	63	25234	None
SRR24759606_binette_bin35.fasta	12.56	0.34	Neural Network (Specific Model)	11	0.85	4178	265.3350604490501	541875	0.32	579	157	17631	None
SRR24759606_binette_bin36.fasta	12.42	0.46	Neural Network (Specific Model)	11	0.883	2066	233.86602870813397	331392	0.34	418	170	8205	None
SRR24759606_binette_bin37.fasta	12.44	0.89	Neural Network (Specific Model)	11	0.843	3849	262.2076124567474	269355	0.32	289	90	8673	None
SRR24759606_binette_bin40.fasta	8.97	0.07	Neural Network (Specific Model)	11	0.754	3833	217.8329411764706	367828	0.29	425	122	25495	None
SRR24759606_binette_bin42.fasta	8.6	0.05	Neural Network (Specific Model)	11	0.856	2017	230.87943262411346	227907	0.34	282	116	8620	None
SRR24759606_binette_bin43.fasta	8.66	0.26	Neural Network (Specific Model)	11	0.689	3703	228.98043478260868	457056	0.39	460	112	31683	None
SRR24759606_binette_bin44.fasta	8.17	0.03	Neural Network (Specific Model)	11	0.814	2923	259.4761904761905	340147	0.46	357	115	7661	None
SRR24759606_binette_bin46.fasta	7.95	0.0	Neural Network (Specific Model)	11	0.917	1335	202.0387481371088	442293	0.57	671	329	2632	None
SRR24759606_binette_bin49.fasta	9.56	1.2	Neural Network (Specific Model)	11	0.945	1357	233.15524193548387	366105	0.65	496	267	2553	None
SRR24759606_binette_bin86.fasta	5.06	0.03	Neural Network (Specific Model)	11	0.763	2172	224.93984962406014	234759	0.34	266	112	9720	None
SRR24759606_binette_bin87.fasta	5.5	0.27	Neural Network (Specific Model)	11	0.735	4639	212.84773662551441	210281	0.51	243	45	14473	None
SRR24759607_binette_bin26.fasta	9.46	0.24	Neural Network (Specific Model)	11	0.841	1758	206.85309278350516	285577	0.33	388	173	4233	None
SRR24759607_binette_bin28.fasta	9.22	0.21	Neural Network (Specific Model)	11	0.636	1745	161.52941176470588	386866	0.42	510	220	12370	None
SRR24759607_binette_bin29.fasta	9.14	0.18	Neural Network (Specific Model)	11	0.819	1292	197.434693877551	353439	0.43	490	261	4774	None
SRR24759608_binette_bin23.fasta	39.91	7.8	Neural Network (Specific Model)	11	0.886	1632	211.5852819807428	1039839	0.36	1454	628	21944	None
SRR24759608_binette_bin26.fasta	26.13	0.81	Neural Network (Specific Model)	11	0.881	7383	251.11022840119165	859035	0.36	1007	208	68247	None
SRR24759608_binette_bin27.fasta	29.96	3.03	Neural Network (Specific Model)	11	0.906	2871	269.45238095238096	746990	0.61	840	276	10650	None
SRR24759608_binette_bin50.fasta	11.9	0.49	Neural Network (Specific Model)	11	0.821	1551	208.81	532530	0.45	700	339	7194	None
SRR24759608_binette_bin53.fasta	10.68	0.1	Neural Network (Specific Model)	11	0.821	2133	178.75077399380805	419749	0.36	646	186	34130	None
SRR24759608_binette_bin55.fasta	9.42	0.08	Neural Network (Specific Model)	11	0.773	1833	210.56326530612245	399831	0.36	490	226	5665	None
SRR24759608_binette_bin56.fasta	10.63	0.59	Neural Network (Specific Model)	11	0.689	1979	166.3273381294964	200605	0.37	278	112	4447	None
SRR24759608_binette_bin58.fasta	10.17	0.45	Neural Network (Specific Model)	11	0.915	1465	230.17567567567568	223019	0.36	296	149	3400	None
SRR24759608_binette_bin70.fasta	12.5	2.87	Neural Network (Specific Model)	11	0.887	1465	248.25098039215686	213880	0.47	255	147	2940	None
SRR24759608_binette_bin71.fasta	8.31	0.75	Neural Network (Specific Model)	11	0.842	1702	207.31475409836065	224767	0.45	305	142	3275	None
SRR24759608_binette_bin90.fasta	6.79	1.26	Neural Network (Specific Model)	11	0.826	1531	194.20350877192982	200481	0.46	285	133	2435	None
SRR24759608_binette_bin91.fasta	7.62	1.49	Neural Network (Specific Model)	11	0.767	1613	196.234375	293703	0.43	384	182	4070	None
SRR24759608_binette_bin93.fasta	4.85	0.28	Neural Network (Specific Model)	11	0.712	1563	158.98675496688742	201682	0.42	302	128	4095	None
SRR24759608_binette_bin94.fasta	2.65	0.0	Neural Network (Specific Model)	11	0.336	1614	108.74285714285715	67837	0.41	70	43	5985	None
SRR24759608_binette_bin95.fasta	3.99	1.36	Neural Network (Specific Model)	11	0.689	1579	165.46643109540636	203121	0.44	283	132	3579	None
SRR24759608_binette_bin96.fasta	4.15	1.25	Neural Network (Specific Model)	4	0.724	1445	170.26923076923077	200871	0.43	286	140	3644	None
SRR24759609_binette_bin15.fasta	52.66	5.05	Neural Network (Specific Model)	11	0.903	3310	249.92719167904903	1115267	0.36	1346	425	26053	None
SRR24759609_binette_bin3.fasta	87.54	0.61	Neural Network (Specific Model)	11	0.868	49786	309.1761268781302	2557107	0.35	2396	72	142048	None
SRR24759609_binette_bin36.fasta	12.58	0.09	Neural Network (Specific Model)	11	0.908	1564	231.6945701357466	337562	0.36	442	208	5638	None
SRR24759609_binette_bin37.fasta	11.43	0.24	Neural Network (Specific Model)	11	0.908	3261	286.0	231286	0.37	245	72	3685	None
SRR24759609_binette_bin38.fasta	13.02	3.19	Neural Network (Specific Model)	11	0.895	2996	184.86672629695886	689693	0.46	1118	258	37171	None
SRR24759609_binette_bin39.fasta	11.95	0.74	Neural Network (Specific Model)	11	0.896	1614	225.55652173913043	260210	0.35	345	164	3905	None
SRR24759609_binette_bin41.fasta	11.0	0.29	Neural Network (Specific Model)	11	0.846	1429	197.4039497307002	389324	0.34	557	263	4850	None
SRR24759609_binette_bin48.fasta	10.34	0.34	Neural Network (Specific Model)	11	0.922	1597	230.14869888475837	200948	0.38	269	123	5364	None
SRR24759609_binette_bin60.fasta	8.53	0.08	Neural Network (Specific Model)	11	0.845	2233	215.92631578947368	217765	0.45	285	99	15630	None
SRR24759609_binette_bin61.fasta	8.06	0.0	Neural Network (Specific Model)	11	0.594	1694	175.79310344827587	256479	0.39	290	145	16354	None
SRR24759609_binette_bin62.fasta	8.2	0.24	Neural Network (Specific Model)	4	0.752	1951	192.57407407407408	247745	0.44	324	139	7708	None
SRR24759609_binette_bin63.fasta	8.08	0.13	Neural Network (Specific Model)	11	0.693	1863	174.67052023121389	260534	0.38	346	146	5193	None
SRR24759609_binette_bin64.fasta	7.61	0.04	Neural Network (Specific Model)	11	0.863	1396	192.94480519480518	205766	0.34	308	145	2455	None
SRR24759609_binette_bin65.fasta	9.79	0.65	Neural Network (Specific Model)	4	0.808	1381	195.70909090909092	476565	0.46	660	338	3596	None
SRR24759609_binette_bin67.fasta	7.59	0.29	Neural Network (Specific Model)	11	0.863	1565	250.69844357976655	447125	0.62	514	270	24965	None
SRR24759609_binette_bin69.fasta	6.38	0.0	Gradient Boost (General Model)	11	0.291	1659	102.93877551020408	51949	0.42	49	32	3354	None
SRR24759609_binette_bin7.fasta	76.02	3.87	Neural Network (Specific Model)	11	0.892	2448	237.57856724575444	4082729	0.57	5123	1846	11083	None
SRR24759609_binette_bin88.fasta	4.71	0.02	Neural Network (Specific Model)	11	0.82	5076	209.63888888888889	220166	0.42	288	53	15514	None
SRR24759610_binette_bin104.fasta	9.57	3.29	Neural Network (Specific Model)	11	0.902	1472	251.68253968253967	263362	0.35	315	162	12680	None
SRR24759610_binette_bin105.fasta	8.27	3.2	Neural Network (Specific Model)	11	0.813	1961	198.26258992805757	202764	0.46	278	112	4975	None
SRR24759610_binette_bin108.fasta	9.21	7.09	Neural Network (Specific Model)	11	0.834	1885	216.76618705035972	216339	0.47	278	117	7673	None
SRR24759610_binette_bin23.fasta	40.92	6.51	Neural Network (Specific Model)	11	0.924	1314	225.87393767705382	1032802	0.63	1412	762	8589	None
SRR24759610_binette_bin25.fasta	28.7	1.51	Neural Network (Specific Model)	11	0.878	2710	278.81850282485874	1346315	0.62	1416	610	14589	None
SRR24759610_binette_bin26.fasta	27.19	0.3	Neural Network (Specific Model)	11	0.897	2602	248.27092511013217	753245	0.34	908	300	14633	None
SRR24759610_binette_bin51.fasta	9.65	0.09	Neural Network (Specific Model)	11	0.712	2542	201.09976247030878	355118	0.4	421	151	8944	None
SRR24759610_binette_bin52.fasta	10.24	0.11	Neural Network (Specific Model)	11	0.835	1705	162.36273291925465	466324	0.46	805	280	9095	None
SRR24759610_binette_bin53.fasta	9.46	0.0	Neural Network (Specific Model)	11	0.888	1257	201.10365853658536	333510	0.4	492	258	2803	None
SRR24759610_binette_bin54.fasta	9.97	0.24	Neural Network (Specific Model)	11	0.804	2527	161.87334137515077	498173	0.35	829	220	13916	None
SRR24759610_binette_bin55.fasta	11.68	0.69	Neural Network (Specific Model)	4	0.799	1600	196.714	367488	0.46	500	230	4269	None
SRR24759610_binette_bin56.fasta	10.02	0.39	Neural Network (Specific Model)	11	0.768	1625	192.31720430107526	556240	0.5	744	356	3616	None
SRR24759610_binette_bin78.fasta	7.32	0.44	Neural Network (Specific Model)	11	0.79	2108	205.6737400530504	293165	0.43	377	141	8805	None
SRR24759610_binette_bin91.fasta	5.65	0.1	Neural Network (Specific Model)	4	0.7	1608	167.35211267605635	202374	0.43	284	127	5162	None
SRR24759610_binette_bin92.fasta	6.4	0.24	Neural Network (Specific Model)	11	0.827	1850	200.6195652173913	200436	0.45	276	113	8447	None
SRR24759610_binette_bin93.fasta	5.78	0.01	Neural Network (Specific Model)	11	0.796	2113	240.64094955489614	305447	0.35	337	148	11029	None
SRR24759610_binette_bin95.fasta	5.54	0.23	Neural Network (Specific Model)	4	0.735	1673	177.006600660066	217238	0.45	303	129	6999	None
SRR24759610_binette_bin97.fasta	5.74	0.1	Neural Network (Specific Model)	11	0.782	1404	177.00996677740864	203861	0.32	301	141	4712	None
SRR24759611_binette_bin18.fasta	42.73	6.84	Neural Network (Specific Model)	11	0.803	4186	258.1041009463722	1525937	0.45	1585	382	19569	None
SRR24759611_binette_bin31.fasta	13.28	1.06	Neural Network (Specific Model)	11	0.739	2717	195.1937765205092	557977	0.36	707	242	15978	None
SRR24759611_binette_bin39.fasta	9.44	0.0	Neural Network (Specific Model)	11	0.873	2718	246.36153846153846	219745	0.34	260	81	2980	None
SRR24759611_binette_bin47.fasta	7.57	0.24	Neural Network (Specific Model)	11	0.941	1469	242.44827586206895	201495	0.37	261	129	5268	None
SRR24759611_binette_bin48.fasta	7.39	0.16	Neural Network (Specific Model)	11	0.841	1467	188.09302325581396	201669	0.41	301	134	4341	None
SRR24759611_binette_bin82.fasta	4.64	0.0	Neural Network (Specific Model)	11	0.739	1563	165.72909698996656	200263	0.29	299	128	5857	None
SRR24759612_binette_bin19.fasta	28.08	1.4	Neural Network (Specific Model)	11	0.887	2589	243.4476418864908	1027951	0.34	1251	396	19467	None
SRR24759612_binette_bin30.fasta	9.78	0.01	Neural Network (Specific Model)	11	0.894	1250	211.30077120822622	275291	0.4	389	213	3084	None
SRR24759612_binette_bin31.fasta	9.75	0.0	Neural Network (Specific Model)	11	0.908	1241	197.1361386138614	261844	0.43	404	203	2920	None
SRR24759612_binette_bin33.fasta	11.37	0.88	Neural Network (Specific Model)	11	0.942	1373	238.47560975609755	310567	0.64	410	223	2619	None
SRR24759612_binette_bin35.fasta	8.38	0.12	Neural Network (Specific Model)	11	0.802	1277	166.57442348008385	296056	0.36	477	227	2991	None
SRR24759612_binette_bin36.fasta	8.64	0.34	Neural Network (Specific Model)	11	0.747	2067	184.16403785488959	234138	0.41	317	120	11262	None
SRR24759612_binette_bin40.fasta	7.41	0.0	Neural Network (Specific Model)	11	0.863	1279	191.4488188976378	252722	0.39	381	189	3397	None
SRR24759612_binette_bin41.fasta	7.35	0.01	Neural Network (Specific Model)	11	0.741	4913	231.44107744107745	277286	0.39	297	58	25543	None
SRR24759612_binette_bin42.fasta	6.67	0.04	Neural Network (Specific Model)	11	0.837	3227	234.3783783783784	217322	0.32	259	65	7541	None
SRR24759612_binette_bin62.fasta	5.71	0.02	Neural Network (Specific Model)	11	0.869	1359	206.33223684210526	215880	0.54	304	158	2406	None
SRR24759612_binette_bin63.fasta	5.02	0.0	Neural Network (Specific Model)	11	0.968	3384	688.3617021276596	200495	0.38	94	73	25999	None
SRR24759613_binette_bin24.fasta	28.19	2.03	Neural Network (Specific Model)	11	0.755	2814	215.07517309594462	860341	0.45	1011	382	10545	None
SRR24759613_binette_bin25.fasta	35.89	6.32	Neural Network (Specific Model)	11	0.848	4810	255.03578528827038	905660	0.46	1006	320	20577	None
SRR24759613_binette_bin58.fasta	5.01	0.08	Neural Network (Specific Model)	11	0.79	3259	244.64473684210526	211225	0.44	228	56	18441	None
SRR24759613_binette_bin59.fasta	3.76	0.02	Neural Network (Specific Model)	11	0.595	1574	141.39298245614034	201656	0.37	285	130	4646	None
SRR24759614_binette_bin22.fasta	32.12	4.49	Neural Network (Specific Model)	11	0.91	2633	272.3295583238958	791620	0.62	883	364	17676	None
SRR24759614_binette_bin23.fasta	25.92	2.45	Neural Network (Specific Model)	11	0.862	3531	279.33393177737884	540648	0.46	557	151	17427	None
SRR24759614_binette_bin24.fasta	22.57	0.27	Neural Network (Specific Model)	11	0.905	7580	285.62587412587413	540915	0.36	572	80	30698	None
SRR24759614_binette_bin5.fasta	98.39	3.29	Neural Network (Specific Model)	11	0.842	9473	289.0605123674912	2328803	0.41	2264	365	31438	None
SRR24759614_binette_bin50.fasta	9.69	0.2	Neural Network (Specific Model)	11	0.794	2978	230.92899408284023	294362	0.28	338	109	11680	None
SRR24759614_binette_bin52.fasta	8.48	0.01	Neural Network (Specific Model)	11	0.848	3588	278.3744680851064	231276	0.46	235	65	4034	None
SRR24759614_binette_bin53.fasta	8.35	0.0	Neural Network (Specific Model)	11	0.876	1286	195.6829971181556	231928	0.32	347	178	2546	None
SRR24759614_binette_bin54.fasta	8.33	0.01	Neural Network (Specific Model)	11	0.838	5097	232.15129151291512	224618	0.32	271	46	18207	None
SRR24759614_binette_bin55.fasta	7.9	0.0	Neural Network (Specific Model)	11	0.764	2871	221.04682274247492	258876	0.3	299	91	17712	None
SRR24759614_binette_bin56.fasta	8.26	0.16	Neural Network (Specific Model)	11	0.897	2688	248.8658536585366	204425	0.34	246	88	9899	None
SRR24759614_binette_bin57.fasta	14.08	3.18	Neural Network (Specific Model)	11	0.917	1840	219.15923566878982	224533	0.36	314	125	4449	None
SRR24759614_binette_bin6.fasta	93.14	1.25	Gradient Boost (General Model)	11	0.866	10441	274.9462209302326	3269048	0.36	3440	440	68220	None
SRR24759614_binette_bin92.fasta	8.47	1.1	Neural Network (Specific Model)	11	0.861	1410	189.11428571428573	207065	0.6	315	146	2358	None
SRR24759614_binette_bin93.fasta	5.8	0.22	Neural Network (Specific Model)	11	0.873	1382	212.1150442477876	328184	0.53	452	233	2490	None
SRR24759614_binette_bin96.fasta	4.62	0.03	Neural Network (Specific Model)	4	0.747	1366	175.13651877133105	204960	0.43	293	138	14352	None
SRR24759614_binette_bin98.fasta	5.25	0.32	Neural Network (Specific Model)	11	0.859	2617	188.3151515151515	216225	0.42	330	88	15559	None
SRR24759615_binette_bin1.fasta	100.0	0.05	Neural Network (Specific Model)	11	0.859	49487	318.92928	3476427	0.39	3125	115	127849	None
SRR24759615_binette_bin12.fasta	77.35	0.16	Neural Network (Specific Model)	11	0.799	73462	298.2096857290057	2169834	0.44	1941	57	172115	None
SRR24759615_binette_bin15.fasta	77.14	4.19	Neural Network (Specific Model)	11	0.865	11137	293.9491315136476	2461745	0.35	2418	291	53035	None
SRR24759615_binette_bin32.fasta	21.51	0.17	Neural Network (Specific Model)	11	0.927	51933	374.7368421052632	437277	0.37	361	30	174160	None
SRR24759615_binette_bin38.fasta	14.48	0.52	Neural Network (Specific Model)	11	0.767	3606	174.43084455324356	554585	0.34	817	200	22863	None
SRR24759615_binette_bin39.fasta	20.59	4.12	Neural Network (Specific Model)	11	0.765	1481	187.29632587859425	916239	0.44	1252	624	3503	None
SRR24759615_binette_bin44.fasta	12.31	0.31	Neural Network (Specific Model)	11	0.832	1306	183.0564263322884	210096	0.36	319	156	3001	None
SRR24759615_binette_bin48.fasta	11.84	0.26	Neural Network (Specific Model)	11	0.728	2185	186.21713729308667	785570	0.3	1027	373	14668	None
SRR24759615_binette_bin49.fasta	11.19	0.25	Neural Network (Specific Model)	11	0.913	2234	434.50947368421055	677511	0.44	475	335	10298	None
SRR24759615_binette_bin60.fasta	9.35	0.57	Neural Network (Specific Model)	11	0.856	1426	201.2969543147208	277492	0.35	394	189	3761	None
SRR24759615_binette_bin61.fasta	9.29	0.84	Neural Network (Specific Model)	11	0.737	2571	197.9543147208122	317015	0.43	394	138	12433	None
SRR24759615_binette_bin62.fasta	17.78	5.12	Neural Network (Specific Model)	11	0.904	1312	218.06687898089172	226868	0.37	314	161	7094	None
SRR24759615_binette_bin63.fasta	11.76	2.17	Neural Network (Specific Model)	11	0.762	1925	197.20550458715596	422343	0.44	545	229	5290	None
SRR24759615_binette_bin64.fasta	8.56	0.49	Neural Network (Specific Model)	11	0.856	1430	203.08183079056866	511422	0.57	721	353	5011	None
SRR24759615_binette_bin66.fasta	9.5	1.12	Neural Network (Specific Model)	11	0.875	3872	268.7985347985348	251302	0.45	273	67	6746	None
SRR24759615_binette_bin67.fasta	8.28	0.61	Neural Network (Specific Model)	11	0.659	1959	161.66514806378132	322396	0.42	439	176	4423	None
SRR24759615_binette_bin88.fasta	8.78	2.2	Neural Network (Specific Model)	11	0.879	1511	229.44989775051124	382286	0.48	489	258	2918	None
SRR24759616_binette_bin16.fasta	52.03	8.49	Neural Network (Specific Model)	11	0.836	3803	267.57269624573377	1404230	0.45	1465	356	12328	None
SRR24759616_binette_bin30.fasta	8.58	0.0	Neural Network (Specific Model)	11	0.861	1316	170.54954954954954	197285	0.5	333	145	3335	None
SRR24759616_binette_bin31.fasta	8.77	0.01	Neural Network (Specific Model)	11	0.885	1357	205.1039697542533	367003	0.59	529	257	7916	None
SRR24759616_binette_bin34.fasta	6.92	0.03	Neural Network (Specific Model)	11	0.901	1128	191.1238095238095	133186	0.43	210	112	2679	None
SRR24759616_binette_bin82.fasta	3.08	0.0	Neural Network (Specific Model)	11	0.942	1881	201.9322033898305	75525	0.32	118	38	4897	None
