Genome	SRR24759596	SRR24759597	SRR24759598	SRR24759599	SRR24759600	SRR24759601	SRR24759602	SRR24759603	SRR24759604	SRR24759605	SRR24759606	SRR24759607	SRR24759608	SRR24759609	SRR24759610	SRR24759611	SRR24759612	SRR24759613	SRR24759614	SRR24759615	SRR24759616
SRR24759596_binette_bin14	0.8160415	0.38544363	0.31911272	0.44083792	0.4153529	0.48390746	0.43315068	0.55778265	0.5532944	0.5270595	0.5203772	0.53097147	0.42225325	0.6805191	0.5071262	0.4538729	0.5891798	0.557383	0.41475832	0.4806321	0.59117264
SRR24759596_binette_bin16	0.11099055	0.05921355	0.12909284	0.10317124	0.07806558	0.06290021	0.06842615	0.15096363	0.04127908	0.044227973	0.053809587	0.037853137	0.11300055	0.035054073	0.04889302	0.14994021	0.044215363	0.025844406	0.059815746	0.066111654	0.059759293
SRR24759596_binette_bin17	0.06317171	0.066982046	0.048904415	0.086883046	0.073021114	0.05817109	0.07759706	0.051031534	0.0204453	0.052280225	0.060769577	0.079134814	0.061031703	0.04147052	0.06317394	0.08005426	0.054900456	0.05909479	0.073751345	0.026735276	0.032329
SRR24759596_binette_bin18	0.8267749	0.4258761	0.38763642	0.5434752	0.37933102	0.6316335	0.42846146	0.54392576	0.5428832	0.5483605	0.53299385	0.49933752	0.45996085	0.7296802	0.63255984	0.431728	0.5835523	0.5874059	0.4471146	0.57052374	0.5938028
SRR24759596_binette_bin19	0.18485104	0.1057757	0.11125956	0.0713373	0.091966905	0.12138024	0.14204237	0.06186227	0.035790876	0.1018107	0.09354131	0.04955544	0.23305473	0.07749067	0.06573193	0.14471199	0.060733363	0.023726748	0.0662668	0.10262818	0.055959582
SRR24759596_binette_bin20	0.052069575	0.079716034	0.06159618	0.08977295	0.08378724	0.03959548	0.0668236	0.05331169	0.056947786	0.033702567	0.051037684	0.038131613	0.046537217	0.025207022	0.03375771	0.05582713	0.030051388	0.046722203	0.04286864	0.05142653	0.06114668
SRR24759596_binette_bin22	0.042605255	0.036886025	0.031461276	0.03787395	0.039580356	0.023640577	0.04282067	0.024636026	0.026763521	0.019891972	0.031445414	0.020376664	0.03131785	0.021974705	0.01712957	0.02989013	0.02935892	0.022783987	0.030367134	0.025162518	0.03519331
SRR24759596_binette_bin23	0.045597084	0.03938661	0.02668064	0.024344519	0.03183283	0.040205676	0.08100885	0.01553435	0.013979635	0.029052434	0.056865312	0.03509441	0.08263456	0.06149295	0.027127292	0.044194505	0.07721436	0.028879676	0.09168572	0.01609096	0.034899086
SRR24759596_binette_bin27	0.058969367	0.053028557	0.07653519	0.08247039	0.07017549	0.06945768	0.06043792	0.10259297	0.036630705	0.042614557	0.04255263	0.03271798	0.06516975	0.019561052	0.036018915	0.10400917	0.027970072	0.023226073	0.050898902	0.054704078	0.051413834
SRR24759596_binette_bin28	0.2156476	0.11376614	0.018553607	0.023155037	0.0559754	0.22162628	0.046420135	0.11721775	0.04634699	0.08816878	0.088702664	0.1268231	0.05568845	0.055591907	0.049312852	0.032387555	0.07221854	0.08412212	0.04084271	0.06421667	0.049645804
SRR24759596_binette_bin33	0.057679955	0.0586192	0.040722545	0.020932678	0.04721431	0.09300315	0.028946673	0.0017813661	0.030570325	0.008272258	0.008616747	0	0.021772312	0.019250248	0.0044690715	0.018737055	0.0600414	0.02470696	0.025594098	0.04731926	0.008663478
SRR24759596_binette_bin58	0.0652622	0.002136088	0	0.004329014	0	0	0	0	0	0	0	0	0.0032908407	0	0.0023283625	0	0.0011612566	0.0069815586	0.0031422563	0	0
SRR24759597_binette_bin1	0.42095602	0.6476172	0.07675524	0.4801248	0.1545357	0.14887573	0.31519458	0.18249658	0.40621245	0.14378545	0.20210329	0.08577989	0.041501123	0.21445836	0.052028287	0.27519593	0.24755698	0.22647586	0.3293714	0.37476826	0.31487906
SRR24759597_binette_bin23	0.3410951	0.798218	0.31251296	0.4393765	0.25470403	0.25879106	0.38574323	0.28594837	0.28189144	0.35722312	0.36919504	0.3720758	0.28275803	0.41172254	0.40426993	0.26403105	0.41446748	0.63334805	0.36446372	0.46001166	0.26454756
SRR24759597_binette_bin26	0.016287481	0.038318966	0.014974103	0.016879212	0.019185487	0.017960867	0.047134653	0.01939657	0.00992117	0.012338895	0.024407897	0.017934594	0.037562493	0.03651671	0.016631264	0.019968601	0.049556922	0.020740516	0.04120709	0.008719074	0.016449314
SRR24759597_binette_bin27	0.46685523	0.94661343	0.43974438	0.6026292	0.35753462	0.38527998	0.5455537	0.42616233	0.42780447	0.5286803	0.5480026	0.48084247	0.41236773	0.5657167	0.5858535	0.4053822	0.5824989	0.72411597	0.485814	0.6537976	0.41517144
SRR24759597_binette_bin28	0.08745992	0.14631034	0.07410677	0.095723756	0.09452362	0.07806646	0.08335134	0.13835745	0.085643426	0.080343656	0.1034658	0.09592519	0.10756968	0.089639194	0.076539926	0.11198195	0.07766854	0.10162531	0.10489131	0.085000426	0.09397054
SRR24759597_binette_bin29	0.028315546	0.06275687	0.039294433	0.025165856	0.055805657	0.031878572	0.06598882	0.018910624	0.01637952	0.02554268	0.05034891	0.02435421	0.05486074	0.04192358	0.024804136	0.038054258	0.051168323	0.018254384	0.048940115	0.014798341	0.042011485
SRR24759597_binette_bin32	0.05221922	0.104212694	0.071920305	0.052388202	0.10968306	0.077902295	0.1306757	0.03233028	0.030315585	0.05114006	0.0964186	0.059876103	0.12832668	0.09013139	0.054298233	0.080584556	0.105391964	0.03948084	0.12390007	0.03140515	0.07845977
SRR24759597_binette_bin33	0.015097862	0.06605004	0.085848905	0.06527787	0.05003938	0.035756107	0.039236095	0.052509237	0.025338074	0.040416516	0.024650952	0.051620513	0.061959058	0.013645638	0.045167085	0.06571571	0.0213355	0.02755325	0.032559305	0.04430928	0.024049085
SRR24759597_binette_bin34	0.009882977	0.05540683	0.06550841	0.0428413	0.036050476	0.023112677	0.02831528	0.038741205	0.018264737	0.027346024	0.017765537	0.039891534	0.04913092	0.010766175	0.033473928	0.046614975	0.0161134	0.020930642	0.023792375	0.031954356	0.017460525
SRR24759597_binette_bin35	0.04495908	0.08736277	0.06108833	0.097245194	0.11005552	0.07879721	0.08611586	0.06741254	0.024285613	0.067749806	0.07978481	0.093313396	0.0864613	0.044713255	0.0811802	0.10437893	0.05347352	0.060232796	0.098593004	0.030432789	0.038600598
SRR24759597_binette_bin36	0.50714743	0.49108157	0.2744724	0.35287482	0.3777796	0.36365655	0.34034866	0.43630785	0.44189274	0.41338304	0.4442826	0.42870548	0.3583373	0.49353176	0.41539216	0.40040424	0.46809858	0.44486237	0.36507484	0.40426758	0.4795582
SRR24759597_binette_bin37	0.029486766	0.091151506	0.026096445	0.03827761	0.040352188	0.032884315	0.039837446	0.03104817	0.009259943	0.031221367	0.03378484	0.032083593	0.03172394	0.0345798	0.04027172	0.04731599	0.042423565	0.047175765	0.04356307	0.013901968	0.020340953
SRR24759597_binette_bin39	0.5413611	0.8579697	0.43545234	0.5760161	0.4028775	0.42085597	0.51944125	0.48319805	0.48563412	0.5529642	0.555873	0.52699965	0.44228375	0.5947588	0.5890674	0.45937735	0.5908979	0.70369333	0.50580823	0.62560695	0.49716347
SRR24759597_binette_bin42	0.21116368	0.4087297	0.2894455	0.15036985	0.22979444	0.167107	0.16536157	0.3077066	0.25779226	0.27127904	0.24057028	0.3468664	0.34588683	0.16971421	0.20977819	0.41296133	0.16210039	0.24059977	0.36428192	0.2363862	0.16305906
SRR24759597_binette_bin44	0.047846355	0.1181048	0.041358814	0.13705888	0.09214797	0.06155313	0.04831623	0.047389485	0.05508361	0.04296136	0.042757213	0.07800187	0.104403615	0.04514291	0.04278307	0.04957532	0.049987864	0.05215894	0.044432417	0.049487427	0.046218354
SRR24759597_binette_bin45	0	0.057034608	0.011707442	0.010787965	0.026138198	0.017312804	0.01077662	0.0077928817	0.015931921	0.010026223	0.005722566	0	0.0020465397	0.0051589813	0.018770428	0.0061105127	0.003630839	0.01692009	0.011371668	0.008102763	0.015633348
SRR24759597_binette_bin46	0.027737772	0.08078478	0.025026044	0.034291167	0.03630393	0.030048847	0.036761396	0.027582778	0.008984189	0.028058413	0.031860895	0.032821927	0.029448317	0.030629955	0.03748816	0.042438682	0.0369666	0.042788565	0.038183626	0.01373264	0.019978585
SRR24759597_binette_bin47	0.012661774	0.051819727	0.02906676	0.020042943	0.028614765	0.025221009	0.020467382	0.022162504	0.017552568	0.011061434	0.009275423	0.014946416	0.025230333	0.008924921	0.014228243	0.018044114	0.014152591	0.009648597	0.011148968	0.020718433	0.014607382
SRR24759597_binette_bin48	0.37437943	0.4597609	0.20170523	0.23431258	0.27078158	0.2639774	0.2221323	0.29089892	0.31665915	0.28481182	0.2995254	0.28922778	0.2540721	0.40215045	0.29620692	0.28878537	0.3390537	0.32301143	0.28190625	0.27669182	0.33867252
SRR24759597_binette_bin49	0.0874339	0.14518975	0.16001	0.10242528	0.29061717	0.10908018	0.22474062	0.072320126	0.060893856	0.07120038	0.15082453	0.05083824	0.12035346	0.12611286	0.07864526	0.113707945	0.12922761	0.046230644	0.086208306	0.049799465	0.1630675
SRR24759597_binette_bin50	0.103323855	0.16547173	0.07155713	0.069283	0.09039694	0.06469101	0.07874227	0.1308293	0.08878193	0.1618606	0.093288	0.10878322	0.1145699	0.10467963	0.16154504	0.087764345	0.06663964	0.11399085	0.07555323	0.08983372	0.06792471
SRR24759597_binette_bin51	0.5015204	0.55563676	0.30266568	0.3825343	0.35998157	0.39194748	0.35131836	0.412319	0.43802112	0.42030945	0.4425684	0.40422055	0.38500425	0.5283821	0.4319054	0.4079573	0.4690795	0.4644669	0.39174938	0.4443832	0.46024635
SRR24759597_binette_bin52	0.014264812	0.05331191	0.06664277	0.04751198	0.043293353	0.030533463	0.03510753	0.036368895	0.020622259	0.030614022	0.020912124	0.041110717	0.04876891	0.015153839	0.03485934	0.046072636	0.018791594	0.020305086	0.027182834	0.03477715	0.020753248
SRR24759597_binette_bin53	0.6341097	0.9031287	0.53654855	0.6579536	0.4400345	0.58844155	0.58690816	0.52668315	0.59127146	0.62346375	0.6379845	0.5466341	0.5474479	0.7516167	0.69527847	0.52478987	0.6558298	0.775367	0.5880704	0.7576603	0.59136105
SRR24759597_binette_bin54	0.009116603	0.044160604	0.015751397	0.0121291485	0.028663816	0.011317715	0.017665481	0.01338012	0.009220243	0.01136256	0.01552773	0.013802448	0.018545102	0.013586873	0.016679661	0.020127265	0.016277691	0.014581515	0.01827944	0.007496167	0.011651095
SRR24759597_binette_bin55	0.3236388	0.4601072	0.23365709	0.2961592	0.2665205	0.2646945	0.288822	0.27735716	0.31950632	0.3018325	0.30587438	0.3289934	0.27779868	0.3176334	0.30478707	0.30185768	0.30783692	0.34988785	0.31917453	0.31963193	0.31123543
SRR24759597_binette_bin57	0.018521292	0.102279946	0.022869682	0.030289803	0.044610646	0.027302667	0.028636107	0.030913996	0.010904371	0.031892233	0.026450891	0.03818192	0.02731473	0.02004423	0.02515379	0.040199153	0.022458622	0.028814724	0.03502655	0.011298471	0.017415313
SRR24759597_binette_bin60	0.41717777	0.47452003	0.25597283	0.31602773	0.3122733	0.3220234	0.2993708	0.37340242	0.3843198	0.35570666	0.38407096	0.37706947	0.3242946	0.42656305	0.3678995	0.35637248	0.38503814	0.3993028	0.34030917	0.36063087	0.395696
SRR24759597_binette_bin61	0.086902186	0.35379934	0.077250324	0.1768599	0.08902901	0.055551037	0.09696012	0.07506976	0.10865393	0.05793168	0.061281726	0.059749763	0.056162484	0.059957832	0.04353195	0.101854615	0.06387683	0.06741362	0.104954585	0.08250841	0.09468537
SRR24759597_binette_bin62	0.1036239	0.21043918	0.082645155	0.100299396	0.115406334	0.113410965	0.102856874	0.10852213	0.14005524	0.119668975	0.119232476	0.12318416	0.123872556	0.09990144	0.10031339	0.11996508	0.10661702	0.10125006	0.13273396	0.111489385	0.119082436
SRR24759597_binette_bin64	0	0.05457213	0.009135488	0.006996016	0.011669966	0.011038683	0	0.013751573	0.008283547	0.008408094	0	0.005689636	0.0052456753	0	0.0021847715	0.008063732	0	0	0.010476906	0.0059982412	0.009034171
SRR24759597_binette_bin7	0	0.088728696	0.012571496	0.009742594	0.02225521	0.0068795574	0.0072054686	0.009470973	0.0196181	0.018266113	0.0025702568	0.027871167	0.0012040542	0	0.006285279	0.0017103109	0	0.011543127	0.006030699	0.004892712	0.014423891
SRR24759597_binette_bin74	0.012616876	0.044375457	0.045982875	0.041432805	0.028040132	0.028854413	0.025435127	0.03591399	0.015501923	0.023508616	0.01474523	0.026275935	0.035502918	0.008713497	0.022538403	0.0319057	0.011513384	0.013766301	0.020452788	0.02683748	0.013143154
SRR24759597_binette_bin75	0	0.80944777	0.18307786	0.16784914	0.30862528	0.077993564	0.21183062	0.2215586	0.14645337	0.03499014	0	0.09782932	0.089859635	0.003142246	0.009104813	0.009889967	0.010036489	0.0051352736	0.0060679154	0.10313019	0.31680074
SRR24759597_binette_bin76	0.0035934572	0.047931444	0.011492679	0.01016679	0.02176131	0.010572651	0.009195349	0.01797665	0.010491548	0.00686284	0.0037900982	0.009116772	0.010056719	0.002757231	0.008941908	0.0066100503	0.0056697493	0.0058905142	0.0049166074	0.00865237	0.008423796
SRR24759597_binette_bin77	0.010170372	0.051522132	0.056273345	0.027459327	0.028537089	0.015909776	0.02263397	0.027547773	0.013250407	0.021978784	0.012769159	0.033208057	0.038766682	0.008042784	0.029767357	0.03459109	0.013127111	0.020456376	0.019999515	0.02747622	0.012758919
SRR24759597_binette_bin78	0.53913164	0.5483641	0.3403924	0.43430775	0.36082095	0.4505984	0.37525403	0.4393972	0.48655212	0.46247634	0.47275957	0.45117313	0.41731104	0.5753416	0.50193286	0.43439627	0.5010502	0.51344645	0.43097714	0.49525544	0.4944914
SRR24759598_binette_bin100	0	0.044348713	0.01648272	0.006945843	0.0139688505	0.005153329	0.005949539	0.006367938	0.012455093	0.030599453	0.0029542705	0.017035862	0.0019438945	0	0.0040712003	0.0015012401	0	0.008245422	0.005738898	0.0039387974	0.013387583
SRR24759598_binette_bin101	0.0031080176	0.036355894	0.014982278	0.009780179	0.022134082	0.013451592	0.00730001	0.0076382784	0.021365775	0.016375499	0.005629953	0	0.0020041997	0.0028858562	0.013902867	0.011353589	0.0030583495	0.016551754	0.008917176	0.0075451736	0.013695946
SRR24759598_binette_bin103	0.0062734946	0.009146974	0.030405851	0.015241824	0.014722873	0.009078653	0.010325057	0.0060687847	0.008664932	0.039402585	0.005502959	0.01725436	0.018157057	0.006245379	0.009653566	0.013075513	0.0076718996	0.008695396	0.011808514	0.016927334	0.0057785176
SRR24759598_binette_bin104	0.40279105	0.2954129	0.6017198	0.37881485	0.3057525	0.4229822	0.3885227	0.37138706	0.41574857	0.4204271	0.4720125	0.36027345	0.37921003	0.42622498	0.47165558	0.3973108	0.41742817	0.45102963	0.432507	0.4144922	0.39285824
SRR24759598_binette_bin105	0.016689232	0.013951407	0.047727335	0.008820673	0.018012097	0.008226005	0.018220078	0.006386434	0.0062027993	0.009063324	0.008376348	0.00996423	0.013854192	0.012188399	0.006681925	0.032793246	0.023681965	0.0069592264	0.01601589	0.008697463	0.009161141
SRR24759598_binette_bin106	0.38010526	0.26298568	0.49162883	0.30502528	0.31646457	0.31644988	0.39960098	0.3540253	0.38716963	0.39151073	0.44899115	0.34123006	0.3435941	0.38856766	0.3625741	0.37723958	0.3995516	0.42928192	0.3709093	0.3658009	0.3728367
SRR24759598_binette_bin107	0.41328412	0.31340957	0.4793211	0.31747618	0.3437185	0.3909325	0.32946023	0.41946203	0.42857662	0.5140018	0.40499482	0.43633544	0.44043007	0.4314033	0.44087088	0.44516113	0.39296636	0.43086633	0.45466992	0.38049024	0.3897813
SRR24759598_binette_bin108	0.31475797	0.24496517	0.34007877	0.22572365	0.2750959	0.2642525	0.28973344	0.3404072	0.31779185	0.33875102	0.3340186	0.33168432	0.34891865	0.2995555	0.29945204	0.39546102	0.30628452	0.32790828	0.35717142	0.30742404	0.30478016
SRR24759598_binette_bin109	0	0.024331134	0.13444519	0.024693325	0.0043877163	0	0.016205054	0	0.0022623811	0	0	0	0	0	0.025061717	0.0035629252	0.0030561339	0.0016741509	0.0014658193	0.008233584	0.022074232
SRR24759598_binette_bin110	0.3768308	0.2385511	0.4414014	0.2682914	0.30299252	0.3114391	0.34074858	0.34102553	0.36569896	0.38544068	0.40227997	0.33093044	0.3317071	0.37907144	0.3467054	0.37536174	0.4082012	0.3867632	0.3566034	0.34824497	0.38123217
SRR24759598_binette_bin111	0.3189608	0.2151459	0.4227991	0.23602399	0.2527999	0.26012984	0.31590763	0.28115785	0.3175929	0.32175103	0.37858817	0.28676134	0.26097578	0.31770483	0.29091382	0.32426205	0.37276763	0.3495407	0.3101063	0.31052643	0.32309496
SRR24759598_binette_bin113	0.4650215	0.3443693	0.65124893	0.40938607	0.3674933	0.41953546	0.47664952	0.43979743	0.4624358	0.46624002	0.54906166	0.41858953	0.4124479	0.49013108	0.4934578	0.4359076	0.47474304	0.5322415	0.4589662	0.4496442	0.45397756
SRR24759598_binette_bin114	0.5629279	0.43421152	0.6126854	0.44779018	0.4584068	0.47888193	0.541313	0.5272094	0.5523071	0.5647676	0.6251067	0.5292395	0.5068872	0.56247425	0.5368902	0.5538187	0.5799752	0.61975616	0.55688316	0.54791665	0.5640133
SRR24759598_binette_bin27	0.02642895	0.08710879	0.105764724	0.08756886	0.0846274	0.04170563	0.06692737	0.056698848	0.04910391	0.036389973	0.0478627	0.03807233	0.04953475	0.023733359	0.034286812	0.054932445	0.03107579	0.042611457	0.048836805	0.055745583	0.06090721
SRR24759598_binette_bin3	0	0	0.07008994	0	0	0	0.005267337	0	0	0	0	0	0	0	0	0	0.0018147097	0	0	0	0.011837051
SRR24759598_binette_bin36	0.036475975	0.023364667	0.034108132	0.017217463	0.035355423	0.051950462	0.029151628	0.009392202	0.01108305	0.048610184	0.016327746	0.0153064085	0.024685333	0.015814045	0.019226654	0.024705352	0.020737886	0.01365584	0.013747197	0.01214944	0.015200255
SRR24759598_binette_bin38	0.36787656	0.28272706	0.5469435	0.30251488	0.2991103	0.31509915	0.3764806	0.35320747	0.35886484	0.37178645	0.4369228	0.34446758	0.33728266	0.3766517	0.3696497	0.3711459	0.3848458	0.43031156	0.37588605	0.35946652	0.3585545
SRR24759598_binette_bin39	0.028586974	0.057800986	0.038422503	0.033719067	0.03540682	0.027399354	0.03896723	0.02902494	0.008718022	0.030299619	0.034912415	0.026115747	0.03185062	0.03427305	0.040033847	0.040061	0.03794171	0.04211436	0.044832822	0.013661288	0.019365322
SRR24759598_binette_bin41	0.039701805	0.055834167	0.15044525	0.046600867	0.062306788	0.023576187	0.050900307	0.039192013	0.043931976	0.032905754	0.03641846	0.03168897	0.056557458	0.03278673	0.024152901	0.03544053	0.03236808	0.022136528	0.027467433	0.03876984	0.07618503
SRR24759598_binette_bin42	0.019169131	0.06615416	0.05831023	0.035947844	0.041724667	0.022393014	0.035313252	0.03790198	0.031261396	0.0247193	0.017328154	0.042706702	0.03702935	0.014005412	0.028913626	0.039805032	0.020383295	0.022418533	0.025967417	0.03689485	0.033976622
SRR24759598_binette_bin43	0.4835405	0.37493843	0.74802995	0.43776047	0.38002154	0.454902	0.5086425	0.4619158	0.49041963	0.5037899	0.5933021	0.4443255	0.45497277	0.5069073	0.532514	0.48088545	0.49491873	0.5767412	0.51179194	0.49565724	0.48303032
SRR24759598_binette_bin44	0	0.0081403935	0.016658815	0	0.013114893	0	0	0.0643673	0	0.025246326	0	0.016469572	0.035144098	0	0.002083242	0.0030457468	0	0	0.0058721653	0.0051454036	0
SRR24759598_binette_bin45	0.030550411	0.03425746	0.30321467	0.088222384	0.05122057	0.03219068	0.037390355	0.10884631	0.02078428	0.027164826	0.031661183	0.032511838	0.11214678	0.014839016	0.05479319	0.14204288	0.02621479	0.009554925	0.03917448	0.03532813	0.025784936
SRR24759598_binette_bin46	0.035929497	0.10374387	0.07668202	0.041087203	0.0379421	0.030892119	0.051085003	0.06699947	0.04111884	0.052996777	0.0623464	0.06356232	0.0601025	0.042294744	0.04475031	0.047909986	0.03727984	0.075776614	0.048025526	0.048737198	0.049477164
SRR24759598_binette_bin47	0.01703295	0.017859837	0.034445457	0.02214557	0.019721441	0.015566952	0.021553962	0.013331756	0.011687738	0.018252732	0.009564057	0.016343275	0.019120382	0.010898741	0.012334313	0.018842073	0.010182009	0.009413383	0.013571443	0.016799198	0.0115083065
SRR24759598_binette_bin48	0.6899477	0.5624159	0.7988958	0.7159841	0.48771927	0.76785403	0.6312048	0.6325151	0.6773245	0.70612603	0.7319631	0.5879443	0.642972	0.7852829	0.8832312	0.60713756	0.6841997	0.75671065	0.69207466	0.77935714	0.6713849
SRR24759598_binette_bin49	0	0	0.046483725	0.0021887503	0.003504922	0	0	0.0018932874	0	0.0031212557	0.0019742849	0	0.0025047474	0.0014388269	0	0.0071668564	0.00246882	0.0074796686	0	0	0
SRR24759598_binette_bin50	0.0558718	0.07497061	0.08681766	0.05248752	0.06262312	0.040028986	0.054696843	0.0568223	0.08962692	0.06345875	0.06322406	0.05442051	0.11091384	0.05756341	0.13415357	0.074021265	0.06160101	0.06855122	0.07557766	0.072813675	0.044874128
SRR24759598_binette_bin52	0	0.022151748	0.062133957	0.0039133397	0.0038956106	0	0.015862906	0	0.0018476087	0	0	0	0	0	0.0023953042	0	0.0017860966	0	0	0.0012588938	0.011223185
SRR24759598_binette_bin53	0.008760305	0.013702412	0.016516848	0.010125637	0.013054025	0.01172332	0.023289545	0.018008295	0.004472927	0.036256507	0.016818	0.037413627	0.020905342	0.017989103	0.008362431	0.011556115	0.020988092	0.013721618	0.025641382	0.022993676	0.0074385977
SRR24759598_binette_bin54	0	0	0.026534604	0	0	0.0055365413	0	0	0	0	0	0	0	0	0	0.0020471893	0	0	0	0.0031940346	0
SRR24759598_binette_bin55	0.10046188	0.10617643	0.15110357	0.08225202	0.11490054	0.09141475	0.12489098	0.14352392	0.1161733	0.123698264	0.11969714	0.12869713	0.16000211	0.10590876	0.10376736	0.15997528	0.10050244	0.14205483	0.15171237	0.10698192	0.11753747
SRR24759598_binette_bin56	0.016397687	0.012435092	0.018691739	0.012429961	0.010543692	0.017261542	0.053512685	0.010368143	0.00612541	0.033336073	0.02631157	0.013415062	0.038621917	0.039765842	0.012998094	0.017433152	0.048265934	0.017478267	0.05537922	0.0078263655	0.013193509
SRR24759598_binette_bin60	0.038445175	0.03380688	0.0441137	0.047257245	0.031671613	0.0319682	0.04261306	0.058872357	0.043669783	0.043543205	0.0420908	0.03447934	0.039225608	0.054746855	0.028516455	0.0409226	0.039700355	0.05092417	0.060285054	0.031524073	0.05584194
SRR24759598_binette_bin61	0.14780496	0.21702714	0.23132646	0.17488526	0.21853374	0.1558012	0.1911845	0.17210045	0.13716541	0.18064164	0.16982797	0.17396756	0.18457058	0.14889538	0.15549064	0.16921365	0.15462278	0.13764521	0.18139166	0.15470316	0.1824313
SRR24759598_binette_bin62	0.152449	0.13703233	0.14499982	0.14658871	0.13680845	0.14229724	0.13981149	0.19592538	0.1452788	0.13507776	0.15482539	0.13301547	0.1940942	0.17880364	0.15157726	0.14169408	0.14797124	0.17809728	0.14761393	0.15303543	0.15662898
SRR24759598_binette_bin65	0.16670167	0.18105546	0.3246986	0.084569365	0.23500954	0.13024	0.14258645	0.2661405	0.1680402	0.2812733	0.18230702	0.30155903	0.36063707	0.1240228	0.20795225	0.41049394	0.15860671	0.17266	0.3410284	0.18505289	0.13699947
SRR24759598_binette_bin67	0.39975926	0.27408174	0.56719345	0.3199813	0.3261585	0.32508448	0.43088183	0.36897773	0.39448765	0.40129438	0.51156956	0.35697746	0.33573335	0.40424278	0.38281807	0.3842646	0.4205586	0.47199345	0.3813611	0.3673834	0.39426103
SRR24759598_binette_bin69	0.2736486	0.1686775	0.394775	0.20355873	0.20221339	0.25539538	0.21030477	0.2352245	0.24527635	0.27199048	0.27407995	0.21769914	0.21960746	0.27724776	0.29173014	0.2567574	0.2813369	0.2855438	0.25864524	0.25310212	0.2619516
SRR24759598_binette_bin7	0.023049388	0.010440131	0.07208293	0.0034659088	0.035582922	0.06138605	0.013609084	0.0041918806	0.0019778812	0.040986147	0.015401934	0	0.030373655	0.0055133426	0.003362231	0.11488911	0.008452405	0.0016889408	0.020149877	0.07454405	0.006252277
SRR24759598_binette_bin70	0.026075143	0.03594956	0.36629552	0.07609882	0.03793151	0.026071012	0.043495838	0.06972093	0.017525116	0.025638366	0.034423895	0.034382947	0.09982398	0.025912106	0.05205933	0.10333056	0.043058235	0.014475296	0.051592004	0.028209021	0.024638625
SRR24759598_binette_bin71	0.33214647	0.29356095	0.602963	0.33124283	0.27757418	0.30938607	0.38220513	0.32653093	0.338445	0.3496106	0.44989532	0.30165234	0.30432767	0.37034732	0.375372	0.31754458	0.3560986	0.4480388	0.35952455	0.3585077	0.3279263
SRR24759598_binette_bin98	0.035513565	0.08177787	0.0987058	0.07911685	0.05312081	0.047454037	0.046550356	0.063597254	0.046717696	0.037963737	0.030226756	0.040217802	0.04181623	0.020821044	0.03263472	0.062497873	0.03137441	0.02388432	0.048584063	0.05672461	0.04207198
SRR24759599_binette_bin27	0.0092292605	0.036162134	0.2107597	0.085377805	0.02866651	0.01344795	0.030698692	0.025238482	0.022925327	0.014636521	0.017214166	0.03021158	0.05022629	0.012773395	0.029796932	0.028610881	0.017096745	0.016018294	0.02950897	0.02488075	0.017955013
SRR24759599_binette_bin29	0.048393615	0.1142712	0.048589673	0.11147718	0.0680085	0.05495701	0.07241139	0.051507443	0.015757503	0.051591605	0.053179923	0.055127468	0.046765115	0.061570145	0.063133806	0.08109459	0.08964885	0.08076813	0.07779563	0.021569058	0.035466757
SRR24759599_binette_bin3	0.018711979	0.02414018	0.011398736	0.047685113	0.036151595	0.015904007	0.043933023	0.012939626	0.0030958347	0.014393821	0.039385576	0.019133704	0.03454352	0.04571983	0.018492004	0.029971333	0.04303889	0.054454416	0.04163252	0.0037609546	0.0060588103
SRR24759599_binette_bin31	0.01671029	0.01767723	0.012531026	0.022037745	0.01735989	0.024146568	0.057354894	0.008735769	0.006057033	0.012515555	0.031336606	0.017941596	0.041126527	0.033650305	0.01546465	0.023353092	0.033384647	0.016283149	0.068909034	0.008379233	0.016074067
SRR24759599_binette_bin36	0.06093638	0.12088305	0.065987684	0.25780752	0.104091264	0.13295706	0.11157594	0.03916929	0.05171895	0.06760456	0.080563396	0.08594968	0.0583244	0.052519508	0.08142475	0.06729509	0.073339365	0.06194641	0.10989649	0.087276526	0.15522744
SRR24759599_binette_bin37	0	0.017662458	0.017105523	0.019984586	0.009984765	0	0.007356315	0.004001471	0.009478465	0.0067391554	0.0039173337	0.019871842	0	0	0.0054897615	0.0025320349	0	0.003516829	0.0061714584	0.0025658498	0.012497677
SRR24759599_binette_bin38	0.019663613	0.025402693	0.031748526	0.04728219	0.058617685	0.023790404	0.041913874	0.017048728	0.014512104	0.017944315	0.034768503	0.01994676	0.03794788	0.027644482	0.021433633	0.03296802	0.03650324	0.01503785	0.033802576	0.010437745	0.024232278
SRR24759599_binette_bin39	0.005360874	0.0065402975	0.0188167	0.04339949	0.01641094	0.0224095	0.019834202	0.03767618	0.017423274	0.009376454	0.0071715955	0.023280293	0.008633681	0.0050611175	0.0075986227	0.011199478	0.010726073	0.012675969	0.010980577	0.011211756	0.011996181
SRR24759599_binette_bin40	0.60345316	0.45064566	0.46609387	0.857946	0.35397235	0.720201	0.44139808	0.52017593	0.5596778	0.5791612	0.5408009	0.48056272	0.50861704	0.70121014	0.8372573	0.42975235	0.5499933	0.5890732	0.5311183	0.66212445	0.60004556
SRR24759599_binette_bin41	0.6802916	0.4865719	0.43651986	0.82573277	0.45272332	0.62140393	0.5200638	0.60336393	0.6314409	0.6118629	0.617766	0.61342996	0.51278305	0.70180845	0.7477846	0.50047857	0.62351257	0.65099484	0.54558593	0.63221496	0.6410736
SRR24759599_binette_bin43	0.14374948	0.112306215	0.09375661	0.1990449	0.12491706	0.119084425	0.14469711	0.14983244	0.18237574	0.15369898	0.1615824	0.1449567	0.13398024	0.13721657	0.11981854	0.19456217	0.1325193	0.14486663	0.22192726	0.13333292	0.16600333
SRR24759599_binette_bin44	0.009271318	0.022248583	0.029065799	0.09244126	0.021246428	0.008592503	0.02106173	0.0136082005	0.019905115	0.0090453755	0.013960285	0.018883776	0.014751269	0.012382874	0.010577778	0.018154597	0.014155018	0.014066581	0.01653808	0.01457732	0.01957445
SRR24759599_binette_bin45	0.048670653	0.06026959	0.18414591	0.20220545	0.08408739	0.056309618	0.062090196	0.14895453	0.04413517	0.04586681	0.053746816	0.04708556	0.14391911	0.024947481	0.063916236	0.20134015	0.039321873	0.022229852	0.056893937	0.05631971	0.04814107
SRR24759599_binette_bin46	0.026805738	0.0568526	0.16696283	0.15632379	0.07161942	0.042421635	0.052154973	0.09396432	0.043891616	0.034087084	0.04021682	0.044986125	0.09621073	0.019931098	0.049150497	0.11769491	0.0311746	0.026414987	0.042605497	0.04660966	0.041114256
SRR24759599_binette_bin47	0.009328191	0.015832389	0.024174089	0.039172903	0.018005319	0.01167465	0.017139886	0.018264363	0.013984874	0.008383491	0.009980812	0.016295748	0.013866991	0.0086482335	0.008714268	0.013509976	0.012179248	0.010182252	0.0120908115	0.01280018	0.015724124
SRR24759599_binette_bin48	0.0046327324	0.016582359	0.025268456	0.042336546	0.01403323	0.012045694	0.0120676635	0.02979871	0.008098398	0.009543886	0.0066641434	0.020439383	0.013762299	0.004813871	0.008822671	0.014653201	0.008984569	0.00690968	0.011222665	0.007654352	0.0072952593
SRR24759599_binette_bin49	0.021294888	0.03483974	0.021450317	0.08710288	0.035051107	0.023691284	0.024834685	0.02091618	0.007517716	0.02278674	0.023443552	0.02433957	0.022470022	0.021952787	0.02707744	0.036099326	0.033573877	0.027713113	0.035271093	0.0092065735	0.014667844
SRR24759599_binette_bin50	0.47892395	0.4154615	0.32900637	0.54582477	0.34018552	0.36434826	0.4143809	0.43036586	0.45619425	0.44462234	0.4682612	0.4413785	0.37500185	0.48314482	0.46313596	0.41521642	0.45244098	0.5093112	0.4407686	0.45007724	0.44227862
SRR24759599_binette_bin51	0.054542843	0.027585791	0.08736585	0.103140734	0.055761594	0.027332474	0.07357923	0.017716676	0.042108092	0.030073255	0.06687307	0.027274149	0.062725276	0.028619368	0.03140475	0.037685867	0.042364694	0.025085144	0.017763317	0.048347812	0.08737418
SRR24759599_binette_bin52	0.07759985	0.058742065	0.04479007	0.1790515	0.064327195	0.038411032	0.13730335	0.091739476	0.06670533	0.07460244	0.09961094	0.07504861	0.05244419	0.075695835	0.09628742	0.055974435	0.07696759	0.099392556	0.06354346	0.06660913	0.07644267
SRR24759599_binette_bin54	0	0	0.001791507	0.027987285	0.0019357799	0	0	0.00154931	0	0.0023105333	0.001321952	0	0.0017823423	0.0013865806	0	0.0023687445	0	0.007200362	0	0	0
SRR24759599_binette_bin55	0.028634839	0.044558086	0.15907206	0.12812923	0.05534936	0.041198786	0.048008513	0.08078014	0.033180073	0.031230107	0.033030506	0.033238135	0.082286164	0.018039744	0.042506475	0.0985999	0.026246188	0.017017765	0.04273504	0.04244419	0.036711637
SRR24759599_binette_bin56	0.010365949	0.011545249	0.007114459	0.016369443	0.013768699	0.011076783	0.03718661	0.008578744	0.0043541347	0.006204919	0.015158617	0.008263501	0.017360874	0.013706964	0.010522447	0.012043494	0.014564473	0.009576094	0.026945688	0.0051484825	0.0068064393
SRR24759599_binette_bin59	0.026897471	0.055366777	0.08736298	0.14910449	0.07019878	0.029560136	0.050112437	0.07594476	0.042043243	0.028516395	0.042532578	0.038545735	0.08144978	0.022522703	0.038625445	0.101184614	0.028083052	0.032386336	0.037332874	0.038257748	0.0460483
SRR24759599_binette_bin60	0.018236568	0.04154235	0.1162122	0.092295185	0.047527917	0.020821067	0.042280436	0.036222346	0.03474954	0.0204396	0.025986472	0.032697726	0.041827876	0.018739779	0.027568925	0.039952636	0.02291212	0.026147468	0.031167591	0.030049577	0.031676397
SRR24759599_binette_bin61	0.011871509	0.016263705	0.012584769	0.026096677	0.020191854	0.01597914	0.043815095	0.014057622	0.0075036557	0.012739088	0.021335823	0.010280712	0.028576363	0.021738341	0.008921982	0.016534833	0.018730117	0.009604211	0.031066284	0.006868276	0.011452866
SRR24759599_binette_bin62	0.25164074	0.2102152	0.14671834	0.4250112	0.1778022	0.1687387	0.2100537	0.23180969	0.22635193	0.21791676	0.22564894	0.24369211	0.19022022	0.24825849	0.27921447	0.18896565	0.24236545	0.24766639	0.21510631	0.22734891	0.22799422
SRR24759599_binette_bin63	0.6263562	0.432285	0.42782813	0.774166	0.41383365	0.61053544	0.47352248	0.56475174	0.5734667	0.5602047	0.564284	0.5492969	0.474242	0.6435039	0.7270894	0.43295017	0.5823264	0.61303174	0.47062868	0.584217	0.59564775
SRR24759599_binette_bin64	0.022755971	0.04613533	0.02215137	0.034029223	0.038132466	0.025018727	0.027417677	0.021631708	0.007232681	0.02284768	0.031350456	0.018856918	0.026789384	0.024481896	0.028074954	0.035962496	0.021958234	0.03133117	0.03756406	0.011164438	0.013587729
SRR24759599_binette_bin65	0.31969494	0.21984312	0.1901616	0.3567385	0.22173266	0.21300532	0.25859606	0.25909773	0.30867532	0.27672175	0.29954982	0.27314952	0.20800735	0.28357843	0.25438762	0.25388268	0.26724386	0.3014924	0.27498937	0.24729268	0.28006363
SRR24759599_binette_bin66	0.042357173	0.113922864	0.10429351	0.18037046	0.059878174	0.041899834	0.06483452	0.06937577	0.05828899	0.030611405	0.04183804	0.029470816	0.06348961	0.028432421	0.03156075	0.0835779	0.03855922	0.026584841	0.056547835	0.049266867	0.057812728
SRR24759599_binette_bin67	0.2975198	0.31750906	0.2230528	0.40859732	0.22725463	0.20154355	0.3103232	0.2834247	0.31628737	0.30515903	0.3203091	0.33106923	0.23105447	0.3047407	0.3336098	0.27252156	0.2990213	0.34898564	0.3104086	0.29836932	0.26737183
SRR24759599_binette_bin68	0.016752494	0.030903243	0.052612577	0.071690015	0.029867748	0.03180014	0.031066183	0.039025318	0.025843138	0.019741792	0.020625848	0.023126634	0.023214256	0.011998985	0.015046127	0.027546372	0.018205035	0.015982728	0.025731375	0.025406115	0.02518619
SRR24759599_binette_bin71	0.034762796	0.04055929	0.019834716	0.032957755	0.017336274	0.045625344	0.08410286	0.014029825	0.011481711	0.028815098	0.05957945	0.039564997	0.10272039	0.0766203	0.030629987	0.0457825	0.08336389	0.035013486	0.11531137	0.016441679	0.028926766
SRR24759599_binette_bin72	0.050184652	0.036245365	0.03718731	0.06276465	0.027824346	0.04295692	0.030392809	0.02997542	0.02630084	0.029668054	0.024523672	0.031083858	0.030497402	0.03237234	0.037266146	0.05262033	0.03888123	0.028949697	0.03702034	0.031469442	0.037037186
SRR24759599_binette_bin74	0.11001333	0.07111835	0.06858263	0.18523695	0.09602293	0.09454814	0.09794209	0.09972299	0.13923414	0.10842515	0.113362595	0.117155254	0.09126187	0.090826295	0.09051261	0.13975248	0.089424595	0.10838281	0.1775184	0.08812953	0.122924775
SRR24759599_binette_bin75	0.56675667	0.44802722	0.35596594	0.6095053	0.40578616	0.4395162	0.48172662	0.5231463	0.5346228	0.51036984	0.54549396	0.5346629	0.42645106	0.55355805	0.54263365	0.4616937	0.53063756	0.57075983	0.47160542	0.5035949	0.5265627
SRR24759599_binette_bin76	0.43595466	0.32355955	0.25122884	0.4862866	0.3218958	0.30575672	0.37019825	0.41143698	0.4138589	0.36920458	0.40931523	0.43006262	0.29389295	0.4107032	0.38499582	0.33486935	0.41213644	0.4224536	0.34417415	0.36299416	0.40110123
SRR24759599_binette_bin77	0.017266996	0.029774923	0.070050366	0.087620184	0.028567858	0.012660141	0.026228629	0.018610168	0.025839118	0.015893256	0.022605963	0.02908006	0.026928406	0.0152621325	0.016485376	0.02178551	0.018371709	0.017342616	0.024291283	0.020579891	0.022694338
SRR24759599_binette_bin78	0.050682425	0.068513624	0.04720499	0.026261345	0.049596805	0.105919085	0.032940034	0	0.03337826	0.007545418	0.008973422	0	0.024191963	0.021481665	0.003953397	0.021656562	0.069237836	0.024123486	0.029271595	0.0509308	0.008879788
SRR24759599_binette_bin80	0.14926851	0.08191781	0.058466863	0.17292121	0.106920615	0.047923263	0.06534289	0.086413264	0.10408963	0.08255321	0.07196668	0.09664456	0.07344699	0.108233914	0.0732808	0.077478476	0.06460512	0.11435332	0.087924436	0.077447444	0.10042012
SRR24759599_binette_bin88	0.07882659	0.031493742	0.10736178	0.16646104	0.078066215	0.034256145	0.07146336	0.017131908	0.04038931	0.051104564	0.11998393	0.0320558	0.07362955	0.035856124	0.035501227	0.042046037	0.048260935	0.030895585	0.023367409	0.092755005	0.12239728
SRR24759599_binette_bin89	0.04597801	0	0.5946443	0.09799608	0.0025609483	0.015739765	0.010651366	0.011090908	0	0.0011938309	0.0009765393	0	0.0010511881	0.20615047	0.004026835	0.0022013895	0.016970722	0.0020272476	0.00513192	0.0048216907	0.023596453
SRR24759599_binette_bin93	0.36153898	0.28073516	0.22188763	0.4119131	0.26223657	0.2661178	0.299142	0.32840687	0.34267676	0.31232283	0.33126506	0.33172217	0.25838485	0.34889892	0.3199268	0.2938437	0.33968168	0.3611918	0.3016063	0.31608635	0.33225682
SRR24759599_binette_bin95	0.3254726	0.2967996	0.20907395	0.40523356	0.2277326	0.22002329	0.30686423	0.29273412	0.32733035	0.2991395	0.32245892	0.33193773	0.21993208	0.32524586	0.29363587	0.26846263	0.30455434	0.34662336	0.28645605	0.3008358	0.2916221
SRR24759599_binette_bin98	0.40513927	0.3409601	0.26547408	0.52464974	0.2810383	0.31336716	0.35165498	0.35646185	0.39862856	0.38342488	0.38906813	0.41363373	0.30613166	0.39878818	0.39205053	0.34371042	0.37902665	0.4114198	0.3687793	0.37879103	0.37742618
SRR24759600_binette_bin1	0.0014706742	0.059114475	0.016934933	0.04707478	0.11854386	0.071232475	0.012215625	0.04160612	0.055281717	0.010765347	0.0038399077	0	0.07096826	0	0.034555215	0.0063051763	0.0033259306	0.0026916421	0.00551521	0.05501954	0.0043369825
SRR24759600_binette_bin101	0.0024396968	0.033767562	0.008194442	0.011100217	0.034354437	0.0138233965	0.0065246187	0.008534653	0.011586121	0.0111217685	0.004545463	0	0	0.0024118556	0.012457358	0.00956994	0.0023298669	0.01117354	0.008407592	0.008134797	0.013089133
SRR24759600_binette_bin102	0	0.0070408434	0.00892201	0	0.03082445	0	0	0.03583144	0	0.0067267735	0	0.010956446	0.016462917	0	0.0030780027	0.00816417	0	0	0.004644014	0.0034512086	0
SRR24759600_binette_bin103	0.3212357	0.24746497	0.19333369	0.2313308	0.5008692	0.22120208	0.29300535	0.31830367	0.3596268	0.27572757	0.3215904	0.32376698	0.28323808	0.315994	0.26739064	0.27625048	0.3053533	0.31552193	0.24391232	0.25579056	0.30497137
SRR24759600_binette_bin104	0.025675962	0.052959163	0.03730348	0.04120997	0.06964239	0.022222022	0.030030213	0.029682193	0.03203159	0.016809411	0.020076653	0.021761615	0.030306013	0.015589262	0.029120596	0.039533958	0.022484316	0.021740057	0.023687368	0.027693104	0.028384058
SRR24759600_binette_bin105	0.012665473	0.033442903	0.0394767	0.072976805	0.053318605	0.031041013	0.026703646	0.041432142	0.02803604	0.026643144	0.01954339	0.022986684	0.03863235	0.01011515	0.024700442	0.046249807	0.01622405	0.019822683	0.022518698	0.03795266	0.019135665
SRR24759600_binette_bin106	0.018131047	0.042743556	0.031152757	0.056175802	0.057539754	0.03211937	0.028372962	0.045410387	0.024249103	0.117103405	0.017828804	0.020807521	0.026421128	0.012224045	0.020569734	0.028409224	0.017294506	0.016154688	0.023983235	0.0329227	0.023004018
SRR24759600_binette_bin107	0.5782873	0.36846712	0.3736918	0.4438325	0.79155475	0.50092536	0.4600752	0.586463	0.6340422	0.5080823	0.5633444	0.55145174	0.5135049	0.6003014	0.5134998	0.4773996	0.5108562	0.59820235	0.45046008	0.497762	0.5357262
SRR24759600_binette_bin108	0.014244971	0.03332163	0.022254307	0.037864126	0.042580146	0.020922892	0.021713074	0.043881018	0.021334901	0.021618681	0.014449651	0.030344991	0.030049486	0.009292069	0.015080626	0.024971673	0.012888022	0.01613315	0.018487742	0.030134533	0.01729643
SRR24759600_binette_bin109	0.004167963	0.019114805	0.013982506	0.014984288	0.03378683	0.019982135	0.023441229	0.02347523	0.021987654	0.006899128	0.0053816284	0.010132422	0.012360645	0.0027176463	0.008164891	0.013103797	0.0042269942	0.008480791	0.009544673	0.013308828	0.014214044
SRR24759600_binette_bin111	0.39549127	0.3111404	0.32836634	0.33283913	0.5980449	0.34945035	0.39412254	0.39572054	0.46236277	0.38434052	0.43362316	0.3972104	0.41727436	0.38051033	0.37433988	0.40884835	0.3591883	0.43512586	0.40227395	0.39114252	0.3752296
SRR24759600_binette_bin112	0.37707523	0.24860622	0.24864031	0.3068459	0.6309542	0.31239852	0.3381979	0.36428413	0.4489942	0.35138956	0.3916175	0.36856627	0.34280375	0.37172985	0.3407777	0.32924706	0.34436426	0.38408342	0.3301406	0.3426652	0.3442896
SRR24759600_binette_bin113	0.035689157	0.13448307	0.059627693	0.14035974	0.13354325	0.10685247	0.11937487	0.032756895	0.04045689	0.05332081	0.07173398	0.08022933	0.05232264	0.04360066	0.064333715	0.048334952	0.06966729	0.043396164	0.08997349	0.07150956	0.121694244
SRR24759600_binette_bin114	0.37632957	0.26264802	0.2700773	0.3024478	0.58668584	0.290328	0.37756675	0.3633551	0.43662694	0.34878328	0.39741716	0.38975695	0.33095655	0.36371204	0.32336503	0.33385152	0.34852177	0.39405754	0.3113269	0.3359138	0.3553207
SRR24759600_binette_bin115	0.31885657	0.23646514	0.22145708	0.258959	0.49308255	0.2749285	0.33240384	0.29268375	0.3911294	0.3084679	0.34533983	0.31031513	0.31084922	0.30704504	0.27956277	0.30264753	0.2811919	0.3232305	0.30479813	0.31910753	0.28147882
SRR24759600_binette_bin116	0.4792877	0.346978	0.33708978	0.39208168	0.6928534	0.4039478	0.42601395	0.47031382	0.546956	0.44119975	0.48739982	0.4669199	0.44559857	0.47338864	0.44723997	0.43593094	0.44636422	0.51723915	0.40844578	0.44372734	0.445949
SRR24759600_binette_bin117	0.62381333	0.47437888	0.45095107	0.52236325	0.7152048	0.5403075	0.52600116	0.60511214	0.6468272	0.57170135	0.61892027	0.6052631	0.57288855	0.6126489	0.5787631	0.5512617	0.5794782	0.6553351	0.5378012	0.58049685	0.56636906
SRR24759600_binette_bin14	0	0.06441506	0.011445303	0.016138978	0.04530976	0.022913985	0.008040397	0	0.025623834	0.008572167	0.0053235316	0	0	0.0042642113	0.0032800126	0.0045443475	0.0013650918	0.00702908	0.004374251	0.008368649	0.02491901
SRR24759600_binette_bin2	0.03165849	0.022464573	0.030146979	0.056115415	0.108632214	0	0	0.04333111	0.029003317	0.018102366	0	0.018295191	0.030556032	0.03083303	0.00463835	0.027493939	0.0027530442	0.01646822	0.04942996	0.0738269	0.0024529223
SRR24759600_binette_bin24	0	0	0.0051011723	0	0.039928086	0	0	0.025877878	0	0	0	0.0072827395	0.012654417	0	0	0	0	0	0.0014702494	0.00230301	0
SRR24759600_binette_bin25	0.03117892	0.043973036	0.019062413	0.019841049	0.041161213	0.041627225	0.0862542	0.010451399	0.009513479	0.031729493	0.071297355	0.038588576	0.09397609	0.060833268	0.0320011	0.04737154	0.070196435	0.028809879	0.12073606	0.016665557	0.027067047
SRR24759600_binette_bin26	0	0.009088524	0.009372522	0	0.027957479	0	0.0046693976	0.04800421	0	0.010765731	0	0.01246771	0.022508753	0	0.0021126596	0.0040811757	0	0	0.0044746827	0.0061560287	0
SRR24759600_binette_bin27	0.019413352	0.023260165	0.011559275	0.013543274	0.03364753	0.025225438	0.055440817	0.008608309	0.005816148	0.017607966	0.044511497	0.023792846	0.053586096	0.03806956	0.019455802	0.028517112	0.043377414	0.017499454	0.07158331	0.010126635	0.016081199
SRR24759600_binette_bin3	0	0.063927524	0	0.01704604	0.07562548	0	0	0	0	0.013638016	0	0	0	0	0	0	0	0	0	0	0
SRR24759600_binette_bin38	0.029410815	0.03663355	0.019657103	0.018456377	0.038040683	0.03650706	0.07769107	0.011289072	0.00915323	0.026893137	0.063083656	0.034575775	0.08055963	0.060371768	0.035654888	0.043170575	0.06993445	0.027663264	0.10734173	0.015361246	0.024318883
SRR24759600_binette_bin42	0.044294782	0.08842807	0.17409153	0.1406905	0.15802898	0.06922419	0.082137726	0.13796583	0.055883985	0.056804392	0.0652421	0.061410755	0.126012	0.032223854	0.08019941	0.18701497	0.042993087	0.037514664	0.06809807	0.07107764	0.07069816
SRR24759600_binette_bin44	0.047927782	0.1191079	0.071620926	0.08351961	0.07260645	0.06728885	0.07476361	0.07850196	0.054371223	0.07496504	0.06855274	0.075350575	0.08485826	0.059745695	0.07550299	0.087473266	0.07668831	0.07797502	0.09285686	0.09161677	0.05896076
SRR24759600_binette_bin45	0.3699648	0.26500127	0.27276626	0.315615	0.5900903	0.30758956	0.3563981	0.3431425	0.43296975	0.3532196	0.40069574	0.37254074	0.35980296	0.36342567	0.33818653	0.34314415	0.33695823	0.403419	0.34368026	0.36360577	0.33596992
SRR24759600_binette_bin47	0.07677598	0.07805849	0.0538721	0.032859877	0.09022103	0.05869853	0.0720307	0.04062776	0.025541868	0.046077725	0.04095982	0.037265792	0.09594089	0.047766186	0.04084563	0.071405604	0.039746266	0.018783947	0.04400759	0.045665763	0.02920856
SRR24759600_binette_bin49	0.025812054	0.046861418	0.087273926	0.080366835	0.10169449	0.039299898	0.04878351	0.0815464	0.034468688	0.032572024	0.03817706	0.03143417	0.07273562	0.01753509	0.054219168	0.116213106	0.02551282	0.023279548	0.03653835	0.03834624	0.039312992
SRR24759600_binette_bin50	0.5088422	0.3489106	0.34435847	0.39074078	0.706949	0.42128322	0.41592747	0.5093626	0.5496988	0.4532975	0.48417342	0.50025076	0.47829282	0.49728918	0.45174778	0.45364496	0.4579247	0.50599277	0.42329335	0.45320615	0.45552182
SRR24759600_binette_bin51	0.011103348	0.022569705	0.01033662	0.017806115	0.033252306	0.012108001	0.01620425	0.012881585	0.01687756	0.016301557	0.011260638	0.014288617	0.01478812	0.009179467	0.0115981465	0.013619314	0.012048441	0.012560209	0.012006205	0.013950707	0.009968526
SRR24759600_binette_bin53	0.10224887	0.17199858	0.07414394	0.06936685	0.15803671	0.051789973	0.07416119	0.16397893	0.061992772	0.12339827	0.08660968	0.14023568	0.1339369	0.07911829	0.15605824	0.08991908	0.078790665	0.14847548	0.08013043	0.07680709	0.06267339
SRR24759600_binette_bin54	0.028277466	0.06462248	0.08874611	0.087256	0.10899019	0.034787457	0.05704326	0.07146744	0.04256236	0.03427727	0.04364574	0.03770039	0.07250202	0.022205781	0.04825857	0.10062593	0.032099545	0.03464767	0.04365431	0.043287132	0.048596304
SRR24759600_binette_bin55	0.100513674	0.1650534	0.11097596	0.1332882	0.1343934	0.1003796	0.11875196	0.1780175	0.099158496	0.11845326	0.13326511	0.11909671	0.16403425	0.10731153	0.10561257	0.14569707	0.10041731	0.12734246	0.14349352	0.12848245	0.100226045
SRR24759600_binette_bin56	0	0	0	0	0.101507396	0.0048865057	0.04924182	0	0.0016870826	0.0012205808	0.003338843	0.04069984	0.004440583	0.014423985	0	0.0116761075	0	0	0.015233991	0	0
SRR24759600_binette_bin58	0.022362988	0.08491324	0.024756873	0.049717546	0.06868709	0.030326113	0.03679157	0.15376294	0.023389807	0.044504613	0.023413762	0.036884688	0.03502491	0.017409028	0.04231723	0.035344318	0.030013984	0.05362296	0.043369055	0.08814082	0.027386248
SRR24759600_binette_bin59	0.01944578	0.041083664	0.014365366	0.0226214	0.037581038	0.018116776	0.023286363	0.018478105	0.0064665894	0.016245188	0.018938648	0.019449985	0.016971927	0.02057027	0.023886159	0.027942644	0.020883663	0.028094482	0.022706194	0.00813963	0.01096607
SRR24759600_binette_bin6	0.001514756	0.00733206	0.0039736666	0.012651564	0.5572298	0	0	0.0043701464	0.0037915853	0.0065920167	0	0	0	0.009002012	0.006924554	0	0	0	0.0036602677	0.0020937365	0
SRR24759600_binette_bin60	0.0761961	0.039121415	0.1209526	0.12646568	0.09852363	0.030480038	0.08235358	0.014421752	0.03858684	0.062030587	0.12220817	0.031092193	0.07745104	0.037378125	0.040625785	0.04046598	0.05497851	0.033190913	0.02320149	0.09098886	0.1115767
SRR24759600_binette_bin61	0.0079053575	0.026886176	0.03415699	0.022552365	0.05423817	0.010578383	0.013048081	0.012647429	0.017695284	0.010804364	0.00911619	0.010285209	0.010336234	0.005710941	0.008939908	0.02084183	0.011113948	0.011567913	0.016171394	0.014326667	0.011514008
SRR24759600_binette_bin62	0.086126186	0.093035415	0.06128617	0.039072696	0.14590241	0.065850556	0.071250185	0.038801428	0.027620185	0.04235992	0.043786917	0.037660852	0.10836904	0.055767	0.042953707	0.07710174	0.050380457	0.019160252	0.040415317	0.04751515	0.04139091
SRR24759600_binette_bin63	0.01335328	0.036749493	0.0345023	0.032653924	0.05254008	0.023583367	0.034804374	0.021515815	0.020861585	0.04361164	0.019336462	0.058910407	0.04040706	0.015563046	0.042715814	0.025807353	0.022001876	0.035646968	0.028022785	0.0430333	0.018605774
SRR24759600_binette_bin64	0.042925775	0.121440396	0.070753366	0.1479754	0.13264829	0.12182576	0.10801386	0.04747389	0.046052296	0.06508737	0.071446344	0.08121192	0.061264597	0.04874163	0.06921739	0.054965757	0.06900923	0.05016964	0.09201496	0.08619823	0.11811157
SRR24759600_binette_bin65	0	0.03614371	0.12690358	0.019895496	0.018732024	0.006225169	0.027142253	0.023608305	0.0035134498	0.0067800656	0.01478634	0	0	0.0017808578	0.027168283	0.022807809	0.0039368602	0.011786839	0.0016268586	0.015511936	0.014008105
SRR24759600_binette_bin66	0.03741025	0.05634545	0.12318861	0.104505725	0.11927529	0.054390915	0.0620276	0.11161551	0.043818887	0.044338424	0.047682256	0.044081245	0.09405035	0.023943339	0.06555021	0.13880448	0.034128662	0.02836736	0.048031483	0.052958913	0.047798224
SRR24759600_binette_bin67	0.011658014	0.020442046	0.03037428	0.026394708	0.04808365	0.014735752	0.02316739	0.024489222	0.013903925	0.032057032	0.016472885	0.043034445	0.040924534	0.011448554	0.03240532	0.038440138	0.016185371	0.02215502	0.018704874	0.026908666	0.012032545
SRR24759600_binette_bin68	0.020939654	0.03524798	0.066794656	0.059687536	0.091683865	0.026523143	0.033232298	0.068717875	0.023611737	0.021319576	0.029088384	0.026428003	0.066579945	0.0133797005	0.043511692	0.09770886	0.019229101	0.015574241	0.026802624	0.026616376	0.027493717
SRR24759600_binette_bin69	0.015104639	0.037004918	0.022676073	0.020309206	0.04241985	0.018382767	0.020539595	0.016606476	0.0057494957	0.030729849	0.019589888	0.019982593	0.019291602	0.019354878	0.024899123	0.025237137	0.02070498	0.023983538	0.023955548	0.008540804	0.0120967
SRR24759600_binette_bin74	0.37381124	0.29188964	0.28975406	0.30951726	0.6015995	0.30008733	0.3941149	0.37334988	0.44254524	0.35722363	0.409945	0.3652152	0.3586177	0.3724699	0.3393376	0.35468072	0.35512802	0.4042811	0.34290007	0.35404164	0.3597199
SRR24759600_binette_bin75	0.32864556	0.25090066	0.2688092	0.32654026	0.5559165	0.3051037	0.3466191	0.29021803	0.39224806	0.33105016	0.36455566	0.30059695	0.32816124	0.31682175	0.33535188	0.30728784	0.29983944	0.38180634	0.31639624	0.35188153	0.3009588
SRR24759600_binette_bin76	0.4306501	0.2999256	0.33818296	0.40342	0.6194339	0.41868076	0.40551344	0.37355563	0.4615807	0.42306283	0.4441877	0.3727033	0.42509204	0.4235779	0.44031888	0.37895158	0.38127977	0.48007515	0.3853413	0.44009656	0.3820452
SRR24759600_binette_bin77	0.5240485	0.31420535	0.30513301	0.3675098	0.7452306	0.36491314	0.42960235	0.5300822	0.56604075	0.44326094	0.5066905	0.506731	0.4051989	0.5133475	0.42505968	0.41693065	0.4864645	0.49007767	0.35887894	0.404774	0.47895432
SRR24759600_binette_bin79	0.009406285	0.015543346	0.011275424	0.00957328	0.027836995	0.012296191	0.011129339	0.01228186	0.0085569	0.007901197	0.005348585	0.010687168	0.01106777	0.005998693	0.010967813	0.0094833905	0.0064190663	0.009914597	0.006670167	0.007087949	0.0067874007
SRR24759600_binette_bin80	0.0043083676	0.008350088	0.008884106	0.004838511	0.027876103	0	0.0060544717	0.030217955	0.0057018604	0.006758147	0.0035663426	0.009594373	0.014090161	0.0025879291	0.0033470278	0.00679107	0.004632419	0.004674258	0.0074338154	0.0053070006	0.004558204
SRR24759600_binette_bin81	0	0	0	0	0.5565749	0.010295423	0	0.14090613	0	0.0016859086	0.006988229	0	0.005228454	0	0	0.0035759031	0.001207553	0.0022893597	0.011611691	0.017471706	0
SRR24759600_binette_bin86	0.14130558	0.07954515	0.08910758	0.10189221	0.3053051	0.12303862	0.090529084	0.1230467	0.17189853	0.13195024	0.10594155	0.14664872	0.14043169	0.12382971	0.14084761	0.108119056	0.13537648	0.15258403	0.12067129	0.13792306	0.09174434
SRR24759600_binette_bin99	0.12625913	0.14946982	0.115650095	0.087990776	0.22298805	0.11776196	0.11714255	0.13013901	0.11775988	0.12146116	0.13266835	0.14613244	0.17789494	0.10150481	0.11553377	0.13924035	0.10337859	0.1134967	0.10516162	0.10879791	0.112972744
SRR24759601_binette_bin12	0.06701678	0.1551272	0.06757289	0.17022727	0.096179366	0.20061451	0.08651013	0.07164795	0.06139432	0.07865658	0.07736477	0.10044064	0.055904433	0.05970272	0.063212626	0.063870855	0.07021832	0.07232678	0.11308312	0.09654264	0.11068884
SRR24759601_binette_bin16	0.58149856	0.32649222	0.3211898	0.3967224	0.3895772	0.7136396	0.40748	0.47413516	0.512021	0.4563978	0.48148277	0.4727681	0.4251877	0.56704557	0.47949758	0.41846555	0.54268646	0.50807893	0.3945492	0.46790507	0.5365934
SRR24759601_binette_bin17	0.07474526	0.07635191	0.0670951	0.03448068	0.07322065	0.12672698	0.07582849	0.03030274	0.035305496	0.108036146	0.040927473	0.029535942	0.09413097	0.04425649	0.044030644	0.06827232	0.038034137	0.02003694	0.041604176	0.04570641	0.032802284
SRR24759601_binette_bin18	0.087993935	0.18765648	0.13622247	0.127709	0.10597361	0.10867688	0.15886192	0.15252504	0.09439736	0.13379554	0.13306452	0.1303676	0.1353256	0.09342281	0.12294463	0.15645663	0.10259661	0.16411462	0.16139613	0.13739863	0.07302499
SRR24759601_binette_bin19	0.01919301	0.019183252	0.019479102	0.017955273	0.024998609	0.06564805	0.08253799	0.010644055	0.007926116	0.014763403	0.032675873	0.017217012	0.03952431	0.043815345	0.017083606	0.026461082	0.035828445	0.017843004	0.09384118	0.010576794	0.02156757
SRR24759601_binette_bin21	0.06608399	0.10105981	0.0667383	0.058187786	0.04810752	0.20876628	0.06666951	0.1027624	0.06808923	0.0817655	0.06518498	0.10938212	0.092425324	0.08193965	0.07933008	0.07781064	0.06942815	0.10200629	0.08099874	0.08290699	0.08476739
SRR24759601_binette_bin22	0.032910045	0.045806903	0.03202826	0.02695059	0.044678736	0.08896137	0.08865715	0.01596458	0.013635373	0.031834852	0.06073342	0.03686456	0.09071528	0.07022283	0.03211725	0.051217407	0.07039056	0.029100632	0.1165585	0.017797867	0.03912936
SRR24759601_binette_bin23	0.0081135435	0.03760442	0.027164537	0.0415949	0.035120074	0.049417917	0.036106482	0.042495336	0.019596176	0.02529877	0.016336137	0.038663674	0.030116685	0.009966603	0.02494998	0.0197221	0.015550338	0.024364976	0.016462352	0.03225602	0.023164466
SRR24759601_binette_bin24	0.014895032	0.037423152	0.031229235	0.0596641	0.03500028	0.0693732	0.040280327	0.06168225	0.027037535	0.021429041	0.019652998	0.025881847	0.028408663	0.011828087	0.021485684	0.031551983	0.018895647	0.019550623	0.021407325	0.034659464	0.028169595
SRR24759601_binette_bin25	0.0069818506	0.032662917	0.022740282	0.04130665	0.030267745	0.050470382	0.031057771	0.038275722	0.019530442	0.021152232	0.01383112	0.028974479	0.024135062	0.008933829	0.021511666	0.01822718	0.013781384	0.020263001	0.015432448	0.026033247	0.020347746
SRR24759601_binette_bin26	0.098107666	0.14121069	0.19442311	0.13095862	0.34477705	0.19275369	0.26117593	0.08493921	0.06786575	0.08256643	0.1620807	0.064178765	0.14742659	0.15182188	0.092532285	0.14119811	0.14578785	0.050136805	0.123551846	0.06229419	0.20235217
SRR24759601_binette_bin27	0.0234896	0.049678948	0.03720349	0.056772184	0.04614176	0.060234055	0.048679467	0.050751638	0.032949973	0.030976405	0.026960792	0.045822732	0.033598255	0.018288404	0.0334869	0.033172704	0.02575714	0.033826333	0.028736604	0.04720415	0.03532693
SRR24759601_binette_bin28	0.6517382	0.37224656	0.34545362	0.44037515	0.4227547	0.87929237	0.45247826	0.55092305	0.576248	0.50392306	0.5403008	0.5289853	0.46671692	0.6302934	0.530267	0.44524744	0.6124146	0.5785886	0.42126992	0.49678648	0.6022059
SRR24759601_binette_bin29	0.016528213	0.018877294	0.016170463	0.01479536	0.025069298	0.06038792	0.06421736	0.010330592	0.008452337	0.013330254	0.028390009	0.013203616	0.034246765	0.034265537	0.015617461	0.023341915	0.02778686	0.01405338	0.06713309	0.008968104	0.018859325
SRR24759601_binette_bin31	0	0.02773967	0.012234073	0.009268013	0.32309884	0.06115202	0.009911606	0.049982227	0.00766636	0.0057144454	0.013255321	0.033625565	0.020692315	0.003021925	0.0061517884	0.007490794	0.006799834	0.00844713	0.0075086164	0.05020756	0.011631787
SRR24759601_binette_bin32	0.018596701	0.013362448	0.012383712	0.017864123	0.0153300995	0.049541224	0.065743186	0.017611058	0.008392614	0.008771338	0.029386904	0.015614586	0.04343444	0.050687112	0.012143322	0.01693995	0.062223196	0.024250155	0.071500584	0.010320954	0.018984525
SRR24759601_binette_bin33	0.021103986	0.052357767	0.031770572	0.048591614	0.044697434	0.054530423	0.04861742	0.038298752	0.03065514	0.030654332	0.02420765	0.044594668	0.03103386	0.018543249	0.02965277	0.023611207	0.02468625	0.032584995	0.026236905	0.04335919	0.034465685
SRR24759601_binette_bin35	0.60000503	0.33030468	0.32497343	0.40840125	0.40154818	0.7225156	0.447947	0.4925771	0.55795527	0.49166524	0.5135103	0.5203467	0.44325057	0.5761332	0.47558776	0.46754447	0.5708966	0.5261172	0.4365987	0.5021863	0.5770163
SRR24759601_binette_bin36	0.5893044	0.37627035	0.3699789	0.41282356	0.38919166	0.7601482	0.44972506	0.47778043	0.53602374	0.49726146	0.5052948	0.48567197	0.46784177	0.58730364	0.48338342	0.4622899	0.5746194	0.56062347	0.4601774	0.51914465	0.5659096
SRR24759601_binette_bin37	0.0107169105	0.03411619	0.028224131	0.0412208	0.03461308	0.049098734	0.038597766	0.03247123	0.02006591	0.023998851	0.017728848	0.034496102	0.028732149	0.012168393	0.028818639	0.017864887	0.017655212	0.026491992	0.019026028	0.03412315	0.022879072
SRR24759601_binette_bin39	0.011759944	0.040600978	0.03191897	0.028724449	0.052154757	0.10839419	0.05838098	0.024841666	0.022412952	0.013223166	0.0168153	0.012673245	0.021752527	0.010397948	0.012178362	0.020225849	0.013582265	0.0082328385	0.016354263	0.022841198	0.027890928
SRR24759601_binette_bin40	0.035827026	0.0655154	0.04441409	0.08815149	0.05386892	0.08620722	0.062750265	0.08380473	0.047436576	0.03443353	0.035122924	0.040982295	0.041571263	0.02514775	0.033553414	0.06052195	0.032356568	0.035043497	0.040599197	0.061009575	0.050221562
SRR24759601_binette_bin41	0.4005772	0.23488638	0.23826765	0.26857078	0.26919436	0.5230394	0.3193766	0.33255947	0.38653097	0.34889862	0.35191366	0.3294062	0.32361624	0.40024233	0.3185186	0.33397332	0.40253127	0.35742867	0.31238258	0.36026505	0.3953563
SRR24759601_binette_bin42	0.05429255	0.06888422	0.08146954	0.055181358	0.1338428	0.106424786	0.12649028	0.043999612	0.039460797	0.041568182	0.08319539	0.03369182	0.07269475	0.07520778	0.04947385	0.06872576	0.07888517	0.031473428	0.06908434	0.030105783	0.084869325
SRR24759601_binette_bin43	0.06314923	0.044294443	0.027478376	0.05995075	0.029228695	0.074781634	0.0544295	0.037461005	0.048950166	0.028537877	0.02625402	0.023763787	0.022325149	0.027605996	0.01689645	0.047856845	0.03415434	0.027903564	0.042199124	0.06404689	0.040164065
SRR24759601_binette_bin44	0.6811979	0.3480538	0.34231886	0.43925858	0.44161543	0.7808661	0.44052002	0.5540707	0.5766166	0.49784312	0.52485377	0.52972764	0.46142417	0.6581236	0.5419651	0.45018804	0.6136389	0.56509256	0.4084837	0.49914977	0.60052896
SRR24759601_binette_bin45	0.43249884	0.2792809	0.26180065	0.31577092	0.33277875	0.54986334	0.38642272	0.34850454	0.431922	0.38501775	0.416992	0.3727211	0.32999194	0.41860238	0.36179504	0.370818	0.41762215	0.37615293	0.36633044	0.38994506	0.41364235
SRR24759601_binette_bin46	0.67670405	0.36326492	0.37553456	0.46615452	0.43800452	0.7988639	0.4798966	0.5345619	0.62737423	0.5580264	0.5621658	0.56447047	0.50140506	0.68537235	0.5525057	0.5022504	0.6357477	0.58780646	0.49011382	0.56141	0.62778986
SRR24759601_binette_bin58	0.1978388	0.20307255	0.14144294	0.1558403	0.14192222	0.39510134	0.2123018	0.15382005	0.18159448	0.19973549	0.18341322	0.16718182	0.25148585	0.17680609	0.17553625	0.18842234	0.20909044	0.18691197	0.1871297	0.25434816	0.25831008
SRR24759601_binette_bin59	0.05091536	0.07609608	0.063266225	0.060561705	0.050807193	0.0866385	0.0691895	0.079200394	0.057965048	0.07054789	0.06085747	0.06519828	0.06840123	0.060719293	0.0587794	0.072074324	0.05209403	0.06960076	0.07319513	0.06169475	0.056681078
SRR24759601_binette_bin7	0.057999264	0.10088154	0.15631203	0.16847324	0.12400433	0.21340615	0.1094594	0.1931744	0.058469642	0.09215526	0.06384854	0.052870486	0.10698281	0.0264633	0.06815828	0.16704704	0.040354315	0.025385473	0.09520687	0.11508073	0.09814896
SRR24759602_binette_bin17	0.4666262	0.3042663	0.33185145	0.39225826	0.35852382	0.39178088	0.6012298	0.39324245	0.4674927	0.45593238	0.5163631	0.42633632	0.37692395	0.44607565	0.4294495	0.39417514	0.4265165	0.45977473	0.39281505	0.42398602	0.4171323
SRR24759602_binette_bin18	0.048232995	0.11074318	0.049843226	0.06928786	0.06554193	0.054316554	0.09868985	0.05167801	0.015122598	0.054293256	0.05504271	0.052376408	0.048238873	0.06400526	0.06469928	0.07515005	0.081969455	0.080743425	0.076486565	0.02189759	0.035565898
SRR24759602_binette_bin20	0.026790766	0.034619577	0.01890459	0.018701952	0.023455612	0.041921973	0.19985624	0.010318347	0.00824986	0.024441527	0.04803185	0.030265225	0.06681238	0.050732546	0.026176238	0.036778986	0.05276945	0.0259714	0.11392924	0.012550203	0.024957249
SRR24759602_binette_bin21	0	0.04196335	0.15675503	0.023050599	0.0086676935	0.004647538	0.046335936	0.031044867	0.0035964623	0.0018213646	0.017170807	0.005435963	0	0.0021100438	0.034555815	0.024510568	0.0039133825	0.014105921	0.0017244742	0.020192076	0.016209353
SRR24759602_binette_bin23	0.015626114	0.05407926	0.029472115	0.027568765	0.0401793	0.028430069	0.054760817	0.022901436	0.017454924	0.027900305	0.02672155	0.023662446	0.01964344	0.022804633	0.03787366	0.03099662	0.02181314	0.03196078	0.041033197	0.013955112	0.030242473
SRR24759602_binette_bin25	0.01348788	0.01610355	0.014060683	0.009695827	0.018097203	0.016557451	0.09000233	0.00758868	0.005391657	0.0117312325	0.022332925	0.01486729	0.03707583	0.032258477	0.009960958	0.017374592	0.02615274	0.011294823	0.05982591	0.007247421	0.013728367
SRR24759602_binette_bin27	0.029677203	0.061752487	0.02629888	0.03485784	0.035021227	0.028708465	0.06465234	0.027655479	0.008571206	0.030090475	0.031735856	0.029703874	0.028061299	0.033753447	0.03749028	0.04079052	0.040020954	0.04374845	0.0403153	0.012791392	0.01948708
SRR24759602_binette_bin28	0.035602294	0.110322304	0.0384047	0.11237488	0.08962666	0.07704409	0.12286315	0.029943163	0.035581835	0.041136004	0.064500935	0.06880288	0.04571402	0.046236757	0.052870832	0.044425115	0.06575425	0.028373048	0.0817057	0.057798743	0.10567652
SRR24759602_binette_bin29	0.51975906	0.36549744	0.38540727	0.45890424	0.3838071	0.50124586	0.6530848	0.43924502	0.5356773	0.51384217	0.57466406	0.46490875	0.4473075	0.5346871	0.5277292	0.44808105	0.5004886	0.51660144	0.47229785	0.5118624	0.4896942
SRR24759602_binette_bin30	0.015531222	0.021438068	0.031155173	0.03129982	0.022207867	0.0166323	0.056108568	0.029106904	0.015959444	0.012723731	0.015982198	0.021386988	0.02910866	0.0106530115	0.019127546	0.033127133	0.012406417	0.014424162	0.015066992	0.01911327	0.017091218
SRR24759602_binette_bin31	0.015107488	0.016046936	0.010163124	0.009623513	0.0114801	0.017101252	0.09218688	0.0071315905	0.0041299523	0.011989437	0.025074692	0.015332877	0.038504537	0.033704657	0.011011424	0.017590778	0.029039398	0.013099292	0.058217995	0.0071677896	0.012857607
SRR24759602_binette_bin33	0.02242268	0.044305652	0.020370418	0.025915911	0.027749302	0.023483261	0.05367464	0.020178916	0.007328883	0.023892213	0.026636068	0.024260158	0.024125367	0.02571622	0.029723674	0.033355996	0.028191948	0.031165566	0.030740611	0.009235222	0.015064507
SRR24759602_binette_bin34	0.0031878029	0.012658976	0.012411024	0.047454897	0.014627822	0.024217028	0.038842093	0.033990864	0.014319515	0.009399578	0.008873085	0.010434545	0.012156994	0.0035808573	0.008648775	0.012255989	0.006884147	0.008659469	0.007192217	0.01681168	0.010737714
SRR24759602_binette_bin35	0	0.10791436	0	0	0.0029593115	0	0.1570357	0	0	0	0.0019854985	0	0	0	0	0.0015071651	0	0	0.035910435	0	0
SRR24759602_binette_bin36	0.008854964	0.021601377	0.01644453	0.020716492	0.017270349	0.019324865	0.04863327	0.011011564	0.012414715	0.0072512627	0.006958864	0.0122594675	0.012761739	0.0055879815	0.007867093	0.010008321	0.00883071	0.0069769993	0.0075656474	0.014753801	0.013130181
SRR24759602_binette_bin37	0.063116945	0.07854626	0.07128864	0.07907828	0.076824136	0.11340799	0.15238139	0.061137065	0.0883625	0.08577436	0.084253065	0.09530408	0.07577737	0.08750973	0.105015054	0.071149	0.08699846	0.09502335	0.096009135	0.09122099	0.09315923
SRR24759602_binette_bin38	0.041834626	0.05638025	0.0667233	0.103091314	0.10703259	0.073172815	0.14499518	0.064711824	0.0249057	0.070308216	0.08539031	0.10745624	0.084814355	0.04622725	0.07315182	0.099940635	0.049973577	0.055005256	0.09741062	0.030104013	0.042005733
SRR24759602_binette_bin39	0.90059656	0.6796255	0.6411007	0.7723688	0.6949898	0.7604967	0.9312408	0.783952	0.86398196	0.8370958	0.9170998	0.81565344	0.73357886	0.9030527	0.85252595	0.7421526	0.8678632	0.9215086	0.7523212	0.8264379	0.8363217
SRR24759602_binette_bin40	0.18389823	0.12966052	0.14204645	0.1549776	0.18419647	0.17422926	0.3718242	0.14259502	0.20055126	0.17904454	0.24243267	0.17756782	0.16334982	0.18317801	0.16063762	0.15298954	0.162931	0.19564135	0.15380436	0.16122824	0.1548885
SRR24759602_binette_bin41	0.01728045	0.052147932	0.064129025	0.058422625	0.058460046	0.026406331	0.07780843	0.04332323	0.03166258	0.0382873	0.03346725	0.05611898	0.055685434	0.021325497	0.04586784	0.047127932	0.028435001	0.04263138	0.033895776	0.040758766	0.036856808
SRR24759602_binette_bin42	0.10538561	0.045246303	0.14374328	0.06244255	0.07049688	0.031601556	0.20415697	0.017744219	0.048933614	0.048924442	0.1160558	0.038435876	0.10689707	0.04783045	0.035115063	0.046783604	0.07672827	0.03331962	0.032574367	0.06260518	0.098829895
SRR24759602_binette_bin44	0.5339539	0.3546148	0.37412778	0.442497	0.36734474	0.44414043	0.6668644	0.45309883	0.5201883	0.5159467	0.55376977	0.49306744	0.43464354	0.5054248	0.48075414	0.4380278	0.48664376	0.5266577	0.42764813	0.47375214	0.4766667
SRR24759602_binette_bin45	0.013151843	0.010864191	0.0109602185	0.009571629	0.014801208	0.0098378025	0.076064676	0.006837955	0.0061443998	0.008603334	0.014266673	0.008602286	0.023471467	0.017672786	0.009721775	0.012396417	0.020343546	0.0077838385	0.025467576	0.00550625	0.0123951575
SRR24759602_binette_bin46	0.38030618	0.235666	0.25265533	0.31723607	0.2845428	0.36453745	0.522504	0.32000548	0.37495	0.36927345	0.38562495	0.3644608	0.30318403	0.36207846	0.3517524	0.3134064	0.33907744	0.37847626	0.3085647	0.32670194	0.32247502
SRR24759602_binette_bin48	0.03938638	0.09378287	0.03930806	0.053891286	0.049038712	0.042887237	0.080280334	0.0404083	0.01125687	0.041580882	0.041150305	0.039747287	0.035635564	0.049952727	0.049904123	0.059594665	0.0665386	0.064206764	0.060817916	0.017566219	0.027396923
SRR24759602_binette_bin49	0.005269218	0.0060569323	3.6485643	0.0055778846	0.011620711	0.012609928	0.113996215	0.0149737075	0.004834279	0.0069784573	0.0017201226	0	0.006135701	0.28161293	0.022679962	0.008872546	0.09198852	0.0024275538	0.029092701	0.017624747	0.13555263
SRR24759602_binette_bin51	0.030150887	0.042990584	0.036629863	0.05977117	0.0525651	0.049284626	0.112022236	0.040414616	0.01618789	0.045984425	0.045415655	0.050046317	0.050623126	0.02836123	0.044785548	0.059568815	0.03904743	0.041827403	0.050356597	0.018254915	0.025238542
SRR24759602_binette_bin52	0.025767135	0.031825487	0.028854795	0.022435037	0.051281568	0.026476312	0.12185725	0.015427366	0.011777296	0.015872305	0.031636782	0.016091065	0.039628904	0.028713597	0.019869495	0.027243363	0.040116806	0.0164787	0.04621721	0.011235844	0.03211687
SRR24759602_binette_bin54	0.027625203	0.025512911	0.06333035	0.035982702	0.03787682	0.019387463	0.08656698	0.016411621	0.03220772	0.018599337	0.038703866	0.026434176	0.050093096	0.02457019	0.02365923	0.030966252	0.02867202	0.017294662	0.01028052	0.021188393	0.05293294
SRR24759602_binette_bin55	0.055349935	0.08332425	0.08854016	0.044513214	0.06659478	0.0897276	0.07492506	0.14168224	0.052703682	0.08017524	0.062302664	0.10750718	0.13289115	0.04565148	0.054587435	0.1339024	0.040786874	0.06067827	0.11959076	0.07541776	0.0617336
SRR24759602_binette_bin72	0.028688185	0.05041708	0.08800444	0.08734491	0.06836211	0.047157735	0.08008976	0.0825834	0.035648126	0.033956114	0.038979422	0.037579674	0.075377256	0.020105284	0.04525279	0.09838412	0.02729259	0.026684009	0.039482974	0.04311026	0.0455083
SRR24759602_binette_bin73	0.1331869	0.16604808	0.13777079	0.088532194	0.10159077	0.12197132	0.37198132	0.092894755	0.12321033	0.13176632	0.24194145	0.10994686	0.095784135	0.07901849	0.10212116	0.09384005	0.12706834	0.15669866	0.12294925	0.13764247	0.06988285
SRR24759602_binette_bin75	0.027377252	0.06658094	0.036223046	0.042848933	0.03511558	0.07619465	0.054582458	0.07685808	0.033521924	0.03119383	0.035204668	0.039351244	0.04204641	0.028044786	0.030500408	0.03623234	0.043764833	0.032770168	0.04578228	0.038215727	0.046570808
SRR24759602_binette_bin76	0.017801411	0.037633616	0.015931698	0.027269801	0.030563163	0.023980249	0.09695838	0.022674011	0.010343583	0.021154193	0.020517707	0.033396725	0.024967935	0.018739816	0.02624655	0.03580352	0.0254279	0.024569409	0.033369187	0.011715978	0.012704882
SRR24759602_binette_bin77	0.0316986	0.04120274	0.062118337	0.031880017	0.037583716	0.03313348	0.049595177	0.08690004	0.03417621	0.039944414	0.035479683	0.052629042	0.05804068	0.021622676	0.021539673	0.05955133	0.020803075	0.029172352	0.068000734	0.03251583	0.03070393
SRR24759602_binette_bin78	0.46933356	0.32251137	0.31848553	0.37744597	0.35449797	0.4250926	0.52539295	0.38808414	0.49484226	0.4233618	0.43251947	0.48314956	0.4013063	0.45608872	0.43610698	0.3881265	0.42936623	0.44941646	0.41599914	0.40981904	0.4046379
SRR24759602_binette_bin8	0	0	0	0	0.005191416	0	0.09429976	0	0	0.0017769877	0	0.0580648	0	0	0.0072543803	0	0	0	0	0.018103087	0
SRR24759603_binette_bin1	0	0.013982535	0.026471594	0	0.027090957	0	0	0.15353043	0	0.0024029084	0	0.032389972	0.08030173	0	0.0025672547	0.0038561614	0.001342352	0	0.011244659	0.009959498	0
SRR24759603_binette_bin13	0.23827443	0.124339424	0.43132272	0.23713572	0.25141436	0.10799926	0.30646032	0.11836039	0.20796363	0.11579626	0.30384633	0.193938	0.28244781	0.14946075	0.16168845	0.18329431	0.1964068	0.1299947	0.08232821	0.18402995	0.37098286
SRR24759603_binette_bin17	0.010853083	0.01293302	0.015321192	0.051971775	0.0151035655	0.06705064	0.050506506	0.20322011	0.011225607	0.01251657	0.012322239	0.012244407	0.012985294	0.006354525	0.0075722574	0.02294331	0.018989138	0.007709378	0.012842585	0.0329612	0.032756638
SRR24759603_binette_bin2	0	0	0.006611309	0	0.0063696983	0.023144152	0	0.29075646	0	0.01697888	0	0.4069292	0	0.0026710297	0.0078084446	0.00971861	0.0015479632	0.0016811191	0	0.2618178	0
SRR24759603_binette_bin20	0	0	0	0	0	0	0	0.04010933	0	0	0	0	0	0	0	0.0011484714	0	0	0	0.0017723398	0
SRR24759603_binette_bin27	0.4010021	0.27422708	0.27597994	0.33884797	0.32253385	0.33182287	0.3107532	0.55790675	0.36920658	0.36376217	0.37235057	0.3766025	0.36104697	0.41732973	0.4355109	0.3630524	0.36383066	0.3765834	0.35426798	0.34168473	0.38683966
SRR24759603_binette_bin29	0.0053545837	0.022874553	0.006980437	0.00900122	0.016010636	0	0.013897488	0.03270232	0	0.0063189357	0.009374221	0.010600768	0.017534949	0.0044460716	0.0033179615	0.006216871	0.0057030753	0.014266199	0.016921481	0.0048400997	0.0019935807
SRR24759603_binette_bin34	0.022657778	0.041123927	0.036605224	0.04751514	0.039639447	0.022053553	0.034808036	0.07319932	0.039886024	0.01746464	0.027696844	0.025633369	0.029015422	0.020359863	0.017569859	0.034341767	0.023986436	0.024558058	0.024830852	0.027668655	0.038812235
SRR24759603_binette_bin35	0.040874373	0.06827875	0.043045335	0.04267645	0.04248074	0.12726521	0.056710068	0.073032275	0.05478403	0.053106166	0.048891813	0.06490146	0.09355625	0.03397195	0.047600955	0.06668759	0.049028303	0.051389907	0.059061695	0.07930447	0.07963068
SRR24759603_binette_bin36	0.11074618	0.1683344	0.13181463	0.12224761	0.12482974	0.17567053	0.1537377	0.17237708	0.14687216	0.14949872	0.14721617	0.14604232	0.18967605	0.114650786	0.12582807	0.17655364	0.12745044	0.1542279	0.17672418	0.17221688	0.13972327
SRR24759603_binette_bin39	0.06442575	0.083236195	0.07925405	0.06032705	0.06721522	0.10298292	0.08039125	0.099351175	0.082951955	0.09049479	0.078572586	0.08945072	0.09103792	0.06588424	0.074587286	0.10136314	0.07940502	0.080050245	0.103946805	0.08589932	0.080888055
SRR24759603_binette_bin41	0.021566268	0.027372705	0.034465812	0.14148206	0.071683474	0.04544167	0.02781344	0.045657925	0.036831357	0.03730954	0.01766955	0.037172012	0.099306375	0.022279164	0.041952487	0.030610327	0.014832953	0.06344856	0.037477557	0.0249571	0.04237225
SRR24759603_binette_bin42	0.009451943	0.024900785	0.01986013	0.038102	0.026549136	0.014585923	0.020061716	0.03704766	0.023427604	0.009917401	0.015227865	0.012079598	0.018795155	0.009614776	0.011522241	0.022028072	0.010463973	0.014410567	0.013848947	0.018171495	0.015516955
SRR24759603_binette_bin44	0.019244654	0.03851631	0.017770419	0.021944527	0.024754126	0.02039854	0.025037823	0.036758605	0.006222737	0.02015534	0.0209874	0.021314187	0.019781295	0.021199936	0.026845435	0.028158387	0.024377469	0.025953002	0.027754778	0.0084163435	0.012755295
SRR24759603_binette_bin45	0.032822136	0.0472848	0.05202272	0.03758356	0.094454944	0.04450102	0.085344315	0.047161695	0.02201887	0.027950294	0.050083347	0.025954628	0.056873016	0.05207729	0.03637338	0.04899129	0.05404121	0.02054412	0.049397253	0.02156172	0.05504479
SRR24759603_binette_bin46	0.5532216	0.35571808	0.34672746	0.46544957	0.39809367	0.47064185	0.38696638	0.6999637	0.4841641	0.49128103	0.47819266	0.49090326	0.43812162	0.5810582	0.6135547	0.44390926	0.47930986	0.5005945	0.41942078	0.4641206	0.5403835
SRR24759603_binette_bin49	0	0	0.0033169384	0	0.49846974	0.024884777	0	0.18307887	0	0.0037955286	0.060154393	0.05045423	0.011976338	0.0016370508	0.0022490565	0.005300836	0.0034388327	0.005269622	0.010152778	0.05230476	0.0015042968
SRR24759603_binette_bin51	0.4168082	0.26502416	0.26006752	0.3228954	0.32339734	0.33629397	0.31189775	0.56128865	0.37214965	0.37230363	0.383532	0.36749616	0.33507717	0.41739747	0.41377935	0.36393154	0.38062528	0.3849011	0.33108205	0.34055078	0.40691504
SRR24759603_binette_bin52	0.06245641	0.056724586	0.08067452	0.049628705	0.028077953	0.03244933	0.034867335	0.28876227	0.028790379	0.04061299	0.025290256	0.02559424	0.03513518	0.028204141	0.03231297	0.052156717	0.024757644	0.028579004	0.06273816	0.045482874	0.045995552
SRR24759603_binette_bin53	0.010855224	0.021835124	0.015767394	0.021708127	0.018861791	0.019628616	0.010321371	0.040437248	0.011097379	0.011879298	0.0077320193	0.011164041	0.013771889	0.006154277	0.010538192	0.020455295	0.013422755	0.007888076	0.01775941	0.015140227	0.010680046
SRR24759603_binette_bin54	0.1260099	0.11664303	0.13063435	0.12159202	0.14308292	0.09412455	0.1243785	0.30518195	0.13693869	0.15123238	0.12288611	0.14740199	0.18405321	0.13483198	0.11408826	0.18100287	0.10358317	0.13879782	0.17403388	0.124247596	0.09990908
SRR24759603_binette_bin55	0.0039145653	0.014998486	0.014928381	0.02612155	0.018822579	0.0132629955	0.012198372	0.029041547	0.014756182	0.009179156	0.00901742	0.014121438	0.012897117	0.0052913968	0.00801448	0.010862265	0.0071734586	0.008657371	0.01131637	0.012864761	0.009259419
SRR24759603_binette_bin56	0.3742257	0.29408813	0.28983185	0.3145888	0.34072086	0.33306432	0.2989702	0.48647922	0.3579983	0.34279817	0.33514217	0.36711517	0.37114295	0.37916762	0.35875094	0.36302352	0.3185638	0.3652094	0.35746196	0.3288782	0.33784625
SRR24759603_binette_bin57	0	0.02281553	0.13916539	0.015983982	0.00668263	0.0059539285	0.028738102	0.04573819	0.0021622833	0.0016429976	0.017424433	0.0054199123	0	0.0020188866	0.03396741	0.024630778	0.0034037034	0.010885867	0.0013892088	0.022520872	0.0113493
SRR24759603_binette_bin6	0	0.06943097	0.006367069	0.012832627	0.012267991	0.023872755	0	0.05588693	0.010580072	0.013817097	0	0.008739246	0.0019569485	0	0.002174718	0.011367089	0	0	0.030997131	0.013368322	0.023240246
SRR24759603_binette_bin86	0	0.025034592	0.13942108	0.018909696	0.006853292	0.0068646637	0.02940251	0.048846085	0.0024348863	0.0017326938	0.01653657	0.0067728385	0	0.0025211952	0.034013495	0.022344923	0.0034218847	0.011927474	0.001616537	0.021721601	0.012513472
SRR24759603_binette_bin88	0.33728853	0.25284043	0.24651219	0.3022223	0.27698153	0.30343124	0.28131428	0.47760162	0.33762822	0.32641038	0.32338163	0.31377402	0.30553356	0.3804326	0.38190934	0.3127347	0.3110276	0.34586728	0.30907977	0.3289058	0.32134554
SRR24759603_binette_bin89	0.08776918	0.098715425	0.10352037	0.079581015	0.102354914	0.11892045	0.12512147	0.11336618	0.11873184	0.132287	0.113799304	0.12578858	0.12070524	0.09527597	0.09687048	0.15054065	0.101069026	0.10927506	0.14523181	0.12784995	0.098697044
SRR24759603_binette_bin90	0.14740278	0.13441753	0.12935096	0.14606294	0.15254483	0.13308221	0.16336857	0.29315382	0.15677941	0.1594041	0.15280321	0.14021794	0.15976053	0.17281625	0.1622425	0.16578713	0.14034107	0.16549504	0.1550539	0.15667306	0.15629628
SRR24759604_binette_bin10	0.17486705	0.23601416	0.31904075	0.20717189	0.5388954	0.22570823	0.4442623	0.14871244	0.15407479	0.14321192	0.295463	0.10363087	0.24894723	0.27809379	0.14107895	0.24593416	0.26981023	0.0860617	0.1706591	0.09851438	0.3325825
SRR24759604_binette_bin100	0.24454953	0.16696629	0.15629964	0.2153222	0.22303642	0.23325507	0.22028877	0.21082191	0.49739718	0.24617262	0.26130274	0.27786908	0.22140731	0.28477162	0.22741982	0.2707077	0.23611842	0.23879187	0.3392943	0.23929648	0.25414065
SRR24759604_binette_bin101	0.0028551274	0	0	0.0026797573	0	0	0	0	0.04422345	0	0	0	0.0019566678	0	0.001801528	0	0	0.0035190315	0.0022958135	0	0
SRR24759604_binette_bin102	0.4597408	0.3241639	0.29835582	0.3663986	0.39581516	0.3892647	0.39502704	0.4178532	0.6214731	0.4196766	0.44906998	0.44269565	0.38535967	0.48133934	0.39585787	0.42023402	0.46049392	0.45427957	0.4522932	0.41548055	0.43083197
SRR24759604_binette_bin12	0	0.005336886	0.020445663	0.008849785	0.0306597	0.025799735	0.0151704755	0	0.03211299	0.002017306	0.004413085	0	0	0.006957471	0.002607458	0	0.0067543914	0	0.010155293	0.016868265	0.014564488
SRR24759604_binette_bin21	0.05163417	0.11621964	0.052664258	0.07479965	0.07365371	0.059835866	0.07798628	0.056560352	0.026910873	0.058133382	0.061775748	0.056780916	0.05848489	0.061943807	0.07325092	0.08537032	0.081587695	0.086651124	0.083473854	0.024420016	0.037262887
SRR24759604_binette_bin23	0.0506158	0.07518161	0.04724299	0.076489344	0.022787793	0.04774127	0.036624752	0.0301142	0.06144795	0.02907757	0.059843067	0.07562514	0.032481343	0.15424605	0.064731814	0.031768937	0.06128575	0.20567724	0.042672526	0.02891102	0.18607956
SRR24759604_binette_bin26	0.01226114	0.025059327	0.047517773	0.07994594	0.036679197	0.024228571	0.021269536	0.060057394	0.04957834	0.016426811	0.02126638	0.020161405	0.04716596	0.008827341	0.025414027	0.065462865	0.014736895	0.013361003	0.01803472	0.020557567	0.01676821
SRR24759604_binette_bin27	0.07766398	0.12503794	0.061613105	0.13032913	0.08390569	0.04505883	0.100368805	0.05810701	0.13094322	0.04563064	0.07779984	0.046793442	0.054650597	0.059635222	0.03959533	0.07687474	0.0764651	0.07396953	0.09631435	0.08421635	0.0880163
SRR24759604_binette_bin28	0.03218642	0.048538838	0.030199653	0.027195575	0.036069356	0.0458067	0.079271294	0.01579776	0.025698863	0.03145296	0.06055431	0.04558014	0.099948555	0.07576652	0.032512557	0.05353466	0.09275813	0.032612134	0.106318526	0.01804946	0.03715136
SRR24759604_binette_bin29	0.057181403	0.07797445	0.0559041	0.06817073	0.041729134	0.044558465	0.053589117	0.08534237	0.06400653	0.049662344	0.06894105	0.08076829	0.063324854	0.09795335	0.06885432	0.07139464	0.0535746	0.13352062	0.070724495	0.043675885	0.110779196
SRR24759604_binette_bin3	0.16999188	0.15503481	0.24831018	0.43836674	0.4246543	0.32363647	0.35560575	0.23060596	0.25600678	0.23749831	0.2973731	0.49466282	0.34916434	0.11602012	0.2934727	0.39132103	0.18615524	0.18748212	0.38678625	0.12937461	0.2625165
SRR24759604_binette_bin34	0.009768708	0.02212859	0.037066992	0.03445963	0.02401322	0.013188498	0.016440231	0.032052416	0.038972784	0.011864033	0.015989564	0.015394744	0.032243907	0.007835175	0.017603222	0.043029595	0.011794916	0.008901247	0.013255906	0.017934553	0.013426014
SRR24759604_binette_bin35	0.018461177	0.048839223	0.036409438	0.1224731	0.05289597	0.06992599	0.054263387	0.021774927	0.050069917	0.04457704	0.043134168	0.034336817	0.027295772	0.025437243	0.054167043	0.031062972	0.030265007	0.030121002	0.059295055	0.058305774	0.08695708
SRR24759604_binette_bin36	0.0063885325	0.012963958	0.01737567	0.022464141	0.015337449	0.012404246	0.012412353	0.01611194	0.020676788	0.010656773	0.0064304504	0.018470079	0.013161293	0.0062862798	0.010707204	0.009482387	0.0068084467	0.011872786	0.013560441	0.0124738915	0.0071884063
SRR24759604_binette_bin37	0.037529774	0.07720945	0.0970904	0.107399404	0.09679031	0.046064164	0.069612734	0.07667701	0.08443933	0.04102843	0.052953158	0.043468583	0.06437279	0.031222317	0.042960957	0.0914923	0.040819727	0.045655522	0.0569817	0.057325207	0.066994086
SRR24759604_binette_bin39	0.6401947	0.43870202	0.40588877	0.5069493	0.5335421	0.53671896	0.53218836	0.59182924	0.7703837	0.5679912	0.61985993	0.63319993	0.52172536	0.6739721	0.573809	0.57290053	0.6104773	0.62911236	0.601364	0.55038464	0.6076395
SRR24759604_binette_bin42	0.09401798	0.09897908	0.07092203	0.060840443	0.11855108	0.07461126	0.09117636	0.0921565	0.22295468	0.10244827	0.09187791	0.08490274	0.11930374	0.077821724	0.09109988	0.105958834	0.085328005	0.09209796	0.096538514	0.118499115	0.077661835
SRR24759604_binette_bin43	0.43302378	0.322819	0.3162993	0.39045846	0.320476	0.45821735	0.34212935	0.35437077	0.62586015	0.4206565	0.4190669	0.44114363	0.4043523	0.49778938	0.47625458	0.3937858	0.3868573	0.45658952	0.5178119	0.44746503	0.42857128
SRR24759604_binette_bin44	0.03781174	0.059548255	0.11930874	0.109017886	0.08493579	0.052760646	0.059116986	0.11437442	0.06869209	0.041878298	0.043389834	0.04337805	0.09151428	0.023232158	0.054605663	0.1337002	0.03210497	0.02618491	0.04924086	0.05510338	0.051999327
SRR24759604_binette_bin45	0.031643745	0.058606125	0.04888153	0.043381337	0.026928138	0.026579846	0.07574077	0.07541712	0.06551321	0.04226519	0.035516147	0.055793624	0.054767434	0.030863784	0.05775957	0.03131564	0.034109417	0.07686231	0.029377582	0.04773144	0.042600233
SRR24759604_binette_bin46	0.011356481	0.02760066	0.049885634	0.084492	0.036326695	0.03263714	0.025740018	0.058231935	0.04876042	0.0179634	0.021765098	0.020635927	0.0422094	0.008048924	0.019862728	0.050951663	0.0136089865	0.015258233	0.019472335	0.024746785	0.019831281
SRR24759604_binette_bin47	0.07630476	0.03781727	0.092789955	0.06517784	0.028585223	0.018694533	0.05588465	0.015271218	0.091602676	0.032533187	0.059036564	0.024321627	0.077022865	0.026829232	0.021612767	0.020911276	0.040775806	0.02973899	0.02423807	0.051312026	0.0859636
SRR24759604_binette_bin48	0.12498934	0.18979624	0.06582745	0.042035263	0.07753223	0.113717385	0.10466685	0.20256068	0.36035943	0.10398451	0.08279751	0.16272733	0.09812264	0.1255163	0.0894571	0.07634743	0.14372808	0.119872436	0.15906218	0.10777685	0.1073786
SRR24759604_binette_bin50	0.027371261	0.03633111	0.029268054	0.041178804	0.04257241	0.02785055	0.03721006	0.033067577	0.067877665	0.038419664	0.042554043	0.043409467	0.05989156	0.031061132	0.047705922	0.046017934	0.028586272	0.21119487	0.05963754	0.055591397	0.055293094
SRR24759604_binette_bin51	0.05407876	0.07686382	0.07724007	0.12483524	0.13576077	0.09877164	0.11279079	0.080821715	0.04457048	0.090783924	0.101531506	0.09962694	0.11668645	0.054976452	0.10229784	0.1332496	0.069212504	0.082233936	0.11887828	0.038474996	0.048967082
SRR24759604_binette_bin52	0.1410172	0.21694045	0.14557472	0.10334929	0.15322235	0.08598612	0.14284693	0.18980762	0.23889281	0.1523382	0.16479573	0.17353944	0.16599208	0.10263199	0.1162141	0.23240939	0.09499437	0.1757286	0.20015153	0.14100875	0.10042235
SRR24759604_binette_bin53	0.01951743	0.025048168	0.056587163	0.06175155	0.045180008	0.023112936	0.02630245	0.07028573	0.049526494	0.022552159	0.025623236	0.026324242	0.058202133	0.0121537205	0.03068335	0.08922924	0.019442597	0.012358724	0.023106737	0.024956293	0.023964616
SRR24759604_binette_bin54	0.09657146	0.109548345	0.0825333	0.10554681	0.07882366	0.07706377	0.089927025	0.13292284	0.11339896	0.08198398	0.10860916	0.10632042	0.09560812	0.13735467	0.104417436	0.09973957	0.08670268	0.17501506	0.11110685	0.077559665	0.14040625
SRR24759604_binette_bin55	0.16366237	0.0667461	0.24321298	0.13582882	0.077681616	0.04819937	0.13061786	0.028292367	0.11168989	0.0668071	0.13073716	0.05914704	0.15874358	0.07758864	0.06667172	0.060334515	0.11241268	0.065937586	0.04992684	0.13096143	0.21894702
SRR24759604_binette_bin57	0.39940315	0.28999233	0.27532467	0.31790555	0.36096805	0.33800352	0.3472132	0.36044365	0.60869443	0.38158754	0.39400402	0.41896957	0.35962835	0.41533592	0.3488957	0.40025863	0.39373723	0.41191334	0.41113615	0.38870293	0.3736946
SRR24759604_binette_bin58	0.028874595	0.042946164	0.103366464	0.10687262	0.071487665	0.046945434	0.04863238	0.10335842	0.055095296	0.03493168	0.039163433	0.039115544	0.08280112	0.020706134	0.044332575	0.11789998	0.028941207	0.019783055	0.04115594	0.04143002	0.038623646
SRR24759604_binette_bin6	0.22471596	0.43472677	0.41791242	0.036306486	0.2916776	0.07512054	0.13310544	0.4324706	0.4093178	0.31821308	0.24878319	0.4975061	0.48739526	0.047313776	0.14552146	0.6680964	0.05237509	0.21858183	0.5287356	0.18318468	0.07240528
SRR24759604_binette_bin8	0.32248792	0.25880092	0.14113383	0.08168572	0.22329967	0.1355136	0.12108419	0.07365603	0.12885606	0.068854704	0.070910394	0.11784492	0.29727927	0.13005629	0.1211404	0.18736877	0.118071	0.060032178	0.07787936	0.10982597	0.08358095
SRR24759604_binette_bin87	0.02635209	0.083963886	0.046124708	0.06841972	0.055573884	0.0648276	0.07563271	0.032707714	0.0739862	0.033021275	0.04259641	0.056242444	0.040248323	0.028942566	0.100748956	0.03424902	0.036725815	0.064493336	0.050252907	0.057406384	0.062297497
SRR24759604_binette_bin88	0	0.06693369	0.07591569	0.01508149	0.041689537	0.022915298	0.0137230195	0.27352017	0.0304346	0.022740208	0.003786414	0.10666726	0.11679642	0.0038553218	0.003963598	0.015483873	0.0043229936	0.004645233	0.007043026	0.039118577	0.012599576
SRR24759604_binette_bin9	0.006575555	0.03413831	0.029642383	0.030253131	0.054619703	0.052319895	0.028740631	0.03323773	0.04859057	0.013687876	0.010307199	0.012082221	0.0177294	0.0025103241	0.01260519	0.019575957	0.0072540888	0.0072508575	0.017514411	0.034783512	0.020106535
SRR24759604_binette_bin91	0.008794533	0.023417892	0.021590741	0.026146844	0.02902725	0.020053742	0.015228102	0.03215858	0.034451567	0.016861666	0.010274369	0.014540955	0.026451858	0.007937642	0.014015224	0.01956422	0.008252776	0.008339608	0.012443938	0.019324256	0.016200483
SRR24759604_binette_bin93	0.05188897	0.06835422	0.047188845	0.054880362	0.042032275	0.04808957	0.057706676	0.08600457	0.06267793	0.05046382	0.061840035	0.06554366	0.062587105	0.046911296	0.067839794	0.07334736	0.037199292	0.07388293	0.072790146	0.05257519	0.052024968
SRR24759604_binette_bin96	0.37297735	0.22120741	0.23354095	0.28910765	0.28045478	0.34542033	0.29543418	0.31702074	0.5524817	0.33493653	0.3545904	0.37094265	0.3042041	0.41309673	0.3246	0.32909712	0.35600534	0.3460435	0.4007394	0.34423622	0.3669157
SRR24759604_binette_bin98	0.31000566	0.20319678	0.2120551	0.25332418	0.3081612	0.273334	0.29313347	0.2765916	0.49916	0.28550124	0.32011032	0.3188891	0.2694532	0.34283745	0.28700215	0.29820994	0.31235078	0.30652985	0.34336472	0.27776602	0.3021952
SRR24759605_binette_bin20	0.06339207	0.073305994	0.09336947	0.05671025	0.13657089	0.06300619	0.12971984	0.042103738	0.039088316	0.080487624	0.0921744	0.040563155	0.08532745	0.08149164	0.044034183	0.07310015	0.085051976	0.032897443	0.07230981	0.034392107	0.09498795
SRR24759605_binette_bin21	0.010886198	0.043773904	0.04946335	0.019646412	0.045394905	0.025887838	0.045981515	0.013443773	0.017765835	0.13629301	0.019564556	0.13249217	0.0566319	0.020885477	0.06478896	0.01759928	0.024095174	0.05202315	0.04898575	0.062433545	0.02132741
SRR24759605_binette_bin22	0	0.01815464	0.010715096	0.00999468	0.01334265	0.015752455	0	0.025593255	0.0066904593	0.024691582	0	0.12929723	0.008786557	0.005926071	0.0072561754	0.009342487	0.0053064413	0.0041379165	0.008734223	0.09999097	0.008545785
SRR24759605_binette_bin23	0.033849675	0.06292226	0.06957126	0.07883562	0.06173027	0.018689528	0.04394313	0.050862916	0.044699162	0.03756142	0.040598024	0.029781748	0.061738964	0.02143476	0.025661126	0.08677862	0.030219818	0.030400658	0.04156588	0.04210122	0.045180503
SRR24759605_binette_bin26	0.5865944	0.3574391	0.35333902	0.47020614	0.36512378	0.50230503	0.42495903	0.48782015	0.5077947	0.59916604	0.48373985	0.47774395	0.42352796	0.55540335	0.5903229	0.4303164	0.5428761	0.49819157	0.4355186	0.5017982	0.5246078
SRR24759605_binette_bin27	0.5549273	0.3959621	0.43833286	0.54260397	0.3441572	0.6383496	0.42406803	0.48660266	0.50876236	0.6340548	0.50353646	0.4509375	0.50976145	0.58033323	0.7289269	0.45610085	0.52989525	0.5008336	0.5131887	0.57855505	0.52126503
SRR24759605_binette_bin28	0.61910874	0.44356933	0.46566755	0.6098833	0.35522708	0.6925351	0.4494299	0.51062626	0.55394363	0.6725296	0.54053134	0.4854112	0.52720886	0.6588396	0.7594283	0.46964607	0.58015347	0.5651423	0.53799033	0.6400555	0.55999905
SRR24759605_binette_bin29	0.6585291	0.44579607	0.55460715	0.7186432	0.36658734	0.87111014	0.4850086	0.5400434	0.6068147	0.7477844	0.5984578	0.48658353	0.6232757	0.7414952	0.9561323	0.50395256	0.61491024	0.6051824	0.62414515	0.7436141	0.6314359
SRR24759605_binette_bin3	0	0.0051197936	0.010287482	0	0.007552343	0	0	0.0015185744	0	1.1886557	0.0034889379	0	0.0014609601	0.008390307	0.0035257842	0.0019076564	0.011653009	0.031649057	0.004895535	0.005721079	0.0051205615
SRR24759605_binette_bin30	0.058960468	0.06641854	0.034096457	0.05487549	0.04167206	0.03507532	0.059251465	0.027185291	0.050225075	0.10784204	0.033669416	0.09747141	0.040160377	0.03529147	0.045538615	0.036503203	0.038222257	0.05476768	0.06585353	0.08736728	0.04002315
SRR24759605_binette_bin31	0.016824812	0.023076404	0.016856845	0.021722706	0.02376433	0.020669881	0.050694294	0.019442864	0.010361131	0.018415939	0.02958027	0.016921084	0.040248986	0.040032156	0.027374012	0.019697985	0.056482814	0.024100132	0.046068408	0.011154699	0.021705525
SRR24759605_binette_bin32	0.0050808643	0.032097403	0.01825988	0.084320545	0.04031213	0.026766082	0.024453668	0.041253757	0.033854537	0.022584027	0.01724661	0.013458369	0.019868704	0.0044909567	0.010319075	0.018560823	0.008941791	0.013714816	0.010734616	0.02835145	0.017891873
SRR24759605_binette_bin34	0.6941988	0.4927754	0.5580048	0.743359	0.4013985	0.8579077	0.50853455	0.57588965	0.6338904	0.76303875	0.6238551	0.5220877	0.62301725	0.7660286	0.97955203	0.5327653	0.6628409	0.6362597	0.6213714	0.7580027	0.6613594
SRR24759605_binette_bin35	0	0.032071967	0	0.00763613	0.024738828	0	0	0	0	0.014080724	0	0	0	0	0	0	0	0	0	0	0
SRR24759605_binette_bin36	0	0.0354175	0	0.0074874186	0.026653841	0	0	0	0	0.015736707	0	0	0	0	0	0	0	0	0	0	0
SRR24759605_binette_bin38	0.015590733	0.02991002	0.015604869	0.017815234	0.02661483	0.017012792	0.016955096	0.016509308	0.005337971	0.027759567	0.019491931	0.02316495	0.019983048	0.017780064	0.033399746	0.028877873	0.016109798	0.031048985	0.0258182	0.00950633	0.010318613
SRR24759605_binette_bin40	0.030856695	0.08756449	0.04133534	0.06284333	0.050022673	0.021921666	0.05251863	0.05521244	0.039494388	0.043968614	0.03127633	0.028463306	0.036834955	0.015387899	0.012607641	0.030395634	0.021885574	0.024076167	0.03351137	0.04612898	0.040472932
SRR24759605_binette_bin42	0.65450716	0.44729978	0.52248704	0.7093333	0.36276004	0.8063109	0.46801898	0.5579934	0.59350586	0.7170853	0.5811421	0.5080576	0.5851415	0.7200592	0.9246573	0.4846551	0.61375946	0.6137687	0.57878405	0.71729577	0.64319915
SRR24759605_binette_bin51	0.07602007	0.052650545	0.064249225	0.044868592	0.038731273	0.03601173	0.07261009	0.058398012	0.08668738	0.12903692	0.10743526	0.061495077	0.07606586	0.042234115	0.07569875	0.07299497	0.066661745	0.073145166	0.09260803	0.06133441	0.049444865
SRR24759605_binette_bin81	0.0070268856	0.043473568	0.013223302	0.01210044	0.040421296	0.018172799	0.014331434	0.0150725525	0.015343492	0.022807863	0.0118833175	0.011496021	0.010620474	0.006914196	0.024506537	0.016820475	0.014398034	0.02114564	0.020308299	0.015611364	0.015423511
SRR24759605_binette_bin85	0.07170134	0.05639529	0.07222487	0.057034478	0.052080635	0.06986401	0.06714776	0.089166954	0.067787215	0.10878564	0.0751094	0.05700137	0.071812145	0.06726768	0.06914114	0.08151487	0.06950337	0.08345162	0.072566554	0.07160455	0.07277815
SRR24759605_binette_bin88	0.005286938	0.052998897	0.016247666	0.014396065	0.041349117	0.018486733	0.017043581	0.017581657	0.019275222	0.026726501	0.015912898	0.010681796	0.007697413	0.008308907	0.03887328	0.018959457	0.012711737	0.033227928	0.029193519	0.016895782	0.016675694
SRR24759605_binette_bin90	0	0.0034887954	0	0	0	0	0	0	0	0.0340038	0	0	0.014817558	0	0	0	0.0026514863	0.0012365866	0	0	0
SRR24759606_binette_bin1	0	0	0	0	0	0	0.012791003	0.0013982251	0	0	0.11360874	0.020607706	0	0	0.0022071241	0	0	0	0	0.0030671905	0
SRR24759606_binette_bin16	0.008654287	0.012488268	0.00980504	0.014563219	0.0162353	0.0073204082	0.011259643	0.008120081	0.008484026	0.0061234357	0.029935896	0.00771573	0.0106781125	0.00710573	0.011261822	0.008926225	0.007957675	0.011872097	0.010583242	0.0069673844	0.009135616
SRR24759606_binette_bin2	0	0	0.0017978831	0	0.6914421	0.035510886	0	0.12689215	0	0.0023922783	0.21365647	0	0.019494323	0.001068959	0.001256218	0.0038118141	0.00439449	0.008267382	0.014310388	0.046764508	0.0016182065
SRR24759606_binette_bin25	0.05508537	0.2039052	0.10913759	0.23703176	0.14827228	0.22559707	0.16037823	0.05524295	0.07191926	0.0891311	0.15585889	0.14121985	0.08429335	0.07028874	0.11142027	0.07681356	0.1100972	0.07097236	0.14702292	0.12566827	0.1973962
SRR24759606_binette_bin26	0.0072109657	0.018782936	0.016637715	0.043835755	0.02458776	0.019396205	0.02318047	0.018746568	0.01862472	0.020278867	0.022666669	0.027562998	0.020117542	0.009640029	0.019193655	0.013852306	0.0118004875	0.016984489	0.016525349	0.019103346	0.01051975
SRR24759606_binette_bin3	0.3514241	0.23068422	0.3029935	0.1853832	0.18444729	0.33718497	0.4163657	0.16814733	0.067236386	0.30762732	0.27949128	0.10621127	0.6170457	0.18810007	0.16355626	0.39022532	0.14592054	0.050174013	0.19207594	0.2989788	0.13370495
SRR24759606_binette_bin30	0.029468229	0.063061915	0.027221097	0.036958072	0.03785167	0.03078744	0.04052461	0.029752804	0.009699283	0.032326955	0.046217073	0.031921983	0.034208525	0.034568857	0.044219445	0.046006057	0.043022823	0.046702214	0.04492877	0.01471944	0.021287827
SRR24759606_binette_bin31	0.0697073	0.09316846	0.24556799	0.18802658	0.12973395	0.07567676	0.0913617	0.20817336	0.062109374	0.07129496	0.104211695	0.08792139	0.2088828	0.040199947	0.10075104	0.28424823	0.058416016	0.042621534	0.07880192	0.079188585	0.07787947
SRR24759606_binette_bin32	0.010429246	0.009322276	0.014511851	0.009858211	0.016903492	0.018835729	0.05895581	0.008667389	0.004678097	0.0065150536	0.031205302	0.0071665575	0.016833488	0.020954084	0.009931448	0.015489733	0.01705173	0.010397072	0.05957623	0.0056204502	0.010261915
SRR24759606_binette_bin34	0.022126088	0.023270644	0.024004275	0.027767923	0.03439904	0.018392762	0.03727974	0.011139411	0.01663075	0.016501106	0.08225343	0.015002323	0.03456893	0.022087038	0.013926377	0.02272752	0.02990613	0.017134301	0.027588798	0.014333866	0.024741255
SRR24759606_binette_bin35	0.039368108	0.04220403	0.11596982	0.0968766	0.06513735	0.027028367	0.04242564	0.11031023	0.034298368	0.028474992	0.070229	0.036222145	0.11356027	0.02107293	0.046740454	0.15912335	0.030154277	0.022365866	0.035175383	0.036897942	0.03993456
SRR24759606_binette_bin36	0.03743383	0.055976663	0.083105534	0.087028995	0.06591974	0.06548266	0.05353425	0.095101446	0.03659259	0.042766854	0.056558512	0.030957805	0.065213785	0.018612584	0.035557833	0.106094666	0.02463924	0.021282658	0.047756333	0.059498083	0.050247975
SRR24759606_binette_bin37	0.05583371	0.06327521	0.09914691	0.10056353	0.06993232	0.033237394	0.056684025	0.09663558	0.054352157	0.035561267	0.081056006	0.041624747	0.096623376	0.033619598	0.043933846	0.13973047	0.04035731	0.036394175	0.047642417	0.057185963	0.05134234
SRR24759606_binette_bin38	0.01800732	0.03712879	0.01539765	0.019961895	0.02446958	0.018886775	0.024323761	0.019280571	0.005662713	0.017484158	0.029351134	0.017046737	0.01719192	0.024292396	0.021553786	0.025204718	0.020781333	0.02540268	0.02193869	0.008588295	0.011014924
SRR24759606_binette_bin39	0.052055843	0.06970061	0.07909682	0.05529286	0.12772459	0.06522454	0.13283503	0.038450312	0.030378662	0.04327409	0.1113072	0.03747492	0.096768565	0.0867128	0.046191372	0.072563834	0.091008306	0.030257985	0.08052033	0.02856823	0.08346526
SRR24759606_binette_bin40	0.019091183	0.028632151	0.02018376	0.038606435	0.02741287	0.014760629	0.024861572	0.026447758	0.02921592	0.013815276	0.06648329	0.016211336	0.031510103	0.013755816	0.014854177	0.032922987	0.01580543	0.024598617	0.018911215	0.020472404	0.024209173
SRR24759606_binette_bin42	0.04655512	0.04372463	0.12677385	0.10145516	0.067357935	0.044962555	0.048370976	0.1191519	0.038316723	0.036904674	0.0658506	0.034923762	0.112256944	0.023408843	0.04899321	0.16265889	0.031783488	0.023521459	0.043286514	0.048554376	0.043633755
SRR24759606_binette_bin43	0.16416581	0.13870907	0.15487988	0.17363094	0.14833172	0.15030251	0.18282257	0.1637524	0.18062331	0.17767802	0.34918317	0.16519532	0.16737045	0.18749551	0.20000252	0.17364956	0.17026135	0.19448358	0.15352559	0.1784278	0.18227616
SRR24759606_binette_bin44	0.39534223	0.30034384	0.34220472	0.36471805	0.283321	0.38554636	0.3902342	0.3573872	0.39649075	0.38133425	0.61921084	0.35652444	0.37004757	0.44367492	0.44400615	0.35450467	0.3795708	0.41836083	0.36087283	0.3973235	0.39490268
SRR24759606_binette_bin46	0.0015398416	0	0.010666152	0.0020807213	0	0	0	0	0.00281326	0	0.022360621	0	0	0	0.0025980822	0.00290385	0	0	0	0.0045880354	0
SRR24759606_binette_bin48	0.06078115	0.07125078	0.055511866	0.054220494	0.047036007	0.061245386	0.046679482	0.066592686	0.053276874	0.052878864	0.08343813	0.07090195	0.07251575	0.06314276	0.053588662	0.070074886	0.058412302	0.09427876	0.06275921	0.051857006	0.09221691
SRR24759606_binette_bin49	0.029787509	0.06874721	0.029514534	0.037192315	0.037413504	0.03136184	0.04121995	0.032088764	0.00927323	0.03219482	0.042852756	0.02972872	0.029122079	0.038868275	0.040443983	0.043989968	0.04571573	0.04766754	0.04542476	0.0136772385	0.021079851
SRR24759606_binette_bin50	0.03881207	0.08011924	0.03572745	0.047745734	0.049210396	0.038418975	0.054645386	0.041425087	0.01268146	0.03955781	0.054953706	0.039846964	0.041127734	0.04639894	0.052574314	0.058142316	0.052863926	0.059042122	0.0546661	0.01846807	0.025560128
SRR24759606_binette_bin64	0.009276645	0.0074690124	0.0065370216	0.0052482425	0.009363372	0	0	0.0018495774	0.0044526965	0.002093522	0.04845338	0.008980526	0.004168957	0	0.0039317785	0.008781178	0	0.0066183438	0.008662408	0.010242062	0.011750924
SRR24759606_binette_bin78	0.012686545	0.028306257	0.0103212735	0.015456933	0.015211451	0.0142341545	0.016007638	0.013185026	0.005257013	0.01322187	0.027681768	0.016221771	0.013779486	0.014652891	0.018085083	0.02078665	0.016634857	0.017628372	0.016348695	0.0057160165	0.007561497
SRR24759606_binette_bin86	0.05412472	0.050845	0.0755796	0.056114525	0.118957475	0.047548007	0.11261908	0.03703927	0.02150671	0.034923043	0.13499267	0.034298085	0.08522235	0.06547388	0.037658785	0.05748792	0.08140431	0.02476996	0.05585703	0.02493583	0.06865842
SRR24759606_binette_bin87	0.030866398	0.031279147	0.035723682	0.034979537	0.057619598	0.031000027	0.02774839	0.032683525	0.01353893	0.033135973	0.09270096	0.040173493	0.03761281	0.021934593	0.035685897	0.043918107	0.03324893	0.028337544	0.057043232	0.013759828	0.01794613
SRR24759606_binette_bin89	0.04361108	0.06757788	0.102909304	0.103907466	0.077154435	0.031081723	0.056886826	0.09352542	0.05118318	0.03337118	0.080875136	0.04014811	0.10006685	0.029399697	0.046425078	0.13297309	0.03877027	0.0385909	0.043735415	0.047899425	0.052779555
SRR24759606_binette_bin90	0.48636696	0.31526613	0.34633857	0.3897325	0.3363486	0.413009	0.44976932	0.40798748	0.48763883	0.4409244	0.754379	0.44676423	0.42812905	0.49930528	0.4487329	0.41755193	0.46921775	0.48105645	0.41728616	0.43764177	0.47488588
SRR24759607_binette_bin15	0.9488712	0.50647676	0.41009444	0.66890514	0.66681683	0.60381085	0.6434445	0.8600225	0.9079751	0.70777893	0.77750957	1.0747306	0.5663871	0.8544424	0.714253	0.68171567	0.85104394	0.8124691	0.5676576	0.62986106	0.842326
SRR24759607_binette_bin17	0.05279474	0.21842352	0.14788611	0.21991134	0.18739973	0.30468833	0.19782126	0.073309384	0.103611715	0.10014222	0.12134051	0.29444778	0.12436267	0.0787065	0.18722446	0.07870856	0.13668017	0.1682064	0.17697595	0.14910002	0.19969705
SRR24759607_binette_bin18	0.075425975	0.10273512	0.13528332	0.09008616	0.23234269	0.101539046	0.18696512	0.059445444	0.049361113	0.060290284	0.121367924	0.09057915	0.11548243	0.11579349	0.0649459	0.10304235	0.1146769	0.04274539	0.09256414	0.043626316	0.14000855
SRR24759607_binette_bin19	0	0.02913037	0.012293945	0.01554047	0.014388016	0	0.026114069	0.040125664	0.012261895	0.009136816	0	0.12178903	0.01341292	0.0074168136	0.011071212	0.009820341	0.008839174	0.007571446	0.010833711	0.020371001	0.014816408
SRR24759607_binette_bin20	0.05196218	0.06010304	0.25762743	0.1542977	0.107761495	0.06344186	0.071651176	0.19474195	0.04242269	0.07028882	0.06447745	0.17936769	0.2060264	0.033121478	0.11063054	0.2900152	0.050310787	0.028397555	0.06326404	0.06625307	0.05060277
SRR24759607_binette_bin23	0.1358171	0.06216709	0.21893618	0.092635065	0.10115796	0.048218355	0.1441352	0.039002288	0.08693665	0.06685305	0.1510165	0.13069986	0.14359587	0.06934896	0.06376602	0.06999068	0.10725327	0.05837722	0.045751553	0.08436359	0.1601091
SRR24759607_binette_bin24	0.10969113	0.07417879	0.041756812	0.09082742	0.050242428	0.039269175	0.069974974	0.054823544	0.07767891	0.044777904	0.053786498	0.08748907	0.024720384	0.059280515	0.01857327	0.05794171	0.05281894	0.04516012	0.065949395	0.09612423	0.072078034
SRR24759607_binette_bin25	0.43882775	0.4421108	0.335411	0.43304574	0.33632064	0.39274418	0.38732952	0.40433502	0.5106213	0.461737	0.42859864	0.6438612	0.38424698	0.45216042	0.4659005	0.43447432	0.44977894	0.480872	0.52336556	0.46960476	0.39244324
SRR24759607_binette_bin26	0.037343256	0.03500658	0.13287397	0.089280516	0.05901061	0.034687642	0.042922147	0.108590804	0.030754073	0.032267317	0.03663908	0.10569117	0.110053115	0.021659903	0.054423388	0.15393014	0.031221624	0.016331311	0.03432554	0.037356686	0.033951312
SRR24759607_binette_bin27	0.041107997	0.078797705	0.15484777	0.0638657	0.06951894	0.054798927	0.06496335	0.051270016	0.022995349	0.08601557	0.060541112	0.19666128	0.057109877	0.058592346	0.06345349	0.07311258	0.06863921	0.06328903	0.07665208	0.03794872	0.4098432
SRR24759607_binette_bin28	0.39404836	0.33546442	0.24569426	0.37175655	0.3122507	0.31385064	0.32791933	0.34843093	0.4473507	0.37885156	0.3839376	0.59032947	0.29923353	0.38727412	0.37547725	0.35211933	0.3827577	0.38914475	0.3949271	0.35423183	0.34314078
SRR24759607_binette_bin29	0.03917208	0.080181755	0.03937723	0.07950887	0.06533182	0.0981852	0.0723265	0.042531606	0.03971178	0.039631717	0.04975015	0.11893701	0.0484775	0.04853416	0.03926781	0.043428637	0.06468775	0.048722755	0.065722264	0.05076543	0.078596435
SRR24759607_binette_bin3	0.01345393	0.051156454	0.07326476	0.023913296	0.05628481	0.033830054	0.05769095	0.019783884	0.018093487	0.08913486	0.023824506	0.24744174	0.07691997	0.024884643	0.085585825	0.028046826	0.03119457	0.065948084	0.0448933	0.07397893	0.022037499
SRR24759607_binette_bin31	0.030157153	0.030035825	0.028778182	0.019912437	0.03215049	0.016923366	0.032364406	0.030825604	0.021326518	0.016892018	0.023394188	0.08762996	0.031374868	0.02373589	0.017230975	0.025400402	0.020875886	0.017941326	0.027484324	0.017271107	0.023054255
SRR24759607_binette_bin32	0.05433618	0.042190846	0.053597834	0.045584567	0.04027794	0.024102539	0.0500998	0.043304734	0.04854305	0.026525943	0.045566604	0.091904186	0.046693675	0.032034602	0.021580974	0.03841376	0.03716883	0.028104803	0.028586468	0.045707546	0.049095713
SRR24759607_binette_bin33	0.07103031	0.11884834	0.10444835	0.082298845	0.08924329	0.06619469	0.08944878	0.1174061	0.1001871	0.11118529	0.10116565	0.1771307	0.11637577	0.07055164	0.120828345	0.13795707	0.06535298	0.10837654	0.12978253	0.1071913	0.07694561
SRR24759607_binette_bin34	0.05195731	0.21183428	0.14245693	0.22697163	0.18285127	0.32304254	0.1884608	0.068344966	0.08753982	0.09101814	0.12230696	0.29875433	0.11151088	0.07340637	0.16350523	0.075794436	0.14557536	0.14176252	0.17259228	0.1415842	0.20699967
SRR24759607_binette_bin35	0.106130466	0.26325357	0.23378287	0.12009661	0.182386	0.08176532	0.15935628	0.18265383	0.14230977	0.22461477	0.16298072	0.40698758	0.26111838	0.09800559	0.15259185	0.32609785	0.11781598	0.19118798	0.3254008	0.1743598	0.078081235
SRR24759607_binette_bin36	0.5485378	0.40918556	0.3240258	0.4994745	0.41507643	0.45971176	0.44458535	0.48104492	0.62724704	0.5041203	0.51749396	0.7253939	0.40235823	0.54966855	0.5097092	0.47175017	0.53529084	0.5302739	0.54131746	0.49869147	0.5034486
SRR24759607_binette_bin42	0.09917601	0.3237777	0.081832476	0.08711079	0.0835262	0.09395546	0.11712929	0.09747972	0.06982168	0.124330536	0.108504854	0.22734839	0.08571399	0.07759187	0.16381639	0.11794682	0.08985543	0.17927986	0.14849891	0.11325851	0.0692371
SRR24759607_binette_bin43	0.04817108	0.07823998	0.040201444	0.06831886	0.055094488	0.09125258	0.07196136	0.060316376	0.055634305	0.048952423	0.041272085	0.15349326	0.051619437	0.049509227	0.08511188	0.044440877	0.05723677	0.063426875	0.059113357	0.06841418	0.06606751
SRR24759607_binette_bin44	0	0.02895379	0.016536973	0.011123683	0.017214771	0.007114973	0.022301653	0.04661616	0.01120399	0.0076759923	0	0.113835044	0.018608365	0.0057685864	0.00864313	0.0067918138	0.0053003873	0.003540238	0.005465269	0.014994194	0.012630584
SRR24759607_binette_bin45	0.47560737	0.3674535	0.32712552	0.4496371	0.33680815	0.47239876	0.38576967	0.37136853	0.57012534	0.48723245	0.47238737	0.67608404	0.39119974	0.47500038	0.5079238	0.45566976	0.45500416	0.44287422	0.5934477	0.4647299	0.41388068
SRR24759607_binette_bin46	0.83863777	0.63356215	0.6015068	0.79626393	0.5902798	0.84059393	0.63910073	0.7321701	0.8972122	0.78362006	0.7719898	0.9828926	0.6962913	0.88549864	0.9043373	0.69292617	0.8005057	0.836571	0.8899776	0.8350514	0.7720666
SRR24759607_binette_bin9	0.9785153	0.6413168	0.80196416	1.082555	0.49799418	1.3755486	0.6060124	0.7371447	1.0684916	0.9348389	0.8219023	0.99982005	0.87813234	1.1090417	1.3792555	0.6583909	0.83644843	0.8846902	1.195195	1.1029824	0.8548246
SRR24759608_binette_bin13	0.06629242	0.05527476	0.30147898	0.18787187	0.112476684	0.055666	0.066115394	0.2602456	0.04334078	0.05266045	0.07801774	0.07511287	0.3971014	0.031925764	0.113054894	0.38968387	0.053640954	0.017239887	0.061130874	0.056463894	0.049726594
SRR24759608_binette_bin15	0	0	0	0	0	0	0	0	0	0	0	0	0.03541885	0	0	0	0	0	0	0	0
SRR24759608_binette_bin23	0.009641392	0.009102648	0.010112087	0.009333394	0.014189706	0.015281836	0.05578142	0.0067091133	0.003452389	0.0057034753	0.019007744	0.00809303	0.034816563	0.024126602	0.010081806	0.013914763	0.024229856	0.011288246	0.061488662	0.005998777	0.010453622
SRR24759608_binette_bin26	0.06399094	0.046574235	0.029633688	0.03139751	0.04371998	0.045596477	0.054976318	0.01258715	0.018490605	0.052307233	0.029036595	0.019937169	0.067718744	0.031892244	0.021417696	0.04009047	0.025704289	0.011731827	0.019563641	0.02956183	0.028469022
SRR24759608_binette_bin27	0.023948213	0.04721171	0.019198133	0.029441318	0.03312323	0.023899112	0.028106641	0.022702346	0.006756032	0.023169527	0.02718901	0.022573035	0.035665955	0.027530093	0.027965266	0.040251594	0.028106708	0.034922488	0.031110805	0.0113984095	0.014864906
SRR24759608_binette_bin29	0.011218175	0.00961831	0.010498316	0.010991398	0.016733564	0.017103704	0.06470972	0.007390601	0.0048580966	0.0059565064	0.019914465	0.007134842	0.027494743	0.02040518	0.008668691	0.015603868	0.016070224	0.009217952	0.06256543	0.0061613587	0.010246757
SRR24759608_binette_bin30	0.39043868	0.28121227	0.30438653	0.31827375	0.33579755	0.38777933	0.34631047	0.3624532	0.4089796	0.38452074	0.4364564	0.35855424	0.5428069	0.39908695	0.3854781	0.36863196	0.3689893	0.37930632	0.35589355	0.39695603	0.38332853
SRR24759608_binette_bin34	0.6919582	0.43288323	0.45571214	0.5556812	0.50231075	0.67082524	0.50834066	0.5863957	0.6476282	0.6285823	0.66250485	0.5652278	0.7057241	0.7192196	0.6844607	0.5422486	0.6298044	0.62692535	0.55236423	0.63924146	0.65299004
SRR24759608_binette_bin36	0.027200615	0.031299867	0.028536959	0.023445984	0.039967425	0.03558734	0.068746954	0.01512684	0.012094772	0.020317629	0.047612697	0.025811208	0.10752188	0.05538851	0.02179741	0.036721632	0.07496325	0.024720095	0.07266821	0.014511447	0.035696216
SRR24759608_binette_bin37	0.057680566	0.05681733	0.26854587	0.16422722	0.10454243	0.055684097	0.062349766	0.21509264	0.042560965	0.052055165	0.07169266	0.06527702	0.3977597	0.029320672	0.09826535	0.32292074	0.04940587	0.01898087	0.06472207	0.056591697	0.0479688
SRR24759608_binette_bin40	0.06749897	0.08601842	0.081075884	0.07914237	0.07666185	0.07412149	0.091123275	0.07435653	0.052556057	0.07578331	0.08103213	0.06885376	0.109015524	0.07449863	0.076720834	0.094961755	0.081214316	0.07066515	0.09093742	0.06269602	0.06482755
SRR24759608_binette_bin41	0.011950503	0.03974542	0.16331004	0.05987063	0.038958497	0.026181838	0.034808908	0.0397749	0.020430392	0.024911482	0.019399116	0.03187061	0.06900759	0.011097169	0.03723974	0.04448019	0.016849313	0.017153107	0.03496281	0.034127273	0.022476684
SRR24759608_binette_bin42	0.054513726	0.07808817	0.043401025	0.044552173	0.054516286	0.057277653	0.0639112	0.07654756	0.051794652	0.06682566	0.05204133	0.061119486	0.09202925	0.05480067	0.058214102	0.05782419	0.06673517	0.06907859	0.057084713	0.05616836	0.054428827
SRR24759608_binette_bin43	0.036948837	0.0509266	0.026328066	0.033371817	0.037494402	0.0536834	0.030893607	0.016594863	0.028743055	0.011372354	0.014929899	0.008370496	0.028319806	0.017981919	0.0070750257	0.02317448	0.039500505	0.02291491	0.033916574	0.037801478	0.017154803
SRR24759608_binette_bin44	0.2733144	0.22419494	0.2703175	0.20417199	0.29536515	0.26192147	0.28029057	0.30585742	0.30515867	0.2899201	0.34584972	0.29051182	0.4762496	0.27678066	0.26200506	0.3181094	0.26242724	0.27763572	0.2860707	0.29292893	0.25967747
SRR24759608_binette_bin45	0.004505604	0.005730063	0.0035975378	0.0042737382	0.016733838	0.0071674567	0.023182882	0.005577985	0.0019216331	0.0034479706	0.007697451	0	0.024904331	0.0116230175	0.0044924836	0.008682718	0.0072419043	0.005522591	0.025564117	0.004140209	0.004130815
SRR24759608_binette_bin46	0.010352633	0.04372512	0.08218221	0.038504645	0.043316018	0.021373447	0.03899469	0.02052326	0.02045431	0.03338016	0.020556496	0.053349223	0.063541315	0.014233805	0.040976666	0.026087657	0.021081	0.034344885	0.033625774	0.039224673	0.024345506
SRR24759608_binette_bin47	0.46770784	0.33628073	0.33653408	0.33711722	0.39003918	0.4117936	0.42051622	0.44040495	0.46239424	0.4318128	0.5063986	0.4369355	0.55099076	0.46505088	0.39972967	0.43828508	0.43846834	0.45649576	0.40318903	0.4335908	0.44237325
SRR24759608_binette_bin48	0.06707954	0.073058106	0.081450514	0.06853226	0.08313419	0.06272769	0.09773346	0.09931968	0.07924395	0.08882163	0.0921994	0.11025529	0.12523055	0.06593555	0.06673641	0.117220595	0.060585108	0.08471305	0.11280726	0.074388616	0.067543745
SRR24759608_binette_bin49	0.09587798	0.07889963	0.07343763	0.075872675	0.09153236	0.12388629	0.113929205	0.09850092	0.11601226	0.083055586	0.099541344	0.08636105	0.19012266	0.100598566	0.13817081	0.10021845	0.089488454	0.107248746	0.08675452	0.08997827	0.108574115
SRR24759608_binette_bin50	0.14475735	0.15056232	0.13560677	0.13739486	0.13941509	0.20821126	0.21158183	0.19116369	0.14114068	0.14445473	0.2107344	0.13519013	0.23764355	0.15237254	0.13981406	0.15253831	0.14407487	0.16918612	0.14376289	0.17064197	0.17516106
SRR24759608_binette_bin53	0.017013885	0.021180779	0.017447406	0.017861584	0.034066893	0.013086397	0.014461588	0.01875392	0.020099336	0.009614931	0.007822587	0.010742313	0.034585662	0.00710132	0.01442698	0.014958683	0.010824381	0.0095217405	0.01595591	0.020685261	0.008947035
SRR24759608_binette_bin55	0.013115697	0.03546522	0.059214544	0.063086	0.036808506	0.033128787	0.028659398	0.044155613	0.023871532	0.023914592	0.019757627	0.024769733	0.05496905	0.011883382	0.019232135	0.031673033	0.017181559	0.015383067	0.028196445	0.036440693	0.022887897
SRR24759608_binette_bin56	0.040490102	0.077468395	0.06461911	0.07603872	0.065250285	0.07841704	0.07272773	0.056401625	0.046648577	0.052543234	0.051641207	0.06964991	0.09277856	0.036889512	0.04882838	0.04638654	0.04944535	0.06352858	0.07649334	0.051408097	0.074713856
SRR24759608_binette_bin58	0.016400265	0.059760466	0.08253916	0.056670822	0.063242875	0.026439192	0.0495889	0.03001344	0.032335322	0.04835564	0.030650603	0.061572157	0.067775875	0.021081094	0.04408756	0.041486915	0.028493937	0.044627424	0.046871427	0.04979602	0.039134305
SRR24759608_binette_bin61	0.010445958	0.013976621	0.0062130876	0.0105272895	0.022529243	0.008874519	0.025649713	0.007512561	0.00219283	0.008482278	0.02182051	0.010775467	0.031045727	0.025206307	0.01005733	0.01631357	0.021202788	0.027005821	0.027496364	0.003119585	0.003537066
SRR24759608_binette_bin63	0.026338182	0.038594954	0.065377094	0.027100135	0.059031066	0.0574174	0.058279682	0.020160414	0.014083375	0.020215718	0.045335013	0.024498014	0.09580424	0.041367337	0.02129471	0.03772806	0.058310077	0.01903764	0.047684617	0.017614484	0.03918916
SRR24759608_binette_bin64	0.0098483665	0.007770788	0.019364534	0.005789833	0.025333302	0.009484799	0.022428317	0.006366417	0.0052526165	0.009125488	0.00813106	0	0.034209765	0.009333591	0.0048945188	0.017377753	0.010171496	0.0051159137	0.016763683	0.005839734	0.008562874
SRR24759608_binette_bin65	0.44688582	0.3045943	0.33487472	0.34175763	0.380391	0.4168523	0.38834113	0.41691977	0.45477447	0.44073614	0.48943028	0.40425774	0.5727165	0.45918867	0.4329803	0.41218975	0.42957857	0.4226983	0.4030447	0.43241528	0.4322767
SRR24759608_binette_bin66	0.02574732	0.057003345	0.14502051	0.09601178	0.07035346	0.056420863	0.055799983	0.08910056	0.035543993	0.042049497	0.03584069	0.04160683	0.110670455	0.018079992	0.05516963	0.10705956	0.027316622	0.022506312	0.0508408	0.05369034	0.041288916
SRR24759608_binette_bin68	0.051558785	0.037515424	0.022951705	0.056028932	0.036344916	0.025140544	0.028090885	0.02566772	0.020884749	0.03622752	0.026377933	0.04014192	0.04478858	0.021904115	0.022148332	0.025761105	0.029358074	0.018469479	0.042998202	0.05403525	0.043718528
SRR24759608_binette_bin70	0.5158082	0.37505618	0.37547442	0.42033935	0.4061363	0.48683038	0.43886706	0.47020683	0.48426738	0.47540995	0.52069455	0.45205137	0.5713021	0.51958746	0.5014157	0.43710393	0.49445853	0.50546014	0.43655258	0.4872315	0.49604613
SRR24759608_binette_bin71	0.38409168	0.25853157	0.26266623	0.29067424	0.3298068	0.36031163	0.34449235	0.3506504	0.4058874	0.35732877	0.42785016	0.34692216	0.46275425	0.39270216	0.36751834	0.33561203	0.38471395	0.36217472	0.33460495	0.3485342	0.38546205
SRR24759608_binette_bin84	0.037375167	0.071858406	0.048864983	0.064543	0.07344142	0.050346874	0.062861644	0.048018694	0.0154682025	0.048703447	0.056742508	0.053592578	0.06806387	0.043307237	0.057475597	0.072908044	0.055094365	0.057966344	0.07766442	0.021190293	0.029094933
SRR24759608_binette_bin85	0.35803816	0.2294364	0.24274962	0.2651932	0.30862558	0.30047795	0.29972157	0.33327895	0.351623	0.32327867	0.38708436	0.31274688	0.4398265	0.3623122	0.3135792	0.29469317	0.3334559	0.33381736	0.26729903	0.31477988	0.3479728
SRR24759608_binette_bin86	0.049939994	0.05941235	0.052189726	0.049796496	0.05335093	0.052608103	0.0690856	0.0790319	0.057467055	0.06349166	0.06894446	0.08610556	0.091613404	0.042774975	0.04803651	0.084091395	0.045104247	0.06495189	0.075358555	0.05366136	0.059203416
SRR24759608_binette_bin87	0.020333393	0.057233956	0.086413614	0.07263678	0.065931454	0.04022612	0.051534817	0.056558628	0.034198187	0.045431748	0.034274943	0.059140895	0.0790175	0.020184876	0.04729775	0.062083505	0.027263012	0.03721158	0.04565386	0.052448504	0.041601222
SRR24759608_binette_bin88	0.011187214	0.010846012	0.006718844	0.008810453	0.034155793	0.010533672	0.03354755	0.0096397605	0.0035245533	0.00602933	0.014866573	0.008066393	0.02636671	0.015585786	0.008096788	0.011680286	0.013099699	0.009893028	0.02704763	0.0067470875	0.008058813
SRR24759608_binette_bin90	0.4793727	0.32474414	0.32771578	0.34315598	0.39657	0.42021233	0.39140746	0.422572	0.4797478	0.44626567	0.48714834	0.40645203	0.5713371	0.47730112	0.41277674	0.4362766	0.44149324	0.43189034	0.41576603	0.45165613	0.46829182
SRR24759608_binette_bin91	0.34943128	0.22637267	0.26701146	0.25309485	0.31213114	0.30175453	0.3259396	0.3302177	0.35213724	0.32449389	0.4105294	0.31577826	0.45505512	0.3557209	0.3161835	0.31209996	0.3367425	0.3452375	0.29174802	0.31609038	0.34576946
SRR24759608_binette_bin93	0.42071718	0.24915947	0.2563235	0.29133588	0.33115384	0.35996303	0.34221098	0.37287796	0.41001412	0.36695856	0.43733853	0.3530676	0.48352244	0.42216197	0.3685607	0.3273584	0.40460074	0.37403762	0.30003408	0.34520373	0.41038874
SRR24759608_binette_bin94	0.10663726	0.0722977	0.088864535	0.082780525	0.11461762	0.10659353	0.08760288	0.10928777	0.10936095	0.09883524	0.10190767	0.097999156	0.20025164	0.11151679	0.085878596	0.08223789	0.07871858	0.11445211	0.099757075	0.10365761	0.11655673
SRR24759608_binette_bin95	0.27956668	0.21627732	0.24291942	0.239969	0.25335875	0.28617617	0.26331928	0.2783266	0.2850831	0.2847476	0.31699628	0.256576	0.39994234	0.27661967	0.28366458	0.27436545	0.2618817	0.29075873	0.25553265	0.29699463	0.2862104
SRR24759608_binette_bin96	0.2889153	0.20224437	0.21068238	0.22040597	0.22544585	0.27774245	0.28136766	0.26293007	0.26914665	0.25936666	0.32514167	0.23130962	0.3591231	0.29761922	0.25364393	0.227478	0.2699358	0.280788	0.21788107	0.253474	0.29288492
SRR24759609_binette_bin15	0.007136054	0.008519486	0.0076691248	0.005850558	0.008990166	0.012000067	0.03942779	0.003445899	0.0022302445	0.006615088	0.013856562	0.007757918	0.018203802	0.06669248	0.007436314	0.010406408	0.013860014	0.006246855	0.033006486	0.003660417	0.007794605
SRR24759609_binette_bin21	0.032088146	0.065300696	0.032902006	0.0404987	0.041669857	0.032632533	0.047441926	0.03493401	0.009905852	0.034891892	0.037230086	0.03233434	0.03426817	0.056010887	0.042813353	0.04566124	0.04377195	0.047994666	0.04820904	0.016164253	0.022278845
SRR24759609_binette_bin23	0.05199307	0.076148346	0.13346732	0.12274509	0.09137035	0.039245136	0.07285653	0.10106206	0.060985997	0.041936897	0.05977715	0.056853883	0.101186894	0.0516802	0.05854883	0.14135927	0.04663636	0.04419926	0.055633858	0.059812386	0.06429619
SRR24759609_binette_bin24	0.02377747	0.044615872	0.016835194	0.02575626	0.027198574	0.021677537	0.027518472	0.020891339	0.0066850698	0.020573642	0.02475312	0.021427684	0.023458088	0.030983435	0.029055737	0.030668927	0.023834446	0.031855576	0.027210586	0.010004123	0.012795937
SRR24759609_binette_bin3	0	0.0060060355	0.3488677	0	0.010332748	0	0	0.12592582	0.0028765642	0.17168984	0.0027427063	0.06057644	0	0.089125164	0.006210261	0.0125471335	0.014157454	0.007178872	0.14615043	0.01064336	0.27972907
SRR24759609_binette_bin30	0.009207854	0.01045782	0.010531016	0.010600126	0.015179302	0.018095357	0.047644027	0.0060694083	0.0032981606	0.018535757	0.018762967	0.009999564	0.021605574	0.031932555	0.010933617	0.013515193	0.019446038	0.009750496	0.052677106	0.0053318525	0.0104500465
SRR24759609_binette_bin32	0.03395573	0.03766352	0.044776943	0.029792331	0.06810633	0.03637525	0.074756354	0.02089435	0.018976254	0.022761367	0.0530039	0.02184547	0.05591501	0.10374547	0.02378525	0.04466896	0.059515525	0.018546024	0.057093717	0.016841503	0.043700036
SRR24759609_binette_bin33	0.009010018	0.010462302	0.010988828	0.011395229	0.014164639	0.009708751	0.01467716	0.007783057	0.0070017464	0.013816907	0.008150375	0.01046593	0.0132603105	0.021768438	0.008430721	0.009265389	0.013305413	0.007212086	0.01217107	0.0065183416	0.0076538417
SRR24759609_binette_bin34	0.37473917	0.32285702	0.25521818	0.31261584	0.2856793	0.2822451	0.32969514	0.34975863	0.36526504	0.3298313	0.34969598	0.33134657	0.29785448	0.51019984	0.33380556	0.31643036	0.358815	0.40589553	0.32613304	0.33206508	0.33811194
SRR24759609_binette_bin35	0.007565319	0.009282344	0.0062910086	0.006558997	0.009104671	0.014169286	0.032631617	0.0053662164	0.0029323336	0.007109905	0.013165118	0.00823743	0.0144712245	0.025331702	0.009861595	0.010420494	0.015521846	0.008189111	0.04506899	0.0042349105	0.0074066045
SRR24759609_binette_bin36	0.020616839	0.035483003	0.06644528	0.08071904	0.056581054	0.04487582	0.041897133	0.064877674	0.04257357	0.035227194	0.02826446	0.036468744	0.043358922	0.02561149	0.0321268	0.062036786	0.023158908	0.021939369	0.029627513	0.038097527	0.03160974
SRR24759609_binette_bin37	0.17747267	0.1397647	0.14311968	0.06757421	0.12944888	0.14939654	0.1481889	0.079670124	0.046337124	0.12222612	0.09243809	0.06594211	0.27248147	0.1048061	0.08266412	0.18727721	0.07998063	0.02984058	0.0912542	0.12774855	0.054337338
SRR24759609_binette_bin38	0.051400043	0.067435734	0.029953388	0.03793738	0.0469622	0.02897934	0.059026726	0.06711532	0.039773803	0.043710086	0.06577426	0.07908844	0.048514966	0.1307161	0.059136525	0.034496766	0.053147536	0.08879543	0.045566037	0.04125807	0.060761664
SRR24759609_binette_bin39	0.025870545	0.04575871	0.06765281	0.06820756	0.057850312	0.025675785	0.046150204	0.053162336	0.031582117	0.030987898	0.035209835	0.046947993	0.05830529	0.037631955	0.03599938	0.071091145	0.029583907	0.029153338	0.033175718	0.03413994	0.040553056
SRR24759609_binette_bin41	0.0089852	0.0144254025	0.015914368	0.03931552	0.029831255	0.014911657	0.017412921	0.026144236	0.031616665	0.026794678	0.011481739	0.02062193	0.013232359	0.017643344	0.013584463	0.020407908	0.013070087	0.010871578	0.011494193	0.0128741795	0.013532105
SRR24759609_binette_bin42	0.013736372	0.011112282	0.19664471	0.01669791	0.015746968	0.009095079	0.01714137	0.076124154	0.010423633	0.08789214	0.012065143	0.04293363	0.016145313	0.058757197	0.013400935	0.028319223	0.018403163	0.01748202	0.07528945	0.022677153	0.14014198
SRR24759609_binette_bin43	0.7204024	0.43986973	0.4030817	0.54632413	0.4025161	0.62225795	0.43454602	0.5851734	0.6036398	0.52699775	0.56964236	0.49627605	0.4799971	0.889779	0.6592989	0.43795064	0.598294	0.62005836	0.45716086	0.5658543	0.629191
SRR24759609_binette_bin44	0.0035927459	0.011212291	0.012814393	0.012024922	0.038581476	0	0	0.013220044	0.009338727	0.10839364	0.0021237761	0	0	0.015773753	0.010208476	0.008173089	0.0037121412	0.006180889	0.0054160366	0.009166011	0.0034741587
SRR24759609_binette_bin46	0.093751445	0.04915029	0.07589985	0.062482156	0.06655749	0.07099237	0.09634924	0.081027955	0.0809224	0.09231895	0.081369236	0.06936822	0.08115958	0.1108244	0.070135154	0.087258026	0.0744278	0.08964919	0.09151568	0.08218991	0.089377336
SRR24759609_binette_bin48	0.0358364	0.047026034	0.041926797	0.03291071	0.062890455	0.050045155	0.08692928	0.020354157	0.01496763	0.03013317	0.063385904	0.03227284	0.09756234	0.11593435	0.03396267	0.054607894	0.06979383	0.029479073	0.098465666	0.019378519	0.048815053
SRR24759609_binette_bin50	0.029079763	0.033901364	0.0372085	0.025929468	0.058064736	0.030625887	0.06517663	0.021513611	0.016450139	0.023370797	0.044944964	0.022948977	0.052273426	0.08676633	0.024913453	0.039293863	0.045612004	0.020416606	0.051948845	0.016090555	0.03716072
SRR24759609_binette_bin51	0.025066061	0.04280075	0.06717594	0.070154496	0.05465735	0.03743174	0.049301133	0.058579292	0.030365363	0.034321476	0.03303263	0.05263927	0.052762795	0.038328223	0.04158881	0.06733472	0.03027459	0.030058492	0.03712133	0.040797926	0.036370326
SRR24759609_binette_bin52	0.037670474	0.08066452	0.037171043	0.04559125	0.045644112	0.035803046	0.054480314	0.039550878	0.01101541	0.03844537	0.03919914	0.03614947	0.03270017	0.0639078	0.04733945	0.050826833	0.05428934	0.05508902	0.054593787	0.017172938	0.024841597
SRR24759609_binette_bin54	0.02931656	0.029824119	0.06595835	0.058397457	0.04671825	0.03285443	0.041123476	0.065607205	0.024213035	0.027331553	0.026282366	0.033929966	0.055870745	0.029753696	0.032396648	0.08047914	0.02276218	0.016638322	0.029869158	0.03286649	0.037613116
SRR24759609_binette_bin55	0.01376878	0.025600154	0.024153462	0.120779715	0.03740209	0.04062434	0.02222772	0.017639505	0.019683998	0.06233519	0.03485689	0.024116743	0.048463657	0.023149613	0.03399867	0.030430187	0.01844569	0.026029311	0.042162806	0.041707844	0.059859645
SRR24759609_binette_bin56	0.034801148	0.024549674	0.035457514	0.037137274	0.069794826	0	0	0.045265656	0.030940332	0.028417798	0	0.029791385	0.04823437	0.034082443	0.02041209	0.035247598	0.019710943	0.029441822	0.039780978	0.047857396	0.018422965
SRR24759609_binette_bin57	0.022634657	0.03930585	0.044518944	0.057259373	0.046554778	0.030704092	0.041003827	0.040199183	0.027756374	0.028068407	0.025212402	0.04427401	0.03682416	0.036788158	0.030773884	0.043500785	0.026516123	0.026423026	0.02626797	0.03828054	0.033553217
SRR24759609_binette_bin59	0.9029723	0.5432721	0.45891848	0.6041792	0.6065505	0.650527	0.59124863	0.7860231	0.7664939	0.66596675	0.73018384	0.72341216	0.60866416	1.028424	0.7271207	0.6035141	0.78693604	0.81004924	0.567591	0.63794136	0.7973472
SRR24759609_binette_bin60	0.2470959	0.27275592	0.19929084	0.23477109	0.21837425	0.24514607	0.26799816	0.2201196	0.30178773	0.28725377	0.30025524	0.2536891	0.24034338	0.40780428	0.26474527	0.27903736	0.29719868	0.27137402	0.3254758	0.28170025	0.22183296
SRR24759609_binette_bin61	0.44263956	0.3633098	0.33428133	0.35250723	0.30051303	0.48075122	0.37153733	0.25958005	0.45276457	0.3107034	0.29491648	0.29587364	0.28043517	0.56013465	0.30326322	0.38119546	0.39540634	0.43080756	0.34662837	0.4545496	0.4769937
SRR24759609_binette_bin62	0.10538237	0.1043728	0.12194272	0.10832969	0.10568475	0.096019484	0.16253401	0.15219764	0.12974118	0.123054564	0.1258891	0.10614904	0.13876931	0.1684041	0.10946718	0.13724345	0.12135946	0.1746563	0.1401309	0.11509911	0.13669242
SRR24759609_binette_bin63	0.177394	0.14237034	0.09705634	0.12678994	0.11835847	0.18097764	0.13061504	0.12612857	0.1611365	0.13892289	0.14690764	0.14883621	0.1159257	0.31139925	0.13132228	0.11991306	0.17583245	0.16188978	0.13700506	0.12920804	0.16050221
SRR24759609_binette_bin64	0.023671623	0.037447575	0.07363928	0.06375118	0.050313786	0.028630814	0.040656913	0.06796374	0.025468148	0.02918923	0.028106427	0.039241932	0.06319458	0.032119602	0.041319303	0.092433624	0.02677145	0.021764131	0.029831843	0.03393565	0.03337878
SRR24759609_binette_bin65	0.48932856	0.3639614	0.3081834	0.37185633	0.30475777	0.39285907	0.36682734	0.3959752	0.44399664	0.40212953	0.41227382	0.3807215	0.35010436	0.6533143	0.42942843	0.36369264	0.4260459	0.48380065	0.37830633	0.40439844	0.43394253
SRR24759609_binette_bin67	0.022578925	0.0372874	0.03497448	0.035280813	0.04096736	0.0320938	0.03578843	0.02679965	0.013775197	0.031368714	0.033806134	0.039341293	0.03136946	0.04449044	0.031736903	0.04324627	0.029085321	0.032912146	0.039949477	0.013004655	0.021557976
SRR24759609_binette_bin69	0.16266061	0.09956389	0.096621774	0.12322995	0.11977297	0.117548525	0.07753889	0.1303376	0.13230641	0.11249095	0.11204039	0.12125118	0.1080926	0.31889197	0.12793213	0.10555688	0.12220577	0.11832842	0.12548281	0.1435523	0.11954772
SRR24759609_binette_bin7	0	0	0	0	0	0	0	0.0052388674	0	0	0	0	0	0.029842842	0.002152788	0	0	0	0	0	0
SRR24759609_binette_bin79	0.015903225	0.03121377	0.029666848	0.05572379	0.020543665	0.008079714	0.037017334	0.021090765	0.025284898	0.012883403	0.015435326	0.017095897	0.01623952	0.044016376	0.008846318	0.020940771	0.017142639	0.019260546	0.02493901	0.016732687	0.0401044
SRR24759609_binette_bin80	0.012693698	0.023459153	0.0093517825	0.014223055	0.0149659235	0.011187051	0.01445789	0.012615617	0.004307323	0.0101400865	0.013091039	0.01273897	0.01061239	0.021033693	0.014478723	0.016109666	0.012226624	0.015491466	0.015411688	0.0046502436	0.006461296
SRR24759609_binette_bin82	0.015519239	0.025536286	0.05054816	0.04936044	0.03726324	0.02528967	0.029378535	0.04446444	0.024507632	0.019942533	0.019865446	0.031432156	0.04070882	0.02456525	0.02879441	0.052490663	0.018438542	0.015820345	0.019378237	0.022540115	0.023195852
SRR24759609_binette_bin86	0.64705867	0.31483912	0.27579096	0.40907907	0.4340546	0.4608238	0.35134014	0.5366248	0.539342	0.39987203	0.45365262	0.45707172	0.39656082	0.8160845	0.48650634	0.3316336	0.52093273	0.5070684	0.31826445	0.3876865	0.5373915
SRR24759609_binette_bin87	0.031426616	0.07492486	0.0412625	0.12809116	0.07354927	0.089026906	0.074281275	0.033169042	0.04335359	0.044800945	0.0534334	0.08275007	0.051201854	0.055373687	0.06377967	0.03760496	0.06624042	0.051140487	0.07582295	0.040792443	0.12259855
SRR24759609_binette_bin88	0.013191364	0.03277157	0.02231068	0.048055124	0.041481417	0.074022785	0.015000558	0.02630512	0.040414486	0.018445306	0.019359322	0.041651636	0.051329676	0.027398655	0.017662004	0.031211104	0.035147637	0.019013045	0.034848146	0.0390705	0.035965376
SRR24759609_binette_bin90	0.009894289	0.002440647	1.0117891	0.016988426	0.0037152336	0.013864725	0.016691554	0.0128799435	0.0012026016	0.0026218914	0	0	0.001336224	0.20472048	0.0064420546	0.0036265447	0.027147202	0.0013855307	0.008709099	0.006234771	0.041026067
SRR24759609_binette_bin91	0	0	0.029266253	0	0	0	0	0	0	0	0.0014199833	0	0	0.031695165	0.016698804	0	0	0	0	0	0
SRR24759609_binette_bin92	0.017364813	0.023687039	0.028826587	0.02018324	0.0475718	0.03035801	0.0771903	0.011277771	0.008416595	0.0133367535	0.03255494	0.014073857	0.037308294	0.05239805	0.01988836	0.025891766	0.032972086	0.01432903	0.06802586	0.011058383	0.02983765
SRR24759610_binette_bin1	0	0.06250844	0.3493671	0.06368707	0.01382555	0.009105972	0.05539163	0.05496413	0.005915212	0.0041578	0.034818552	0.011142248	0	0.0037961176	0.10201078	0.056851964	0.008624762	0.028519765	0.0039282497	0.038510423	0.0449548
SRR24759610_binette_bin102	0.51638657	0.42706123	0.37396008	0.42562774	0.40301493	0.4039531	0.4725602	0.48369232	0.50641674	0.50149393	0.5260527	0.50501716	0.44306195	0.5088766	0.5822322	0.49630064	0.5649906	0.5272043	0.4963762	0.47226056	0.48481423
SRR24759610_binette_bin103	0.43635744	0.37254372	0.28594792	0.36852732	0.340078	0.2875126	0.40057552	0.41817635	0.40333515	0.40490484	0.4263107	0.4059833	0.32859546	0.40829968	0.5086753	0.3816143	0.45874712	0.4637754	0.36170357	0.37624705	0.4143429
SRR24759610_binette_bin104	0.042975433	0.08251886	0.1032971	0.0979169	0.08087536	0.059260443	0.07345098	0.072058864	0.05453123	0.051868383	0.04605817	0.04985461	0.06164094	0.028014638	0.054915812	0.07143504	0.036481228	0.0426549	0.059647497	0.07036915	0.0606858
SRR24759610_binette_bin105	0.4804352	0.39630735	0.32384387	0.42200497	0.3512937	0.39645705	0.38174164	0.4578012	0.44112393	0.45223337	0.4483315	0.43582192	0.3933449	0.4942349	0.64453626	0.40240875	0.4972558	0.4850434	0.42248738	0.43977204	0.45469186
SRR24759610_binette_bin106	0.37749392	0.35330328	0.27945036	0.32899627	0.32006332	0.2792551	0.3952867	0.325984	0.38976502	0.3957281	0.40605056	0.3588391	0.32587355	0.34884977	0.42414737	0.3984712	0.40650487	0.406632	0.39886022	0.37949	0.33756387
SRR24759610_binette_bin108	0.3211287	0.30362773	0.2736055	0.30895123	0.24748643	0.2892954	0.3047803	0.32335928	0.32478938	0.34619132	0.36059865	0.31883225	0.30996025	0.35791612	0.45409352	0.33191139	0.3414619	0.37876236	0.34445024	0.3380698	0.33698055
SRR24759610_binette_bin2	0.01551679	0.050926145	0.06906382	0.044650704	0.038659	0.0153473085	0.04351083	0.05291734	0.041948136	0.04729004	0	0.055524774	0	0.02768859	0.050415527	0.007931252	0.019664146	0.040453255	0.015602946	0.007947908	0.011865316
SRR24759610_binette_bin23	0.037713334	0.079071835	0.03556672	0.047292013	0.048342414	0.037586767	0.051879697	0.0393324	0.011931846	0.040682025	0.042207096	0.041146252	0.037242822	0.044019554	0.060686067	0.054633874	0.052545857	0.058812898	0.055122793	0.017476708	0.026678406
SRR24759610_binette_bin25	0.008261743	0.014099607	0.013208108	0.00911737	0.008084527	0.007915657	0.0085670715	0.0071426528	0.0024597505	0.006561805	0.007468321	0.009362718	0.00651421	0.008951603	0.028129712	0.010570039	0.009401017	0.009164153	0.010225822	0.003696131	0.004609602
SRR24759610_binette_bin26	0.038263794	0.03951129	0.20729667	0.11223615	0.10069327	0.048274983	0.056843407	0.14396836	0.033619355	0.03993963	0.04635196	0.057149958	0.16492537	0.024188228	0.15001361	0.2681728	0.034783036	0.015400926	0.04212087	0.04146198	0.034309037
SRR24759610_binette_bin31	0.021653635	0.056928102	0.07853481	0.0616361	0.109188214	0.0512311	0.06490882	0.07284971	0.019642571	0.085694045	0.09486488	0.111924775	0.08015551	0.069394335	0.07994303	0.09893634	0.03573356	0.04927022	0.08631772	0.021193685	0.05332585
SRR24759610_binette_bin33	0	0	0	0	0	0	0	0	0	0	0	0	0	0	0.019998223	0	0	0	0.004933677	0	0
SRR24759610_binette_bin34	0.02648359	0.07479531	0.109404825	0.08605417	0.07366375	0.022176405	0.061060466	0.036157347	0.050716568	0.026243147	0.04499932	0.034862824	0.044637557	0.024723196	0.037672516	0.039821923	0.03398225	0.04494783	0.041557092	0.042742386	0.05324393
SRR24759610_binette_bin35	0.0532934	0.15035082	0.0846604	0.16219336	0.12101019	0.14840467	0.13942574	0.059303343	0.10227469	0.07494078	0.07629177	0.13170494	0.0777651	0.06786156	0.15740062	0.06800194	0.076845355	0.13213208	0.13493605	0.09928685	0.14859346
SRR24759610_binette_bin37	0.012165036	0.02119094	0.012397192	0.01688021	0.021853166	0.0112046935	0.01437948	0.014960726	0.013649947	0.007613848	0.009073222	0.008861061	0.016142046	0.0061814995	0.01707384	0.017103387	0.010051974	0.008785055	0.008995354	0.012273315	0.012231346
SRR24759610_binette_bin38	0.02063589	0.040495656	0.013982932	0.021345763	0.023773503	0.015615863	0.022801677	0.02126577	0.006801642	0.015328101	0.017180474	0.020063674	0.014850814	0.018852118	0.034009065	0.02512291	0.021575099	0.03201012	0.021592852	0.007988195	0.011410089
SRR24759610_binette_bin39	0.020772947	0.05082069	0.1791237	0.076156184	0.051734347	0.041150834	0.04555908	0.056820076	0.029216373	0.027969373	0.028802477	0.028251473	0.058780864	0.01481552	0.047064625	0.05908309	0.022148797	0.017441923	0.039048664	0.04002621	0.033739194
SRR24759610_binette_bin41	0.020272406	0.02446507	0.032478623	0.01852073	0.041048985	0.023585102	0.05321973	0.01984599	0.013805619	0.0195967	0.03353722	0.024831729	0.038450528	0.034671206	0.0952893	0.027006857	0.037990443	0.021595463	0.043263935	0.012132701	0.028698692
SRR24759610_binette_bin42	0.06311075	0.034588706	0.10508675	0.07322	0.057106644	0.032947246	0.087982126	0.020140732	0.04960723	0.038086206	0.0951191	0.03620833	0.072351255	0.033583645	0.10212849	0.046543583	0.050457314	0.035081994	0.021760939	0.06628186	0.11454737
SRR24759610_binette_bin43	0.029618276	0.054078095	0.13210952	0.07325318	0.049012866	0.033071004	0.04571787	0.04810253	0.037442844	0.027089836	0.030834978	0.027605575	0.04810568	0.020358441	0.040845808	0.045458473	0.025896007	0.026132721	0.037178185	0.043713927	0.035016846
SRR24759610_binette_bin47	0.015030722	0.029799297	0.040693816	0.03490913	0.027367342	0.013238833	0.026739169	0.017063392	0.024687026	0.014791325	0.016335312	0.020318696	0.025130514	0.013390554	0.037595566	0.021590337	0.016806688	0.018858006	0.018068632	0.019985594	0.021655379
SRR24759610_binette_bin49	0.057286818	0.04352301	0.10534615	0.038117453	0.042391412	0.044367272	0.05224174	0.015395773	0.044077843	0.02340144	0.049912255	0.036029514	0.06884112	0.02583526	0.052061412	0.026952034	0.05122899	0.026099313	0.017502535	0.037820198	0.059840553
SRR24759610_binette_bin5	0.04480653	0.028558647	0.02047938	0.037223272	0.020585218	0.036476266	0.12613167	0.039915606	0.017458009	0.030374432	0.06329826	0.03687555	0.10123504	0.12657641	0.10412155	0.027481975	0.19803117	0.07022782	0.117032014	0.019965628	0.049690712
SRR24759610_binette_bin51	0.47437745	0.28648892	0.27515075	0.37777367	0.31162623	0.35289142	0.33162206	0.45864215	0.36169484	0.3864186	0.43798175	0.39925948	0.32666993	0.47330824	0.6842218	0.32828066	0.4938745	0.45168042	0.33247885	0.32072464	0.4348095
SRR24759610_binette_bin52	0.093990564	0.106717385	0.033355955	0.036086004	0.056852877	0.040424574	0.046620905	0.09139712	0.07553221	0.03418251	0.041666593	0.06306381	0.042925887	0.075011365	0.074661344	0.04497521	0.07088393	0.06716692	0.049442403	0.035193168	0.043853585
SRR24759610_binette_bin53	0	0	0.00927256	0	0.013422979	0.01129084	0	0.025497336	0	0.008441722	0	0.21158433	0	0.0012766444	0.016369356	0.0024888867	0.0011703019	0.001203164	0	0.12186347	0
SRR24759610_binette_bin54	0.02690874	0.04255089	0.024625357	0.03301337	0.029729584	0.017063685	0.02277366	0.021473546	0.026193855	0.012375154	0.01860849	0.015166748	0.015756316	0.011058365	0.031661566	0.023297662	0.019227855	0.01555858	0.018345283	0.026596818	0.023353186
SRR24759610_binette_bin55	0.40707743	0.3755151	0.3133713	0.37434238	0.29960442	0.33114266	0.35627738	0.37991327	0.3841744	0.40900633	0.40454295	0.3766916	0.33480692	0.39950055	0.5689191	0.3818273	0.4408225	0.43732956	0.38976368	0.38810518	0.38282654
SRR24759610_binette_bin56	0.014700602	0.031041447	0.012339705	0.016523104	0.015700584	0.013060592	0.017246533	0.014801355	0.005479091	0.013396041	0.014999529	0.015234843	0.012994905	0.0148675395	0.029824829	0.018619008	0.016707325	0.019431168	0.019377027	0.006833218	0.009671541
SRR24759610_binette_bin58	0.035578355	0.12821068	0.090913616	0.14648113	0.13265346	0.1552254	0.15053363	0.055683468	0.09333213	0.081309445	0.07412013	0.13267669	0.08025605	0.05947632	0.16810648	0.053351186	0.07461453	0.13750477	0.10801233	0.10546491	0.15811607
SRR24759610_binette_bin59	0.009028562	0.029082043	0.02804125	0.022173746	0.03041538	0.023847744	0.02641245	0.017857522	0.021911303	0.030121325	0.010289334	0.010489666	0.018504223	0.006441548	0.016206745	0.0133459885	0.009914208	0.008041491	0.009888337	0.018870981	0.02469742
SRR24759610_binette_bin60	0.005299261	0.015345539	0.024846368	0.010517604	0.02354336	0.009105143	0.008355259	0.041577946	0.023315623	0.010249503	0.0038184146	0.035286598	0.007195089	0.004125073	0.03910107	0.006811378	0.0037264235	0.033249114	0.0066576498	0.008259293	0.0037971474
SRR24759610_binette_bin62	0.042621545	0.05350833	0.02907641	0.049186666	0.03479309	0.014726042	0.028511506	0.020822132	0.047654383	0.015316285	0.021615678	0.017528368	0.0151413875	0.025741605	0.024260858	0.026766868	0.034617383	0.02087316	0.029420558	0.03199515	0.042296607
SRR24759610_binette_bin63	0.17626642	0.14443506	0.12952112	0.1330621	0.14974055	0.14803587	0.1725662	0.20421953	0.19978423	0.18106389	0.18271312	0.1643702	0.18142195	0.16267638	0.19760951	0.22343193	0.16834629	0.17588489	0.2224612	0.17034575	0.16971056
SRR24759610_binette_bin64	0.009092463	0.015353853	0.009035528	0.009502653	0.019876195	0.012255679	0.02421864	0.007944282	0.005503675	0.006109684	0.011330531	0.022036124	0.011900824	0.012132003	0.015239577	0.013887931	0.016830066	0.007706224	0.024106951	0.0067120856	0.009213842
SRR24759610_binette_bin65	0.6474521	0.43123382	0.42561552	0.56177187	0.44682142	0.5567614	0.45722556	0.633929	0.57850564	0.56832165	0.61974245	0.56924266	0.4994417	0.676438	0.9149133	0.50207484	0.64023554	0.60561824	0.5156836	0.5480462	0.63544935
SRR24759610_binette_bin66	0.28804278	0.26989153	0.26909602	0.22526777	0.25403535	0.21580353	0.24021918	0.37938544	0.27960348	0.30124012	0.29904842	0.34073558	0.32411537	0.24649052	0.336238	0.39152795	0.2600132	0.31211215	0.36117107	0.26320606	0.25729486
SRR24759610_binette_bin68	0	0.036356386	0.21525131	0.048454743	0.009986658	0.0062469607	0.032190472	0.035078887	0.0042535895	0.077375546	0.023331113	0.007699978	0	0.002622568	0.0735483	0.039943065	0.0066344445	0.016125476	0.0031632292	0.020097204	0.034698736
SRR24759610_binette_bin69	0.037265785	0.08150962	0.1598185	0.092077844	0.06471818	0.022205653	0.0627131	0.031877067	0.056860134	0.022964528	0.044004135	0.031099876	0.04727501	0.027905846	0.039076556	0.041144043	0.03905889	0.04634579	0.048840627	0.051627517	0.053540897
SRR24759610_binette_bin70	0.5928034	0.3995991	0.36269456	0.4970977	0.40374085	0.46197456	0.4366715	0.57010615	0.53353214	0.5215477	0.53806573	0.5119098	0.42299983	0.5876683	0.76609904	0.4691959	0.581384	0.5612891	0.45524496	0.4824161	0.5784117
SRR24759610_binette_bin71	0.40661725	0.3283237	0.28451088	0.3471529	0.29970458	0.310703	0.3562025	0.40758467	0.37209216	0.36298382	0.42024314	0.38683027	0.2991557	0.40215024	0.50003713	0.3401466	0.44812924	0.4492166	0.3262957	0.35366455	0.390259
SRR24759610_binette_bin72	0.05748786	0.071545824	0.04807414	0.07234038	0.07852011	0.08457895	0.07258748	0.0760359	0.072592154	0.069589116	0.074970104	0.064028	0.07676567	0.07488379	0.088787146	0.07074867	0.06440931	0.070399225	0.07624346	0.07271708	0.07758074
SRR24759610_binette_bin73	0.025360182	0.03961322	0.030595852	0.040436666	0.042235877	0.034260616	0.03738487	0.030259855	0.01425967	0.03009966	0.03563119	0.041318003	0.03622341	0.022822697	0.061644893	0.046797026	0.0319321	0.03573373	0.04016474	0.013719748	0.02080032
SRR24759610_binette_bin74	0.08830891	0.0732459	0.06805447	0.068499684	0.08283426	0.08216371	0.09628825	0.08226591	0.10988765	0.088691555	0.08306121	0.08409729	0.10212664	0.080959976	0.11375528	0.10229698	0.07880254	0.08307667	0.119258545	0.08509073	0.07660832
SRR24759610_binette_bin75	0.48929882	0.3911027	0.33929718	0.41813454	0.38758722	0.40369478	0.44237658	0.46465296	0.48164	0.4670327	0.482456	0.457232	0.40820685	0.5042859	0.59103554	0.44737923	0.50524884	0.5066211	0.44665852	0.4466488	0.46924016
SRR24759610_binette_bin78	0.17051183	0.16953817	0.15033238	0.15079029	0.15447506	0.16873595	0.2122586	0.14613792	0.23602796	0.22003755	0.20754169	0.17154065	0.18714134	0.17451777	0.22767402	0.25049257	0.1893916	0.18382254	0.2728379	0.20006211	0.16896223
SRR24759610_binette_bin9	0.016056843	0.016605752	0.009182186	0.011256911	0.014723774	0.02025795	0.04803997	0.010465544	0.0033753046	0.012237457	0.03065034	0.021081785	0.03339733	0.03420722	0.11060262	0.02383363	0.0427857	0.016155653	0.067479014	0.007435921	0.014966556
SRR24759610_binette_bin91	0.14008063	0.12914036	0.13189098	0.119565845	0.1332711	0.11451387	0.15080343	0.18512425	0.17882489	0.163046	0.16760913	0.16607244	0.1993502	0.12952107	0.18408084	0.21435882	0.13765894	0.14938837	0.22683984	0.14075649	0.14819276
SRR24759610_binette_bin92	0.5542542	0.41368964	0.35016665	0.47575274	0.41563115	0.4186707	0.4309986	0.5500215	0.5058868	0.5355158	0.50241596	0.49761385	0.3905595	0.54622877	0.70772374	0.4410338	0.5934348	0.5290905	0.43567416	0.46882674	0.5270652
SRR24759610_binette_bin93	0.017488625	0.043446958	0.08513536	0.055948924	0.043708887	0.03690152	0.035987023	0.050919134	0.024445841	0.03114214	0.024579499	0.027126923	0.04332883	0.011742565	0.050932523	0.050358865	0.016938625	0.016821314	0.030529197	0.03247697	0.030303553
SRR24759610_binette_bin95	0.11240699	0.115613274	0.13035011	0.089913264	0.10966613	0.10139391	0.103873916	0.14489804	0.12643456	0.12896839	0.13534297	0.15601657	0.14875828	0.1187327	0.15038328	0.1818346	0.112992875	0.15857089	0.16974394	0.11426276	0.122191496
SRR24759610_binette_bin97	0.010686811	0.02544795	0.014039458	0.035251774	0.02465963	0.013144052	0.01813152	0.019443091	0.020258836	0.032665066	0.009048876	0.013575904	0.010376681	0.0076611754	0.016187586	0.013424227	0.010336616	0.011077877	0.0085741505	0.014676867	0.013599297
SRR24759610_binette_bin98	0.027513225	0.052222177	0.022566577	0.029781308	0.033142786	0.021948671	0.030938333	0.029148439	0.0088466285	0.02525493	0.02769642	0.029965173	0.024589201	0.029484125	0.043036982	0.037423257	0.029145118	0.040381808	0.03171054	0.011038472	0.017310763
SRR24759610_binette_bin99	0.039091133	0.053303413	0.040817663	0.04162008	0.040226955	0.05345865	0.034113117	0.040062983	0.06738573	0.03536074	0.03177333	0.050626036	0.045811374	0.043179262	0.029104335	0.044400398	0.03492429	0.040596854	0.047676418	0.039465357	0.044420537
SRR24759611_binette_bin18	0.23895253	0.23727863	0.2981202	0.20211542	0.23942572	0.23942955	0.20333028	0.31059003	0.25831923	0.30180365	0.2595966	0.339861	0.34557557	0.22791232	0.2728026	0.41972548	0.21418415	0.25741142	0.36823282	0.26699844	0.21440989
SRR24759611_binette_bin26	0	0.02167373	0.005587808	0.0043944027	0.009169564	0.008328835	0	0.023404982	0.004178586	0.003927468	0	0.029542826	0.010649051	0.007118084	0.0011689956	0.03148766	0	0	0.005625398	0.014737205	0.006461594
SRR24759611_binette_bin28	0.019580321	0.04022461	0.0126873385	0.031516172	0.013685979	0.012162006	0.019023871	0.010447009	0.018449467	0.010719089	0.009518207	0.008815892	0.016101962	0.012609584	0.006256982	0.036253355	0.011393154	0.008750083	0.016761255	0.016683921	0.015491096
SRR24759611_binette_bin29	0.030865341	0.053506494	0.079777256	0.084073015	0.13252501	0.07023031	0.071592115	0.07680505	0.02087112	0.07988731	0.100060895	0.103575096	0.088584155	0.052838396	0.07174737	0.1302367	0.03678618	0.048613574	0.13185741	0.025606783	0.043643124
SRR24759611_binette_bin30	0.012781899	0.015444177	0.0070075965	0.015045724	0.023997257	0.011086038	0.027669081	0.008222033	0.0020485253	0.00953672	0.026902322	0.013140824	0.02312168	0.031376794	0.011686876	0.029064693	0.029739978	0.036714416	0.02837444	0.0027239567	0.004173235
SRR24759611_binette_bin31	0.02846448	0.041218486	0.028446505	0.041220587	0.02954273	0.034936838	0.03855477	0.027068645	0.025805386	0.03307605	0.032606196	0.02606233	0.027752912	0.020358194	0.023715286	0.05057166	0.02648857	0.032337267	0.03915741	0.026333198	0.039363053
SRR24759611_binette_bin32	0.030907473	0.04051742	0.018558983	0.02874151	0.016360786	0.018004704	0.040070754	0.05608855	0.022786887	0.041662898	0.040099148	0.03886739	0.02275404	0.01630899	0.03219607	0.041927923	0.019314542	0.049040977	0.025976587	0.022721149	0.034488402
SRR24759611_binette_bin33	0.0963339	0.076306395	0.08981835	0.087034024	0.08137456	0.098250695	0.09042563	0.13035715	0.10885931	0.117735796	0.106938995	0.11750048	0.10831485	0.095783256	0.09909571	0.15056996	0.0981005	0.11307994	0.113342755	0.10004002	0.10583771
SRR24759611_binette_bin34	0.018942194	0.010704646	0.009695708	0.017181749	0.009465393	0.02143464	0.08376865	0.015305752	0.006023269	0.0071076276	0.027373062	0.012448224	0.035035305	0.050532375	0.013015483	0.02228065	0.060025677	0.021709532	0.072005965	0.008006897	0.015212283
SRR24759611_binette_bin35	0.02095557	0.015045319	0.022115914	0.009407392	0.03002431	0.029268317	0.0085521005	0.009350134	0.0030065398	0.013067853	0.006922539	0.008383639	0.013914581	0.013078881	0.0063213175	0.03688668	0.018115874	0.003745712	0.009237418	0.0153863495	0.0048582805
SRR24759611_binette_bin36	0.02138544	0.012502431	0.0114812	0.019481573	0.010364332	0.024990425	0.07584806	0.01807242	0.0069177393	0.007696696	0.032012355	0.01472551	0.04101027	0.057477724	0.012516446	0.026202831	0.06771849	0.02516624	0.074545525	0.008185525	0.018102743
SRR24759611_binette_bin39	0.044646785	0.041825145	0.20038255	0.12234237	0.08565172	0.048826423	0.04847576	0.17591736	0.030168306	0.040526763	0.04909509	0.04749316	0.17606565	0.022046342	0.08970701	0.32966566	0.03568191	0.01170813	0.042285405	0.04397471	0.03682259
SRR24759611_binette_bin40	0.009166809	0.0065585934	0.005125721	0.0075351554	0.010023521	0.015478233	0.061347254	0.0048799864	0.001980641	0.0048625516	0.016473148	0.007401103	0.013883932	0.020266721	0.009811543	0.018439723	0.015700337	0.010887989	0.053611714	0.0038799	0.0064048376
SRR24759611_binette_bin41	0.022719214	0.042498454	0.0154787125	0.023682566	0.027356936	0.020940604	0.026045281	0.01871524	0.0063479976	0.019381192	0.02309342	0.01974457	0.022868859	0.022102972	0.025872633	0.038289607	0.022881854	0.030409157	0.024413617	0.009754963	0.011662145
SRR24759611_binette_bin42	0	0.302132	0.111437604	0.058621604	0.123601794	0.045777228	0.07086025	0.2907997	0.065109946	0.031951535	0	0.16130047	0.120181724	0.0024057548	0.00534585	0.016153445	0.0054979282	0.016761564	0.009816181	0.05984179	0.102348424
SRR24759611_binette_bin43	0.035925105	0.04654015	0.07828739	0.075264804	0.042929612	0.030498141	0.037498426	0.06827801	0.035865095	0.024717359	0.029434953	0.019051466	0.086437054	0.018200342	0.041656878	0.18835576	0.024921611	0.017107666	0.033909395	0.04281069	0.032328025
SRR24759611_binette_bin45	0.037243992	0.0960787	0.07420345	0.092645064	0.07849755	0.025127959	0.0619325	0.04281284	0.06630669	0.039807875	0.04306205	0.03610854	0.058148883	0.026273891	0.03469569	0.08521037	0.04174336	0.050809294	0.077825226	0.057535414	0.06476392
SRR24759611_binette_bin47	0.04638458	0.04570872	0.20456898	0.13017458	0.086893864	0.054060157	0.057768166	0.1712365	0.035079684	0.04400073	0.051960103	0.05156138	0.16158716	0.022644116	0.086150825	0.32033706	0.03671576	0.013349124	0.049253285	0.04923257	0.04024323
SRR24759611_binette_bin48	0.06835402	0.037997756	0.10487986	0.08752205	0.060024954	0.036433127	0.13575555	0.014402609	0.05985561	0.03985004	0.07130483	0.029581904	0.07444064	0.035808515	0.06117413	0.065679	0.05209341	0.028134266	0.025202313	0.052905828	0.11038883
SRR24759611_binette_bin5	0.02736144	0.12242114	0.080923624	0.10680718	0.10473672	0.019331386	0.07210771	0.036689322	0.07475734	0.03812357	0.056196276	0.038533214	0.057981864	0.030747043	0.029876513	0.07565162	0.047064736	0.06366022	0.07712858	0.06165996	0.08191579
SRR24759611_binette_bin70	0.035128158	0.114817984	0.04541278	0.13644893	0.086286604	0.091659866	0.087735906	0.02872814	0.03612285	0.04297827	0.06726934	0.06962868	0.047050864	0.039626252	0.05481467	0.063642815	0.060383298	0.028840322	0.08489122	0.059187654	0.113270044
SRR24759611_binette_bin71	0.04631024	0	0	0	0.0028343701	0	0.009840295	0	0.066702455	0.031053632	0	0	0	0.0013355371	0.004651078	0.03954402	0	0.0018059999	0.010789286	0.008407549	0.0022657192
SRR24759611_binette_bin73	0.33815417	0.2683729	0.2902799	0.28303856	0.2830426	0.30960652	0.27701032	0.35780165	0.40498215	0.38359642	0.32510096	0.39520213	0.33144796	0.31465554	0.36370715	0.4665634	0.30126953	0.34988904	0.44120535	0.34841898	0.32208753
SRR24759611_binette_bin74	0.02420587	0.022183986	0.019999001	0.02283671	0.026666567	0.02865503	0.08211951	0.01970161	0.010254164	0.0138167795	0.038808975	0.021750707	0.05107046	0.057878863	0.019780047	0.03446769	0.070525005	0.025488677	0.07611081	0.011367257	0.026044179
SRR24759611_binette_bin75	0	0	0	0	0	0	0	0	0	0	0	0	0	0	0	0.030207189	0	0.0030794123	0	0	0.0024456177
SRR24759611_binette_bin78	0.02393332	0.044999436	0.016312491	0.024157804	0.026407566	0.019263426	0.027174408	0.020714952	0.006016538	0.018877555	0.02192927	0.020300815	0.020429188	0.021650394	0.02617783	0.038515482	0.022424456	0.03110137	0.025543248	0.0090568	0.011946839
SRR24759611_binette_bin79	0	0.25606638	0.10572372	0.05064653	0.10778697	0.037726738	0.059863795	0.2925873	0.05672114	0.031959552	0	0.12009376	0.12311602	0.0029969586	0.0054543177	0.01708609	0.005436281	0.0033249797	0.0037658508	0.056212533	0.082512744
SRR24759611_binette_bin80	0.057181403	0.019733286	0.039728634	0.07163271	0.0288329	0.028185306	0.06189206	0.009412782	0.026997065	0.025672572	0.032501135	0.018432867	0.066861495	0.015829513	0.023645343	0.057918545	0.02698296	0.020321922	0.009415638	0.03536406	0.16503258
SRR24759611_binette_bin82	0.004812229	0.008275979	0.00591119	0.0053686597	0.015836366	0.010536277	0.016367773	0.0047592567	0.0033544218	0.006090135	0.009825715	0.008815275	0.011485239	0.009897607	0.012442432	0.02004065	0.009835494	0.011931057	0.012655094	0.0037807368	0.008833593
SRR24759611_binette_bin84	0.026270783	0.08212729	0.04660281	0.1087311	0.06761578	0.08444523	0.06348453	0.027310615	0.02752745	0.03392943	0.053128425	0.06845401	0.04346122	0.029658997	0.047494825	0.055873618	0.049255375	0.037667643	0.0738968	0.033254087	0.09318761
SRR24759611_binette_bin92	0.097610645	0.06313194	0.09277131	0.068940826	0.058480646	0.06905155	0.06884611	0.105895504	0.11552634	0.10844864	0.083564796	0.09245985	0.07467743	0.08831138	0.07693174	0.14903943	0.1094681	0.09474473	0.13933605	0.12918696	0.07514064
SRR24759612_binette_bin1	0	0	0	0	0.0036068456	0	0	0	0	0	0	0	0	0	0.0015699697	0	0.121109	0	0	0	0
SRR24759612_binette_bin17	0.309701	0.37166438	0.29447284	0.32072687	0.22280836	0.3257707	0.30095482	0.25844428	0.29338443	0.3621831	0.3252003	0.29689908	0.29671332	0.3462006	0.36759973	0.3150397	0.44049108	0.36462843	0.34763137	0.38240287	0.27555558
SRR24759612_binette_bin19	0.015299402	0.029286647	0.041506182	0.03431823	0.036574733	0.033132583	0.038644765	0.037240334	0.019230532	0.035779014	0.016437752	0.04984063	0.040562138	0.016784165	0.034327038	0.033004075	0.0318774	0.025864197	0.028388107	0.03721584	0.022881862
SRR24759612_binette_bin21	0.019271122	0.049423702	0.02337074	0.027535584	0.027387246	0.02063627	0.030310739	0.022748725	0.009003785	0.025289156	0.021585006	0.027682966	0.023803784	0.019814476	0.026865184	0.03011058	0.05164415	0.026621956	0.029878274	0.01086021	0.019548729
SRR24759612_binette_bin23	0.5082674	0.39344215	0.33907264	0.40366295	0.33102235	0.43104056	0.38823408	0.4186436	0.45705938	0.47046036	0.4606862	0.41825002	0.3681364	0.49567142	0.47920108	0.40556812	0.69172525	0.495346	0.4110443	0.46618408	0.4576978
SRR24759612_binette_bin24	0	0	0.010260012	0.005772528	0.010990747	0	0	0.0066789864	0	0.012559201	0.009760227	0.006742411	0.009187959	0.004900509	0.0044607697	0.0105850715	0.10986866	0.0071721184	0.005213587	0.0017007634	0
SRR24759612_binette_bin25	0.01237155	0.016481979	0.022231448	0.021922087	0.021425033	0.011730552	0.020820552	0.013553767	0.015576462	0.032249037	0.012362443	0.015651206	0.021688862	0.010571208	0.010401184	0.016230382	0.031930987	0.013621876	0.014239574	0.013397165	0.01723694
SRR24759612_binette_bin27	0.013908217	0.013060714	0.013804213	0.011444587	0.018021254	0.015770651	0.037068613	0.0088463295	0.0064652856	0.008736311	0.026194133	0.013041898	0.025636563	0.02329278	0.013856561	0.020566883	0.040993266	0.011288413	0.03996457	0.0062148	0.0119080655
SRR24759612_binette_bin28	0.2389802	0.07698734	0.2904854	0.116832286	0.09636186	0.053110067	0.15467614	0.02421773	0.0741185	0.07658924	0.15982598	0.06267213	0.1826179	0.14118806	0.06364289	0.06617488	0.24200964	0.062363505	0.051320195	0.12522858	0.21366364
SRR24759612_binette_bin30	0	0.43210036	0.10652033	0.08925733	0.16428605	0.04711736	0.10855466	0.16424155	0.082106255	0.04744296	0	0.08352235	0.06800839	0.0023261127	0.0063164774	0.00889613	0.013172875	0.0047194576	0.008671322	0.059322946	0.16168898
SRR24759612_binette_bin31	0.0023732649	0.027842041	0.009550114	0.0063027344	0.020676032	0.0071416595	0.009767061	0.013695776	0.01058728	0.016754687	0.008763061	0.0067111757	0.002916589	0.0037706222	0.029435884	0.01086358	0.017626127	0.02503012	0.01941193	0.008014883	0.0072334856
SRR24759612_binette_bin33	0.024582772	0.05222932	0.02154833	0.030503856	0.028270205	0.021332284	0.032887682	0.024805656	0.007798818	0.024738919	0.026859142	0.024256261	0.024841767	0.02767494	0.034409463	0.03347216	0.046672236	0.03578586	0.03240711	0.011462733	0.01722554
SRR24759612_binette_bin35	0	0	0	0	0	0	0	0	0	0	0	0	0	0	0	0	0.028558252	0	0	0	0
SRR24759612_binette_bin36	0.04781041	0.13845137	0.039057475	0.116750084	0.091892794	0.10728101	0.11589475	0.028877717	0.024014555	0.040773056	0.07271978	0.10622329	0.051774003	0.07787244	0.041055635	0.04281682	0.10518206	0.028035646	0.0771025	0.04545808	0.12381952
SRR24759612_binette_bin38	0.045397814	0.09736696	0.14685546	0.13411543	0.116231345	0.043202903	0.08964774	0.10538713	0.06603637	0.050556462	0.070237555	0.06809709	0.11873381	0.0390243	0.067855224	0.1514271	0.0648222	0.05510792	0.06825088	0.065673575	0.07851373
SRR24759612_binette_bin39	0.069112286	0.23002695	0.118489034	0.25282443	0.18265125	0.35048813	0.19595818	0.061741713	0.07729544	0.09826461	0.1352882	0.23357315	0.102741204	0.10083152	0.12558442	0.08442977	0.1944901	0.09382674	0.172352	0.1348027	0.22922675
SRR24759612_binette_bin40	0	0	0	0	0	0	0	0	0	0	0	0	0	0	0	0	0.0289961	0	0	0	0
SRR24759612_binette_bin41	0.23162216	0.20915718	0.14981648	0.15990895	0.12891343	0.17058334	0.1545117	0.1753691	0.2014211	0.19951287	0.17289214	0.19183502	0.15506296	0.23031762	0.19308332	0.1881596	0.43887815	0.22325884	0.18229231	0.19614486	0.16846925
SRR24759612_binette_bin42	0.014257301	0.022289246	0.032955993	0.031223169	0.028654767	0.021782065	0.02620063	0.032431744	0.012753269	0.0327077	0.012710872	0.03878855	0.03153211	0.014869808	0.02634275	0.029921036	0.027385429	0.017824236	0.01952716	0.024461675	0.017457973
SRR24759612_binette_bin5	0.04438638	0.06472943	0.02710515	0.025249476	0.026439143	0.058248118	0.08953567	0.012091533	0.016574986	0.05213486	0.083737515	0.065492965	0.18308303	0.08267474	0.052555453	0.068022676	0.2924072	0.044949826	0.15085754	0.0240938	0.040350106
SRR24759612_binette_bin60	0.025818938	0.03791917	0.040925324	0.048008706	0.050436664	0.03782544	0.04183637	0.03385056	0.014169685	0.03700088	0.04457772	0.051775187	0.04494022	0.028874177	0.04311461	0.05599632	0.042028863	0.039738324	0.050465822	0.01595171	0.02428996
SRR24759612_binette_bin62	0.015449692	0.028642878	0.011462689	0.014558228	0.01700372	0.013188244	0.01683252	0.013441902	0.0046486976	0.012958197	0.016320648	0.013306431	0.014122071	0.016082522	0.017269395	0.021193016	0.025081938	0.017693894	0.020061227	0.0063069765	0.008225323
SRR24759612_binette_bin63	0.05710032	0.043533422	0.037246343	0.036069535	0.050308272	0.041458428	0.111295626	0.02593813	0.022710903	0.02405465	0.05642325	0.028083405	0.07827344	0.072474286	0.045347534	0.051343948	0.11917831	0.031049313	0.07712073	0.02554206	0.04270965
SRR24759612_binette_bin65	0.122442216	0.08224253	0.100904435	0.07870958	0.083463676	0.17585155	0.10010599	0.07162079	0.11057809	0.14655732	0.10600872	0.08973083	0.10322172	0.1298103	0.12600377	0.13120954	0.21240439	0.12108158	0.11779109	0.1306626	0.12772352
SRR24759612_binette_bin66	0.019650636	0.035697646	0.013850201	0.018945197	0.021210695	0.017044822	0.022837225	0.01728897	0.0059733135	0.016608387	0.019016532	0.018019829	0.017558387	0.018734435	0.02400394	0.024039866	0.032332603	0.026364606	0.022224225	0.007620441	0.010667913
SRR24759613_binette_bin1	0.0072573554	0.09298778	0.0348275	0.008478049	0.05493208	0.02528434	0.02344624	0.047684133	0.02881986	0.04321491	0.022824384	0.025839813	0.006920573	0.0053314287	0.11157667	0.031704843	0.012365876	0.09787857	0.049809717	0.026542647	0.017557366
SRR24759613_binette_bin15	0.015648546	0.016079357	0.01561652	0.0131011335	0.029253423	0.021413665	0.063709795	0.010000502	0.0067516835	0.012264422	0.02413332	0.012639652	0.028896796	0.02624078	0.012809607	0.024119796	0.029715989	0.029608466	0.060753543	0.007285748	0.014290737
SRR24759613_binette_bin2	0.15079577	0.14559193	0.086118266	0.047152705	0.13264553	0.074866414	0.076810956	0.051181596	0.06903757	0.046577636	0.03239401	0.124034725	0.1056356	0.05928202	0.13464728	0.13412109	0.07425785	0.13089934	0.092185855	0.034348894	0.045454327
SRR24759613_binette_bin21	0.07067058	0.094625294	0.10127332	0.070674665	0.16319272	0.08844489	0.1687733	0.047023606	0.039638538	0.08112177	0.12113656	0.057145074	0.13529769	0.12067354	0.060542468	0.09261034	0.13434647	0.06335316	0.12433232	0.03910069	0.108899176
SRR24759613_binette_bin22	0.010151878	0.021914756	0.018718526	0.018496031	0.04470159	0.0123176295	0.01693796	0.021217816	0.013111583	0.034532074	0.011030806	0.011573651	0.01998146	0.008342073	0.0135719385	0.021015126	0.010268076	0.020490479	0.01610485	0.011120342	0.012593255
SRR24759613_binette_bin23	0.03283947	0.05576532	0.053745914	0.11197664	0.06504473	0.07038032	0.051242568	0.043043483	0.059889052	0.049281046	0.044619195	0.057351008	0.051717285	0.026880315	0.052912943	0.06362801	0.036176797	0.050140847	0.07251941	0.057774972	0.083627105
SRR24759613_binette_bin24	0.21659674	0.19805652	0.18457395	0.18777023	0.15895005	0.1833383	0.21604113	0.18068443	0.21468726	0.21816403	0.23075041	0.20196943	0.18209754	0.2547587	0.20201714	0.20674698	0.20971815	0.36129776	0.21747467	0.2036385	0.23088646
SRR24759613_binette_bin25	0.16552551	0.17817532	0.19796911	0.14859311	0.15602727	0.14888693	0.13504146	0.20230924	0.16753606	0.17525275	0.17162873	0.20616384	0.22557653	0.20696346	0.177125	0.22115926	0.13759193	0.2820168	0.2082582	0.16074292	0.19668627
SRR24759613_binette_bin27	0.45538533	0.34422433	0.31832412	0.38265687	0.31688142	0.3789879	0.36351866	0.39233327	0.41902375	0.38454032	0.42761075	0.37834963	0.34570754	0.4789869	0.42529914	0.3487531	0.42279086	0.6117826	0.3487475	0.3893861	0.43220866
SRR24759613_binette_bin30	0.017897105	0.03722812	0.02447187	0.025748122	0.03606121	0.026672501	0.024801187	0.025518516	0.008361955	0.028188515	0.0312335	0.031622738	0.0258	0.022955062	0.02804333	0.039940163	0.023260865	0.048593637	0.033398636	0.009839958	0.018186932
SRR24759613_binette_bin32	0.01607039	0.015051491	0.016074914	0.014744127	0.028645206	0.025743226	0.07980848	0.009794148	0.0055655222	0.013970042	0.026368765	0.011715612	0.025301153	0.027458616	0.013395117	0.022510735	0.02569364	0.024048166	0.06868987	0.007484285	0.015892696
SRR24759613_binette_bin33	0	0	0.0032076517	0.0056473627	0	0	0	0.004731229	0	0.0050285356	0.00170273	0	0.0029192537	0.003026635	0.00079871144	0.0033783931	0	0.07782591	0	0	0
SRR24759613_binette_bin34	0.013827367	0.023226764	0.030112457	0.031138076	0.02581432	0.015079627	0.024018304	0.021208558	0.025357887	0.023423774	0.014857954	0.01892065	0.022916194	0.009806745	0.01715405	0.022155933	0.01323099	0.038018867	0.01705724	0.017509686	0.02155542
SRR24759613_binette_bin36	0.06933495	0.08173791	0.0643177	0.068120226	0.084126316	0.06360311	0.07597637	0.062198173	0.056068037	0.06645755	0.07303931	0.070364624	0.07231822	0.06636858	0.07086429	0.07651175	0.07519689	0.09124184	0.07420284	0.058245584	0.06710638
SRR24759613_binette_bin37	0.10537027	0.2277615	0.050898522	0.061591636	0.06866546	0.064395316	0.0788696	0.10702383	0.07104855	0.119637966	0.054929342	0.10838004	0.08639901	0.10415945	0.08546946	0.069211945	0.06087119	0.30948654	0.06263856	0.060089003	0.06964917
SRR24759613_binette_bin39	0.011761482	0.022265695	0.028253859	0.021645924	0.024632545	0.017662045	0.022949256	0.01504222	0.022130169	0.28865907	0.016895518	0.05014492	0.022818416	0.012244606	0.013252059	0.016332028	0.017494036	0.04663381	0.025987787	0.019023333	0.020478882
SRR24759613_binette_bin40	0.029058686	0.038729742	0.04343394	0.06582346	0.04607965	0.03210831	0.03425892	0.049693212	0.03015993	0.039380714	0.031808034	0.04268211	0.058900423	0.021122484	0.028634226	0.053692423	0.02500337	0.045207515	0.062785804	0.037285652	0.03994064
SRR24759613_binette_bin41	0	0.0045262957	0.014141677	0.009378247	0.0076661687	0	0.004549868	0.009243116	0.004131881	0.48462492	0.004653371	0	0.0076698917	0.005072925	0.0051572705	0.0106905745	0.0073504965	0.017166607	0.0056984904	0.0047777737	0.0044946414
SRR24759613_binette_bin42	0.09550471	0.08064777	0.060241092	0.06368538	0.058319192	0.040701434	0.075959176	0.060976356	0.09610158	0.03659997	0.07132192	0.03158507	0.06736265	0.06267519	0.029269842	0.08870488	0.046685215	0.19675243	0.069616154	0.06275523	0.048774574
SRR24759613_binette_bin43	0.019527676	0.036963593	0.012187297	0.019279828	0.023817925	0.015097146	0.019062342	0.019145459	0.0061122314	0.014923719	0.01694435	0.019240204	0.016341997	0.018302847	0.022545405	0.026535274	0.016880194	0.038346726	0.018901188	0.008094037	0.011234359
SRR24759613_binette_bin44	0.13128072	0.12951176	0.1521361	0.1022058	0.12902452	0.10127385	0.12164208	0.16220906	0.14200635	0.14419599	0.15227526	0.17259116	0.17830457	0.14642158	0.11746488	0.18861371	0.107582204	0.24215989	0.17563973	0.11197076	0.15541272
SRR24759613_binette_bin45	0	0.042966146	0.009840573	0.005771389	0.013717685	0.004511932	0.0052985423	0.0065296753	0.012232228	0.010424735	0.0019078314	0.016652927	0	0	0.0040601217	0.0013342121	0	0.014836093	0.003955929	0.0033788448	0.009807449
SRR24759613_binette_bin46	0.010302655	0.086749315	0.039647225	0.03374445	0.04453529	0	0.03192187	0.024947962	0.026810886	2.6697295	0.014204765	0	0.013601963	0.02892585	0.01695087	0.014424377	0.038749408	0.09277055	0.026084673	0.028743485	0.043669064
SRR24759613_binette_bin47	0	0.0033062343	0.011808075	0	0.0061879614	0	0	0.009102268	0	0.5262285	0.0030834363	0	0.006521192	0.004315575	0.0039306805	0.007506673	0.0064256713	0.01725052	0.0038297728	0.0036949583	0.0034385792
SRR24759613_binette_bin54	0.015734136	0.026575675	0.010572567	0.016567515	0.019537829	0.015834758	0.01538359	0.013739462	0.0049854903	0.012616353	0.014851958	0.014139006	0.0150747895	0.015304803	0.018147346	0.02229415	0.017983329	0.034584388	0.020059695	0.006419758	0.008706237
SRR24759613_binette_bin55	0.039566956	0.019590493	0.054634575	0.03229192	0.029717995	0.018282315	0.03902618	0.01427614	0.03508423	0.017196955	0.041934602	0.026676621	0.046592895	0.018443087	0.02115219	0.020351356	0.02870239	0.045949105	0.017274173	0.04092663	0.057519637
SRR24759613_binette_bin56	0.22331043	0.15843089	0.14710616	0.15699548	0.14111266	0.16896804	0.15632282	0.172925	0.18124188	0.18295741	0.19008447	0.27863556	0.14172684	0.21962789	0.18560705	0.15508446	0.19607659	0.40471798	0.16306676	0.15782191	0.19853981
SRR24759613_binette_bin58	0.090928584	0.1345756	0.17269222	0.07719452	0.1342328	0.06793081	0.06944027	0.15724203	0.105972685	0.12037258	0.117217675	0.19344017	0.21120243	0.12606536	0.09784619	0.20369959	0.06772094	0.21485989	0.18022127	0.08905849	0.12625869
SRR24759613_binette_bin59	0.055150054	0.0359351	0.06323446	0.05853482	0.046721514	0.040511522	0.055885453	0.06644062	0.050176762	0.053914204	0.06970188	0.057072144	0.08217861	0.042091828	0.040307038	0.078677885	0.03515534	0.10502036	0.06301363	0.040375292	0.04928451
SRR24759613_binette_bin6	0.07227544	0.25363094	0.19254753	0.2656607	0.26254076	0.3100102	0.28060755	0.11350354	0.17349352	0.1551329	0.14243217	0.27727944	0.18177365	0.116526484	0.3102376	0.097997665	0.14439178	0.29753178	0.21869278	0.17988628	0.28471625
SRR24759613_binette_bin60	0.34009388	0.28049052	0.26849264	0.32671773	0.2283388	0.3356531	0.26112634	0.294563	0.30255345	0.2956217	0.3183374	0.27044684	0.28549317	0.4010646	0.3596227	0.26043376	0.30187014	0.47186476	0.2733419	0.31803048	0.3400258
SRR24759614_binette_bin101	0.06473773	0.06113019	0.08208846	0.06898921	0.060002275	0.07105678	0.07653345	0.098642744	0.086151905	0.07823076	0.07678774	0.06803738	0.06835578	0.06882128	0.06475419	0.07928378	0.0770025	0.08165639	0.12289326	0.07858339	0.07563215
SRR24759614_binette_bin103	0.025554145	0.043320153	0.020563057	0.021892935	0.024770157	0.020060852	0.028840102	0.023019401	0.0067578577	0.022340998	0.023292825	0.018815728	0.021377742	0.026216412	0.029820468	0.02905066	0.024875196	0.03317447	0.03976093	0.011136234	0.01443305
SRR24759614_binette_bin22	0.033943534	0.06643567	0.039307296	0.04306969	0.04780134	0.035259448	0.046709754	0.037423104	0.011644828	0.040645078	0.043514866	0.04066069	0.042751577	0.042534973	0.04708537	0.055961914	0.043843087	0.05041921	0.06389344	0.017194096	0.025079815
SRR24759614_binette_bin23	0.5050311	0.37869585	0.40350637	0.4952677	0.35833478	0.5365057	0.42253423	0.4379847	0.6027807	0.520332	0.49414554	0.51515776	0.4432683	0.53449583	0.578795	0.49709693	0.49881464	0.50485975	0.75037384	0.52371484	0.4732989
SRR24759614_binette_bin24	0.019206796	0.023573209	0.014749145	0.0152217215	0.017062386	0.031819656	0.070375115	0.010158737	0.005879094	0.01735018	0.03659879	0.021509998	0.057210248	0.038267914	0.020924142	0.029384745	0.04785185	0.02153998	0.15442207	0.012837625	0.016961593
SRR24759614_binette_bin28	0.05107685	0.10462626	0.13075213	0.12944752	0.10880352	0.07182287	0.083203025	0.12570839	0.0676282	0.06554434	0.05867429	0.050320476	0.084719755	0.032051593	0.047972508	0.12437746	0.045173027	0.04504037	0.116446435	0.09376143	0.08622631
SRR24759614_binette_bin34	0.07307479	0.14035085	0.21365152	0.1954651	0.14751199	0.12740844	0.11757379	0.20625062	0.09038935	0.10224716	0.07597995	0.07793923	0.14389217	0.042554613	0.08341306	0.20101196	0.055577286	0.046986856	0.1593746	0.13745967	0.11231109
SRR24759614_binette_bin35	0.029680202	0.1123074	0.07422315	0.10006397	0.09335195	0.018958315	0.06827547	0.03778109	0.07132326	0.03602673	0.05145851	0.03456906	0.049701363	0.02637247	0.025769103	0.063865125	0.043574218	0.05833206	0.07995372	0.06281914	0.075632244
SRR24759614_binette_bin38	0.029542508	0.11505423	0.10159744	0.11483975	0.11133602	0.0519911	0.07718175	0.0776541	0.06709862	0.056459207	0.055192243	0.04591853	0.069287166	0.026818842	0.04059353	0.08670508	0.04180721	0.051343013	0.10283198	0.08389383	0.08293481
SRR24759614_binette_bin40	0.06112837	0.1905433	0.12640043	0.23880686	0.16323437	0.21707092	0.1755266	0.056485068	0.067963526	0.09582936	0.116931796	0.15451436	0.11700666	0.06696398	0.11257155	0.07970968	0.113139674	0.09078576	0.2067102	0.12748937	0.20477284
SRR24759614_binette_bin41	0.0021296267	0.017413903	0.03300328	0.06994827	0.022000302	0.01549031	0.011551299	0.023230225	0.02731331	0.011493497	0.010352371	0.028099451	0.013981704	0.0038129443	0.0110685555	0.013408793	0.0059517133	0.01854421	0.02576387	0.012874514	0.0068710227
SRR24759614_binette_bin42	0.046884224	0.13333182	0.06570752	0.15484062	0.107351355	0.113217264	0.1180165	0.04369074	0.042467475	0.058149923	0.07995888	0.092109464	0.071079634	0.053893913	0.061287984	0.05534663	0.079760164	0.050045528	0.13280219	0.074234396	0.13899735
SRR24759614_binette_bin43	0.03492689	0.07138979	0.032223996	0.040945705	0.040001694	0.03535827	0.047112156	0.032980483	0.010282051	0.035466492	0.03661716	0.0309163	0.03532771	0.039719764	0.045840837	0.05091653	0.05248914	0.051405743	0.06366666	0.01615818	0.022340436
SRR24759614_binette_bin45	0.06825896	0.112724975	0.16535087	0.15373576	0.118042655	0.10038848	0.09489456	0.17180844	0.075575136	0.07559525	0.05756992	0.046701852	0.098174214	0.031286385	0.060987335	0.16060519	0.044139404	0.032445077	0.14363615	0.11654125	0.0860486
SRR24759614_binette_bin46	0.53948295	0.3819468	0.38943806	0.46261564	0.37155575	0.5114239	0.42617503	0.44258603	0.6380277	0.5395094	0.5267811	0.5218824	0.4541188	0.56430733	0.5677707	0.55915844	0.53210217	0.49770555	0.7986933	0.51990193	0.5273501
SRR24759614_binette_bin48	0.032074984	0.09395312	0.08398505	0.09732143	0.092715554	0.06675823	0.06683542	0.09297601	0.0568484	0.054453865	0.04180669	0.03309169	0.056741696	0.02113491	0.03324605	0.082967386	0.03201361	0.034091122	0.106945805	0.08582721	0.07247509
SRR24759614_binette_bin49	0	0.118125364	0.036546383	0.023989659	0.053907756	0.012712083	0.029561225	0.08723303	0.021455407	0.24374749	0	0.026991175	0.03807025	0.0036392345	0.0034059205	0.0036796865	0.0047607427	0.011067515	0.010484456	0.021636005	0.043740414
SRR24759614_binette_bin5	0.44705772	0.15904205	0.6014377	0.2590565	0.2352266	0.10933545	0.3986033	0.053463817	0.16496588	0.19750609	0.41401353	0.15536472	0.38953283	0.18495773	0.14590627	0.15503743	0.29763207	0.12800662	0.26809624	0.2703254	0.4468379
SRR24759614_binette_bin50	0.013467314	0.01176884	0.028435279	0.01743082	0.011558981	0.009053306	0.009666036	0.025658874	0.00760846	0.015898695	0.005061963	0.015983976	0.016705222	0.0068114772	0.009745667	0.011085738	0.008221403	0.0076859794	0.026370203	0.015112988	0.011622668
SRR24759614_binette_bin52	0.14214191	0.2134513	0.28424582	0.11635729	0.21263169	0.0962347	0.18534029	0.2622792	0.1694651	0.22953905	0.20004043	0.3144347	0.2788487	0.11161476	0.15552166	0.36154547	0.12193248	0.20201309	0.3711883	0.17568491	0.11160297
SRR24759614_binette_bin53	0.0038732216	0.019998673	0.006584986	0.00722842	0.013210235	0	0.011910361	0.01592777	0	0.0049467613	0.007160972	0.009079923	0.012282309	0.0036362219	0.0021788005	0.004460252	0.0035400884	0.010191899	0.020962572	0.0040522916	0.002439648
SRR24759614_binette_bin54	0.016569465	0.0154448785	0.0070259534	0.018915206	0.012141069	0.024127362	0.05729301	0.006898537	0.008866802	0.013517546	0.024053054	0.012879688	0.036412288	0.026143115	0.009936966	0.018678032	0.02359768	0.014459256	0.1521599	0.010745367	0.013639284
SRR24759614_binette_bin55	0.009125456	0.0074854908	0.011007436	0.007983302	0.014930329	0.01141225	0.0268704	0.0075807055	0.0052823653	0.0077939383	0.0134040015	0.0068419203	0.020607205	0.029019233	0.0058489144	0.01243936	0.018195596	0.0063977214	0.051030163	0.005682967	0.008605294
SRR24759614_binette_bin56	0.036748976	0.061907858	0.11785065	0.08430013	0.0650751	0.03222187	0.04724593	0.09656687	0.0416599	0.035187915	0.03606986	0.03818132	0.07749196	0.018874522	0.040811278	0.10631485	0.029528804	0.024377467	0.07143972	0.049510684	0.045599222
SRR24759614_binette_bin57	0.008106813	0.008999999	0.006670309	0.006559429	0.011931734	0.008505256	0.030924259	0.007067444	0.0025569866	0.006219176	0.015515303	0.00825887	0.017123913	0.020678371	0.013424801	0.012107454	0.024426952	0.0083829295	0.037069142	0.0040010964	0.008707169
SRR24759614_binette_bin58	0.4679812	0.35908827	0.3699225	0.38458315	0.3329878	0.4054261	0.38262215	0.434679	0.5205314	0.47946692	0.47119036	0.4797021	0.39732292	0.46103787	0.47516197	0.5191972	0.46340245	0.45879763	0.68701804	0.44105706	0.47226828
SRR24759614_binette_bin59	0	0.017811196	0.0363929	0.07527974	0.022635698	0.016404063	0.013368807	0.025357323	0.02860339	0.011358552	0.010398412	0.025450062	0.015982578	0.0038606534	0.011208609	0.01557304	0.0060350266	0.018414665	0.026217379	0.013113077	0.007186756
SRR24759614_binette_bin6	0	0	0	0	0	0	0	0	0.0015606798	0	0	0	0	0	0.016139776	0	0	0	0.052691285	0.0020329924	0.0035901864
SRR24759614_binette_bin61	0	0.008786671	0.016233465	0.008737262	0.020274257	0.024352621	0.011042192	0	0.0516993	0.005042915	0.0059946785	0	0	0.0072581335	0.0056772265	0	0.008824638	0	0.022829255	0.013996054	0.011933937
SRR24759614_binette_bin62	0.069265805	0.040938865	0.1136223	0.047235522	0.040025357	0.02266343	0.05172972	0.01632652	0.047799833	0.027729582	0.050863367	0.030240996	0.06732708	0.03762723	0.02642411	0.0324931	0.053951353	0.04147677	0.05629998	0.058589518	0.10405194
SRR24759614_binette_bin63	0	0.0214572	0.003920797	0.007449829	0.063442886	0.011171818	0	0.031165699	0.005028447	0.0117040165	0.010558516	0.005479183	0.005071428	0.0020999436	0.003224702	0.00703321	0.0019651887	0.0017650776	0.02445147	0.010939677	0.009102011
SRR24759614_binette_bin64	0.09404254	0.088781394	0.085535996	0.100515574	0.07051809	0.08600273	0.122566625	0.2576748	0.09047142	0.09589342	0.091336146	0.07384984	0.09481859	0.11631978	0.09853503	0.1118803	0.06878537	0.10867914	0.1934747	0.083254926	0.08178713
SRR24759614_binette_bin67	0.30011076	0.23244397	0.23494779	0.27803823	0.21735324	0.27127987	0.25454035	0.28925902	0.33509728	0.29358137	0.2918675	0.3190549	0.25543365	0.29849184	0.31488454	0.3119485	0.28352177	0.31004375	0.44118786	0.28386447	0.2767245
SRR24759614_binette_bin92	0.026424486	0.049173526	0.026720706	0.028016515	0.030925447	0.023886066	0.034270678	0.026953988	0.008069961	0.028615352	0.03276062	0.028384473	0.030200992	0.031982735	0.037031237	0.03569811	0.029765889	0.035969306	0.050465856	0.012965687	0.017867977
SRR24759614_binette_bin93	0.0148527175	0.026111731	0.010565864	0.012938282	0.014263048	0.01039214	0.014663478	0.012419621	0.004242292	0.01174224	0.013298117	0.013680244	0.011170113	0.012844447	0.015067231	0.017596692	0.0122836875	0.016572513	0.02387945	0.0053117154	0.0075918967
SRR24759614_binette_bin96	0.056310676	0.06021174	0.15364842	0.056143645	0.055535443	0.043333452	0.079036005	0.117500536	0.060784057	0.059428405	0.0951493	0.058229305	0.078545116	0.048856806	0.049208734	0.08574381	0.03844759	0.088392675	0.1068536	0.050842624	0.047529094
SRR24759614_binette_bin98	0.082524635	0.017634287	0.02353089	0.04209489	0.021371245	0.034079015	0.01739231	0.103251256	0.5259958	0.04467671	0.0153748095	0.040097315	0.022934303	0.017336966	0.06095488	0.35080418	0.011151722	0.035263527	0.042788368	0.04054851	0.02183447
SRR24759615_binette_bin1	0	1.3321688	0.29114723	0.27485368	0.488924	0.12968707	0.3354518	0.39815506	0.24092048	0.061762508	0	0.16876128	0.16457072	0.0049263844	0.014070516	0.017410126	0.015932428	0.008495624	0.010447408	0.17116629	0.49722052
SRR24759615_binette_bin12	0	0	0	0	0.006766119	0	0	0	0	0.006706348	0	0.016668215	0	0.0060548936	0	0	0	0	0	0.11059209	0.007821694
SRR24759615_binette_bin15	0.004676528	0.046886817	0.029652439	0.13886686	0.06514327	0.04672348	0.0299756	0.0624673	0.04128957	0.022625903	0.022133686	0.018376332	0.044244967	0.006796646	0.01731449	0.04565762	0.0114071835	0.01967922	0.016506905	0.06487635	0.01536701
SRR24759615_binette_bin24	0.020916833	0.015692579	0.014627515	0.016777797	0.013377509	0.02214923	0.06041343	0.016970953	0.009209147	0.012394767	0.03353162	0.0203384	0.055897	0.055529486	0.014866249	0.020294312	0.07604658	0.026103929	0.070856884	0.018090012	0.021887189
SRR24759615_binette_bin28	0	0	0.00536847	0	0.03644426	0.011282781	0	0.013127409	0	0.0075611956	0	0.12048417	0.0033095973	0.0018327849	0.00391269	0.004083412	0	0.0019384327	0.005391097	0.12835759	0
SRR24759615_binette_bin32	0.058454376	0.02747905	0.042462323	0.022307161	0.034697305	0.03379501	0.041952938	0.007661476	0.008840873	0.02075694	0.029706808	0.011905336	0.07567607	0.020673182	0.010995577	0.06662741	0.016649926	0.006322355	0.019298024	0.06890984	0.018104633
SRR24759615_binette_bin35	0.52572054	0.44292873	0.35000882	0.45636675	0.39762437	0.44259372	0.46696925	0.45346868	0.49832833	0.51378536	0.5182594	0.47944534	0.42144594	0.5175246	0.47782063	0.46780536	0.5431749	0.5216837	0.44481435	0.6437635	0.47341838
SRR24759615_binette_bin36	0.018505357	0.065184176	0.031444397	0.04402252	0.042523067	0.019001203	0.03311329	0.0226226	0.030539006	0.020742731	0.017086972	0.022311587	0.02549435	0.0131136505	0.016398588	0.025039501	0.016689582	0.020555936	0.026184691	0.05817203	0.03637146
SRR24759615_binette_bin38	0.015529485	0.026418626	0.023572685	0.031770617	0.026220761	0.014893344	0.019317314	0.018195236	0.015078855	0.01301618	0.014097623	0.011238278	0.018623015	0.007785411	0.011724146	0.037856594	0.014883391	0.01159002	0.020655662	0.04543241	0.016935892
SRR24759615_binette_bin39	0.29831097	0.2490464	0.21785647	0.2545625	0.2399683	0.26402467	0.29801986	0.25581568	0.2963593	0.3134284	0.32414728	0.27809075	0.26461098	0.27869064	0.26089218	0.2981039	0.3145723	0.29084137	0.27879888	0.3885617	0.27364108
SRR24759615_binette_bin40	0.052559968	0.07533446	0.09159004	0.06072206	0.08497195	0.058505706	0.07052466	0.15582144	0.05283999	0.0740353	0.071472295	0.08239682	0.116350055	0.045450624	0.051472344	0.1191935	0.03693618	0.08650937	0.114795744	0.0759044	0.054417703
SRR24759615_binette_bin41	0.27816212	0.2897332	0.16978082	0.2301157	0.2081799	0.20522553	0.2310596	0.22780067	0.22732018	0.2354499	0.23626639	0.25477892	0.21567515	0.2566248	0.20879409	0.23428024	0.27117348	0.26218075	0.24279393	0.38351923	0.20397899
SRR24759615_binette_bin43	0.45659357	0.4121181	0.33055773	0.4202612	0.34724262	0.3802587	0.42922157	0.39657903	0.44210428	0.45971683	0.4658456	0.4220233	0.36881983	0.457376	0.429044	0.40312952	0.46955335	0.4814054	0.3965103	0.6065578	0.4256891
SRR24759615_binette_bin44	0.046074737	0.066798866	0.07457907	0.049670115	0.11825313	0.064545825	0.11800674	0.035420362	0.027232079	0.04262045	0.08241926	0.048388407	0.10712932	0.081854	0.045100916	0.07597663	0.08999781	0.03328302	0.1030953	0.036266886	0.08194563
SRR24759615_binette_bin45	0.022931943	0.03108277	0.09887551	0.06912673	0.05006179	0.020230956	0.029806368	0.07675976	0.022726778	0.022455577	0.028653676	0.027562704	0.076865695	0.014530348	0.03493762	0.12581332	0.021919938	0.013960621	0.03004249	0.03912015	0.023698729
SRR24759615_binette_bin46	0.07599288	0.07754973	0.10444179	0.19241498	0.19110824	0.14206266	0.16543695	0.10682041	0.047551494	0.12156581	0.13756436	0.18900894	0.15900384	0.058592126	0.134993	0.18793511	0.08676781	0.09486081	0.16710237	0.08208844	0.066438384
SRR24759615_binette_bin47	0.022893073	0.02759928	0.03376311	0.025164843	0.056623533	0.029018886	0.058985002	0.0226874	0.018354844	0.02019035	0.040801685	0.019787865	0.04714473	0.03708208	0.020785857	0.03395177	0.04175314	0.016407093	0.053791516	0.025720196	0.029191393
SRR24759615_binette_bin48	0.010958895	0.04527364	0.048078153	0.030341195	0.033017136	0.018715281	0.021092562	0.09285016	0.020656407	0.019505495	0.010335807	0.04052165	0.049596444	0.007180088	0.010186179	0.025288818	0.009831812	0.00818547	0.012480074	0.036435567	0.019557608
SRR24759615_binette_bin49	0.2250387	0.20824637	0.19133301	0.2369769	0.19816719	0.27770838	0.22254394	0.21111925	0.23844784	0.28210607	0.22585489	0.24433878	0.23864873	0.2289451	0.24404393	0.21994583	0.22866024	0.23346624	0.2497771	0.3652078	0.22340222
SRR24759615_binette_bin51	0.0695993	0.07333681	0.076626554	0.09871422	0.066458754	0.06749719	0.06671094	0.08584598	0.05581445	0.05665973	0.04470248	0.038969673	0.05186532	0.032766897	0.03693626	0.086279094	0.036782008	0.03464374	0.07002407	0.10934767	0.05937218
SRR24759615_binette_bin52	0.10909557	0.09071485	0.080866784	0.08491023	0.11493366	0.110713646	0.114185885	0.10848343	0.12745391	0.114976645	0.1163151	0.109309204	0.1293985	0.088344745	0.111137114	0.11856919	0.09162556	0.103465065	0.09604354	0.15627588	0.110823765
SRR24759615_binette_bin54	0	0	0.0031526026	0	0.00400582	0.0050808075	0	0.033503894	0	0.008600951	0	0.14685021	0	0.0018636525	0.00437717	0.0019840538	0	0	0	0.30494553	0
SRR24759615_binette_bin56	0.018637367	0.6252174	0.12807988	0.14938138	0.23564415	0.066829346	0.18049657	0.09858492	0.120318666	0.07850298	0.017372476	0.044626005	0.049583834	0.01063345	0.014814635	0.021275317	0.01758025	0.023637036	0.022169802	0.10329068	0.24571723
SRR24759615_binette_bin58	0.018226968	0.012722538	0.015508617	0.032587968	0.06339911	0	0	0.024214918	0.016311405	0.009240422	0	0.010501243	0.016946457	0.016918145	0.0007170354	0.015421983	0	0.0074399374	0.027630055	0.043232117	0
SRR24759615_binette_bin59	0.04690236	0.06494998	0.0399614	0.043025535	0.058521047	0.0947566	0.054856986	0.06675761	0.050864853	0.050908715	0.042047057	0.04759108	0.08056819	0.05418	0.06301386	0.05644866	0.050942246	0.056542456	0.061094735	0.09375304	0.06640009
SRR24759615_binette_bin60	0.03412496	0.05632257	0.0958219	0.094141014	0.07311879	0.03505378	0.0527556	0.070450574	0.044532016	0.036004238	0.04141614	0.0424843	0.07550008	0.02673404	0.044027586	0.103381395	0.035758197	0.031734396	0.045502648	0.06351746	0.04502269
SRR24759615_binette_bin61	0.5659118	0.41718322	0.41641554	0.5445684	0.32811177	0.6609052	0.4050754	0.445207	0.5326472	0.5441446	0.50311816	0.40738085	0.48530427	0.6186238	0.6337754	0.41853493	0.5231864	0.5259492	0.4765755	0.9576751	0.5299132
SRR24759615_binette_bin62	0.038157325	0.06804317	0.10611336	0.09838675	0.10509207	0.055124156	0.07173182	0.09085164	0.045937672	0.048432603	0.048789725	0.056231827	0.08938839	0.03467293	0.05241745	0.11263764	0.04704867	0.035061397	0.06536031	0.07766221	0.051280055
SRR24759615_binette_bin63	0.46371487	0.39176354	0.30599728	0.40011746	0.33793962	0.39860493	0.40744877	0.37763587	0.44440615	0.45874232	0.4624278	0.4152357	0.36910814	0.46860904	0.41544545	0.4203064	0.4734969	0.45033723	0.41549784	0.61274827	0.421639
SRR24759615_binette_bin64	0.02629288	0.050357632	0.024904776	0.03499042	0.036633912	0.028547768	0.03498266	0.02595118	0.010609472	0.028114744	0.033162948	0.03230896	0.031769425	0.02844105	0.037629697	0.04081788	0.03371982	0.037985396	0.041611042	0.02241044	0.018624155
SRR24759615_binette_bin66	0.42764583	0.39613348	0.31543314	0.3842207	0.33534977	0.35024685	0.41303173	0.35907298	0.41511774	0.43896282	0.45562282	0.3875563	0.35608646	0.4291528	0.39351454	0.38991928	0.46141937	0.45347267	0.36134213	0.5601645	0.38787442
SRR24759615_binette_bin67	0.30665416	0.25780728	0.22216418	0.26828593	0.22712395	0.26171523	0.27664256	0.2638543	0.2933115	0.30559465	0.30991444	0.27989155	0.24628754	0.29180998	0.265179	0.29393506	0.32077336	0.29153925	0.27063748	0.4317422	0.27157822
SRR24759615_binette_bin68	0.2916977	0.24827844	0.21194947	0.24963279	0.22204779	0.2844905	0.27115285	0.25094575	0.294444	0.3029564	0.29720822	0.26880792	0.26339257	0.2903388	0.25567865	0.2894051	0.30890244	0.28278416	0.27584442	0.42084587	0.27455762
SRR24759615_binette_bin69	0.020597097	0.013997997	0.018336767	0.027208218	0.050448902	0	0	0.022174789	0.019495979	0.01554139	0	0.020580297	0.020541232	0.019285562	0	0.019688698	0	0.013265029	0.028203934	0.07478049	0.009223694
SRR24759615_binette_bin71	0.36436674	0.3340588	0.27514604	0.32304418	0.2809801	0.31494316	0.34282222	0.3327407	0.35567033	0.3644586	0.39077163	0.33434612	0.30841464	0.36677164	0.343811	0.35024935	0.37433907	0.37527493	0.34462184	0.49808756	0.34526077
SRR24759615_binette_bin83	0.013331453	0.04275785	0.06201041	0.11737736	0.06144073	0.039057266	0.033813853	0.07374475	0.036789306	0.023336187	0.025564566	0.024256365	0.06353432	0.010240721	0.027537396	0.08621779	0.016773654	0.01758712	0.023836177	0.056347392	0.019693531
SRR24759615_binette_bin84	0.0057969796	0.013885918	0.027942969	0.011201976	0.024074096	0.021095626	0.021152936	0.010161191	0.016903147	0.022717347	0.005778499	0	0.006056556	0.0049334946	0.0074281925	0.005737937	0.007074399	0.018851236	0.014803595	0.018744506	0.020518648
SRR24759615_binette_bin85	0.00426551	0.021049224	0.019483134	0.018875297	0.031072568	0.031322587	0.017361362	0.019750303	0.023853274	0.008667337	0.008587475	0.008088196	0.011687252	0.0032464862	0.009417285	0.014137295	0.0058673755	0.005242634	0.011510775	0.029846298	0.013269974
SRR24759615_binette_bin86	0.013406174	0.059428655	0.027216898	0.0227156	0.034161545	0.016734976	0.033831585	0.010475129	0.022762567	0.021701992	0.009854348	0.028807813	0.01743205	0.01039098	0.015591828	0.013668169	0.010879206	0.018866802	0.017415332	0.06439091	0.028970327
SRR24759615_binette_bin87	0.019075915	0.086661816	0.060555734	0.06597458	0.055183116	0.045133322	0.04018434	0.07682197	0.03731422	0.03106539	0.022043042	0.019499488	0.04245368	0.009783673	0.019674681	0.0589338	0.016752763	0.011082262	0.044126574	0.066068746	0.04628952
SRR24759615_binette_bin88	0.46073586	0.37287095	0.34013504	0.39765203	0.35532656	0.41979977	0.40181264	0.42376593	0.43921828	0.4645789	0.45503435	0.42858395	0.41050267	0.4397949	0.43819994	0.44908324	0.45325842	0.4547806	0.4325681	0.59452647	0.43243715
SRR24759615_binette_bin92	0.38891807	0.31109482	0.2614877	0.32766524	0.31168577	0.3415836	0.34761763	0.3380615	0.38046426	0.37905085	0.39255324	0.33899656	0.32219845	0.37973785	0.3613119	0.3614439	0.4018179	0.3658419	0.3440244	0.48416823	0.35052294
SRR24759616_binette_bin12	0	0.0054158904	0.005350053	0.0046839393	0.0044713737	0.006631307	0.011594768	0	0.009383119	0	0	0	0	0	0.0018074202	0	0	0	0.003497764	0.0042632334	0.031583473
SRR24759616_binette_bin16	0.7488998	0.44297877	0.42282078	0.56856066	0.45220402	0.63664496	0.46650463	0.65598965	0.64891595	0.58780414	0.63285136	0.574387	0.5228319	0.7452071	0.73511106	0.5284441	0.6765902	0.6817189	0.4990695	0.59310603	1.0289798
SRR24759616_binette_bin23	0.44537473	0.28885466	0.2745267	0.34525874	0.28053793	0.38017315	0.32595772	0.39475793	0.41551808	0.37804	0.3970542	0.36818597	0.34204242	0.45117402	0.40777743	0.36113268	0.40064198	0.4277015	0.35773078	0.37294853	0.6341794
SRR24759616_binette_bin24	0	0.04046999	0.010006186	0.010041045	0.025794595	0.014722582	0.007899203	0.004378683	0.01760736	0.007971489	0.004682079	0	0	0.0031057592	0.0125424145	0.005368768	0.002368101	0.010081918	0.007996988	0.0065760342	0.022337995
SRR24759616_binette_bin26	0.025724526	0.022337932	0.05185403	0.04578147	0.027010044	0.022681786	0.024352377	0.056546308	0.017369047	0.011330726	0.018882047	0.01737301	0.045144856	0.010471122	0.018997015	0.06438562	0.021575915	0.010449858	0.018286185	0.019706527	0.030546943
SRR24759616_binette_bin27	0	0.024442935	0.008651921	0.008907258	0.011086348	0	0.0046284357	0.0043458994	0.010272292	0.008276427	0.002520259	0.017162628	0	0	0.0042569125	0	0	0.004374386	0.004527244	0.0017525913	0.017471753
SRR24759616_binette_bin28	0	0.0024441287	0.012991024	0.005387712	0.01899056	0.018890753	0.009604766	0	0.01591541	0.0011156591	0.0026188544	0	0	0.004339148	0.0016567846	0	0.0042122155	0	0.0071993656	0.010543609	0.016400287
SRR24759616_binette_bin30	0	0.03442266	0.052404378	0.015056939	0.009735494	0.0037833657	0.011560884	0.011305225	0.007387754	0.02437345	0.004972545	0.011927545	0	0	0.0141734965	0.0059237885	0.002875598	0.009743511	0.0041971467	0.0052509946	0.01867811
SRR24759616_binette_bin31	0	0.017905341	0.09198766	0.014290534	0.005099179	0	0.013692805	0.007718506	0.0018016044	0.022602065	0.005648231	0	0	0	0.017903449	0.008310309	0.0027632832	0.0055597997	0.0018751604	0.0058827265	0.019289386
SRR24759616_binette_bin34	0	0.033824075	0.009622722	0.0070628603	0.018425247	0.0113631785	0.010205078	0.006667487	0.011117335	0.008228862	0.004901587	0	0.0020985564	0.0034680422	0.016687324	0.0055929017	0.0038954276	0.012437127	0.009991345	0.0060614394	0.020121366
SRR24759616_binette_bin72	0.015554626	0.017111087	0.019603247	0.09788271	0.019067196	0.01252335	0.016494047	0.016844299	0.012370759	0.010130066	0.011863552	0.007396138	0.015102462	0.010194459	0.009263664	0.018682908	0.01545152	0.0103538865	0.017272515	0.016596038	0.040502504
SRR24759616_binette_bin75	0.024467498	0.052073084	0.04368539	0.087625384	0.051028676	0.06850935	0.051608503	0.03772241	0.051858544	0.04648469	0.048030905	0.04626418	0.057370804	0.03469954	0.05475513	0.049022067	0.040445875	0.04378757	0.083262384	0.058794092	0.115364484
SRR24759616_binette_bin76	0.17447372	0.106551595	0.10624123	0.12374727	0.101079546	0.14954679	0.12625171	0.13934928	0.14860424	0.14595039	0.15766554	0.13161737	0.13123533	0.1757832	0.15472315	0.14877722	0.1577008	0.15331	0.13488317	0.13863386	0.28073737
SRR24759616_binette_bin77	0.012817432	0.015137397	0.013996164	0.02263484	0.055386048	0.011833102	0.021412456	0.012260469	0.019718172	0.0071455194	0.01087132	0.013168603	0.013260125	0.009716688	0.008736185	0.014938192	0.01961788	0.010291712	0.014480626	0.019546345	0.039451852
SRR24759616_binette_bin78	0.026965521	0.070386626	0.068743564	0.072460376	0.059231814	0.030719684	0.050150752	0.05183474	0.04849355	0.034948796	0.03724991	0.030808827	0.035093404	0.026232317	0.023184914	0.05027581	0.03076505	0.03756379	0.04752761	0.045128305	0.09924905
SRR24759616_binette_bin82	0.006737675	0.15625368	0.0020597284	0	0.003107317	0	0.059702512	0.1070498	0.0079140775	0.029600076	0	0.04118418	0.012014233	0.0026856512	0.0013849813	0.046293754	0.010141074	0.048421547	0.0030580508	0.0043627303	0.03307797
unmapped	4.481941	6.7955074	4.5315146	3.100735	5.6979	7.3260903	4.082423	2.2683322	4.522717	2.3482978	2.591765	3.8448572	3.088802	2.475381	2.3658931	3.0124605	5.635953	3.1609714	3.5485148	4.840231	2.651453
