MAG	Domain	Kingdom	Phylum	Class	Order	Family	Genus	Species	Domain (GTDB)	Phylum (GTDB)	Class (GTDB)	Order (GTDB)	Family (GTDB)	Genus (GTDB)	Species (GTDB)	Domain (kmetashot)	Kingdom (kmetashot)	Phylum (kmetashot)	Class (kmetashot)	Order (kmetashot)	Family (kmetashot)	Genus (kmetashot)	Species (kmetashot)	Cluster members	Completeness	Contamination	# N's per 100 kbp	# contigs	# contigs (>= 0 bp)	# contigs (>= 1000 bp)	GC (%)	L50	L90	Largest contig	N50	N90	Total length	Total length (>= 0 bp)	Total length (>= 1000 bp)	auN	bakta_CDSs	bakta_CRISPR arrays	bakta_gaps	bakta_hypotheticals	bakta_ncRNA regions	bakta_ncRNAs	bakta_oriCs	bakta_oriTs	bakta_oriVs	bakta_pseudogenes	bakta_rRNAs	bakta_sORFs	bakta_signal peptides	bakta_tRNAs	bakta_tmRNAs	Strain heterogeneity	# markers	# marker sets	coverm_mean_coverage	kegg_2-Oxocarboxylic acid chain extension, 2-oxoglutarate => 2-oxoadipate => 2-oxopimelate => 2-oxosuberate	kegg_3-Hydroxypropionate bi-cycle	kegg_ADP-L-glycero-D-manno-heptose biosynthesis	kegg_Abscisic acid biosynthesis, beta-carotene => abscisic acid	kegg_Acarbose biosynthesis, sedoheptulopyranose-7P => acarbose	kegg_Acetyl-CoA pathway, CO2 => acetyl-CoA	kegg_Acylglycerol degradation	kegg_Adenine ribonucleotide biosynthesis, IMP => ADP,ATP	kegg_Adenine ribonucleotide degradation, AMP => Urate	kegg_Arginine biosynthesis, glutamate => acetylcitrulline => arginine	kegg_Arginine biosynthesis, ornithine => arginine	kegg_Ascorbate biosynthesis, animals, glucose-1P => ascorbate	kegg_Ascorbate biosynthesis, plants, fructose-6P => ascorbate	kegg_Ascorbate degradation, ascorbate => D-xylulose-5P	kegg_Assimilatory nitrate reduction, nitrate => ammonia	kegg_Assimilatory sulfate reduction, plants, sulfate => H2S	kegg_Assimilatory sulfate reduction, sulfate => H2S	kegg_Aurachin biosynthesis, anthranilate => aurachin A	kegg_Bacillus anthracis pathogenicity signature, polyglutamic acid capsule biosynthesis	kegg_Bacilysin biosynthesis, prephenate => bacilysin	kegg_Benzoyl-CoA degradation, benzoyl-CoA => 3-hydroxypimeloyl-CoA	kegg_Betaine biosynthesis, choline => betaine	kegg_Betaine degradation, bacteria, betaine => pyruvate	kegg_Betaine metabolism, animals, betaine => glycine	kegg_Bile acid biosynthesis, cholesterol => cholate/chenodeoxycholate	kegg_Biotin biosynthesis, BioI pathway, long-chain-acyl-ACP => pimeloyl-ACP => biotin	kegg_Biotin biosynthesis, BioU pathway, pimeloyl-ACP/CoA => biotin	kegg_Biotin biosynthesis, BioW pathway, pimelate => pimeloyl-CoA => biotin	kegg_Biotin biosynthesis, pimeloyl-ACP/CoA => biotin	kegg_C-1027 beta-amino acid moiety biosynthesis, tyrosine => 3-chloro-4,5-dihydroxy-beta-phenylalanyl-PCP	kegg_C1-unit interconversion, eukaryotes	kegg_C1-unit interconversion, prokaryotes	kegg_C10-C20 isoprenoid biosynthesis, archaea	kegg_C10-C20 isoprenoid biosynthesis, bacteria	kegg_C10-C20 isoprenoid biosynthesis, non-plant eukaryotes	kegg_C10-C20 isoprenoid biosynthesis, plants	kegg_C19-Steroid hormone biosynthesis (androgen backdoor pathway), pregnenolone => androsterone => dihydrotestosterone	kegg_C19-Steroid hormone biosynthesis, pregnenolone => testosterone => dihydrotestosterone	kegg_C19/C18-Steroid hormone biosynthesis, pregnenolone => androstenedione => estrone	kegg_C21-Steroid hormone biosynthesis, progesterone => corticosterone/aldosterone	kegg_C21-Steroid hormone biosynthesis, progesterone => cortisol/cortisone	kegg_C4-dicarboxylic acid cycle, NAD - malic enzyme type	kegg_C4-dicarboxylic acid cycle, NADP - malic enzyme type	kegg_C4-dicarboxylic acid cycle, phosphoenolpyruvate carboxykinase type	kegg_C5 isoprenoid biosynthesis, mevalonate pathway	kegg_C5 isoprenoid biosynthesis, mevalonate pathway, archaea	kegg_C5 isoprenoid biosynthesis, non-mevalonate pathway	kegg_CAM (Crassulacean acid metabolism), dark	kegg_CAM (Crassulacean acid metabolism), light	kegg_CMP-KDO biosynthesis	kegg_CMP-Neu5Ac biosynthesis	kegg_Catechol meta-cleavage, catechol => acetyl-CoA / 4-methylcatechol => propanoyl-CoA	kegg_Catechol ortho-cleavage, catechol => 3-oxoadipate	kegg_Catecholamine biosynthesis, tyrosine => dopamine => noradrenaline => adrenaline	kegg_Cationic antimicrobial peptide (CAMP) resistance, lysyl-phosphatidylglycerol (L-PG) synthase MprF	kegg_Cationic antimicrobial peptide (CAMP) resistance, protease PgtE	kegg_Ceramide biosynthesis	kegg_Cholecalciferol biosynthesis	kegg_Cholesterol biosynthesis, FPP => cholesterol	kegg_Chondroitin sulfate degradation	kegg_Citrate cycle (TCA cycle, Krebs cycle)	kegg_Citrate cycle, first carbon oxidation, oxaloacetate => 2-oxoglutarate	kegg_Citrate cycle, second carbon oxidation, 2-oxoglutarate => oxaloacetate	kegg_Cobalamin biosynthesis, aerobic, uroporphyrinogen III => precorrin 2 => cobyrinate a,c-diamide	kegg_Cobalamin biosynthesis, anaerobic, uroporphyrinogen III => sirohydrochlorin => cobyrinate a,c-diamide	kegg_Cobalamin biosynthesis, cobyrinate a,c-diamide => cobalamin	kegg_Coenzyme A biosynthesis, archaea, 2-oxoisovalerate => 4-phosphopantoate => CoA	kegg_Coenzyme A biosynthesis, pantothenate => CoA	kegg_Coenzyme M biosynthesis	kegg_Conjugated bile acid biosynthesis, cholate => taurocholate/glycocholate	kegg_Creatine pathway	kegg_Cyclooctatin biosynthesis, dimethylallyl-PP + isopentenyl-PP => cyclooctatin	kegg_Cysteine biosynthesis, homocysteine + serine => cysteine	kegg_Cysteine biosynthesis, methionine => cysteine	kegg_Cysteine biosynthesis, serine => cysteine	kegg_Cytochrome b6f complex	kegg_Cytochrome bc1 complex	kegg_Cytochrome bc1 complex respiratory unit	kegg_Cytochrome bd ubiquinol oxidase	kegg_Cytochrome c oxidase	kegg_Cytochrome c oxidase, prokaryotes	kegg_Cytochrome o ubiquinol oxidase	kegg_D-Galacturonate degradation (bacteria), D-galacturonate => pyruvate + D-glyceraldehyde 3P	kegg_D-Galacturonate degradation (fungi), D-galacturonate => glycerol	kegg_D-Glucuronate degradation, D-glucuronate => pyruvate + D-glyceraldehyde 3P	kegg_D-galactonate degradation, De Ley-Doudoroff pathway, D-galactonate => glycerate-3P	kegg_De novo purine biosynthesis, PRPP + glutamine => IMP	kegg_De novo pyrimidine biosynthesis, glutamine (+ PRPP) => UMP	kegg_Denitrification, nitrate => nitrogen	kegg_Deoxyribonucleotide biosynthesis, ADP/GDP/CDP/UDP => dATP/dGTP/dCTP/dUTP	kegg_Dermatan sulfate degradation	kegg_Dicarboxylate-hydroxybutyrate cycle	kegg_Dissimilatory nitrate reduction, nitrate => ammonia	kegg_Dissimilatory sulfate reduction, sulfate => H2S	kegg_EHEC/EPEC pathogenicity signature, T3SS and effectors	kegg_Ectoine biosynthesis, aspartate => ectoine	kegg_Entner-Doudoroff pathway, glucose-6P => glyceraldehyde-3P + pyruvate	kegg_Ergocalciferol biosynthesis, FPP => ergosterol/ergocalciferol	kegg_Ethylene biosynthesis, methionine => ethylene	kegg_Ethylmalonyl pathway	kegg_F-type ATPase, eukaryotes	kegg_F-type ATPase, prokaryotes and chloroplasts	kegg_F420 biosynthesis, archaea	kegg_Fatty acid biosynthesis in mitochondria, animals	kegg_Fatty acid biosynthesis in mitochondria, fungi	kegg_Fatty acid biosynthesis, elongation	kegg_Fatty acid biosynthesis, initiation	kegg_Fatty acid elongation in endoplasmic reticulum	kegg_Fatty acid elongation in mitochondria	kegg_Flavanone biosynthesis, phenylalanine => naringenin	kegg_Formaldehyde assimilation, ribulose monophosphate pathway	kegg_Formaldehyde assimilation, serine pathway	kegg_Formaldehyde assimilation, xylulose monophosphate pathway	kegg_Fosfomycin biosynthesis, phosphoenolpyruvate => fosfomycin	kegg_Fumarate reductase, prokaryotes	kegg_GABA (gamma-Aminobutyrate) shunt	kegg_GABA biosynthesis, eukaryotes, putrescine => GABA	kegg_GABA biosynthesis, prokaryotes, putrescine => GABA	kegg_GPI-anchor biosynthesis, core oligosaccharide	kegg_Galactofuranan biosynthesis, decaprenyl phosphate + UDP-GlcNAc (+ dTDP-Rha/UDP-Galf) => GL-5	kegg_Galactose degradation, Leloir pathway, galactose => alpha-D-glucose-1P	kegg_Geissoschizine biosynthesis, tryptophan => geissoschizine	kegg_Gluconeogenesis, oxaloacetate => fructose-6P	kegg_Glucuronate pathway (uronate pathway)	kegg_Glutathione biosynthesis, glutamate => glutathione	kegg_Glycine cleavage system	kegg_Glycogen biosynthesis, glucose-1P => glycogen/starch	kegg_Glycogen degradation, glycogen => glucose-6P	kegg_Glycolysis (Embden-Meyerhof pathway), glucose => pyruvate	kegg_Glycolysis, core module involving three-carbon compounds	kegg_Glycosaminoglycan biosynthesis, chondroitin sulfate backbone	kegg_Glycosaminoglycan biosynthesis, heparan sulfate backbone	kegg_Glycosaminoglycan biosynthesis, linkage tetrasaccharide	kegg_Glycosphingolipid biosynthesis, ganglio series, LacCer => GT3	kegg_Glycosphingolipid biosynthesis, globo-series, LacCer => Gb4Cer	kegg_Glycosphingolipid biosynthesis, lacto-series, LacCer => Lc4Cer	kegg_Glycosphingolipid biosynthesis, neolacto-series, LacCer => nLc4Cer	kegg_Glyoxylate cycle	kegg_Guanine ribonucleotide biosynthesis, IMP => GDP,GTP	kegg_Guanine ribonucleotide degradation, GMP => Urate	kegg_Helicobacter pylori pathogenicity signature, cagA pathogenicity island	kegg_Heme biosynthesis, animals and fungi, glycine => heme	kegg_Heme biosynthesis, archaea, siroheme => heme	kegg_Heme biosynthesis, bacteria, glutamyl-tRNA => coproporphyrin III => heme	kegg_Heme biosynthesis, plants and bacteria, glutamate => heme	kegg_Heparan sulfate degradation	kegg_Histidine biosynthesis, PRPP => histidine	kegg_Histidine degradation, histidine => N-formiminoglutamate => glutamate	kegg_Homoprotocatechuate degradation, homoprotocatechuate => 2-oxohept-3-enedioate	kegg_Hydroxypropionate-hydroxybutylate cycle	kegg_Imipenem resistance, repression of porin OprD	kegg_Incomplete reductive citrate cycle, acetyl-CoA => oxoglutarate	kegg_Inositol phosphate metabolism, Ins(1,3,4)P3 => phytate	kegg_Inositol phosphate metabolism, Ins(1,3,4,5)P4 => Ins(1,3,4)P3 => myo-inositol	kegg_Inositol phosphate metabolism, PI=> PIP2 => Ins(1,4,5)P3 => Ins(1,3,4,5)P4	kegg_Isoleucine biosynthesis, pyruvate => 2-oxobutanoate	kegg_Isoleucine biosynthesis, threonine => 2-oxobutanoate => isoleucine	kegg_Jasmonic acid biosynthesis	kegg_KDO2-lipid A biosynthesis, Raetz pathway, LpxL-LpxM type	kegg_KDO2-lipid A biosynthesis, Raetz pathway, non-LpxL-LpxM type	kegg_KDO2-lipid A modification pathway	kegg_Keratan sulfate degradation	kegg_Ketone body biosynthesis, acetyl-CoA => acetoacetate/3-hydroxybutyrate/acetone	kegg_L-threo-Tetrahydrobiopterin biosynthesis, GTP => L-threo-BH4	kegg_Lactosylceramide biosynthesis	kegg_Leucine biosynthesis, 2-oxoisovalerate => 2-oxoisocaproate	kegg_Leucine degradation, leucine => acetoacetate + acetyl-CoA	kegg_Lipoic acid biosynthesis, animals and bacteria, octanoyl-ACP => dihydrolipoyl-H => dihydrolipoyl-E2	kegg_Lipoic acid biosynthesis, eukaryotes, octanoyl-ACP => dihydrolipoyl-H	kegg_Lipoic acid biosynthesis, octanoyl-CoA => dihydrolipoyl-E2	kegg_Lipoic acid biosynthesis, plants and bacteria, octanoyl-ACP => dihydrolipoyl-E2/H	kegg_Lysine biosynthesis, 2-oxoglutarate => 2-oxoadipate	kegg_Lysine biosynthesis, AAA pathway, 2-oxoglutarate => 2-aminoadipate => lysine	kegg_Lysine biosynthesis, DAP aminotransferase pathway, aspartate => lysine	kegg_Lysine biosynthesis, DAP dehydrogenase pathway, aspartate => lysine	kegg_Lysine biosynthesis, acetyl-DAP pathway, aspartate => lysine	kegg_Lysine biosynthesis, mediated by LysW, 2-aminoadipate => lysine	kegg_Lysine biosynthesis, succinyl-DAP pathway, aspartate => lysine	kegg_Lysine degradation, bacteria, L-lysine => glutarate => succinate/acetyl-CoA	kegg_Lysine degradation, bacteria, L-lysine => succinate	kegg_Lysine degradation, lysine => saccharopine => acetoacetyl-CoA	kegg_Maduropeptin beta-hydroxy acid moiety biosynthesis, tyrosine => 3-(4-hydroxyphenyl)-3-oxopropanoyl-PCP	kegg_Malonate semialdehyde pathway, propanoyl-CoA => acetyl-CoA	kegg_Melatonin biosynthesis, animals, tryptophan => serotonin => melatonin	kegg_Melatonin biosynthesis, plants, tryptophan => serotonin => melatonin	kegg_Menaquinone biosynthesis, chorismate (+ polyprenyl-PP) => menaquinol	kegg_Menaquinone biosynthesis, futalosine pathway	kegg_Menaquinone biosynthesis, modified futalosine pathway	kegg_Meromycolic acid biosynthesis, initiation and elongation FAS II (KasA and KasB)	kegg_Meromycolic acid biosynthesis, initiation and elongation FAS II (KasA)	kegg_Methanogenesis, CO2 => methane	kegg_Methanogenesis, acetate => methane	kegg_Methanogenesis, methanol => methane	kegg_Methanogenesis, methylamine/dimethylamine/trimethylamine => methane	kegg_Methionine biosynthesis, aspartate => homoserine => methionine	kegg_Methionine degradation	kegg_Methionine salvage pathway	kegg_Methylaspartate cycle	kegg_Methylcitrate cycle	kegg_Molybdenum cofactor biosynthesis, GTP => molybdenum cofactor	kegg_Monolignol biosynthesis, phenylalanine/tyrosine => monolignol	kegg_Mugineic acid biosynthesis, methionine => 3-epihydroxymugineic acid	kegg_Multidrug resistance, efflux pump AbcA	kegg_Multidrug resistance, efflux pump AcrEF-TolC	kegg_Multidrug resistance, efflux pump MdtEF-TolC	kegg_Multidrug resistance, efflux pump MexAB-OprM	kegg_Multidrug resistance, efflux pump MexXY-OprM	kegg_N-glycan biosynthesis, complex type	kegg_N-glycan biosynthesis, high-mannose type	kegg_N-glycan precursor biosynthesis	kegg_N-glycan precursor trimming	kegg_N-glycosylation by oligosaccharyltransferase	kegg_NAD biosynthesis, aspartate => quinolinate => NAD	kegg_NAD biosynthesis, tryptophan => quinolinate => NAD	kegg_NADH	kegg_NADH dehydrogenase (ubiquinone) 1 alpha subcomplex	kegg_NADH dehydrogenase (ubiquinone) 1 beta subcomplex	kegg_NADH dehydrogenase (ubiquinone) Fe-S protein/flavoprotein complex, mitochondria	kegg_Nicotine degradation, pyridine pathway, nicotine => 2,6-dihydroxypyridine/succinate semialdehyde	kegg_Nitrate assimilation	kegg_Nitrogen fixation, nitrogen => ammonia	kegg_Non-phosphorylative Entner-Doudoroff pathway, gluconate/galactonate => glycerate	kegg_Nucleotide sugar biosynthesis, galactose => UDP-galactose	kegg_Nucleotide sugar biosynthesis, glucose => UDP-glucose	kegg_O-glycan biosynthesis, mannose type (core M3)	kegg_O-glycan biosynthesis, mucin type core	kegg_Ornithine biosynthesis, glutamate => ornithine	kegg_Ornithine biosynthesis, mediated by LysW, glutamate => ornithine	kegg_Ornithine-ammonia cycle	kegg_PRPP biosynthesis, ribose 5P => PRPP	kegg_Pantothenate biosynthesis, 2-oxoisovalerate/spermine => pantothenate	kegg_Pantothenate biosynthesis, valine/L-aspartate => pantothenate	kegg_Pectin degradation	kegg_Pentose bisphosphate pathway (nucleoside degradation), archaea, nucleoside/NMP => 3-PGA/glycerone phosphate	kegg_Pentose phosphate pathway (Pentose phosphate cycle)	kegg_Pentose phosphate pathway, archaea, fructose 6P => ribose 5P	kegg_Pentose phosphate pathway, non-oxidative phase, fructose 6P => ribose 5P	kegg_Pentose phosphate pathway, oxidative phase, glucose 6P => ribulose 5P	kegg_Pertussis pathogenicity signature, T1SS	kegg_Phenylacetate degradation, phenylaxetate => acetyl-CoA/succinyl-CoA	kegg_Phenylalanine biosynthesis, chorismate => phenylpyruvate => phenylalanine	kegg_Phosphate acetyltransferase-acetate kinase pathway, acetyl-CoA => acetate	kegg_Phosphatidylcholine (PC) biosynthesis, PE => PC	kegg_Phosphatidylcholine (PC) biosynthesis, choline => PC	kegg_Phosphatidylethanolamine (PE) biosynthesis, PA => PS => PE	kegg_Phosphatidylethanolamine (PE) biosynthesis, ethanolamine => PE	kegg_Photorespiration	kegg_Phylloquinone biosynthesis, chorismate (+ phytyl-PP) => phylloquinol	kegg_Phytosterol biosynthesis, squalene 2,3-epoxide => campesterol/sitosterol	kegg_Pimeloyl-ACP biosynthesis, BioC-BioH pathway, malonyl-ACP => pimeloyl-ACP	kegg_Polyamine biosynthesis, arginine => agmatine => putrescine => spermidine	kegg_Polyamine biosynthesis, arginine => ornithine => putrescine	kegg_Prodigiosin biosynthesis, L-proline => prodigiosin	kegg_Proline biosynthesis, glutamate => proline	kegg_Proline degradation, proline => glutamate	kegg_Proline metabolism	kegg_Propanoyl-CoA metabolism, propanoyl-CoA => succinyl-CoA	kegg_Purine degradation, xanthine => urea	kegg_Pyocyanine biosynthesis, chorismate => pyocyanine	kegg_Pyridoxal-P biosynthesis, R5P + glyceraldehyde-3P + glutamine => pyridoxal-P	kegg_Pyridoxal-P biosynthesis, erythrose-4P => pyridoxal-P	kegg_Pyrimidine degradation, uracil => 3-hydroxypropanoate	kegg_Pyrimidine degradation, uracil => beta-alanine, thymine => 3-aminoisobutanoate	kegg_Pyrimidine deoxyribonucleotide biosynthesis, UDP => dTTP	kegg_Pyrimidine ribonucleotide biosynthesis, UMP => UDP/UTP,CDP/CTP	kegg_Pyrrolnitrin biosynthesis, tryptophan => pyrrolnitrin	kegg_Pyruvate oxidation, pyruvate => acetyl-CoA	kegg_Rebeccamycin biosynthesis, tryptophan => rebeccamycin	kegg_Reductive acetyl-CoA pathway (Wood-Ljungdahl pathway)	kegg_Reductive citrate cycle (Arnon-Buchanan cycle)	kegg_Reductive pentose phosphate cycle (Calvin cycle)	kegg_Riboflavin biosynthesis, fungi, GTP => riboflavin/FMN/FAD	kegg_Riboflavin biosynthesis, plants and bacteria, GTP => riboflavin/FMN/FAD	kegg_Semi-phosphorylative Entner-Doudoroff pathway, gluconate => glycerate-3P	kegg_Serine biosynthesis, glycerate-3P => serine	kegg_Shikimate pathway, phosphoenolpyruvate + erythrose-4P => chorismate	kegg_Siroheme biosynthesis, glutamyl-tRNA => siroheme	kegg_Sphingosine biosynthesis	kegg_Sphingosine degradation	kegg_Staphyloferrin A biosynthesis, L-ornithine => staphyloferrin A	kegg_Staphyloferrin B biosynthesis, L-serine => staphyloferrin B	kegg_Steroid hormone biosynthesis, cholesterol => pregnenolone => progesterone	kegg_Succinate dehydrogenase (ubiquinone)	kegg_Succinate dehydrogenase, prokaryotes	kegg_Sulfate-sulfur assimilation	kegg_Sulfoglycolipids biosynthesis, ceramide/1-alkyl-2-acylglycerol => sulfatide/seminolipid	kegg_Sulfur oxidation, tetrathionate intermediate (S4I) pathway, thiosulfate => sulfur + sulfate + thiosulfate	kegg_Tetracycline resistance, efflux pump Tet38	kegg_Tetrahydrobiopterin biosynthesis, GTP => BH4	kegg_Tetrahydrofolate biosynthesis, GTP => THF	kegg_Tetrahydrofolate biosynthesis, mediated by PTPS, GTP => THF	kegg_Tetrahydrofolate biosynthesis, mediated by ribA and trpF, GTP => THF	kegg_Thiamine biosynthesis, archaea, AIR (+ NAD+) => TMP/TPP	kegg_Thiamine biosynthesis, plants, AIR (+ NAD+) => TMP/thiamine/TPP	kegg_Thiamine biosynthesis, prokaryotes, AIR (+ DXP/glycine) => TMP/TPP	kegg_Thiamine biosynthesis, prokaryotes, AIR (+ DXP/tyrosine) => TMP/TPP	kegg_Thiamine biosynthesis, pyridoxal-5P => TMP/thiamine/TPP	kegg_Thiamine salvage pathway, HMP/HET => TMP	kegg_Threonine biosynthesis, aspartate => homoserine => threonine	kegg_Thyroid hormone biosynthesis, tyrosine => triiodothyronine/thyroxine	kegg_Tocopherol/tocotorienol biosynthesis, homogentisate + phytyl/geranylgeranyl-PP => tocopherol/tocotorienol	kegg_Toluene degradation, anaerobic, toluene => benzoyl-CoA	kegg_Toluene degradation, toluene => benzoate	kegg_Trans-cinnamate degradation, trans-cinnamate => acetyl-CoA	kegg_Trehalose biosynthesis, D-glucose 1P => trehalose	kegg_Triacylglycerol biosynthesis	kegg_Tryptophan biosynthesis, chorismate => tryptophan	kegg_Tryptophan metabolism, tryptophan => kynurenine => 2-aminomuconate	kegg_Tyrosine biosynthesis, chorismate => HPP => tyrosine	kegg_Tyrosine biosynthesis, chorismate => arogenate => tyrosine	kegg_Tyrosine degradation, tyrosine => homogentisate	kegg_UDP-L-FucNAm biosynthesis	kegg_UDP-N-acetyl-D-glucosamine biosynthesis, eukaryotes, glucose => UDP-GlcNAc	kegg_UDP-N-acetyl-D-glucosamine biosynthesis, prokaryotes, glucose => UDP-GlcNAc	kegg_Ubiquinone biosynthesis, eukaryotes, 4-hydroxybenzoate + polyprenyl-PP => ubiquinol	kegg_Ubiquinone biosynthesis, prokaryotes, chorismate (+ polyprenyl-PP) => ubiquinol	kegg_Undecaprenylphosphate alpha-L-Ara4N biosynthesis, UDP-GlcA => undecaprenyl phosphate alpha-L-Ara4N	kegg_Urea cycle	kegg_V-type ATPase, eukaryotes	kegg_V/A-type ATPase, prokaryotes	kegg_Validamycin A biosynthesis, sedoheptulopyranose-7P => validamycin A	kegg_Valine/isoleucine biosynthesis, pyruvate => valine / 2-oxobutanoate => isoleucine	kegg_Vancomycin resistance, D-Ala-D-Lac type	kegg_Vancomycin resistance, D-Ala-D-Ser type	kegg_Vibrio cholerae pathogenicity signature, cholera toxins	kegg_Vibrio cholerae pathogenicity signature, toxin coregulated pilus	kegg_Xanthomonas spp. pathogenicity signature, T3SS and effectors	kegg_Xylene degradation, xylene => methylbenzoate	kegg_beta-Carotene biosynthesis, GGAP => beta-carotene	kegg_beta-Lactam resistance, Bla system	kegg_beta-Oxidation	kegg_beta-Oxidation, acyl-CoA synthesis	kegg_beta-Oxidation, peroxisome, VLCFA	kegg_beta-Oxidation, peroxisome, tri/dihydroxycholestanoyl-CoA => choloyl/chenodeoxycholoyl-CoA	kegg_dTDP-D-angolosamine biosynthesis	kegg_dTDP-D-forosamine biosynthesis	kegg_dTDP-L-megosamine biosynthesis	kegg_dTDP-L-mycarose biosynthesis	kegg_dTDP-L-oleandrose biosynthesis	kegg_dTDP-L-olivose biosynthesis	kegg_dTDP-L-rhamnose biosynthesis
4_binette_bin1	Bacteria	Bacteria	Deinococcota	Deinococci	Deinococcales	Trueperaceae	Truepera	Truepera radiovictrix	Bacteria	Deinococcota	Deinococci	Deinococcales	Trueperaceae	Truepera	Truepera radiovictrix	Bacteria	Thermotogati	Deinococcota	Deinococci	Trueperales	Trueperaceae	Truepera	Truepera radiovictrix	8	99.3	0.44	0.0	211.0	211.0	211.0	68.13	38.0	132.0	89598.0	24353.0	7495.0	3170611.0	3170611.0	3170611.0	29763.0	2938	11	0	338	7	2	1	0	0	0	3	0	0	45	1	0.0	316	236	0.17075172982142858	33.33	27.78						100.0	100.0	42.86	100.0	28.57	12.5	20.0	50.0	33.33	100.0	3.12					53.12			20.0	25.0	20.0	33.33		50.0	66.67	50.0	100.0	33.33	50.0						14.29	25.0	50.0	28.57	35.42	100.0	100.0				20.0	50.0								100.0	100.0	100.0	9.09	18.18	91.67	14.29	100.0	25.0					50.0	100.0					13.33	100.0	25.0	20.0		20.0	40.0	100.0	94.44		100.0		46.15		25.0		40.0	25.0		33.33	38.89				25.0	41.67	100.0	100.0				66.67	66.67	25.0			66.67	66.67			25.0	75.0		100.0	42.86	50.0	100.0	75.0	100.0	100.0	100.0								100.0	100.0	100.0		87.5		88.89	100.0		100.0	75.0	50.0	21.43		28.57		25.0		66.67	100.0		44.44	44.44			55.56	33.33		100.0	77.78	33.33	50.0	50.0	100.0	100.0	25.0	57.14	66.67	44.44	100.0	66.67	56.0	42.86	27.78		20.0			22.22	83.33	60.0	44.44	44.44		20.0			100.0	25.0	50.0	27.27	57.14	100.0		20.0											40.0	50.0	100.0								100.0	66.67			75.0	90.0	83.33	100.0	16.67	11.11			91.67	50.0	100.0	75.0		54.29	50.0	100.0			66.67		61.11	3.57		66.67	100.0	100.0		100.0	100.0	100.0	66.67	80.0	14.29	100.0	16.67		100.0	80.0	100.0		100.0		28.57	70.0	72.73	18.18	88.89	25.0	33.33	100.0	100.0							100.0				50.0	33.33	70.0	40.0	33.33		12.5			11.11		100.0		25.0			4.17	83.33	25.0	100.0	28.57	50.0	33.33			66.67	100.0		55.56		80.0		88.89		100.0	25.0						33.33		100.0	100.0									100.0
2_binette_bin1	Bacteria	Bacteria	Margulisbacteria	Termititenacia	Termititenacales	Termititenacaceae	unclassified	unclassified	Bacteria	Margulisbacteria	Termititenacia	Termititenacales	Termititenacaceae	unclassified	unclassified	unclassified	unclassified	unclassified	unclassified	unclassified	unclassified	unclassified	unclassified	1	98.7	0.17	0.0	104.0	104.0	104.0	50.45	20.0	67.0	87644.0	24279.0	8385.0	1607238.0	1607238.0	1607238.0	30097.5	1632	0	0	578	2	2	0	0	0	1	0	0	0	33	0	0.0	143	89	0.0036986441785714285		5.56			12.5			75.0	50.0	42.86	100.0	28.57					33.33	3.12	14.29			50.0	25.0			60.0	75.0	100.0	100.0		50.0	66.67		50.0								14.29	25.0				87.5		50.0			6.67								25.0	31.25	33.33	30.0	9.09	9.09		28.57	100.0						33.33	100.0											40.0	100.0	94.44			20.0	15.38				40.0			33.33			37.5	16.67	25.0	41.67	100.0	100.0				66.67	22.22	25.0			33.33	33.33			25.0	25.0		78.57	14.29		100.0	75.0	66.67	100.0	100.0								20.0	75.0	25.0		12.5	33.33	44.44	50.0		100.0	25.0				35.71		25.0		50.0	80.0		66.67	77.78				66.67		83.33	22.22	33.33	50.0	50.0	50.0			100.0	83.33	77.78		66.67		14.29	5.56								44.44	44.44		20.0			85.71	75.0	25.0		14.29			20.0											100.0	37.5	27.27					16.67				100.0			75.0		83.33	100.0	50.0	55.56			58.33		75.0				50.0	100.0			33.33		43.06			100.0		50.0		100.0		33.33					16.67			40.0	66.67		100.0		28.57	35.0	63.64	18.18	88.89	25.0	66.67	100.0	83.33												66.67	55.0	40.0	16.67	25.0	12.5	36.11	58.33		25.0	80.0						50.0	25.0	100.0		50.0	33.33			50.0	80.0				60.0		77.78	11.11	100.0										100.0									100.0
5_binette_bin1	Bacteria	Bacteria	Pseudomonadota	Alphaproteobacteria	Rickettsiales	Anaplasmataceae	Wolbachia	Wolbachia sp000829315	Bacteria	Pseudomonadota	Alphaproteobacteria	Rickettsiales	Anaplasmataceae	Wolbachia	Wolbachia sp000829315	unclassified	unclassified	unclassified	unclassified	unclassified	unclassified	unclassified	unclassified	3	97.0	0.37	0.0	5469.0	5469.0	5469.0	41.72	1482.0	4553.0	39835.0	1585.0	1059.0	9422332.0	9422332.0	9422332.0	3385.4	10137	0	0	9315	0	13	1	0	0	68	12	0	0	288	1	0.0	368	234	0.2672458675714287		11.11						100.0	16.67	14.29		14.29	12.5					3.12				50.0	50.0			60.0	75.0	80.0	100.0		50.0	66.67		50.0								28.57	50.0	25.0	14.29	2.08	75.0		100.0												75.0	100.0	60.0					33.33						16.67			30.0	100.0	66.67	26.67	75.0					20.0	100.0	94.44		100.0		7.69				40.0			33.33	16.67		100.0	16.67	25.0	41.67	100.0	50.0					22.22							11.11		25.0		71.43	7.14	100.0	83.33			50.0	70.0		20.0						40.0	100.0	25.0	8.7	87.5		55.56	80.0									25.0			20.0										5.56	33.33	50.0	50.0	50.0			57.14	66.67	44.44		77.78			11.11					11.11			44.44	44.44					42.86	25.0	25.0	18.18	28.57			20.0		16.67	16.67	16.67									63.64			20.0									37.5		33.33	100.0					41.67		75.0		20.0						100.0		43.06			100.0					100.0	33.33	33.33				33.33			100.0	100.0		100.0		14.29	45.0	54.55	63.64	88.89	12.5			50.0							100.0						60.0	40.0	66.67		12.5			11.11		40.0							50.0							16.67	40.0	33.33	77.78											1.14														
2_binette_bin2	Bacteria	Bacteria	Spirochaetota	Spirochaetia	Treponematales	Breznakiellaceae	JAIRRR01	unclassified	Bacteria	Spirochaetota	Spirochaetia	Treponematales	Breznakiellaceae	JAIRRR01	unclassified	unclassified	unclassified	unclassified	unclassified	unclassified	unclassified	unclassified	unclassified	1	95.2	1.34	0.0	434.0	434.0	434.0	54.29	90.0	289.0	49417.0	9887.0	3229.0	3002871.0	3002871.0	3002871.0	13105.4	2610	0	0	985	4	9	0	0	0	1	0	0	0	30	1	75.0	142	88	0.010295148857142857		2.78	20.0			33.33		75.0	66.67	42.86	66.67	42.86	12.5	40.0				3.12				50.0	25.0								50.0	100.0	50.0	50.0		25.0						14.29	50.0		14.29	16.67	75.0		100.0		33.33	6.67				33.33				25.0	54.17	66.67	46.67	48.48	72.73	83.33	28.57	66.67				25.0		50.0	100.0								40.0		40.0	40.0	87.5	100.0		75.0	20.0	25.0				20.0			33.33	5.56		100.0		16.67	33.33	100.0	25.0				66.67	22.22	50.0		25.0	33.33	33.33	25.0		25.0	75.0		78.57	64.29		33.33	100.0	100.0	77.78	60.0								20.0	50.0	50.0		12.5		11.11	20.0	12.5	83.33		25.0	14.29		39.29				66.67	80.0						11.11			100.0	27.78	33.33	50.0	50.0	50.0		12.5	57.14	50.0	33.33		55.56	24.0	28.57	5.56		40.0			11.11			33.33	33.33		23.33			71.43	50.0	37.5	27.27	19.05	50.0		20.0		16.67	16.67	16.67	16.67						40.0	25.0	27.27						100.0		50.0	66.67			100.0		66.67	100.0	50.0	33.33			75.0	50.0	75.0	50.0	20.0	28.57		50.0			33.33		23.61			50.0				100.0	100.0	33.33								70.0	100.0		100.0		85.71	45.0	63.64		11.11	50.0	33.33	100.0				33.33										20.0	20.0			12.5	8.33	8.33	11.11		60.0						66.67	25.0		14.29	25.0				50.0	60.0		11.11		40.0		77.78		100.0	25.0									100.0									100.0
2_binette_bin4	Bacteria	Bacteria	Bacteroidota	Bacteroidia	Bacteroidales	UBA932	JAITMY01	unclassified	Bacteria	Bacteroidota	Bacteroidia	Bacteroidales	UBA932	JAITMY01	unclassified	unclassified	unclassified	unclassified	unclassified	unclassified	unclassified	unclassified	unclassified	1	93.5	2.19	0.0	818.0	818.0	818.0	52.73	174.0	571.0	27023.0	6231.0	2013.0	3615120.0	3615120.0	3615120.0	7779.2	2921	0	0	1530	8	8	0	0	0	0	0	0	0	45	1	73.33	316	210	0.013579775		22.22	100.0					75.0	50.0	85.71	66.67	28.57	25.0	20.0		33.33	100.0	3.12	14.29				25.0								50.0	66.67		50.0		25.0						14.29	50.0	25.0		2.08	87.5	50.0	100.0	75.0											50.0		80.0	12.12	9.09	8.33	14.29	100.0					50.0	16.67	100.0				66.67				100.0		80.0	40.0	100.0	94.44		25.0		15.38				40.0	25.0		33.33	33.33		75.0		25.0	41.67	100.0	50.0				66.67	44.44	25.0				66.67				75.0		92.86	42.86		100.0	75.0	66.67	100.0	100.0								20.0	75.0	50.0		37.5		55.56	60.0		100.0	25.0		7.14		28.57		25.0		66.67	80.0		77.78	88.89		25.0		66.67		100.0	27.78	33.33	50.0	50.0	100.0			100.0	83.33	66.67		77.78			5.56					11.11	100.0	80.0	44.44	44.44	12.5	30.0	33.33	25.0	85.71	75.0	12.5	9.09	42.86		10.0	20.0		16.67	16.67	33.33							80.0	25.0	72.73								50.0	66.67			75.0		66.67	100.0	16.67	44.44	33.33	16.67	41.67		50.0		20.0		50.0	50.0			100.0		55.56			50.0	33.33			75.0	100.0	33.33	66.67			100.0	33.33		16.67	70.0	33.33	25.0	100.0	16.67	28.57	55.0	54.55	18.18	77.78	75.0	66.67	56.25	83.33							75.0					66.67	100.0	40.0	50.0	50.0	25.0	52.78	75.0	11.11	50.0	100.0						33.33	25.0	83.33		50.0				50.0	60.0		33.33		40.0				100.0	16.67									100.0									100.0
2_binette_bin5	Bacteria	Bacteria	Spirochaetota	Spirochaetia	Treponematales	Breznakiellaceae	JAISFT01	JAISFT01 sp031258265	Bacteria	Spirochaetota	Spirochaetia	Treponematales	Breznakiellaceae	JAISFT01	JAISFT01 sp031258265	unclassified	unclassified	unclassified	unclassified	unclassified	unclassified	unclassified	unclassified	1	90.4	2.69	0.0	571.0	571.0	571.0	55.63	135.0	403.0	32873.0	8018.0	3037.0	3490915.0	3490915.0	3490915.0	9928.4	2851	0	0	1008	2	55	0	0	0	0	2	0	0	34	2	50.0	142	88	0.004217859928571428		11.11						75.0	50.0	57.14	100.0	28.57	12.5	40.0				3.12	14.29				25.0			20.0	25.0	20.0	33.33		50.0	100.0	50.0	50.0		25.0						14.29	50.0		14.29	18.75	87.5		100.0		33.33					33.33				25.0	79.17	100.0	66.67				14.29	66.67				25.0		50.0	100.0								100.0		100.0	60.0	65.62	100.0		75.0	20.0	25.0				40.0	50.0		33.33	22.22		87.5		25.0	41.67	100.0	100.0				66.67	33.33	25.0		25.0	33.33				25.0	75.0		92.86	50.0			100.0	83.33	88.89	80.0								40.0	75.0	75.0		12.5		11.11	20.0	12.5	83.33			14.29		53.57				33.33	60.0						11.11			33.33	16.67							85.71	83.33	55.56		77.78	24.0	14.29									44.44	44.44		20.0			100.0	25.0	37.5	18.18	19.05	66.67		20.0		16.67	16.67	16.67	16.67						40.0	25.0	18.18						33.33		50.0	66.67			100.0		83.33	100.0	16.67	22.22			66.67	50.0	75.0	25.0	20.0	14.29	25.0	100.0			33.33		5.56			50.0		50.0		100.0		33.33	33.33				16.67		33.33	90.0	100.0		100.0		57.14	65.0	63.64		11.11	75.0	100.0	87.5				33.33					12.5					40.0	20.0			12.5	16.67	16.67	11.11		100.0						66.67	25.0			50.0				50.0	60.0		5.56		60.0		77.78		75.0	25.0									100.0									100.0
2_binette_bin6	Bacteria	Bacteria	Spirochaetota	Spirochaetia	Treponematales	Breznakiellaceae	JAIRMO01	unclassified	Bacteria	Spirochaetota	Spirochaetia	Treponematales	Breznakiellaceae	JAIRMO01	unclassified	unclassified	unclassified	unclassified	unclassified	unclassified	unclassified	unclassified	unclassified	1	88.3	0.61	0.0	331.0	331.0	331.0	54.46	67.0	207.0	53938.0	11289.0	3842.0	2534835.0	2534835.0	2534835.0	14292.0	2112	0	0	586	1	2	0	0	0	0	2	0	0	30	0	0.0	142	88	0.006204162785714286		5.56	20.0			33.33		100.0	66.67	57.14	100.0	28.57	12.5	20.0				3.12	14.29				25.0								50.0	100.0	50.0	50.0		25.0						14.29	50.0				87.5		100.0							33.33					37.5	33.33	40.0	45.45	72.73	83.33	14.29	83.33				25.0		16.67	100.0								100.0		100.0	40.0	100.0	100.0		75.0		5.77				40.0	50.0		33.33	16.67		100.0		16.67	33.33	50.0					66.67	22.22	25.0								75.0		78.57	57.14		100.0	75.0	83.33	77.78	60.0								20.0	75.0	50.0		12.5		11.11	20.0		83.33			7.14		32.14				66.67	80.0					25.0	33.33	33.33		100.0	27.78	33.33	50.0	50.0	50.0			85.71	83.33	55.56		77.78			5.56		20.0						33.33	33.33		33.33			100.0	25.0	25.0	9.09	14.29			20.0				16.67	16.67						40.0	25.0	27.27								50.0	66.67			100.0		83.33	100.0		11.11			66.67	50.0	75.0	25.0		14.29	25.0	100.0					55.56			33.33		100.0		100.0		33.33	33.33				16.67			70.0	100.0		100.0		71.43	45.0	54.55		11.11	62.5	100.0	87.5													33.33	55.0	20.0			12.5	16.67	16.67	11.11		100.0						50.0	25.0	16.67		25.0				33.33	40.0				80.0		77.78		100.0	25.0									100.0									100.0
2_binette_bin13	Bacteria	Bacteria	Elusimicrobiota	Endomicrobiia	Endomicrobiales	Endomicrobiaceae	Endomicrobiellum	unclassified	Bacteria	Elusimicrobiota	Endomicrobiia	Endomicrobiales	Endomicrobiaceae	Endomicrobiellum	unclassified	unclassified	unclassified	unclassified	unclassified	unclassified	unclassified	unclassified	unclassified	1	86.6	7.13	0.0	2496.0	2496.0	2496.0	37.47	876.0	2143.0	16712.0	1284.0	1042.0	3608380.0	3608380.0	3608380.0	2088.7	3472	1	0	2977	0	2	0	0	0	5	1	0	0	61	1	6.25	143	89	0.19758912274999998		5.56	100.0					100.0		57.14	100.0	28.57	12.5					3.12					25.0								50.0	66.67		50.0		25.0	20.0	25.0	33.33		25.0	14.29	25.0	25.0			87.5		50.0	75.0		40.0			33.33						43.75	66.67	30.0			8.33	28.57	100.0						16.67		12.5	10.0	25.0		20.0			60.0		100.0	20.0	100.0	100.0		75.0		19.23				40.0	25.0		33.33		6.67	62.5		25.0	41.67	100.0	100.0				33.33	11.11	25.0								25.0		64.29	7.14	50.0	83.33	75.0		72.22	70.0								20.0	75.0						10.0		94.44					32.14		25.0	25.0		80.0		66.67	77.78				66.67			30.56	33.33	50.0	50.0	50.0		12.5	71.43	66.67	55.56		66.67		14.29	5.56								44.44	44.44		20.0			42.86	25.0	25.0		14.29			20.0											100.0	37.5	85.71									66.67			100.0		83.33	100.0	50.0	88.89			58.33		75.0					100.0			66.67		43.06			50.0	16.67			25.0							33.33			70.0	100.0		50.0		28.57	35.0	54.55	18.18	77.78	62.5		56.25													66.67	60.0	40.0	16.67	41.67	12.5	44.44	69.44		25.0	40.0					33.33		25.0	16.67						50.0	80.0				60.0				100.0	25.0			7.14										20.0					83.33
2_binette_bin8	Bacteria	Bacteria	Spirochaetota	Spirochaetia	Treponematales	Breznakiellaceae	JAISFT01	JAISFT01 sp031258225	Bacteria	Spirochaetota	Spirochaetia	Treponematales	Breznakiellaceae	JAISFT01	JAISFT01 sp031258225	unclassified	unclassified	unclassified	unclassified	unclassified	unclassified	unclassified	unclassified	1	86.6	0.95	0.0	369.0	369.0	369.0	57.81	81.0	241.0	39052.0	11524.0	3897.0	2894355.0	2894355.0	2894355.0	13271.1	2471	0	0	893	2	2	0	0	0	1	2	0	0	34	1	0.0	142	88	0.004674549285714286		4.17						100.0	50.0	57.14	100.0	28.57	12.5	40.0				3.12	14.29				50.0								50.0	100.0	50.0	50.0		25.0						14.29	50.0				87.5		100.0	25.0						33.33				25.0	62.5	100.0	40.0	3.03		8.33		66.67				25.0		33.33	100.0								80.0		100.0	60.0	100.0	88.89		75.0	20.0	9.62				40.0	50.0					62.5		25.0	41.67	100.0	87.5				66.67	22.22	25.0							25.0	75.0		78.57	57.14			100.0	83.33	88.89	80.0								40.0	75.0	50.0		12.5	33.33	11.11	20.0		83.33					39.29				16.67	40.0					25.0				50.0	16.67	33.33	50.0	50.0	50.0			85.71	83.33	55.56		77.78											44.44	44.44		20.0			100.0	25.0	25.0	18.18	14.29	16.67				16.67	16.67	16.67	16.67						40.0	25.0	27.27						66.67		50.0	66.67			100.0		66.67	100.0		11.11			75.0	50.0	100.0	25.0	20.0	14.29	25.0	50.0			100.0		5.56			50.0		50.0		100.0		33.33					16.67			90.0	100.0		100.0		42.86	55.0	63.64		11.11	75.0	100.0	87.5														40.0	20.0			12.5	25.0	25.0	11.11		100.0						66.67	25.0			50.0				33.33	40.0				60.0		77.78		50.0	75.0	60.0								100.0									100.0
2_binette_bin7	Bacteria	Bacteria	Spirochaetota	Spirochaetia	Treponematales	Breznakiellaceae	WQXQ01	WQXQ01 sp031257385	Bacteria	Spirochaetota	Spirochaetia	Treponematales	Breznakiellaceae	WQXQ01	WQXQ01 sp031257385	unclassified	unclassified	unclassified	unclassified	unclassified	unclassified	unclassified	unclassified	1	84.6	0.0	0.0	351.0	351.0	351.0	55.05	86.0	241.0	27735.0	9653.0	3697.0	2425680.0	2425680.0	2425680.0	10595.3	2152	0	0	675	3	1	0	0	0	4	2	0	0	31	1	0.0	142	88	0.0060302655000000005		7.41				33.33		75.0	88.89	57.14	100.0	14.29	12.5	40.0				3.12					25.0								50.0	66.67	50.0	50.0		25.0						14.29	25.0				50.0		50.0		33.33					33.33					72.92	100.0	56.67	48.48	63.64	50.0		66.67				25.0		50.0	50.0								60.0		100.0	20.0	37.5	27.78		25.0		17.31				40.0	25.0		33.33			100.0		25.0	41.67	100.0	100.0				66.67	22.22	25.0			33.33				25.0	75.0		64.29	42.86		33.33	50.0	83.33	83.33	70.0								40.0	50.0	91.67		12.5		11.11	20.0		83.33					46.43		25.0		66.67	40.0									100.0	27.78							85.71	83.33	55.56		77.78	20.0	28.57	11.11		20.0			11.11			44.44	44.44		33.33			85.71	25.0	25.0	18.18	11.9	33.33		20.0		16.67	16.67	16.67	16.67						40.0	25.0	27.27								50.0	66.67			100.0		83.33	100.0		11.11			83.33	50.0	100.0	50.0	20.0	14.29	25.0	100.0			33.33		18.06			50.0			11.11	100.0		66.67		13.33			16.67	20.0	33.33	50.0	33.33		100.0		57.14	65.0	54.55		11.11	75.0	100.0	100.0								25.0						40.0	20.0	16.67		12.5	25.0	25.0	11.11		80.0						33.33	25.0	100.0		50.0				33.33	40.0		11.11		60.0		77.78		50.0										100.0									
2_binette_bin9	Bacteria	Bacteria	Spirochaetota	Spirochaetia	Treponematales	Breznakiellaceae	JAIRLK01	unclassified	Bacteria	Spirochaetota	Spirochaetia	Treponematales	Breznakiellaceae	JAIRLK01	unclassified	unclassified	unclassified	unclassified	unclassified	unclassified	unclassified	unclassified	unclassified	1	81.7	0.81	0.0	436.0	436.0	436.0	55.12	116.0	317.0	21616.0	6247.0	2475.0	2070150.0	2070150.0	2070150.0	7009.8	1804	0	0	636	4	3	0	0	0	0	1	0	0	20	1	33.33	142	88	0.005991062607142857		5.56						100.0	77.78	57.14	100.0	14.29	12.5	40.0				3.12	14.29			50.0	50.0								50.0	66.67	50.0	50.0		25.0						14.29	50.0		14.29	18.75	87.5		100.0		33.33					33.33				25.0	37.5	66.67	20.0	9.09	9.09			33.33				25.0		50.0	100.0								100.0		80.0	20.0	37.5	100.0		50.0	20.0	9.62				40.0	50.0		33.33	11.11		100.0		25.0	41.67	100.0	100.0				66.67	22.22	25.0							25.0	75.0		78.57	21.43		66.67	75.0	83.33	77.78	60.0								20.0	75.0	83.33		12.5		22.22	30.0	12.5	83.33			7.14		25.0				66.67	60.0						11.11			100.0	11.11	33.33	50.0	50.0	50.0			85.71	83.33	55.56		77.78	4.0		5.56								44.44	44.44		20.0			85.71	25.0	37.5	9.09		33.33		20.0		16.67	16.67	16.67	16.67						40.0	25.0	27.27						33.33		50.0	66.67			100.0		66.67	100.0					66.67	50.0	75.0	25.0	20.0	14.29	25.0	100.0			33.33		43.06			50.0				100.0	100.0	33.33		6.67			16.67			60.0	66.67		100.0		28.57	45.0	54.55		11.11	62.5	66.67	100.0	33.33													20.0	20.0		16.67	25.0	41.67	36.11	11.11	100.0	100.0						33.33	25.0	33.33		50.0				50.0	40.0		16.67		60.0		77.78		75.0										100.0									100.0
2_binette_bin11	Bacteria	Bacteria	Spirochaetota	Spirochaetia	Treponematales	Breznakiellaceae	JAIRMT01	JAIRMT01 sp031258505	Bacteria	Spirochaetota	Spirochaetia	Treponematales	Breznakiellaceae	JAIRMT01	JAIRMT01 sp031258505	unclassified	unclassified	unclassified	unclassified	unclassified	unclassified	unclassified	unclassified	1	81.6	2.1	0.0	435.0	435.0	435.0	51.5	101.0	300.0	27448.0	9628.0	3286.0	2933495.0	2933495.0	2933495.0	10690.5	2607	0	0	1159	1	2	0	0	0	0	2	0	0	38	0	100.0	142	88	0.01875842035714286		5.56				33.33		100.0	33.33	57.14	100.0	28.57	12.5	20.0				3.12	14.29				50.0			20.0	25.0	20.0	33.33		50.0	100.0	50.0	50.0		25.0						14.29	50.0				87.5		100.0							33.33				25.0	62.5	100.0	40.0					66.67				25.0		50.0	100.0								40.0		60.0	60.0	87.5	100.0		50.0	20.0	9.62				40.0	25.0		33.33					25.0	41.67	100.0	100.0				66.67	22.22	25.0							25.0	75.0		92.86	35.71		33.33	25.0	100.0	88.89	80.0								40.0	75.0	25.0		12.5	66.67	11.11	20.0	12.5	77.78					39.29				33.33	80.0					25.0				66.67	22.22							85.71	83.33	55.56		77.78			11.11		20.0						44.44	44.44	4.17	40.0	11.11	8.33	100.0	25.0	37.5	27.27	14.29	16.67		20.0				16.67	16.67						60.0	25.0	27.27						33.33		50.0	66.67			75.0		83.33	100.0		11.11			91.67	50.0	100.0	75.0		14.29	25.0	100.0			33.33		18.06			50.0		50.0		100.0		33.33					16.67			60.0	100.0		100.0		85.71	55.0	63.64		11.11	50.0	100.0	100.0					14.29									20.0					25.0	25.0			100.0						33.33	25.0	100.0		50.0				33.33	40.0				60.0		77.78		100.0	75.0	60.0								100.0									100.0
2_binette_bin15	Bacteria	Bacteria	Bacteroidota	Bacteroidia	Bacteroidales	Azobacteroidaceae	WRFZ01	unclassified	Bacteria	Bacteroidota	Bacteroidia	Bacteroidales	Azobacteroidaceae	WRFZ01	unclassified	unclassified	unclassified	unclassified	unclassified	unclassified	unclassified	unclassified	unclassified	1	79.1	4.66	0.0	505.0	505.0	505.0	43.31	148.0	394.0	16652.0	4214.0	2144.0	1855152.0	1855152.0	1855152.0	4919.7	1789	1	0	896	2	2	0	0	0	3	0	0	0	21	0	81.82	273	183	0.011720846446428571		11.11						100.0	33.33	28.57		14.29	12.5	20.0				3.12								20.0	25.0	20.0	33.33													14.29	50.0				62.5	50.0	100.0	75.0											62.5		100.0	9.09	9.09	16.67	14.29	66.67						16.67	50.0								40.0		40.0	40.0	87.5	94.44		75.0		15.38				40.0	25.0		33.33	16.67		62.5		16.67	33.33	100.0	25.0				66.67	22.22	25.0				33.33				50.0		64.29	14.29		100.0	50.0	66.67	77.78	60.0								20.0	100.0	50.0		12.5		33.33	30.0		100.0	25.0				28.57				100.0	20.0		55.56	66.67	20.0			33.33		100.0	5.56	33.33	50.0	50.0	100.0		12.5	85.71	83.33	55.56		66.67			5.56					22.22			33.33	33.33		20.0			85.71	75.0	12.5	9.09	42.86			20.0		16.67	16.67								80.0	37.5	54.55						66.67			66.67			62.5		25.0	100.0	16.67	11.11		16.67	58.33		75.0		20.0	14.29	50.0	100.0			66.67		37.5			33.33	16.67			75.0		33.33	33.33				33.33			90.0	66.67		100.0		14.29	55.0	54.55	18.18	88.89	50.0	66.67	37.5	66.67							75.0					33.33	50.0	20.0	33.33	33.33		33.33	47.22		50.0	60.0						16.67	25.0	100.0		25.0				50.0	60.0		11.11						25.0										100.0									83.33
2_binette_bin12	Bacteria	Bacteria	Bacteroidota	Bacteroidia	Bacteroidales	Bacteroidaceae	Bacteroides	unclassified	Bacteria	Bacteroidota	Bacteroidia	Bacteroidales	Bacteroidaceae	Bacteroides	unclassified	unclassified	unclassified	unclassified	unclassified	unclassified	unclassified	unclassified	unclassified	1	77.0	0.96	0.0	460.0	460.0	460.0	48.89	81.0	284.0	43210.0	11652.0	2870.0	3128542.0	3128542.0	3128542.0	13991.7	2639	0	0	1078	5	4	0	0	0	2	3	0	0	38	1	50.0	486	266	0.0062543360714285715		16.67						50.0	50.0	85.71	66.67	14.29	12.5	20.0				3.12					25.0			20.0	25.0	20.0	33.33		50.0	66.67		50.0		25.0						14.29	25.0	25.0			75.0	50.0	50.0	100.0											62.5		100.0	57.58	81.82	100.0	14.29	100.0					50.0	16.67	100.0								80.0		60.0	20.0	75.0	100.0		25.0		15.38				40.0	50.0		33.33	33.33				25.0	41.67	100.0	25.0				66.67	33.33	25.0	16.67			66.67				75.0		64.29	28.57		66.67	75.0	100.0	72.22	50.0								20.0	75.0	50.0		12.5		11.11	20.0	12.5	100.0			7.14		35.71		25.0		100.0	80.0		66.67	77.78		25.0				100.0	22.22	33.33	50.0	50.0	100.0			100.0	83.33	66.67		77.78			5.56					11.11			44.44	44.44		20.0			100.0	75.0	12.5	9.09	42.86			20.0		16.67	16.67	33.33							80.0	25.0									50.0	66.67			75.0		66.67	100.0	50.0	77.78	33.33	16.67	66.67	50.0	75.0	25.0	20.0	14.29	50.0	100.0			100.0		43.06			50.0	16.67			100.0	100.0	33.33	66.67				66.67		16.67	50.0	66.67		100.0		28.57	55.0	45.45	18.18	88.89	37.5	66.67	43.75	16.67							75.0						80.0	20.0	50.0	16.67	12.5	8.33	11.11	11.11		80.0						33.33	25.0	100.0		25.0				50.0	60.0				40.0		66.67		100.0										100.0									100.0
2_binette_bin23	Bacteria	Bacteria	Elusimicrobiota	Endomicrobiia	Endomicrobiales	Endomicrobiaceae	Endomicrobiellum	unclassified	Bacteria	Elusimicrobiota	Endomicrobiia	Endomicrobiales	Endomicrobiaceae	Endomicrobiellum	unclassified	unclassified	unclassified	unclassified	unclassified	unclassified	unclassified	unclassified	unclassified	1	73.9	8.52	0.0	678.0	678.0	678.0	34.32	237.0	571.0	7268.0	1825.0	1209.0	1222566.0	1222566.0	1222566.0	2146.0	1327	0	0	793	0	1	0	0	0	9	0	0	0	34	0	48.15	100	55	0.003988275714285714		5.56	100.0					100.0	50.0	57.14	100.0		37.5				33.33	3.12					50.0			60.0	75.0	100.0	100.0		50.0	33.33		50.0		25.0											87.5			100.0					33.33						6.25		10.0				28.57	50.0						16.67	50.0										20.0	40.0	100.0	100.0		75.0		15.38				20.0			33.33			87.5		25.0	41.67	75.0	100.0				66.67	22.22	25.0	16.67							50.0		78.57			66.67	75.0	83.33	88.89	80.0									100.0	50.0					10.0		75.0					14.29		25.0		66.67	60.0		88.89	100.0				33.33		100.0	5.56	33.33	50.0	50.0	50.0		12.5	85.71	66.67	66.67		66.67			5.56						16.67		44.44	44.44		20.0			71.43	25.0	25.0					20.0				33.33							80.0	37.5	27.27									66.67			100.0		83.33		50.0	77.78			41.67		50.0				50.0	50.0			66.67		30.56			50.0	50.0			100.0		33.33					33.33			70.0	66.67		100.0			15.0	54.55	9.09	33.33	25.0	33.33	75.0													33.33	50.0	40.0		41.67	12.5	52.78	77.78		25.0	80.0						33.33	25.0	83.33		50.0	33.33			50.0	100.0				60.0				75.0																			83.33
2_binette_bin14	Bacteria	Bacteria	Spirochaetota	Spirochaetia	Treponematales	Breznakiellaceae	JAIRMY01	unclassified	Bacteria	Spirochaetota	Spirochaetia	Treponematales	Breznakiellaceae	JAIRMY01	unclassified	unclassified	unclassified	unclassified	unclassified	unclassified	unclassified	unclassified	unclassified	1	73.7	1.79	0.0	410.0	410.0	410.0	53.57	90.0	289.0	30202.0	6502.0	2401.0	2057884.0	2057884.0	2057884.0	8916.1	1893	0	0	917	2	0	0	0	0	0	1	0	0	30	0	100.0	142	88	0.016040597214285714		2.78	40.0			33.33		75.0	66.67	28.57	66.67		12.5	20.0			16.67	3.12	14.29							20.0	25.0	20.0	33.33			33.33	50.0	50.0		25.0						14.29	50.0				75.0		100.0		33.33					33.33					56.25	100.0	30.0	63.64	81.82	75.0	14.29	100.0				25.0		16.67	100.0								20.0		60.0	20.0	87.5	77.78				5.77				40.0						100.0		8.33	8.33	50.0	50.0				66.67	22.22	50.0								75.0		78.57	14.29		100.0	75.0	50.0	94.44	90.0								40.0	50.0	50.0		25.0		55.56	60.0		66.67					17.86				66.67	60.0									100.0	5.56							57.14	50.0	33.33		44.44			5.56								44.44	44.44		33.33	11.11		85.71	25.0	12.5	18.18	14.29	50.0													20.0	12.5	27.27						100.0		50.0	66.67			50.0		58.33	100.0					58.33		75.0			14.29	25.0	100.0			33.33		55.56			16.67				75.0		33.33					33.33		83.33	60.0	66.67		100.0		57.14	45.0	54.55		11.11	37.5	100.0	75.0	83.33			33.33					50.0					45.0	20.0			12.5	25.0	41.67	11.11		100.0						50.0	25.0	66.67		50.0				50.0	40.0				40.0		55.56		75.0	25.0									100.0			25.0	40.0	20.0	20.0	20.0	50.0	66.67
2_binette_bin18	Bacteria	Bacteria	Bacteroidota	Bacteroidia	Bacteroidales	UBA932	JAIRLC01	unclassified	Bacteria	Bacteroidota	Bacteroidia	Bacteroidales	UBA932	JAIRLC01	unclassified	unclassified	unclassified	unclassified	unclassified	unclassified	unclassified	unclassified	unclassified	1	73.0	6.36	0.0	815.0	815.0	815.0	51.61	245.0	662.0	7562.0	2148.0	1141.0	1635794.0	1635794.0	1635794.0	2641.2	1547	0	0	903	2	3	0	0	0	0	0	0	0	10	2	33.33	316	210	0.003021965428571429		16.67						75.0	16.67	71.43	66.67	14.29	12.5				33.33	3.12	14.29							20.0	25.0	20.0	33.33					50.0		25.0						14.29	25.0			2.08	75.0	50.0	50.0	75.0											87.5	100.0	80.0			25.0	14.29	16.67						16.67	100.0				66.67							20.0	87.5	72.22		25.0		15.38				40.0			33.33	33.33		87.5		16.67	16.67	50.0	25.0				66.67	11.11	25.0								75.0		50.0	28.57		100.0	75.0	66.67	83.33	70.0								60.0	25.0	25.0		12.5		11.11	20.0		50.0	25.0		7.14		32.14				100.0	50.0		77.78	88.89		25.0		33.33		100.0	22.22							85.71	66.67	77.78		77.78			5.56					11.11	100.0	80.0	33.33	33.33					71.43	75.0	12.5	27.27	57.14		10.0	20.0		16.67	16.67	33.33							40.0		27.27								50.0	66.67			62.5		66.67	100.0	50.0	88.89		16.67	41.67		50.0		20.0		50.0						50.0			16.67	16.67				100.0	66.67	66.67				50.0			50.0			100.0		14.29	75.0	45.45		11.11	12.5	66.67	62.5	16.67						25.0	75.0					33.33	50.0	20.0		16.67		8.33	11.11			100.0						33.33	25.0	100.0		25.0				50.0	60.0		33.33		40.0				62.5	16.67									100.0									100.0
2_binette_bin16	Bacteria	Bacteria	Bacteroidota	Bacteroidia	Bacteroidales	Marinifilaceae	JAIRKS01	unclassified	Bacteria	Bacteroidota	Bacteroidia	Bacteroidales	Marinifilaceae	JAIRKS01	unclassified	unclassified	unclassified	unclassified	unclassified	unclassified	unclassified	unclassified	unclassified	1	69.5	1.32	0.0	831.0	831.0	831.0	59.07	225.0	649.0	12914.0	3061.0	1292.0	2089583.0	2089583.0	2089583.0	3586.2	1724	0	0	979	4	0	0	0	0	0	1	0	0	23	0	0.0	104	58	0.0021298197857142855		16.67	40.0					75.0		57.14	66.67	28.57	12.5				33.33	3.12					50.0			60.0	75.0	80.0	100.0		50.0	66.67		50.0		25.0						14.29	50.0	25.0			87.5		100.0	75.0										25.0	25.0		40.0			8.33	28.57	83.33						50.0	50.0				66.67				80.0		60.0	40.0	90.62	88.89		25.0	20.0	7.69				40.0	25.0		33.33	41.67		100.0		25.0	41.67	100.0	50.0				66.67	22.22	75.0				33.33				75.0		85.71	21.43		66.67	75.0	66.67	66.67	60.0									75.0			12.5		11.11	10.0	25.0	100.0	50.0		7.14		17.86				66.67	70.0		77.78	88.89		25.0		33.33		100.0	5.56	33.33	50.0	50.0	100.0			100.0	83.33	66.67		77.78			5.56					77.78			44.44	44.44					42.86	50.0	18.75		14.29		10.0	20.0				16.67							80.0	25.0	68.18								50.0	66.67			50.0		66.67	100.0	16.67	11.11		16.67	41.67		75.0				25.0				100.0		36.11	50.0		50.0	33.33				100.0		83.33				16.67		16.67	10.0	66.67		100.0		28.57	35.0	63.64	18.18	88.89	50.0		56.25	16.67							75.0					33.33	80.0	40.0	33.33	25.0	12.5	36.11	58.33		25.0	40.0				33.33		33.33		75.0		25.0				33.33	40.0		11.11		40.0		11.11		62.5						33.33				100.0									100.0
2_binette_bin24	Bacteria	Bacteria	Spirochaetota	Spirochaetia	Treponematales	Breznakiellaceae	JAIRMT01	unclassified	Bacteria	Spirochaetota	Spirochaetia	Treponematales	Breznakiellaceae	JAIRMT01	unclassified	unclassified	unclassified	unclassified	unclassified	unclassified	unclassified	unclassified	unclassified	1	67.9	6.08	0.0	887.0	887.0	887.0	52.61	228.0	690.0	25388.0	2898.0	1324.0	2261856.0	2261856.0	2261856.0	4104.0	2169	0	0	1145	2	2	0	0	0	3	1	0	0	21	0	84.21	142	88	0.03587678403571428		4.17						75.0	50.0	28.57	66.67		12.5	20.0					14.29				50.0								50.0	100.0	50.0	50.0		25.0						14.29	25.0				87.5		50.0												62.5	100.0	40.0					50.0				25.0		50.0	100.0								60.0		100.0	60.0	100.0	83.33		50.0		9.62				40.0	50.0		33.33					25.0	41.67	50.0	87.5				66.67	22.22	25.0	16.67							50.0		92.86	28.57			75.0	83.33	88.89	80.0								40.0	50.0	50.0		12.5		11.11	20.0		61.11					32.14				66.67	70.0									100.0	16.67							71.43	83.33	55.56		55.56											11.11	11.11	4.17	26.67	11.11	8.33	100.0	25.0	37.5	18.18	14.29	16.67		20.0		16.67	16.67	16.67	16.67						60.0	25.0	27.27						66.67			66.67			50.0		66.67	100.0		11.11			50.0	50.0	25.0	75.0	20.0	14.29		100.0					5.56			33.33		50.0		100.0		33.33					16.67			60.0	100.0		100.0		42.86	55.0	45.45		11.11	75.0	66.67	62.5														20.0				12.5	16.67	16.67	11.11		80.0						50.0		100.0		25.0				50.0	60.0				40.0		66.67		87.5	75.0									100.0									100.0
2_binette_bin30	Bacteria	Bacteria	Verrucomicrobiota	Verrucomicrobiia	Opitutales	LL51	unclassified	unclassified	Bacteria	Verrucomicrobiota	Verrucomicrobiia	Opitutales	LL51	unclassified	unclassified	unclassified	unclassified	unclassified	unclassified	unclassified	unclassified	unclassified	unclassified	1	67.7	9.58	0.0	136.0	136.0	136.0	43.81	36.0	107.0	25116.0	7021.0	3016.0	791975.0	791975.0	791975.0	8475.1	725	1	0	538	0	2	0	0	0	1	0	0	0	34	0	6.45	230	148	0.0047287800714285715		1.39	40.0					25.0									16.67									40.0	50.0	60.0	66.67																		37.5			50.0																									50.0											20.0				50.0					2.5							12.5		16.67	33.33	100.0	37.5				33.33										25.0		50.0	7.14			75.0	50.0	61.11	50.0									50.0																				55.56	77.78																																														16.67																		66.67						100.0					50.0		75.0								33.33					66.67														40.0	33.33		100.0			10.0	36.36			12.5																				12.5			11.11								33.33								50.0	40.0													1.14														
2_binette_bin3	Bacteria	Bacteria	Pseudomonadota	Gammaproteobacteria	Burkholderiales	Rhodocyclaceae	Propionivibrio	unclassified	Bacteria	Pseudomonadota	Gammaproteobacteria	Burkholderiales	Rhodocyclaceae	Propionivibrio	unclassified	unclassified	unclassified	unclassified	unclassified	unclassified	unclassified	unclassified	unclassified	1	67.5	5.5	0.0	4017.0	4017.0	4017.0	56.82	1386.0	3398.0	22626.0	2127.0	1573.0	9107772.0	9107772.0	9107772.0	2984.9	9840	0	0	8087	10	7	0	0	0	4	0	0	0	46	1	3.45	425	211	0.003030782464285714		12.96	100.0				50.0	100.0	66.67	71.43	100.0	42.86	25.0	40.0		33.33	100.0	3.12					50.0			40.0	50.0	60.0	83.33		50.0	66.67		50.0								28.57	25.0		57.14	43.75	87.5	50.0	50.0	100.0							25.0		8.33		87.5	66.67	100.0	66.67	77.27	33.33	28.57	83.33					50.0	16.67	100.0								80.0		100.0	40.0	90.62	94.44	25.0	75.0		34.62	100.0		11.25	40.0	50.0		33.33	36.11	6.67	87.5		25.0	41.67	100.0	50.0				66.67	44.44	50.0		100.0	33.33			22.22		25.0		100.0	28.57	100.0	100.0	100.0	100.0	100.0	100.0	50.0							40.0	100.0	50.0	4.35	50.0		66.67	80.0		86.11			14.29	100.0	32.14	66.67	25.0	25.0	66.67	100.0		66.67	66.67		25.0	22.22	33.33		100.0	55.56	33.33	50.0	50.0	100.0			85.71	83.33	66.67		100.0	24.0	14.29	5.56					11.11			44.44	44.44		20.0			100.0	75.0	37.5	27.27	57.14	83.33		20.0		16.67	16.67	50.0	16.67	8.33	14.29	7.69	25.0		100.0	37.5	81.82			10.0						100.0	6.67		100.0		83.33	100.0	50.0	55.56			91.67	50.0	100.0	75.0	20.0	28.57	100.0	100.0			100.0	66.67	55.56		18.42	83.33	16.67	100.0		100.0	100.0	33.33	50.0				66.67	20.0		90.0	100.0		100.0		28.57	70.0	63.64	72.73	88.89	75.0	100.0	100.0	75.0	20.0						25.0	50.0				33.33	60.0	20.0	33.33	41.67	12.5	52.78	61.11		25.0	100.0			16.67			66.67	25.0	100.0		100.0	66.67	40.0	25.0	50.0	100.0		55.56		80.0	15.38			100.0					10.23		16.67		33.33	100.0									100.0
2_binette_bin28	Bacteria	Bacteria	Spirochaetota	Spirochaetia	Treponematales	Breznakiellaceae	JAIRNN01	unclassified	Bacteria	Spirochaetota	Spirochaetia	Treponematales	Breznakiellaceae	JAIRNN01	unclassified	unclassified	unclassified	unclassified	unclassified	unclassified	unclassified	unclassified	unclassified	1	65.5	7.82	0.0	506.0	506.0	506.0	54.42	137.0	373.0	28947.0	6425.0	2678.0	2632312.0	2632312.0	2632312.0	7618.3	2424	0	0	1412	0	3	0	0	0	0	0	0	0	33	1	73.33	142	88	0.007108980214285715		2.78						50.0	61.11	42.86	100.0	28.57	12.5	60.0				3.12	14.29				25.0								50.0	33.33	50.0	50.0		25.0						14.29	25.0				75.0		50.0		33.33					33.33				25.0	43.75	66.67	30.0					50.0				25.0		33.33	100.0								60.0		100.0	40.0	25.0	33.33			20.0	9.62				40.0	25.0		33.33			50.0		16.67	16.67	75.0	25.0				66.67	11.11	25.0	16.67		33.33					75.0		78.57	35.71		33.33	75.0	66.67	88.89	80.0								20.0	25.0	58.33						12.5	66.67					25.0				66.67	50.0									100.0	27.78						12.5	57.14	66.67	44.44		66.67	20.0	28.57	5.56								33.33	33.33		10.0			85.71	50.0	12.5	18.18	14.29	50.0		20.0				16.67	16.67						20.0	12.5	27.27						66.67		50.0	66.67			62.5		58.33	100.0		11.11		16.67	58.33		50.0	50.0		14.29		100.0					18.06			33.33				25.0				6.67			16.67			40.0	33.33		100.0		14.29	35.0	54.55		11.11	75.0	66.67	100.0									12.5					20.0	20.0				16.67	16.67			80.0						50.0	25.0	100.0						33.33	40.0				60.0		33.33		62.5	25.0									100.0									
4_binette_bin4	unclassified	unclassified	unclassified	unclassified	unclassified	unclassified	unclassified	unclassified								unclassified	unclassified	unclassified	unclassified	unclassified	unclassified	unclassified	unclassified	4	65.5	10.41	0.0	1919.0	1919.0	1919.0	42.85	634.0	1553.0	10784.0	2403.0	1475.0	4339532.0	4339532.0	4339532.0	2800.7	5464	0	0	5461	0	0	0	0	0	0	4	0	0	157	0	0.0	56	24	0.24879345939285713												14.29																																																	6.25		10.0																																																													7.14																															25.0																																																																																																																												50.0							50.0																				25.0																																			
3_binette_bin3	unclassified	unclassified	unclassified	unclassified	unclassified	unclassified	unclassified	unclassified								unclassified	unclassified	unclassified	unclassified	unclassified	unclassified	unclassified	unclassified	2	64.4	6.37	0.0	4218.0	4218.0	4218.0	61.52	1738.0	3650.0	3851.0	1415.0	1079.0	5900691.0	5900691.0	5900691.0	1472.0	6133	0	0	6132	0	0	0	0	0	3	2	0	0	12	1	0.0	56	24	0.010988632178571428							50.0	25.0	16.67			14.29										50.0			16.67																25.0	14.29						50.0									50.0	50.0	8.33		31.25	33.33	30.0							50.0										13.33						20.0				25.0	20.0							7.69										25.0								66.67	66.67				25.0		14.29	14.29				66.67	16.67	10.0	50.0		25.0			50.0	50.0	20.0		25.0		12.5			10.0	12.5							33.33					25.0													50.0										16.67		20.0													50.0	12.5											8.33			25.0					7.14								33.33	6.67	25.0					16.67				8.33											33.33			5.26												16.67		66.67	10.0	33.33				14.29		9.09			12.5				40.0	50.0							50.0			33.33																								16.67	20.0	16.67				7.69												66.67		66.67	33.33							
2_binette_bin25	Bacteria	Bacteria	Spirochaetota	Spirochaetia	Treponematales	Breznakiellaceae	JAIRMY01	unclassified	Bacteria	Spirochaetota	Spirochaetia	Treponematales	Breznakiellaceae	JAIRMY01	unclassified	unclassified	unclassified	unclassified	unclassified	unclassified	unclassified	unclassified	unclassified	1	64.2	4.75	0.0	734.0	734.0	734.0	51.98	155.0	562.0	21761.0	3201.0	1290.0	1948266.0	1948266.0	1948266.0	4902.1	1905	0	0	1053	7	4	0	0	0	1	0	0	0	29	1	75.0	142	88	0.0029523539285714285		5.56	40.0					50.0	66.67	57.14	100.0		12.5				55.56						3.12									33.33	50.0	50.0		25.0											62.5				33.33	20.0				33.33					54.17	100.0	26.67	72.73	100.0	66.67	28.57	66.67				25.0		16.67	100.0								40.0		80.0	40.0	100.0	11.11				5.77				20.0						75.0		25.0	41.67	75.0	75.0				66.67		50.0	16.67	25.0						75.0		64.29			33.33	50.0	83.33	88.89	80.0								40.0	25.0	50.0		12.5		44.44	50.0		66.67					17.86				66.67	60.0									100.0	16.67							57.14	50.0	33.33		55.56											11.11	11.11		20.0			71.43	25.0	25.0	18.18	19.05	50.0													40.0	25.0	27.27						33.33		50.0	66.67			75.0		83.33	100.0	16.67	22.22	33.33		41.67		50.0			14.29	25.0	50.0		33.33	33.33		12.5			33.33				100.0		33.33							50.0	60.0	66.67		100.0		42.86	45.0	54.55		11.11	50.0	66.67	100.0	83.33				14.29				12.5					20.0	20.0			12.5	25.0	25.0	11.11		80.0					16.67	16.67	25.0	83.33		50.0				50.0	40.0				60.0		44.44		75.0	25.0									100.0			25.0	40.0	20.0	20.0	20.0	50.0	66.67
3_binette_bin4	unclassified	unclassified	unclassified	unclassified	unclassified	unclassified	unclassified	unclassified								unclassified	unclassified	unclassified	unclassified	unclassified	unclassified	unclassified	unclassified	1	64.2	10.58	0.0	7753.0	7753.0	7753.0	46.01	3187.0	6785.0	4862.0	1165.0	1030.0	9834496.0	9834496.0	9834496.0	1362.1	13045	0	0	13045	1	0	0	0	0	0	2	0	0	109	0	0.0	56	24	0.09548958314285713							50.0		16.67			14.29										50.0			16.67												20.0	25.0	33.33																																																																														33.33							7.14								20.0			50.0					25.0															50.0								33.33																																		12.5																		28.57																																																															20.0				50.0				50.0				20.0																					20.0																														
2_binette_bin21	Bacteria	Bacteria	Spirochaetota	Spirochaetia	Treponematales	Breznakiellaceae	JAIROH01	unclassified	Bacteria	Spirochaetota	Spirochaetia	Treponematales	Breznakiellaceae	JAIROH01	unclassified	unclassified	unclassified	unclassified	unclassified	unclassified	unclassified	unclassified	unclassified	1	64.2	2.71	0.0	699.0	699.0	699.0	54.07	179.0	531.0	17821.0	3621.0	1501.0	2074964.0	2074964.0	2074964.0	4470.2	2022	0	0	1061	3	2	0	0	0	3	0	0	0	17	1	0.0	142	88	0.0022605125		5.56	60.0					100.0	66.67	57.14	100.0		12.5	53.33				3.12					25.0			20.0	25.0	20.0	33.33			33.33	50.0	50.0		25.0						14.29	50.0				62.5		100.0		33.33	80.0				33.33					79.17	100.0	66.67			8.33	14.29	66.67				25.0		33.33	100.0								40.0		40.0	40.0	100.0	83.33		75.0		15.38	25.0			20.0	25.0		33.33			87.5		25.0	41.67	100.0	100.0				83.33		50.0	16.67	25.0						75.0		78.57	28.57		100.0	75.0	83.33	77.78	60.0								40.0	75.0	50.0		12.5	33.33	11.11	20.0		75.0					50.0				66.67	40.0						33.33	33.33		100.0	27.78	33.33	50.0	50.0	50.0			57.14	50.0	22.22		55.56			5.56		20.0						44.44	44.44		20.0	11.11		100.0	50.0	37.5	27.27	19.05			20.0				16.67	16.67						40.0	25.0	27.27					16.67	33.33		50.0	66.67			100.0		83.33	100.0	16.67	22.22			41.67	25.0	50.0				25.0	50.0					50.0			50.0				100.0		33.33					16.67			70.0	100.0		100.0		28.57	55.0	54.55			75.0	100.0	100.0					14.29								33.33	50.0	20.0			12.5	25.0	41.67	11.11	50.0	100.0					41.67	50.0	25.0	16.67		50.0				33.33	40.0		11.11		60.0		66.67		50.0	25.0								50.0	100.0									
1_binette_bin2	unclassified	unclassified	unclassified	unclassified	unclassified	unclassified	unclassified	unclassified								unclassified	unclassified	unclassified	unclassified	unclassified	unclassified	unclassified	unclassified	1	64.0	13.38	0.0	3686.0	3686.0	3686.0	40.81	1433.0	3194.0	16775.0	1285.0	1042.0	5029417.0	5029417.0	5029417.0	1633.4	7073	0	0	7042	0	0	0	0	0	13	0	0	0	21	0	0.0	102	58	0.2801445069285714												14.29										50.0			8.33																																				3.12		5.0																	20.0																					6.67					100.0	50.0																	7.14			25.0																												25.0																																										18.75			33.33															85.71											25.0									16.67		25.0																																		9.09												25.0																							25.0																									33.33		33.33	33.33							
2_binette_bin17	Bacteria	Bacteria	Synergistota	Synergistia	Synergistales	Synergistaceae	JAIRKI01	unclassified	Bacteria	Synergistota	Synergistia	Synergistales	Synergistaceae	JAIRKI01	unclassified	unclassified	unclassified	unclassified	unclassified	unclassified	unclassified	unclassified	unclassified	1	63.9	2.09	0.0	1030.0	1030.0	1030.0	56.61	328.0	847.0	8445.0	1986.0	1165.0	1968890.0	1968890.0	1968890.0	2428.1	2032	1	0	1337	11	3	0	0	0	0	1	0	0	15	0	100.0	105	59	0.0020977180357142854		5.56	40.0					75.0	50.0	28.57	100.0			20.0			66.67	3.12	14.29				56.25			20.0	25.0	20.0	33.33		50.0	100.0	50.0	100.0	33.33	50.0						14.29	25.0		14.29	16.67	87.5		50.0	75.0	33.33	6.67									25.0		40.0	45.45	72.73	83.33	42.86	83.33						16.67	100.0								60.0		100.0	40.0	100.0	94.44		25.0		15.38		25.0		20.0	25.0		33.33	22.22		12.5		25.0	41.67	100.0	50.0				100.0	33.33	50.0	16.67			33.33				75.0		78.57	28.57		33.33	100.0	83.33	88.89	80.0									75.0	50.0		25.0		33.33	40.0		75.0					39.29				66.67	100.0		88.89	88.89				33.33		100.0	22.22	33.33	50.0	50.0	50.0		12.5	42.86	50.0	33.33	20.0	33.33			5.56								44.44	44.44		10.0	22.22		71.43	50.0	50.0		14.29	50.0		20.0											40.0	25.0	9.09						100.0		50.0	66.67				20.0	83.33	100.0	50.0	33.33			41.67	50.0	50.0			14.29		50.0			100.0		23.61			50.0	83.33				100.0		33.33							70.0	66.67		100.0		42.86	35.0	45.45	9.09	66.67	75.0	66.67		50.0								50.0				33.33	60.0	20.0	33.33	16.67	12.5	25.0	36.11	11.11	100.0	60.0					16.67	50.0	25.0							50.0	100.0				60.0		88.89		100.0										100.0									100.0
4_binette_bin5	unclassified	unclassified	unclassified	unclassified	unclassified	unclassified	unclassified	unclassified								unclassified	unclassified	unclassified	unclassified	unclassified	unclassified	unclassified	unclassified	1	63.5	17.64	0.0	2750.0	2750.0	2750.0	62.89	1159.0	2351.0	4834.0	1667.0	1116.0	4211274.0	4211274.0	4211274.0	1604.5	6478	0	0	6475	1	0	0	0	0	1	0	0	0	0	0	0.0	56	24	0.009256413714285715							50.0		16.67																8.33																				14.29									25.0			25.0		8.33	25.0	3.12		5.0							50.0	33.33		50.0																									7.69								100.0	50.0				33.33						33.33		1.85		25.0							33.33	11.11			20.0							50.0															25.0	75.0							25.0																					20.0													50.0												8.33								7.14							50.0			25.0					16.67				8.33		25.0						100.0		33.33	33.33								50.0		33.33														10.0								20.0								50.0																				50.0													15.38												33.33	100.0									
3_binette_bin7	unclassified	unclassified	unclassified	unclassified	unclassified	unclassified	unclassified	unclassified								unclassified	unclassified	unclassified	unclassified	unclassified	unclassified	unclassified	unclassified	1	63.0	9.07	0.0	2692.0	2692.0	2692.0	38.09	1160.0	2364.0	4035.0	1205.0	1031.0	3337374.0	3337374.0	3337374.0	1283.6	5164	0	0	4171	0	0	0	0	0	856	0	0	0	2	0	0.0	56	24	0.15293045607142858																																									25.0																																																																																						25.0																																																									25.0																																																																																																																																																			33.33										
3_binette_bin23	unclassified	unclassified	unclassified	unclassified	unclassified	unclassified	unclassified	unclassified								unclassified	unclassified	unclassified	unclassified	unclassified	unclassified	unclassified	unclassified	1	62.4	12.32	0.0	4246.0	4246.0	4246.0	44.79	1794.0	3697.0	11190.0	1509.0	1275.0	6686869.0	6686869.0	6686869.0	1808.2	4752	0	0	4752	0	0	0	0	0	0	5	0	0	390	0	0.0	56	24	0.1189593368571428							50.0	25.0				14.29													8.33																																			25.0																				6.67										50.0	20.0															100.0	50.0	25.0																7.14															25.0																																																																																																																			50.0										20.0	33.33																					50.0				20.0																																																			
7_binette_bin3	unclassified	unclassified	unclassified	unclassified	unclassified	unclassified	unclassified	unclassified								unclassified	unclassified	unclassified	unclassified	unclassified	unclassified	unclassified	unclassified	1	61.9	12.29	0.0	3358.0	3358.0	3358.0	47.19	1492.0	2958.0	2593.0	1196.0	1035.0	4071260.0	4071260.0	4071260.0	1246.9	5913	0	0	5913	0	0	0	0	0	0	0	0	0	51	0	0.0	56	24	0.06158369119642857							50.0					14.29																																										50.0																																																				100.0	50.0															25.0		7.14											50.0																																																	25.0	25.0																																																																																																																									25.0																																			
2_binette_bin29	Bacteria	Bacteria	Spirochaetota	Spirochaetia	Treponematales	Breznakiellaceae	Termitinema	unclassified	Bacteria	Spirochaetota	Spirochaetia	Treponematales	Breznakiellaceae	Termitinema	unclassified	unclassified	unclassified	unclassified	unclassified	unclassified	unclassified	unclassified	unclassified	1	61.7	6.55	0.0	1209.0	1209.0	1209.0	60.35	404.0	1011.0	7247.0	1780.0	1109.0	2105688.0	2105688.0	2105688.0	2137.2	2107	0	0	1217	5	3	0	0	0	2	0	0	0	15	0	30.0	142	88	0.0039709608571428575		2.78				33.33		75.0	66.67	57.14	100.0		12.5													20.0	25.0	20.0	33.33			66.67	50.0	50.0		25.0						14.29	50.0				87.5		100.0		33.33	40.0				33.33					66.67	100.0	46.67	66.67	81.82	58.33	14.29	100.0				25.0		50.0	100.0								40.0		40.0	20.0	100.0	100.0		25.0		9.62				40.0	25.0		33.33			100.0		25.0	41.67	75.0	75.0				66.67	22.22	50.0	16.67	25.0		33.33			25.0	50.0		78.57	14.29		100.0	100.0	83.33	94.44	90.0								40.0	50.0	50.0		25.0		55.56	60.0		83.33					35.71				66.67	40.0									100.0	22.22							85.71	83.33	55.56		66.67			5.56						16.67		11.11	11.11		33.33	11.11		85.71	50.0	25.0	18.18	19.05	16.67		20.0		16.67	16.67	16.67	16.67						40.0	25.0	27.27						100.0		50.0	66.67			100.0		83.33	100.0		11.11			58.33		75.0		20.0	14.29		100.0			33.33		37.5			50.0				100.0		33.33					16.67			70.0	66.67		100.0		85.71	55.0	54.55			62.5	66.67	87.5	83.33													40.0	20.0			12.5	16.67	16.67	11.11		100.0						66.67	25.0	66.67		25.0				50.0	40.0				60.0		77.78		50.0	25.0									100.0									100.0
2_binette_bin22	Bacteria	Bacteria	Bacteroidota	Bacteroidia	Bacteroidales	UBA932	JAIRKX01	unclassified	Bacteria	Bacteroidota	Bacteroidia	Bacteroidales	UBA932	JAIRKX01	unclassified	unclassified	unclassified	unclassified	unclassified	unclassified	unclassified	unclassified	unclassified	1	61.5	2.26	0.0	655.0	655.0	655.0	48.24	171.0	509.0	12996.0	3219.0	1327.0	1710306.0	1710306.0	1710306.0	3750.0	1567	0	0	862	2	2	0	0	0	1	0	0	0	26	0	28.57	316	210	0.0026388612857142857		14.81						50.0	50.0	85.71	66.67	14.29		20.0			50.0	3.12	14.29				25.0			20.0	25.0	20.0	33.33		50.0	33.33		50.0		25.0						14.29	25.0	25.0		2.08	75.0	50.0	50.0	50.0			25.0								45.83		73.33			8.33	14.29	66.67						16.67	100.0				66.67				40.0		40.0	40.0	75.0	77.78		25.0		15.38				20.0	25.0		33.33	33.33		87.5		25.0	41.67	100.0	50.0				33.33	33.33									75.0		71.43	28.57		100.0	75.0	66.67	66.67	60.0			25.0					20.0	50.0	50.0		12.5		11.11	20.0		83.33	50.0		7.14		28.57				83.33	30.0		55.56	55.56				66.67		83.33	5.56	33.33	50.0	50.0	50.0			57.14	50.0	33.33		55.56			5.56					11.11	83.33	60.0	44.44	44.44					71.43	75.0	12.5	9.09	38.1			20.0		16.67	16.67	33.33							100.0	37.5	54.55						33.33		50.0	66.67			75.0		58.33	100.0	50.0	77.78		16.67	41.67		50.0		20.0	14.29					66.67		43.06			66.67	16.67			50.0	100.0	66.67	66.67				66.67			70.0	66.67		100.0		14.29	55.0	45.45		11.11	75.0	66.67	37.5	16.67							50.0					66.67	100.0	40.0	33.33	16.67		8.33	11.11			80.0				33.33		33.33		33.33						33.33	40.0		33.33		40.0				37.5						33.33													33.33
4_binette_bin2	unclassified	unclassified	unclassified	unclassified	unclassified	unclassified	unclassified	unclassified								unclassified	unclassified	unclassified	unclassified	unclassified	unclassified	unclassified	unclassified	1	60.8	7.43	0.0	3047.0	3047.0	3047.0	57.06	1145.0	2616.0	9102.0	1391.0	1070.0	4469195.0	4469195.0	4469195.0	1678.4	6377	0	0	6376	1	0	0	0	0	2	2	0	0	20	0	0.0	149	107	0.011755272464285715								25.0				14.29												33.33	25.0						50.0																											50.0	16.67	25.0	12.5	33.33								100.0	33.33									6.67							18.75	33.33			20.0							7.69										50.0			33.33	11.11					33.33				25.0		14.29	7.14				66.67	33.33	20.0		40.0	25.0					20.0	25.0							25.0									50.0			12.5				50.0																					20.0									20.0																		7.69								10.0						66.67	6.67	25.0			16.67		16.67				16.67		25.0												13.16						50.0	33.33					16.67									10.0	9.09																																			25.0							16.67						7.69												33.33		33.33	33.33							
2_binette_bin27	Bacteria	Bacteria	Spirochaetota	Spirochaetia	Treponematales	Breznakiellaceae	JAIRMY01	unclassified	Bacteria	Spirochaetota	Spirochaetia	Treponematales	Breznakiellaceae	JAIRMY01	unclassified	unclassified	unclassified	unclassified	unclassified	unclassified	unclassified	unclassified	unclassified	1	60.2	4.81	0.0	520.0	520.0	520.0	53.23	118.0	375.0	16741.0	5119.0	1748.0	1944408.0	1944408.0	1944408.0	6088.2	1872	0	0	1075	2	1	0	0	0	0	1	0	0	34	1	62.5	142	88	0.007915041		2.78	40.0		12.5	33.33		75.0	66.67	42.86	100.0	14.29						3.12	14.29				25.0									33.33	50.0	50.0		25.0						14.29	25.0				75.0		50.0							33.33					43.75	66.67	30.0	45.45	72.73	66.67	28.57	100.0				25.0		16.67	100.0								40.0		60.0	40.0	87.5	83.33				3.85				40.0						87.5		8.33	8.33	50.0	50.0				33.33	11.11											71.43	28.57		100.0	100.0	83.33	77.78	80.0								20.0	50.0	50.0		25.0	33.33	44.44	50.0		75.0	25.0				7.14				50.0	70.0							33.33		83.33	22.22							57.14	66.67	44.44		66.67			5.56					11.11			44.44	44.44		33.33			100.0	25.0	12.5	18.18	14.29	50.0													40.0	25.0	27.27					16.67	100.0			66.67			62.5		75.0	100.0	16.67	22.22			41.67		25.0	50.0		14.29	25.0	50.0			33.33		50.0			16.67				75.0		33.33				100.0	16.67			40.0	33.33		33.33		57.14	25.0	36.36			50.0	66.67	87.5	66.67												33.33	60.0	40.0			12.5			11.11		100.0						66.67	25.0	58.33		50.0			25.0	50.0	40.0		11.11		60.0		44.44		87.5	25.0									100.0			25.0	40.0	20.0	20.0	20.0	50.0	33.33
2_binette_bin19	Bacteria	Bacteria	Verrucomicrobiota	Verrucomicrobiia	Opitutales	JAIRLM01	JAIRMB01	unclassified	Bacteria	Verrucomicrobiota	Verrucomicrobiia	Opitutales	JAIRLM01	JAIRMB01	unclassified	unclassified	unclassified	unclassified	unclassified	unclassified	unclassified	unclassified	unclassified	1	60.1	0.18	0.0	372.0	372.0	372.0	52.12	115.0	304.0	7014.0	2054.0	1147.0	732267.0	732267.0	732267.0	2522.5	761	0	0	644	0	0	0	0	0	0	0	0	0	17	1	0.0	230	148	0.0017673360714285714			60.0					25.0															25.0			20.0	25.0	20.0	33.33		50.0	66.67										14.29	25.0				62.5		50.0	50.0											12.5		20.0					16.67																		20.0				50.0		7.69			5.0							62.5		8.33	25.0	50.0	50.0				33.33	22.22									25.0		64.29	7.14			100.0	66.67	72.22	70.0									50.0													14.29					20.0		55.56	77.78							16.67							14.29		11.11		11.11											11.11	11.11																33.33																		33.33						100.0		11.11			66.67		100.0								100.0		5.56			16.67														40.0	100.0		100.0		14.29	25.0	45.45			12.5																50.0	20.0	16.67													50.0	25.0							50.0	40.0								25.0					5.68														
7_binette_bin4	unclassified	unclassified	unclassified	unclassified	unclassified	unclassified	unclassified	unclassified								unclassified	unclassified	unclassified	unclassified	unclassified	unclassified	unclassified	unclassified	1	58.9	12.55	0.0	3800.0	3800.0	3800.0	41.24	1677.0	3356.0	17999.0	1135.0	1021.0	4495881.0	4495881.0	4495881.0	1284.6	5881	0	0	5881	0	0	0	0	0	0	0	0	0	30	0	0.0	56	24	0.14996413739285713												28.57																																																																																																																21.43																															25.0																																											9.09																	14.29												25.0																																																																																																																		
8_binette_bin3	unclassified	unclassified	unclassified	unclassified	unclassified	unclassified	unclassified	unclassified								unclassified	unclassified	unclassified	unclassified	unclassified	unclassified	unclassified	unclassified	1	58.7	11.3	0.0	3301.0	3301.0	3301.0	43.99	1426.0	2893.0	2373.0	1275.0	1038.0	4170291.0	4170291.0	4170291.0	1300.7	7428	0	0	7428	0	0	0	0	0	0	2	0	0	75	0	0.0	56	24	0.15718674917857142								25.0				14.29																																																																																																																7.14											50.0																				25.0																																																																																																																																			50.0																																																							
3_binette_bin12	unclassified	unclassified	unclassified	unclassified	unclassified	unclassified	unclassified	unclassified								unclassified	unclassified	unclassified	unclassified	unclassified	unclassified	unclassified	unclassified	1	58.0	11.12	0.0	669.0	669.0	669.0	63.66	264.0	578.0	10875.0	3439.0	2632.0	2347019.0	2347019.0	2347019.0	3812.0	3126	0	0	3126	0	0	0	0	0	1	0	0	0	0	0	0.0	56	24	0.009666253107142858																																								33.33	25.0	14.29																		25.0											33.33																				20.0										6.67										33.33	11.11							1.85										11.11										25.0																25.0												2.78																																										14.29		25.0																																			33.33	5.56																																																											25.0																									33.33										
2_binette_bin35	unclassified	unclassified	unclassified	unclassified	unclassified	unclassified	unclassified	unclassified								unclassified	unclassified	unclassified	unclassified	unclassified	unclassified	unclassified	unclassified	2	58.0	10.38	0.0	3727.0	3727.0	3727.0	45.92	1486.0	3242.0	5628.0	1270.0	1035.0	4937789.0	4937789.0	4937789.0	1449.2	6111	1	0	6104	0	0	0	0	0	0	18	0	0	299	0	0.0	100	55	0.18546417914285715							50.0					14.29										50.0																																25.0			25.0																																																		25.0												5.56					7.14							50.0				50.0													25.0							25.0								33.33																					25.0								20.0				25.0	12.5																																																																						33.33											20.0								50.0				20.0																																																			
3_binette_bin15	unclassified	unclassified	unclassified	unclassified	unclassified	unclassified	unclassified	unclassified								unclassified	unclassified	unclassified	unclassified	unclassified	unclassified	unclassified	unclassified	1	57.7	8.65	0.0	5426.0	5426.0	5426.0	36.74	2445.0	4788.0	1745.0	1198.0	1034.0	6496574.0	6496574.0	6496574.0	1213.5	4667	0	0	4666	0	0	0	0	0	2	1	0	0	0	0	0.0	56	24	0.010932271321428572												14.29										50.0																																25.0			25.0		8.33																																20.0							7.69																			33.33							7.14			25.0																			12.5																																			16.67																																																																																																	20.0								50.0																																													33.33										
3_binette_bin19	unclassified	unclassified	unclassified	unclassified	unclassified	unclassified	unclassified	unclassified								unclassified	unclassified	unclassified	unclassified	unclassified	unclassified	unclassified	unclassified	1	57.4	13.46	0.0	1994.0	1994.0	1994.0	45.49	778.0	1690.0	5292.0	1756.0	1167.0	3298607.0	3298607.0	3298607.0	1772.5	7327	0	0	7327	0	0	0	0	0	0	0	0	0	1	0	0.0	56	24	0.03745140303571428							50.0									33.33									16.67												40.0	50.0	66.67		25.0																25.0																																																			25.0																																								25.0							25.0									33.33																																																																																																																		20.0				50.0							33.33	20.0	20.0																																										33.33	33.33							
2_binette_bin20	Bacteria	Bacteria	Spirochaetota	Spirochaetia	Treponematales	Breznakiellaceae	JAIRLK01	unclassified	Bacteria	Spirochaetota	Spirochaetia	Treponematales	Breznakiellaceae	JAIRLK01	unclassified	unclassified	unclassified	unclassified	unclassified	unclassified	unclassified	unclassified	unclassified	1	57.4	2.1	0.0	627.0	627.0	627.0	54.26	154.0	473.0	17894.0	3892.0	1475.0	1876733.0	1876733.0	1876733.0	4631.6	1753	0	0	867	1	0	0	0	0	1	2	0	0	24	1	100.0	100	55	0.0034253721428571427		5.56						75.0	88.89	57.14	100.0		12.5	20.0			66.67		14.29				25.0			20.0	25.0	20.0	33.33	10.0	50.0	100.0	50.0	50.0		25.0						14.29	25.0		14.29	16.67	62.5		50.0		33.33					33.33					54.17	100.0	26.67	9.09	9.09			50.0				25.0		50.0	100.0								40.0		40.0	20.0	50.0	100.0		25.0		9.62				40.0	50.0		33.33	5.56		75.0		25.0	41.67	100.0	100.0			20.0	66.67	22.22	25.0		25.0					25.0	25.0		64.29	14.29		33.33		83.33	61.11	50.0								40.0	50.0	91.67		12.5		22.22	30.0		83.33	25.0		7.14		25.0				66.67	40.0						11.11			100.0	27.78	33.33	50.0	50.0	50.0			85.71	83.33	55.56		66.67	4.0		5.56	16.67	20.0						11.11	11.11		20.0			85.71	25.0	37.5	18.18	4.76		10.0	20.0		16.67	16.67	16.67	16.67						20.0	12.5	18.18						33.33		50.0	66.67			75.0		83.33	100.0		11.11			58.33	50.0	75.0	25.0	20.0			50.0			33.33		18.06			50.0				50.0		33.33		13.33			16.67			30.0	33.33		100.0		42.86	45.0	54.55		11.11	37.5	66.67	87.5	50.0								50.0					40.0	20.0		16.67	25.0	41.67	36.11	11.11	100.0	80.0						16.67	25.0	100.0		25.0				33.33	20.0		16.67		60.0		77.78		50.0	25.0									100.0									
2_binette_bin26	Bacteria	Bacteria	Spirochaetota	Spirochaetia	Treponematales	Breznakiellaceae	JAIRLU01	JAIRLU01 sp031258005	Bacteria	Spirochaetota	Spirochaetia	Treponematales	Breznakiellaceae	JAIRLU01	JAIRLU01 sp031258005	unclassified	unclassified	unclassified	unclassified	unclassified	unclassified	unclassified	unclassified	1	57.4	2.77	0.0	716.0	716.0	716.0	52.84	156.0	549.0	22096.0	3178.0	1253.0	1863674.0	1863674.0	1863674.0	4608.9	1797	0	0	945	11	1	0	0	0	0	1	0	0	18	0	66.67	142	88	0.012250733928571428		5.56						75.0	88.89	28.57	33.33	14.29	12.5	20.0					14.29				25.0			20.0	25.0	20.0	33.33			66.67	50.0	50.0		25.0						14.29	50.0			2.08	62.5		100.0		33.33										50.0	100.0	20.0	36.36	45.45	83.33		50.0				25.0		33.33	100.0								40.0		40.0	20.0	75.0	61.11		25.0		1.92				40.0	25.0		33.33			100.0		25.0	41.67	100.0	100.0				66.67	11.11	25.0	16.67		33.33				25.0	75.0		92.86	28.57		66.67	75.0	83.33	77.78	80.0								40.0	50.0	91.67		25.0	33.33	55.56	60.0		83.33					25.0				66.67	80.0					25.0		66.67		100.0	16.67	33.33	50.0	50.0	50.0			85.71	83.33	66.67		66.67	20.0	14.29									11.11	11.11		10.0	11.11		85.71	25.0	25.0	18.18		33.33		20.0		16.67	16.67	16.67	16.67						20.0	12.5	27.27						66.67		50.0	33.33			50.0		33.33	100.0		11.11			41.67	50.0	50.0		20.0	14.29	25.0	50.0					37.5			50.0								13.33			16.67			50.0	66.67		100.0		52.38	45.0	54.55		11.11	62.5	100.0	100.0	83.33												66.67	55.0	20.0			12.5	25.0	41.67	11.11		100.0						50.0	25.0	66.67		50.0				33.33	40.0		5.56		20.0		55.56		100.0	25.0									100.0									100.0
3_binette_bin13	unclassified	unclassified	unclassified	unclassified	unclassified	unclassified	unclassified	unclassified								unclassified	unclassified	unclassified	unclassified	unclassified	unclassified	unclassified	unclassified	1	57.3	21.6	0.0	4528.0	4528.0	4528.0	47.21	1914.0	3965.0	5300.0	1226.0	1036.0	5735867.0	5735867.0	5735867.0	1332.0	8561	0	0	8561	0	0	0	0	0	572	1	0	0	1	0	0.0	56	24	0.07827246492857143												14.29																																	14.29	8.33											25.0														33.33																				20.0									8.33	6.67																										25.0		11.11																	25.0																																																			12.5															16.67		12.5										33.33																																	16.67																					20.0																														14.29					16.67						7.69												33.33										
3_binette_bin30	unclassified	unclassified	unclassified	unclassified	unclassified	unclassified	unclassified	unclassified								unclassified	unclassified	unclassified	unclassified	unclassified	unclassified	unclassified	unclassified	1	55.9	12.26	0.0	2820.0	2820.0	2820.0	52.04	1345.0	2513.0	2008.0	1800.0	1673.0	5069324.0	5069324.0	5069324.0	1802.9	5710	0	0	5710	0	0	0	0	0	1	0	0	0	0	0	0.0	149	107	0.0108993385												14.29																																															8.33	25.0	12.5	33.33																										66.67			20.0																																	7.14		33.33	25.0		11.11	20.0			25.0												10.0	12.5							33.33	25.0	50.0			12.5																									20.0									20.0																																		25.0									16.67			50.0							33.33		12.5		13.16																				14.29			9.09																																																											33.33	100.0	33.33								
3_binette_bin5	unclassified	unclassified	unclassified	unclassified	unclassified	unclassified	unclassified	unclassified								unclassified	unclassified	unclassified	unclassified	unclassified	unclassified	unclassified	unclassified	1	55.8	15.07	0.0	1865.0	1865.0	1865.0	60.78	889.0	1663.0	2059.0	1858.0	1727.0	3466525.0	3466525.0	3466525.0	1864.3	3647	0	0	3647	0	0	0	0	0	0	0	0	0	1	0	0.0	56	24	0.011006642857142857							50.0	25.0		14.29	33.33													33.33																																	25.0	50.0			15.62	33.33	5.0					33.33												6.67						20.0				50.0																						11.11					33.33						14.29					33.33	16.67	10.0	50.0		25.0		50.0			20.0	75.0									25.0							50.0																																									25.0																				7.14		10.0						66.67	6.67	25.0	25.0		16.67		16.67				25.0		50.0																		50.0			10.0			16.67			20.0	33.33					10.0	18.18			12.5				20.0	50.0											20.0																25.0							33.33					20.0	7.69													100.0									
3_binette_bin16	unclassified	unclassified	unclassified	unclassified	unclassified	unclassified	unclassified	unclassified								unclassified	unclassified	unclassified	unclassified	unclassified	unclassified	unclassified	unclassified	1	55.8	14.3	0.0	3997.0	3997.0	3997.0	45.46	1600.0	3314.0	9944.0	1874.0	1195.0	7561194.0	7561194.0	7561194.0	2169.0	11352	0	0	11352	0	0	0	0	0	1	6	0	0	350	0	0.0	56	24	0.11918197107142856							50.0					28.57										50.0																																25.0																							10.0	50.0																																20.0												25.0		21.43								20.0																25.0																																				25.0	25.0																10.0														14.29																																																																																																																														
5_binette_bin3	unclassified	unclassified	unclassified	unclassified	unclassified	unclassified	unclassified	unclassified								unclassified	unclassified	unclassified	unclassified	unclassified	unclassified	unclassified	unclassified	1	55.7	7.12	0.0	1587.0	1587.0	1587.0	42.03	659.0	1374.0	7963.0	1410.0	1057.0	2196286.0	2196286.0	2196286.0	1475.0	3100	0	0	3096	0	0	0	0	0	0	0	0	0	11	0	0.0	56	24	0.28079480496428566												14.29																																																25.0																				6.67											20.0															100.0	50.0																	7.14																																																																									12.5																		14.29																																																																50.0																																																														
3_binette_bin14	unclassified	unclassified	unclassified	unclassified	unclassified	unclassified	unclassified	unclassified								unclassified	unclassified	unclassified	unclassified	unclassified	unclassified	unclassified	unclassified	1	55.6	8.1	0.0	3755.0	3755.0	3755.0	37.15	1800.0	3354.0	3595.0	1605.0	1521.0	6067183.0	6067183.0	6067183.0	1625.1	4083	0	0	4080	0	0	0	0	0	8	0	0	0	0	0	0.0	56	24	0.010840835392857143								25.0																33.33																																		50.0																																	20.0										6.67																33.33										25.0				50.0															12.5								25.0																																																																								25.0					16.67																																																																																								7.69												33.33										
3_binette_bin9	unclassified	unclassified	unclassified	unclassified	unclassified	unclassified	unclassified	unclassified								unclassified	unclassified	unclassified	unclassified	unclassified	unclassified	unclassified	unclassified	1	55.5	8.05	0.0	5632.0	5632.0	5632.0	45.43	2468.0	4933.0	3165.0	1271.0	1052.0	7176756.0	7176756.0	7176756.0	1310.2	2886	0	0	2886	0	0	0	0	0	0	9	0	0	89	0	0.0	56	24	0.12361816292857142												14.29										50.0			16.67																													25.0																																																																						7.14																								25.0										12.5																									20.0	25.0																												16.67			42.86																																																																											20.0																																									33.33		33.33	33.33							
2_binette_bin33	Bacteria	Bacteria	Spirochaetota	Spirochaetia	Treponematales	Breznakiellaceae	JAIRNN01	unclassified	Bacteria	Spirochaetota	Spirochaetia	Treponematales	Breznakiellaceae	JAIRNN01	unclassified	unclassified	unclassified	unclassified	unclassified	unclassified	unclassified	unclassified	unclassified	1	55.5	4.77	0.0	577.0	577.0	577.0	54.61	141.0	422.0	20539.0	5081.0	1836.0	2155097.0	2155097.0	2155097.0	5816.2	1921	0	0	1141	0	1	0	0	0	0	1	0	0	26	0	66.67	142	88	0.007539925		5.56	40.0					75.0	72.22	42.86	33.33			20.0				3.12														33.33	50.0	50.0		25.0							25.0				37.5		50.0		33.33					33.33					31.25	33.33	30.0				14.29	66.67				25.0		50.0	50.0								40.0		60.0	40.0	25.0	100.0				5.77				20.0	25.0		33.33			62.5		25.0	41.67	100.0	100.0				66.67	11.11	50.0								50.0		78.57	14.29		33.33		50.0	88.89	80.0								20.0	50.0	91.67					10.0		83.33					25.0				50.0	60.0							33.33		83.33	11.11							57.14	50.0	33.33		55.56			5.56								44.44	44.44		10.0			85.71	50.0	18.75		7.14	16.67		20.0				16.67	16.67						40.0	25.0	27.27						100.0		50.0	66.67			62.5		50.0	100.0					50.0		25.0	75.0		14.29		50.0					12.5			50.0		50.0		75.0		33.33		13.33			33.33		83.33	20.0	33.33		100.0		42.86	40.0	45.45		11.11	50.0	66.67	75.0													33.33	20.0	20.0				16.67	16.67			60.0						16.67	25.0	66.67		25.0				33.33	20.0				20.0		55.56		75.0	25.0																		
3_binette_bin8	unclassified	unclassified	unclassified	unclassified	unclassified	unclassified	unclassified	unclassified								unclassified	unclassified	unclassified	unclassified	unclassified	unclassified	unclassified	unclassified	1	55.2	10.35	0.0	4010.0	4010.0	4010.0	37.65	1566.0	3441.0	6047.0	2085.0	1726.0	9032650.0	9032650.0	9032650.0	2426.2	5950	0	0	5950	0	0	0	0	0	3	0	0	0	0	0	0.0	100	55	0.009874658607142858								25.0				14.29																																										50.0																																				50.0											6.67			8.33	25.0		50.0															25.0		7.14			25.0		11.11	20.0		20.0							25.0																																													25.0	25.0																											16.67		12.5		7.14										25.0																																						20.0	33.33																					50.0																				25.0		14.29										20.0																							
2_binette_bin39	unclassified	unclassified	unclassified	unclassified	unclassified	unclassified	unclassified	unclassified								unclassified	unclassified	unclassified	unclassified	unclassified	unclassified	unclassified	unclassified	1	54.8	8.52	0.0	6839.0	6839.0	6839.0	34.59	3104.0	6055.0	2339.0	1141.0	1030.0	7971269.0	7971269.0	7971269.0	1185.6	4389	0	0	4382	0	0	0	0	0	11	1	0	0	0	0	0.0	56	24	0.012497614												28.57																													25.0																				12.5	33.33																		6.67																					13.33																						14.29	7.14			75.0	33.33	11.11	20.0		20.0						20.0																																																																							14.29		25.0			12.5										33.33																												100.0																		10.0																50.0																						14.29										20.0																							
3_binette_bin10	unclassified	unclassified	unclassified	unclassified	unclassified	unclassified	unclassified	unclassified								unclassified	unclassified	unclassified	unclassified	unclassified	unclassified	unclassified	unclassified	1	54.8	7.84	0.0	1386.0	1386.0	1386.0	41.53	602.0	1219.0	7522.0	2972.0	2567.0	4234320.0	4234320.0	4234320.0	3161.3	4717	0	0	4714	0	0	0	0	0	3	0	0	0	2	0	0.0	56	24	0.011141156464285712																																													14.29	16.67																																														7.69								5.56																											25.0					20.0																		7.14													11.11																4.0																14.29																															25.0																																																																																																																			
7_binette_bin8	unclassified	unclassified	unclassified	unclassified	unclassified	unclassified	unclassified	unclassified								unclassified	unclassified	unclassified	unclassified	unclassified	unclassified	unclassified	unclassified	1	54.7	8.78	0.0	3276.0	3276.0	3276.0	44.3	1381.0	2862.0	2802.0	1279.0	1044.0	4241839.0	4241839.0	4241839.0	1341.8	2857	0	0	2857	0	0	0	0	0	0	3	0	0	57	0	0.0	56	24	0.12581379574999998												28.57																																																																																																													25.0			21.43																																																																																																																																																																																						25.0																																			
4_binette_bin6	unclassified	unclassified	unclassified	unclassified	unclassified	unclassified	unclassified	unclassified								unclassified	unclassified	unclassified	unclassified	unclassified	unclassified	unclassified	unclassified	1	54.5	10.25	0.0	1913.0	1913.0	1913.0	55.55	826.0	1687.0	4454.0	1682.0	1524.0	3420370.0	3420370.0	3420370.0	1846.0	4029	0	0	4029	0	0	0	0	0	0	0	0	0	0	0	0.0	56	24	0.009735771160714285										14.29	33.33		12.5									50.0									25.0																													25.0								33.33																							20.0																					11.11	25.0										35.71						44.44	60.0			25.0				50.0																		25.0																																									25.0												16.67																					16.67						33.33		25.0	50.0																	50.0	33.33															18.18																		33.33																	25.0												20.0	7.69												33.33										
4_binette_bin25	unclassified	unclassified	unclassified	unclassified	unclassified	unclassified	unclassified	unclassified								unclassified	unclassified	unclassified	unclassified	unclassified	unclassified	unclassified	unclassified	1	54.2	10.62	0.0	3763.0	3763.0	3763.0	51.11	1657.0	3295.0	2927.0	1295.0	1069.0	4853371.0	4853371.0	4853371.0	1332.8	2902	0	0	2902	0	0	0	0	0	7	0	0	0	2	0	0.0	56	24	0.013801735678571429												14.29											25.0		8.33						50.0	33.33					20.0	25.0																			25.0																																																							11.11												14.29					11.11	20.0		20.0				100.0	100.0																		25.0			12.5					33.33				2.78																20.0													25.0												8.33										10.0								50.0									16.67	50.0	25.0										5.56																								9.09							20.0																																																					33.33		33.33	33.33							
4_binette_bin14	unclassified	unclassified	unclassified	unclassified	unclassified	unclassified	unclassified	unclassified								unclassified	unclassified	unclassified	unclassified	unclassified	unclassified	unclassified	unclassified	1	53.3	10.39	0.0	2873.0	2873.0	2873.0	46.56	1252.0	2533.0	27828.0	1143.0	1022.0	3443619.0	3443619.0	3443619.0	1450.0	5170	0	0	5137	1	0	0	0	0	0	5	0	0	54	0	0.0	56	24	0.11955564375000001												14.29	12.5					3.12				50.0																							14.29	16.67																															10.0	50.0								20.0		33.33																8.33	25.0	25.0	50.0										33.33						14.29	7.14					5.56	10.0					50.0										10.0			25.0							75.0																																		44.44	44.44																		12.5																																										16.67														20.0							9.09			12.5																																							16.67																												
3_binette_bin37	unclassified	unclassified	unclassified	unclassified	unclassified	unclassified	unclassified	unclassified								unclassified	unclassified	unclassified	unclassified	unclassified	unclassified	unclassified	unclassified	1	52.8	8.32	0.0	2720.0	2720.0	2720.0	45.06	1213.0	2403.0	14719.0	1139.0	1025.0	3214633.0	3214633.0	3214633.0	1272.9	3525	0	0	3525	0	0	0	0	0	152	0	0	0	0	0	0.0	56	24	0.04965392714285714								25.0				14.29																			50.0																										25.0			25.0																														50.0	20.0																																	7.14					11.11										25.0							25.0																																																																														33.33																																								20.0	33.33													20.0																																			16.67																		33.33										
7_binette_bin7	unclassified	unclassified	unclassified	unclassified	unclassified	unclassified	unclassified	unclassified								unclassified	unclassified	unclassified	unclassified	unclassified	unclassified	unclassified	unclassified	1	52.5	6.55	0.0	1154.0	1154.0	1154.0	43.54	394.0	980.0	4183.0	1455.0	1065.0	1805853.0	1805853.0	1805853.0	1762.9	2478	0	0	2474	0	0	0	0	0	1	3	0	0	4	0	0.0	56	24	0.13060156141071427												14.29																																	28.57	33.33															15.62	33.33	5.0																									33.33				7.69								5.56				16.67		100.0	50.0										33.33							7.14														20.0												7.14					50.0							25.0	22.22																4.0		5.56																											20.83		3.85					14.29																16.67																																							10.0									50.0																																																														
4_binette_bin7	unclassified	unclassified	unclassified	unclassified	unclassified	unclassified	unclassified	unclassified								unclassified	unclassified	unclassified	unclassified	unclassified	unclassified	unclassified	unclassified	1	51.7	7.69	0.0	2466.0	2466.0	2466.0	46.57	1023.0	2131.0	3058.0	1450.0	1111.0	3541844.0	3541844.0	3541844.0	1499.7	4548	0	0	4547	0	0	0	0	0	13	2	0	0	1	0	0.0	56	24	0.013877537678571427												14.29																																																																																																																7.14		33.33	25.0																																																																																	8.33																																							12.5																																																																				16.67				15.38																						
4_binette_bin12	unclassified	unclassified	unclassified	unclassified	unclassified	unclassified	unclassified	unclassified								unclassified	unclassified	unclassified	unclassified	unclassified	unclassified	unclassified	unclassified	1	51.6	5.16	0.0	1110.0	1110.0	1110.0	62.37	412.0	952.0	3917.0	1408.0	1068.0	1642415.0	1642415.0	1642415.0	1645.1	2174	0	0	2172	0	0	0	0	0	1	1	0	0	4	0	0.0	56	24	0.010018191214285715							50.0					14.29													8.33																				14.29													50.0		25.0																															20.0																	25.0									33.33							14.29			25.0	33.33	22.22	20.0																									50.0																																									25.0												8.33										10.0																												33.33																	33.33																50.0							50.0			33.33	20.0																																																			
4_binette_bin8	unclassified	unclassified	unclassified	unclassified	unclassified	unclassified	unclassified	unclassified								unclassified	unclassified	unclassified	unclassified	unclassified	unclassified	unclassified	unclassified	1	50.2	9.97	0.0	2320.0	2320.0	2320.0	38.48	591.0	1920.0	11646.0	1664.0	1050.0	4101393.0	4101393.0	4101393.0	2708.8	4787	0	0	4753	0	0	0	0	0	62	0	0	0	0	0	0.0	56	24	0.041508547178571435								25.0				28.57																			50.0												25.0						50.0										8.33	50.0	3.12		5.0																	6.67										50.0	40.0							7.69											33.33															14.29			25.0												25.0							12.5																																																														12.5							14.29																																																	40.0	33.33																		25.0			50.0																				25.0																									66.67										
3_binette_bin2	unclassified	unclassified	unclassified	unclassified	unclassified	unclassified	unclassified	unclassified								unclassified	unclassified	unclassified	unclassified	unclassified	unclassified	unclassified	unclassified	1	49.6	0.03	0.0	288.0	288.0	288.0	63.86	109.0	248.0	6930.0	1379.0	1072.0	423294.0	423294.0	423294.0	1692.2	417	0	0	417	0	0	0	0	0	0	0	0	0	0	0	0.0	56	24	0.009658036500000003																																																																																																																																																																																																																																	13.33																																																																																						20.0																														
3_binette_bin32	unclassified	unclassified	unclassified	unclassified	unclassified	unclassified	unclassified	unclassified								unclassified	unclassified	unclassified	unclassified	unclassified	unclassified	unclassified	unclassified	1	48.6	4.81	0.0	586.0	586.0	586.0	48.4	253.0	516.0	7724.0	2920.0	2557.0	1781964.0	1781964.0	1781964.0	3166.1	2795	0	0	2795	0	0	0	0	0	0	1	0	0	34	0	0.0	56	24	0.07202010001785716												14.29										50.0																																																																																																						7.14					11.11						50.0																																																																																											25.0																																																																																																																			
2_binette_bin37	unclassified	unclassified	unclassified	unclassified	unclassified	unclassified	unclassified	unclassified								unclassified	unclassified	unclassified	unclassified	unclassified	unclassified	unclassified	unclassified	1	48.4	12.3	0.0	933.0	933.0	933.0	50.6	259.0	737.0	22303.0	2926.0	1432.0	2428421.0	2428421.0	2428421.0	3786.0	3660	0	0	3649	0	0	0	0	0	0	1	0	0	8	0	0.0	56	24	0.02935136								25.0				14.29			50.0																																																																								12.5																																5.56					14.29																															50.0																																																																											100.0																																					100.0			10.0																																																																							
3_binette_bin44	unclassified	unclassified	unclassified	unclassified	unclassified	unclassified	unclassified	unclassified								unclassified	unclassified	unclassified	unclassified	unclassified	unclassified	unclassified	unclassified	1	48.2	7.63	0.0	2125.0	2125.0	2125.0	43.5	1033.0	1903.0	2860.0	1575.0	1513.0	3355145.0	3355145.0	3355145.0	1581.1	2985	0	0	2983	0	0	0	0	0	3	0	0	0	0	0	0.0	56	24	0.014299643071428574																																																																																																																															25.0																																																																																									7.14																																																																																																																			33.33										
2_binette_bin31	Bacteria	Bacteria	Bacteroidota	Bacteroidia	Bacteroidales	Tannerellaceae	Tannerella	unclassified	Bacteria	Bacteroidota	Bacteroidia	Bacteroidales	Tannerellaceae	Tannerella	unclassified	unclassified	unclassified	unclassified	unclassified	unclassified	unclassified	unclassified	unclassified	1	48.1	0.4	0.0	897.0	897.0	897.0	55.0	288.0	744.0	9037.0	1873.0	1108.0	1617237.0	1617237.0	1617237.0	2233.0	1390	0	0	806	2	1	0	0	0	1	0	0	0	7	0	0.0	104	58	0.0019820112857142857		11.11	20.0					50.0	33.33	28.57		14.29	12.5	40.0			33.33	3.12					25.0			40.0	50.0	60.0	83.33		50.0	100.0										14.29	25.0				50.0	50.0	50.0	25.0											81.25	100.0	70.0	9.09	9.09	8.33		33.33						16.67	100.0				33.33				60.0		80.0	40.0	50.0	94.44		25.0		7.69				40.0	25.0		33.33	38.89		87.5		8.33	25.0	100.0	50.0				33.33	33.33					66.67				50.0		71.43	28.57		100.0	75.0	50.0	77.78	100.0								60.0	25.0	25.0		12.5		44.44	40.0		75.0			7.14		25.0				83.33	50.0		44.44	44.44						83.33	27.78						12.5	71.43	83.33	44.44		55.56			5.56					11.11			44.44	44.44		20.0			85.71	75.0	12.5	27.27	42.86		10.0	20.0		16.67	16.67	33.33							100.0	37.5										66.67			62.5		8.33		50.0	77.78			66.67		75.0	50.0	20.0	14.29	50.0	100.0			100.0		43.06			50.0	16.67			75.0		33.33	66.67				66.67		16.67	10.0	66.67		100.0		42.86	60.0	54.55	9.09	77.78	75.0	100.0	62.5	83.33										25.0			10.0		16.67	33.33	12.5	55.56	63.89		50.0	80.0				33.33		33.33	25.0	75.0		25.0				16.67	20.0						44.44		62.5	16.67					33.33		33.33		100.0									66.67
3_binette_bin63	unclassified	unclassified	unclassified	unclassified	unclassified	unclassified	unclassified	unclassified								unclassified	unclassified	unclassified	unclassified	unclassified	unclassified	unclassified	unclassified	1	47.7	8.89	0.0	1357.0	1357.0	1357.0	47.23	499.0	1155.0	5376.0	1556.0	1092.0	2122188.0	2122188.0	2122188.0	1770.3	3614	0	0	3613	0	0	0	0	0	0	0	0	0	1	0	0.0	56	24	0.037542561857142866									16.67			14.29																																	14.29																																			6.67																																					33.33							7.14																															25.0																																																																																																																																			50.0																													16.67				7.69																						
4_binette_bin10	unclassified	unclassified	unclassified	unclassified	unclassified	unclassified	unclassified	unclassified								unclassified	unclassified	unclassified	unclassified	unclassified	unclassified	unclassified	unclassified	1	47.4	9.1	0.0	2170.0	2170.0	2170.0	49.59	1009.0	1924.0	4176.0	1741.0	1581.0	3805492.0	3805492.0	3805492.0	1778.5	3776	0	0	3776	1	0	0	0	0	5	2	0	0	1	0	0.0	56	24	0.013353627214285712								25.0														50.0			8.33						50.0																											50.0			15.62	33.33	5.0																											50.0																						11.11					33.33						14.29	14.29		33.33			22.22	20.0									25.0			12.5		11.11	10.0																																				16.67																																											33.33																							12.5																33.33	20.0	33.33										33.33		16.67						25.0																														16.67																			100.0									
4_binette_bin9	unclassified	unclassified	unclassified	unclassified	unclassified	unclassified	unclassified	unclassified								unclassified	unclassified	unclassified	unclassified	unclassified	unclassified	unclassified	unclassified	1	47.1	15.45	0.0	2261.0	2261.0	2261.0	56.65	984.0	1990.0	4165.0	1177.0	1028.0	2750625.0	2750625.0	2750625.0	1278.8	4499	0	0	4498	0	0	0	0	0	0	0	0	0	0	1	0.0	149	107	0.012485017821428574								25.0	16.67			14.29													8.33																																			25.0	3.12		5.0																							40.0				50.0	20.0																																28.57	7.14					22.22	20.0									50.0	25.0						12.5									25.0			12.5																									20.0													25.0												8.33										10.0						33.33			25.0																																					20.0	33.33						18.18			25.0					50.0																																		16.67						7.69												33.33		33.33	33.33							
3_binette_bin6	unclassified	unclassified	unclassified	unclassified	unclassified	unclassified	unclassified	unclassified								unclassified	unclassified	unclassified	unclassified	unclassified	unclassified	unclassified	unclassified	1	44.0	9.87	0.0	1847.0	1847.0	1847.0	47.72	583.0	1465.0	9779.0	2763.0	1167.0	4117128.0	4117128.0	4117128.0	2794.3	7843	0	0	7842	0	0	0	0	0	16	0	0	0	2	0	0.0	56	24	0.018642801035714286		5.56					50.0		33.33			14.29				33.33																													28.57	25.0											25.0			25.0	18.75		30.0																									33.33			20.0																	25.0	33.33														14.29	7.14		33.33	25.0		11.11											25.0						12.5									25.0												5.56														5.56		20.0												14.29				14.29									8.33				33.33												33.33																							12.5																				33.33			10.0								20.0																												25.0							16.67																		33.33										
2_binette_bin34	Bacteria	Bacteria	Bacteroidota	Bacteroidia	Bacteroidales	UBA932	JAITMY01	unclassified	Bacteria	Bacteroidota	Bacteroidia	Bacteroidales	UBA932	JAITMY01	unclassified	unclassified	unclassified	unclassified	unclassified	unclassified	unclassified	unclassified	unclassified	1	44.0	0.56	0.0	487.0	487.0	487.0	53.92	117.0	361.0	36106.0	8338.0	3027.0	2996537.0	2996537.0	2996537.0	9715.6	2189	3	0	1331	1	6	0	0	0	0	0	0	0	25	0	50.0	316	210	0.004736543214285714		7.41	80.0						16.67	57.14			12.5				33.33	3.12								20.0	25.0	20.0	33.33			33.33		50.0		25.0						14.29	25.0	25.0		2.08	37.5	50.0	50.0	50.0		20.0								25.0	54.17	100.0	26.67				28.57	83.33					50.0		50.0								40.0			20.0	12.5	22.22			20.0	11.54				20.0	25.0			22.22		12.5			16.67	100.0	25.0				66.67	33.33	25.0				66.67				25.0		50.0	14.29		33.33		33.33	55.56	40.0								60.0	50.0	25.0		25.0		33.33	30.0	12.5	66.67	50.0		7.14		14.29		25.0			10.0		33.33	33.33				33.33				33.33	50.0	50.0	50.0			71.43	66.67	44.44		66.67								11.11	33.33	20.0	33.33	33.33	8.33	23.33	22.22	16.67	71.43	25.0		27.27	33.33		10.0			16.67	16.67								40.0	12.5	27.27									66.67			62.5		8.33	100.0	66.67	44.44	33.33		8.33			25.0	20.0	14.29	25.0	50.0			33.33		12.5			66.67	16.67			50.0			33.33				16.67			60.0	33.33	25.0		16.67	14.29	40.0	9.09	18.18	33.33		33.33	25.0	33.33							25.0					33.33	75.0	40.0	16.67	16.67		8.33	11.11			80.0					16.67		25.0	50.0		50.0			25.0	16.67	20.0		27.78						12.5										100.0									83.33
3_binette_bin42	unclassified	unclassified	unclassified	unclassified	unclassified	unclassified	unclassified	unclassified								unclassified	unclassified	unclassified	unclassified	unclassified	unclassified	unclassified	unclassified	1	42.8	6.91	0.0	1645.0	1645.0	1645.0	39.88	779.0	1465.0	3488.0	1885.0	1750.0	3111317.0	3111317.0	3111317.0	1900.9	3541	0	0	3538	0	0	0	0	0	4	1	0	0	2	0	0.0	56	24	0.012031633678571426												14.29																			25.0																													25.0	12.5	33.33																													20.0																																	7.14			25.0											20.0																	25.0																																																																							25.0																																												20.0																																				25.0																																			
3_binette_bin29	unclassified	unclassified	unclassified	unclassified	unclassified	unclassified	unclassified	unclassified								unclassified	unclassified	unclassified	unclassified	unclassified	unclassified	unclassified	unclassified	1	42.3	10.65	0.0	1386.0	1386.0	1386.0	47.41	444.0	1146.0	21001.0	4815.0	2860.0	6438652.0	6438652.0	6438652.0	5868.7	12175	0	0	12170	0	0	0	0	0	1	0	0	0	3	0	0.0	149	107	0.04451026339285714							50.0																								25.0																														3.12		5.0																																													25.0	16.67								33.33												11.11													12.5													25.0										50.0		5.56														8.33																													7.69						7.14								33.33	6.67															14.29							5.56																																				25.0			50.0																											16.67																		16.67										
2_binette_bin36	Bacteria	Bacteria	Synergistota	Synergistia	Synergistales	Synergistaceae	JAIRWR01	unclassified	Bacteria	Synergistota	Synergistia	Synergistales	Synergistaceae	JAIRWR01	unclassified	unclassified	unclassified	unclassified	unclassified	unclassified	unclassified	unclassified	unclassified	1	42.0	1.35	0.0	655.0	655.0	655.0	57.48	220.0	550.0	5898.0	1695.0	1093.0	1094650.0	1094650.0	1094650.0	1994.9	1223	0	0	875	6	1	0	0	0	2	0	0	0	10	0	0.0	105	59	0.0016405559642857141		12.96						25.0		14.29	66.67	14.29					66.67		14.29				31.25									66.67		50.0		25.0										2.08	75.0					6.67									41.67		66.67	36.36	59.09	50.0	28.57	66.67						16.67	100.0								20.0		20.0		62.5	77.78		25.0		19.23		25.0		40.0			33.33	33.33				25.0	25.0	75.0	50.0					11.11			25.0	33.33				25.0			35.71	28.57		50.0		83.33	55.56	60.0									75.0			25.0		33.33	40.0			50.0		7.14		42.86				66.67	60.0		66.67	66.67				33.33		100.0								57.14	66.67	44.44		44.44									16.67		11.11	11.11	12.5	20.0	33.33	25.0	85.71	75.0	37.5	9.09	19.05	16.67		20.0											20.0	12.5							100.0	33.33		66.67					66.67	100.0	16.67	11.11			41.67		50.0			14.29	50.0				33.33		12.5			33.33	50.0			75.0		33.33	66.67				16.67			10.0	33.33		100.0		28.57	35.0	27.27	9.09	55.56		66.67	37.5	41.67				14.29			25.0	50.0				33.33	55.0	20.0	16.67		12.5	8.33	8.33	11.11		60.0										25.0	33.33			50.0	100.0				40.0		55.56		50.0	25.0		16.67					33.33		100.0									
4_binette_bin11	unclassified	unclassified	unclassified	unclassified	unclassified	unclassified	unclassified	unclassified								unclassified	unclassified	unclassified	unclassified	unclassified	unclassified	unclassified	unclassified	1	41.6	8.83	0.0	4719.0	4719.0	4719.0	44.53	2105.0	4166.0	2697.0	1164.0	1028.0	5613600.0	5613600.0	5613600.0	1212.9	3793	0	0	3793	0	0	0	0	0	3	0	0	0	4	0	0.0	56	24	0.01113929467857143																									8.33																																																																																														5.56								25.0				50.0				50.0	50.0						12.5		11.11	10.0										50.0																																																					8.33				16.67														25.0																																							33.33							9.09																																		25.0																											33.33	33.33							
4_binette_bin13	unclassified	unclassified	unclassified	unclassified	unclassified	unclassified	unclassified	unclassified								unclassified	unclassified	unclassified	unclassified	unclassified	unclassified	unclassified	unclassified	1	39.6	11.16	0.0	3051.0	3051.0	3051.0	53.5	1154.0	2638.0	9782.0	1270.0	1036.0	4209274.0	4209274.0	4209274.0	1688.1	3742	0	0	3741	0	0	0	0	0	195	0	0	0	6	0	0.0	56	24	0.04933431071428571												14.29																													25.0				14.29	16.67														25.0	3.12		5.0																									33.33			40.0	7.69								5.56									33.33															7.14																						37.5				7.14					25.0		20.0					25.0	11.11																4.0		8.33																12.5													7.69							7.69									25.0																		33.33		33.33					33.33																																25.0																																				15.38												66.67										
1_binette_bin53	unclassified	unclassified	unclassified	unclassified	unclassified	unclassified	unclassified	unclassified								unclassified	unclassified	unclassified	unclassified	unclassified	unclassified	unclassified	unclassified	1	37.3	8.88	0.0	1809.0	1809.0	1809.0	47.6	728.0	1576.0	8164.0	1248.0	1032.0	2375984.0	2375984.0	2375984.0	1473.0	3348	0	0	3301	0	0	0	0	0	4	1	0	0	0	0	0.0	149	107	0.035519518725							50.0					28.57						3.12													25.0				33.33	25.0						14.29	25.0		14.29	16.67	12.5		50.0					25.0			25.0				18.75	33.33	10.0					33.33			33.33						10.0	25.0								40.0	12.5	16.67				7.69												8.33	25.0	100.0	100.0	50.0									66.67				25.0	25.0	57.14	21.43					55.56	60.0								20.0				37.5		33.33	40.0										25.0				11.11			25.0	11.11				16.67	33.33	50.0	50.0	50.0			28.57	33.33	22.22		22.22						25.0	25.0				44.44	44.44		10.0					12.5			33.33									14.29		25.0	16.67		12.5				10.0						33.33		25.0				100.0	16.67				8.33							100.0									33.33			50.0		33.33							33.33	20.0			16.67			15.0	18.18			25.0			16.67	20.0																												50.0		14.29					33.33	20.0	33.33				23.08												33.33	100.0									
3_binette_bin34	unclassified	unclassified	unclassified	unclassified	unclassified	unclassified	unclassified	unclassified								unclassified	unclassified	unclassified	unclassified	unclassified	unclassified	unclassified	unclassified	1	37.3	7.36	0.0	1396.0	1396.0	1396.0	39.56	593.0	1222.0	7729.0	3131.0	2612.0	4468306.0	4468306.0	4468306.0	3336.3	3767	0	0	3767	0	0	0	0	0	12	0	0	0	0	0	0.0	104	58	0.010886282928571429																																																																							66.67																																																								25.0																																																																																																																																																																																																																						
2_binette_bin38	unclassified	unclassified	unclassified	unclassified	unclassified	unclassified	unclassified	unclassified								unclassified	unclassified	unclassified	unclassified	unclassified	unclassified	unclassified	unclassified	1	37.0	6.47	0.0	2569.0	2569.0	2569.0	42.52	1020.0	2225.0	6893.0	1357.0	1116.0	3673723.0	3673723.0	3673723.0	1583.2	2551	0	0	2551	0	0	0	0	0	120	1	0	0	3	0	0.0	56	24	0.046456525357142855												14.29																																																50.0	3.12		5.0																												60.0																																	7.14			25.0																		10.0	25.0																																			5.56																																	12.5												25.0									8.33		25.0																																														25.0																									14.29																																	
2_binette_bin41	Bacteria	Bacteria	Bacillota	Clostridia	Oscillospirales	Acutalibacteraceae	JAITRE01	unclassified	Bacteria	Bacillota	Clostridia	Oscillospirales	Acutalibacteraceae	JAITRE01	unclassified	unclassified	unclassified	unclassified	unclassified	unclassified	unclassified	unclassified	unclassified	1	36.3	0.31	0.0	165.0	165.0	165.0	34.51	52.0	137.0	9947.0	1729.0	1066.0	287985.0	287985.0	287985.0	2447.7	289	0	0	204	0	0	0	0	0	1	2	0	0	13	0	0.0	263	149	0.016036216464285716								25.0	16.67																									50.0		25.0											25.0																																							20.0																37.5					25.0																28.57			16.67			16.67	30.0										25.0			33.33																															14.29	16.67	11.11		11.11																		25.0																																	16.67																																						100.0			10.0	18.18		11.11	12.5																																							16.67	20.0						88.89																					
2_binette_bin40	Bacteria	Bacteria	Pseudomonadota	Alphaproteobacteria	UBA3830	JAIRMZ01	JAITIJ01	unclassified	Bacteria	Pseudomonadota	Alphaproteobacteria	UBA3830	JAIRMZ01	JAITIJ01	unclassified	unclassified	unclassified	unclassified	unclassified	unclassified	unclassified	unclassified	unclassified	1	35.6	0.01	0.0	177.0	177.0	177.0	46.39	33.0	137.0	20916.0	3227.0	1193.0	448218.0	448218.0	448218.0	5694.3	441	0	0	305	1	1	0	0	0	0	0	0	0	20	1	0.0	147	91	0.004062813035714286		4.17	40.0					25.0				14.29						3.12					25.0								50.0	33.33													14.29	16.67				25.0																																				20.0	12.5			50.0		3.85										50.0	16.67	25.0	41.67	75.0	87.5					11.11											28.57				50.0		16.67	30.0									50.0													7.14		25.0					22.22	22.22			11.11											14.29	16.67	11.11		11.11	4.0										44.44	44.44														16.67	16.67	33.33																		33.33						100.0									20.0	28.57					66.67		5.56			66.67											16.67			40.0	100.0		50.0			5.0	18.18			12.5	33.33																	16.67		12.5			11.11																16.67	60.0			50.0														16.67										
3_binette_bin28	unclassified	unclassified	unclassified	unclassified	unclassified	unclassified	unclassified	unclassified								unclassified	unclassified	unclassified	unclassified	unclassified	unclassified	unclassified	unclassified	1	35.1	5.43	0.0	2138.0	2138.0	2138.0	44.69	946.0	1869.0	2051.0	1367.0	1083.0	2804812.0	2804812.0	2804812.0	1337.5	1264	0	0	1264	0	0	0	0	0	13	0	0	0	0	0	0.0	149	107	0.014910523178571429							50.0																																																		25.0				12.5	33.33																																															33.33				25.0										7.14				25.0					20.0						20.0																																											8.33																																																																																									10.0	9.09							20.0																																																					66.67										
2_binette_bin42	Bacteria	Bacteria	Spirochaetota	Spirochaetia	Treponematales	Breznakiellaceae	unclassified	unclassified	Bacteria	Spirochaetota	Spirochaetia	Treponematales	Breznakiellaceae	unclassified	unclassified	unclassified	unclassified	unclassified	unclassified	unclassified	unclassified	unclassified	unclassified	1	34.9	2.74	0.0	841.0	841.0	841.0	56.16	298.0	714.0	6772.0	1551.0	1072.0	1314110.0	1314110.0	1314110.0	1854.4	1403	0	0	910	0	1	0	0	0	2	0	0	0	7	0	0.0	142	88	0.001638015857142857		4.17						25.0	50.0	28.57	33.33	14.29	12.5	20.0				3.12					50.0								50.0	100.0										14.29	50.0		14.29	16.67	50.0		100.0		33.33										43.75	66.67	30.0					50.0						66.67	100.0								60.0		100.0		100.0	66.67		25.0		13.46				20.0	75.0		33.33	5.56		50.0		25.0	41.67	75.0	87.5				66.67	22.22	50.0							25.0	50.0		35.71	42.86		33.33	75.0	66.67	55.56	40.0								20.0	50.0	25.0		12.5		22.22	30.0		52.78			7.14		21.43				66.67	10.0						44.44			100.0	5.56	33.33	50.0	50.0	50.0			57.14	33.33	33.33		44.44	4.0		5.56		20.0						44.44	44.44		20.0			57.14	25.0	18.75	9.09	14.29	33.33		20.0											20.0	12.5	9.09						66.67		50.0	66.67			100.0		25.0	100.0				16.67	58.33		50.0	100.0		28.57		100.0			33.33		18.06			50.0				75.0		33.33					16.67			30.0	33.33		100.0		28.57	45.0	18.18		11.11	50.0	33.33	75.0	16.67													55.0	20.0		8.33	12.5	25.0	22.22	11.11	75.0	40.0						33.33	25.0							16.67	20.0		5.56		20.0		66.67		12.5										100.0									66.67
4_binette_bin17	unclassified	unclassified	unclassified	unclassified	unclassified	unclassified	unclassified	unclassified								unclassified	unclassified	unclassified	unclassified	unclassified	unclassified	unclassified	unclassified	1	33.9	6.66	0.0	1566.0	1566.0	1566.0	39.45	729.0	1393.0	2477.0	1646.0	1524.0	2619816.0	2619816.0	2619816.0	1686.3	2579	0	0	2578	0	0	0	0	0	0	0	0	0	0	0	0.0	56	24	0.011305081107142857												14.29																																																25.0																											18.75				20.0																																	7.14																						12.5																25.0																																																7.69																																																			16.67														33.33																																																																		
3_binette_bin20	unclassified	unclassified	unclassified	unclassified	unclassified	unclassified	unclassified	unclassified								unclassified	unclassified	unclassified	unclassified	unclassified	unclassified	unclassified	unclassified	1	33.6	6.32	0.0	814.0	814.0	814.0	52.76	338.0	709.0	9950.0	3193.0	2601.0	2690287.0	2690287.0	2690287.0	3508.8	2917	1	0	2917	0	0	0	0	0	18	0	0	0	1	0	0.0	56	24	0.014280775678571429												14.29																																																50.0	12.5	33.33																													40.0																																	7.14			25.0		11.11									20.0								12.5																	33.33																																													12.5																	6.67																																													10.0																																																																							
3_binette_bin39	unclassified	unclassified	unclassified	unclassified	unclassified	unclassified	unclassified	unclassified								unclassified	unclassified	unclassified	unclassified	unclassified	unclassified	unclassified	unclassified	1	32.5	8.97	0.0	477.0	477.0	477.0	57.34	191.0	414.0	20706.0	3301.0	2637.0	1632264.0	1632264.0	1632264.0	3855.2	1866	0	0	1866	0	0	0	0	0	0	0	0	0	0	0	0.0	56	24	0.011660780660714284																								33.33																																					3.12		5.0																																																																																																																																																																																																														14.29																																																		7.69																						
3_binette_bin47	unclassified	unclassified	unclassified	unclassified	unclassified	unclassified	unclassified	unclassified								unclassified	unclassified	unclassified	unclassified	unclassified	unclassified	unclassified	unclassified	1	32.4	9.66	0.0	777.0	777.0	777.0	36.6	311.0	676.0	4113.0	1283.0	1043.0	1041817.0	1041817.0	1041817.0	1452.9	1528	0	0	1497	0	0	0	0	0	32	0	0	0	0	0	0.0	56	24	0.30885838071428573																																																																																																																																																																																																																																																																																																																																																					
2_binette_bin50	unclassified	unclassified	unclassified	unclassified	unclassified	unclassified	unclassified	unclassified								unclassified	unclassified	unclassified	unclassified	unclassified	unclassified	unclassified	unclassified	1	31.9	5.01	0.0	1030.0	1030.0	1030.0	48.56	432.0	905.0	9649.0	1150.0	1021.0	1267026.0	1267026.0	1267026.0	1372.8	1764	0	0	1761	0	0	0	0	0	1	0	0	0	0	0	0.0	149	107	0.020943757357142857																																					20.0	25.0	33.33																																33.33															20.0																																	5.56				28.57				25.0		16.67	30.0																							33.33																																																																	10.0																																																					9.09			12.5								50.0																																																											
3_binette_bin21	unclassified	unclassified	unclassified	unclassified	unclassified	unclassified	unclassified	unclassified								unclassified	unclassified	unclassified	unclassified	unclassified	unclassified	unclassified	unclassified	1	30.4	6.24	0.0	890.0	890.0	890.0	54.09	364.0	775.0	8523.0	3279.0	2611.0	2954832.0	2954832.0	2954832.0	3519.3	3680	0	0	3680	0	0	0	0	0	0	0	0	0	0	0	0.0	56	24	0.011986524785714285																																																																													10.0																																										5.56				7.14						11.11													12.5		11.11	10.0										25.0																																																																																											33.33																									9.09																																																																						
2_binette_bin43	Bacteria	Bacteria	Bacteroidota	Bacteroidia	Bacteroidales	UBA932	JAIRLF01	unclassified	Bacteria	Bacteroidota	Bacteroidia	Bacteroidales	UBA932	JAIRLF01	unclassified	unclassified	unclassified	unclassified	unclassified	unclassified	unclassified	unclassified	unclassified	1	30.0	0.98	0.0	826.0	826.0	826.0	45.86	231.0	672.0	11287.0	2083.0	1153.0	1657211.0	1657211.0	1657211.0	2929.0	1454	0	0	940	5	0	0	0	0	1	0	0	0	11	0	50.0	316	210	0.002730467142857143		11.11							16.67	42.86	66.67		12.5	20.0		33.33	100.0	3.12					25.0			40.0	50.0	40.0	50.0		50.0	33.33		50.0		25.0						14.29	25.0	25.0	14.29	16.67	62.5		50.0												43.75	33.33	50.0				14.29	66.67					100.0		50.0								40.0		20.0	40.0	37.5	44.44		25.0		7.69				20.0				16.67		12.5		16.67	33.33	75.0					33.33	22.22					33.33				75.0		42.86	35.71		66.67	50.0	33.33	61.11	50.0								20.0	25.0	25.0		25.0		22.22	20.0		25.0	25.0											22.22	22.22		25.0				33.33	5.56							42.86	33.33	22.22		22.22			5.56					11.11	33.33	20.0	33.33	33.33			11.11		85.71	50.0			14.29							16.67							40.0	25.0	22.73						66.67		50.0	33.33			12.5		50.0						8.33						50.0						43.06			83.33	33.33			100.0		33.33	33.33			100.0	16.67			50.0	33.33		33.33			25.0	18.18	9.09	22.22	12.5	66.67	62.5	16.67							75.0						50.0	20.0	16.67	16.67	12.5	8.33	11.11	11.11		40.0						33.33		83.33		50.0				33.33	40.0		11.11		40.0		44.44												100.0									83.33
3_binette_bin17	unclassified	unclassified	unclassified	unclassified	unclassified	unclassified	unclassified	unclassified								unclassified	unclassified	unclassified	unclassified	unclassified	unclassified	unclassified	unclassified	1	29.4	7.93	0.0	1710.0	1710.0	1710.0	48.77	451.0	1327.0	24054.0	3153.0	1492.0	4732311.0	4732311.0	4732311.0	4439.9	6260	0	0	6244	0	0	0	0	0	2	0	0	0	8	0	0.0	145	103	0.04547274775												42.86																			50.0											14.29	25.0					50.0	50.0								75.0				31.25	33.33	30.0										50.0	16.67			20.0										18.75	33.33		25.0		7.69					25.0		33.33						33.33	25.0	50.0	25.0	33.33	20.0						33.33	66.67					25.0	7.14	35.71					22.22			20.0				100.0	50.0	20.0	25.0			12.5		11.11	10.0			25.0					33.33		25.0			12.5				50.0					16.67												20.0	14.29	8.33		20.0									20.0			14.29	75.0	18.75	9.09		66.67	10.0	20.0						12.5	14.29	11.54	25.0	16.67				14.29	7.69	20.0						33.33	13.33	25.0	25.0				16.67				25.0		25.0	25.0												16.67													66.67	30.0			16.67			15.0	18.18	9.09					16.67	80.0					50.0			50.0				20.0																							16.67		16.67	11.11			15.38												66.67	100.0	33.33								
3_binette_bin18	unclassified	unclassified	unclassified	unclassified	unclassified	unclassified	unclassified	unclassified								unclassified	unclassified	unclassified	unclassified	unclassified	unclassified	unclassified	unclassified	1	28.5	5.74	0.0	1051.0	1051.0	1051.0	46.83	460.0	926.0	6870.0	2904.0	2559.0	3161501.0	3161501.0	3161501.0	3107.9	2454	0	0	2453	0	0	0	0	0	1	0	0	0	1	0	0.0	56	24	0.012097798249999998																																											25.0						50.0																																					20.0																																					14.29						5.56	10.0																																																																																			20.0	12.5																																									100.0																9.09			12.5																																																																			
3_binette_bin25	unclassified	unclassified	unclassified	unclassified	unclassified	unclassified	unclassified	unclassified								unclassified	unclassified	unclassified	unclassified	unclassified	unclassified	unclassified	unclassified	1	28.3	8.68	0.0	1161.0	1161.0	1161.0	50.29	481.0	1013.0	9224.0	3182.0	2619.0	3813483.0	3813483.0	3813483.0	3467.4	3771	0	0	3771	1	0	0	0	0	4	0	0	0	1	0	0.0	56	24	0.011890661571428571																									8.33															66.67	25.0													25.0				50.0																16.67												20.0													33.33																				5.56			25.0	14.29				25.0		5.56	10.0							50.0																																															25.0	25.0											25.0	12.5					20.0						8.33				16.67														25.0																										50.0																			9.09			12.5	33.33																																												7.69																						
3_binette_bin26	unclassified	unclassified	unclassified	unclassified	unclassified	unclassified	unclassified	unclassified								unclassified	unclassified	unclassified	unclassified	unclassified	unclassified	unclassified	unclassified	1	28.2	8.85	0.0	964.0	964.0	964.0	54.44	391.0	836.0	9018.0	3319.0	2632.0	3298283.0	3298283.0	3298283.0	3658.8	3173	0	0	3173	0	0	0	0	0	2	0	0	0	0	0	0.0	56	24	0.011908261464285714							50.0																														20.0	25.0			25.0	14.29			14.29	8.33														25.0	28.12	66.67	5.0								33.33																				20.0																																				25.0											20.0										25.0					33.33		50.0								33.33																																			9.09		33.33																									6.67																														50.0	33.33														20.0																																				25.0					20.0																														
7_binette_bin5	unclassified	unclassified	unclassified	unclassified	unclassified	unclassified	unclassified	unclassified								unclassified	unclassified	unclassified	unclassified	unclassified	unclassified	unclassified	unclassified	1	28.1	7.77	0.0	4601.0	4601.0	4601.0	43.28	1953.0	4022.0	3417.0	1271.0	1047.0	5934812.0	5934812.0	5934812.0	1337.4	1043	1	0	1043	0	0	0	0	0	0	2	0	0	881	0	0.0	56	24	0.1372215210535714												14.29										50.0			8.33																																																																																																			7.14		33.33																																																																																									14.29																																12.5																																																																																														
3_binette_bin27	unclassified	unclassified	unclassified	unclassified	unclassified	unclassified	unclassified	unclassified								unclassified	unclassified	unclassified	unclassified	unclassified	unclassified	unclassified	unclassified	1	27.8	8.31	0.0	4176.0	4176.0	4176.0	40.06	1891.0	3667.0	3160.0	1288.0	1074.0	5275608.0	5275608.0	5275608.0	1280.8	2221	0	0	2221	0	0	0	0	0	25	3	0	0	2	0	0.0	56	24	0.013782933214285713		5.56										14.29																																																25.0	12.5		20.0														10.0	25.0									37.5				20.0																																	7.14			25.0																																					33.33																																			14.29											3.85					14.29											25.0																																												10.0																50.0			33.33																								16.67	20.0																											
3_binette_bin31	unclassified	unclassified	unclassified	unclassified	unclassified	unclassified	unclassified	unclassified								unclassified	unclassified	unclassified	unclassified	unclassified	unclassified	unclassified	unclassified	1	27.7	3.92	0.0	1831.0	1831.0	1831.0	50.03	832.0	1614.0	11267.0	1818.0	1587.0	3338550.0	3338550.0	3338550.0	1947.0	1709	0	0	1709	0	0	0	0	0	55	0	0	0	2	0	0.0	56	24	0.019512822571428574												14.29											25.0								50.0	33.33																						25.0																																																										11.11					33.33					25.0	14.29			33.33			11.11	20.0		20.0																																																				25.0	25.0																																									25.0			16.67		16.67																18.06																																																																																														
2_binette_bin44	Bacteria	Bacteria	Bacillota	Clostridia	Lachnospirales	WQUN01	JAISGK01	unclassified	Bacteria	Bacillota	Clostridia	Lachnospirales	WQUN01	JAISGK01	unclassified	unclassified	unclassified	unclassified	unclassified	unclassified	unclassified	unclassified	unclassified	1	27.2	0.65	0.0	434.0	434.0	434.0	51.61	154.0	367.0	6306.0	1640.0	1109.0	704899.0	704899.0	704899.0	1904.2	721	0	0	504	0	1	0	0	0	0	0	0	0	6	0	0.0	263	149	0.0014798445714285715		5.56						25.0	50.0	42.86	33.33	14.29						3.12					25.0								50.0	33.33		50.0		25.0						14.29	25.0		14.29	16.67	50.0		50.0			20.0									43.75	66.67	30.0			8.33		50.0							50.0								20.0		40.0	20.0	75.0	66.67				11.54			1.25					5.56		50.0		25.0	25.0	75.0	75.0				33.33	22.22	25.0			33.33				25.0	25.0		64.29	28.57			25.0		72.22	90.0								20.0	25.0	50.0							88.89			7.14		21.43				66.67	80.0						11.11			100.0	16.67							14.29				11.11	24.0	14.29						11.11	16.67		44.44	44.44					28.57		12.5		7.14														40.0	25.0	18.18												37.5		50.0			11.11			66.67		75.0	50.0		14.29					33.33		11.11			50.0	16.67			50.0	100.0						16.67			20.0	33.33		100.0			40.0	45.45			37.5	66.67	50.0														40.0	20.0	16.67			16.67	16.67			60.0					16.67	16.67								33.33	80.0				20.0		55.56		100.0	25.0		16.67		1.14			33.33											
2_binette_bin81	unclassified	unclassified	unclassified	unclassified	unclassified	unclassified	unclassified	unclassified								unclassified	unclassified	unclassified	unclassified	unclassified	unclassified	unclassified	unclassified	1	26.9	7.33	0.0	986.0	986.0	986.0	48.06	434.0	871.0	2245.0	1137.0	1024.0	1173402.0	1173402.0	1173402.0	1231.1	1571	0	0	1571	0	0	0	0	0	0	0	0	0	11	0	0.0	56	24	0.0018013913214285713																																																									25.0																																																														5.56																																																																																																																				16.67		25.0								33.33	66.67			5.26																						9.09							20.0																																																						100.0									
3_binette_bin53	unclassified	unclassified	unclassified	unclassified	unclassified	unclassified	unclassified	unclassified								unclassified	unclassified	unclassified	unclassified	unclassified	unclassified	unclassified	unclassified	1	26.5	7.43	0.0	2453.0	2453.0	2453.0	37.55	1165.0	2186.0	4122.0	1876.0	1753.0	4628985.0	4628985.0	4628985.0	1895.0	2852	0	0	2850	0	0	0	0	0	5	2	0	0	0	1	0.0	56	24	0.0109654305												14.29																																										25.0				50.0																																																											33.33					25.0		7.14			25.0																																								8.33																	25.0	25.0																									7.69																																																																												50.0																																																							
3_binette_bin24	unclassified	unclassified	unclassified	unclassified	unclassified	unclassified	unclassified	unclassified								unclassified	unclassified	unclassified	unclassified	unclassified	unclassified	unclassified	unclassified	1	26.4	7.22	0.0	1085.0	1085.0	1085.0	44.89	461.0	948.0	7599.0	3201.0	2622.0	3515462.0	3515462.0	3515462.0	3373.3	3393	0	0	3393	0	0	0	0	0	0	0	0	0	0	0	0.0	56	24	0.011493676607142856																																																																																6.67								33.33																																																																																																																								8.33																	13.33																																																																																																																				
3_binette_bin65	unclassified	unclassified	unclassified	unclassified	unclassified	unclassified	unclassified	unclassified								unclassified	unclassified	unclassified	unclassified	unclassified	unclassified	unclassified	unclassified	1	25.8	6.52	0.0	2212.0	2212.0	2212.0	39.28	1028.0	1966.0	2560.0	1106.0	1020.0	2489068.0	2489068.0	2489068.0	1141.2	2134	0	0	2134	0	0	0	0	0	2	0	0	0	0	0	0.0	56	24	0.014481440821428573																																									25.0													25.0																																					20.0										6.67																					25.0					25.0																			12.5																																						25.0	25.0																																																																																																																																																		33.33										
3_binette_bin69	unclassified	unclassified	unclassified	unclassified	unclassified	unclassified	unclassified	unclassified								unclassified	unclassified	unclassified	unclassified	unclassified	unclassified	unclassified	unclassified	1	25.1	7.89	0.0	419.0	419.0	419.0	56.95	166.0	363.0	16717.0	3361.0	2628.0	1456845.0	1456845.0	1456845.0	3864.5	1345	0	0	1345	0	0	0	0	0	1	0	0	0	0	0	0.0	56	24	0.01312255557142857								25.0														50.0																		33.33	25.0																											16.67																																													25.0																																																																																															12.5																											16.67		25.0																		50.0																9.09																																																												33.33										
3_binette_bin57	unclassified	unclassified	unclassified	unclassified	unclassified	unclassified	unclassified	unclassified								unclassified	unclassified	unclassified	unclassified	unclassified	unclassified	unclassified	unclassified	1	24.3	6.62	0.0	1178.0	1178.0	1178.0	50.2	470.0	1009.0	4512.0	1547.0	1098.0	1774882.0	1774882.0	1774882.0	1641.5	1782	0	0	1782	0	0	0	0	0	1	0	0	0	0	0	0.0	56	24	0.013635407857142859							50.0																																																		25.0																																																																																											25.0																																																													14.29	7.69	25.0																																									50.0																										20.0																																																															
3_binette_bin121	unclassified	unclassified	unclassified	unclassified	unclassified	unclassified	unclassified	unclassified								unclassified	unclassified	unclassified	unclassified	unclassified	unclassified	unclassified	unclassified	1	23.8	6.91	0.0	745.0	745.0	745.0	60.21	356.0	665.0	2059.0	1849.0	1725.0	1378392.0	1378392.0	1378392.0	1855.5	2416	0	0	2416	0	0	0	0	0	0	0	0	0	0	0	0.0	56	24	0.011207314178571428								25.0																																														25.0																																																				100.0	50.0																																							12.5		25.0							25.0		20.0										16.67																																											7.69															6.67							11.11																																																																										25.0																25.0																			
3_binette_bin36	unclassified	unclassified	unclassified	unclassified	unclassified	unclassified	unclassified	unclassified								unclassified	unclassified	unclassified	unclassified	unclassified	unclassified	unclassified	unclassified	1	23.8	4.84	0.0	1336.0	1336.0	1336.0	55.54	639.0	1192.0	2058.0	1846.0	1724.0	2465077.0	2465077.0	2465077.0	1849.9	2105	0	0	2105	0	0	0	0	0	0	0	0	0	0	0	0.0	56	24	0.010928522821428572									16.67																												20.0	25.0				14.29						50.0													12.5		20.0																																																												14.29						11.11	20.0								20.0																25.0									33.33																																	25.0																																																										50.0		33.33																																																							20.0																														
2_binette_bin45	unclassified	unclassified	unclassified	unclassified	unclassified	unclassified	unclassified	unclassified								unclassified	unclassified	unclassified	unclassified	unclassified	unclassified	unclassified	unclassified	1	23.6	0.0	0.0	296.0	296.0	296.0	60.0	133.0	262.0	2669.0	1133.0	1024.0	345807.0	345807.0	345807.0	1200.7	413	0	0	409	0	0	0	0	0	0	0	0	0	0	0	0.0	149	107	0.002623241392857143												14.29																														14.29	25.0						50.0								25.0																																								50.0																										28.57	14.29					11.11	20.0						100.0	50.0																		25.0							25.0																																															14.29		25.0	16.67														25.0									16.67			50.0								33.33																								5.0	9.09							20.0																													16.67												7.69																						
3_binette_bin46	unclassified	unclassified	unclassified	unclassified	unclassified	unclassified	unclassified	unclassified								unclassified	unclassified	unclassified	unclassified	unclassified	unclassified	unclassified	unclassified	1	23.0	6.81	0.0	839.0	839.0	839.0	60.99	407.0	751.0	1696.0	1594.0	1518.0	1336206.0	1336206.0	1336206.0	1594.6	2044	0	0	2044	0	0	0	0	0	0	0	0	0	0	0	0.0	56	24	0.010262391749999999																																																										50.0																						6.67																	25.0																				33.33												11.11																										75.0																																										12.5																											33.33							16.67				25.0		25.0	25.0					100.0								33.33				50.0	33.33															9.09																																			25.0							33.33																												
2_binette_bin49	unclassified	unclassified	unclassified	unclassified	unclassified	unclassified	unclassified	unclassified								unclassified	unclassified	unclassified	unclassified	unclassified	unclassified	unclassified	unclassified	1	23.0	0.11	0.0	421.0	421.0	421.0	51.29	184.0	371.0	2284.0	1203.0	1033.0	517825.0	517825.0	517825.0	1267.5	658	0	0	656	0	0	0	0	0	0	0	0	0	1	0	0.0	149	107	0.0018257057142857143																																																																																																																							11.11																				25.0																																																																																																														5.26																																																																																												
7_binette_bin6	unclassified	unclassified	unclassified	unclassified	unclassified	unclassified	unclassified	unclassified								unclassified	unclassified	unclassified	unclassified	unclassified	unclassified	unclassified	unclassified	1	22.2	5.31	0.0	666.0	666.0	666.0	47.96	279.0	569.0	13922.0	1653.0	1146.0	1050978.0	1050978.0	1050978.0	1786.4	1681	0	0	1678	0	0	0	0	0	1	1	0	0	2	0	0.0	103	57	0.22401476935714285												14.29																																																	6.25		10.0																																																													7.14												50.0																																																																															57.14																																																																																																																														
2_binette_bin66	unclassified	unclassified	unclassified	unclassified	unclassified	unclassified	unclassified	unclassified								unclassified	unclassified	unclassified	unclassified	unclassified	unclassified	unclassified	unclassified	1	21.7	0.06	0.0	375.0	375.0	375.0	52.82	90.0	303.0	12610.0	2173.0	1107.0	758559.0	758559.0	758559.0	3459.9	1119	0	0	1119	0	0	0	0	0	0	0	0	0	2	0	0.0	56	24	0.014127532857142857		5.56										14.29																																	14.29	8.33															12.5		20.0					33.33																																																			5.56				14.29	14.29					11.11	20.0																									25.0																																												14.29																																																		5.26																					10.0																																													16.67																	100.0									
2_binette_bin52	unclassified	unclassified	unclassified	unclassified	unclassified	unclassified	unclassified	unclassified								unclassified	unclassified	unclassified	unclassified	unclassified	unclassified	unclassified	unclassified	1	21.4	4.45	0.0	622.0	622.0	622.0	35.49	224.0	529.0	5755.0	1525.0	1075.0	964483.0	964483.0	964483.0	1787.3	963	0	0	760	0	0	0	0	0	0	0	0	0	1	0	0.0	103	57	0.0026370108571428575																	33.33						25.0								50.0	33.33	50.0	50.0																25.0																		16.67				25.0			50.0								40.0		20.0		25.0			25.0												25.0									16.67	11.11									25.0																								10.0		13.89	25.0																																						11.11										25.0							50.0																																	25.0											5.56	3.57																30.0			33.33									25.0																																						20.0		22.22																									
3_binette_bin33	unclassified	unclassified	unclassified	unclassified	unclassified	unclassified	unclassified	unclassified								unclassified	unclassified	unclassified	unclassified	unclassified	unclassified	unclassified	unclassified	1	21.4	0.13	0.0	256.0	256.0	256.0	45.7	108.0	215.0	6382.0	2440.0	2089.0	599915.0	599915.0	599915.0	2488.3	743	0	0	741	0	0	0	0	0	1	0	0	0	0	0	0.0	56	24	0.03781815771428571																																										14.29		25.0													25.0				3.12		5.0																																						6.67					100.0	50.0	25.0								33.33			11.11			25.0																										25.0																										14.29	16.67	11.11		11.11																			6.25												14.29		25.0	16.67													6.67																													50.0		33.33																						20.0	50.0				25.0																																																33.33	100.0									
3_binette_bin35	unclassified	unclassified	unclassified	unclassified	unclassified	unclassified	unclassified	unclassified								unclassified	unclassified	unclassified	unclassified	unclassified	unclassified	unclassified	unclassified	1	21.0	2.05	0.0	439.0	439.0	439.0	58.63	184.0	384.0	7417.0	3098.0	2610.0	1405419.0	1405419.0	1405419.0	3381.6	1682	0	0	1682	0	0	0	0	0	0	0	0	0	1	0	0.0	56	24	0.010471428178571428								25.0																																																																																																																								33.33					25.0						25.0																							25.0																																																	25.0													33.33																																																																																															7.69																						
3_binette_bin71	unclassified	unclassified	unclassified	unclassified	unclassified	unclassified	unclassified	unclassified								unclassified	unclassified	unclassified	unclassified	unclassified	unclassified	unclassified	unclassified	1	20.4	6.03	0.0	984.0	984.0	984.0	48.26	393.0	851.0	16394.0	3435.0	2650.0	3443944.0	3443944.0	3443944.0	3844.7	2097	0	0	2097	0	0	0	0	0	0	0	0	0	2	1	0.0	56	24	0.01329309732142857									16.67																												20.0	25.0																																																20.0														8.33																							14.29	14.29				33.33	16.67	10.0																																	33.33																													20.0																																66.67																																	16.67														9.09			12.5	33.33																																						16.67						7.69												33.33										
2_binette_bin46	unclassified	unclassified	unclassified	unclassified	unclassified	unclassified	unclassified	unclassified								unclassified	unclassified	unclassified	unclassified	unclassified	unclassified	unclassified	unclassified	1	20.2	0.01	0.0	233.0	233.0	233.0	58.88	105.0	206.0	2174.0	1149.0	1023.0	275391.0	275391.0	275391.0	1208.1	319	0	0	318	0	0	0	0	0	0	0	0	0	0	0	0.0	56	24	0.0017464499285714287																																																																																																																																50.0																																		25.0																																																					9.09														16.67																																																																																																																
7_binette_bin9	unclassified	unclassified	unclassified	unclassified	unclassified	unclassified	unclassified	unclassified								unclassified	unclassified	unclassified	unclassified	unclassified	unclassified	unclassified	unclassified	1	20.1	6.87	0.0	2830.0	2830.0	2830.0	44.02	1196.0	2471.0	2069.0	1296.0	1053.0	3694472.0	3694472.0	3694472.0	1351.2	2068	0	0	2068	0	0	0	0	0	0	1	0	0	64	0	0.0	56	24	0.11569060399999997												28.57										50.0			8.33																																			25.0	6.25		10.0																												20.0																																	28.57		33.33																				12.5		25.0																			5.56														5.56																																																																		12.5																				33.33																			50.0																																																							
3_binette_bin184	unclassified	unclassified	unclassified	unclassified	unclassified	unclassified	unclassified	unclassified								unclassified	unclassified	unclassified	unclassified	unclassified	unclassified	unclassified	unclassified	1	20.0	4.49	0.0	1574.0	1574.0	1574.0	52.57	769.0	1410.0	1696.0	1579.0	1521.0	2486013.0	2486013.0	2486013.0	1580.7	2084	0	0	2084	0	0	0	0	0	0	0	0	0	0	0	0.0	56	24	0.011193290535714287																																																									25.0		8.33									16.67																				33.33																																																																					20.0																																																																					25.0																							13.16																													20.0																						100.0																																									
2_binette_bin55	Bacteria	Bacteria	Bacteroidota	Bacteroidia	Bacteroidales	Azobacteroidaceae	WRFZ01	unclassified	Bacteria	Bacteroidota	Bacteroidia	Bacteroidales	Azobacteroidaceae	WRFZ01	unclassified	unclassified	unclassified	unclassified	unclassified	unclassified	unclassified	unclassified	unclassified	1	19.8	2.79	0.0	461.0	461.0	461.0	45.25	176.0	393.0	3635.0	1545.0	1111.0	712109.0	712109.0	712109.0	1693.4	769	0	0	544	1	0	0	0	0	1	0	0	0	5	1	50.0	104	58	0.015096492021428572		16.67							16.67	42.86	33.33						16.67						25.0								50.0	66.67		50.0		25.0						14.29	50.0	25.0			37.5	50.0	100.0												37.5		60.0		4.55	16.67							50.0		50.0											40.0	50.0	38.89				15.38				20.0				33.33		12.5		25.0	25.0	50.0	25.0					22.22											57.14			33.33	75.0	16.67	22.22	40.0								20.0	25.0	25.0				22.22	20.0		16.67			7.14		21.43				16.67	20.0		11.11	11.11						16.67					50.0			42.86	16.67	22.22		22.22								11.11			11.11	11.11		20.0			28.57	25.0		9.09	28.57							16.67							60.0	12.5	13.64						33.33						12.5		25.0						33.33		50.0				25.0						18.06			16.67				50.0		33.33	66.67						16.67		33.33				14.29	35.0	36.36	9.09	66.67	25.0	33.33		41.67							75.0						20.0	20.0	16.67	25.0		25.0	25.0		25.0	20.0						33.33		66.67		25.0				16.67	20.0				20.0				25.0										100.0									16.67
2_binette_bin80	unclassified	unclassified	unclassified	unclassified	unclassified	unclassified	unclassified	unclassified								unclassified	unclassified	unclassified	unclassified	unclassified	unclassified	unclassified	unclassified	1	19.6	4.8	0.0	892.0	892.0	892.0	49.67	369.0	778.0	4416.0	1268.0	1042.0	1166552.0	1166552.0	1166552.0	1394.4	1899	0	0	1899	0	0	0	0	0	0	0	0	0	0	0	0.0	56	24	0.013918942857142857																																																																																																																																																																																																								33.33									14.29		25.0																																																								100.0			10.0																																																	15.38																						
3_binette_bin50	unclassified	unclassified	unclassified	unclassified	unclassified	unclassified	unclassified	unclassified								unclassified	unclassified	unclassified	unclassified	unclassified	unclassified	unclassified	unclassified	1	19.6	5.22	0.0	758.0	758.0	758.0	48.5	276.0	650.0	12177.0	1371.0	1064.0	1121144.0	1121144.0	1121144.0	2012.5	1359	0	0	1358	0	0	0	0	0	3	2	0	0	3	0	0.0	56	24	0.32137180807142857												14.29										50.0																																																																																																						7.14																																																																																																																																																																																																																									
3_binette_bin49	unclassified	unclassified	unclassified	unclassified	unclassified	unclassified	unclassified	unclassified								unclassified	unclassified	unclassified	unclassified	unclassified	unclassified	unclassified	unclassified	1	19.3	6.64	0.0	3136.0	3136.0	3136.0	44.4	1328.0	2745.0	3110.0	1237.0	1034.0	3984823.0	3984823.0	3984823.0	1325.8	690	1	0	690	0	0	0	0	0	0	2	0	0	1390	0	0.0	56	24	0.12787309135714287												14.29										50.0													33.33	25.0																																																																										20.0														7.14																								25.0																																																					10.0														14.29																																																																										33.33																																											100.0									
2_binette_bin59	unclassified	unclassified	unclassified	unclassified	unclassified	unclassified	unclassified	unclassified								unclassified	unclassified	unclassified	unclassified	unclassified	unclassified	unclassified	unclassified	1	19.2	0.01	0.0	408.0	408.0	408.0	56.5	183.0	361.0	1965.0	1170.0	1034.0	486543.0	486543.0	486543.0	1213.8	589	0	0	589	0	0	0	0	0	0	0	0	0	0	0	0.0	145	103	0.0011636571428571428							50.0																																			14.29						50.0													12.5		20.0																													7.69														100.0	50.0					11.11							5.56									50.0										20.0														14.29			25.0																																					20.0					12.5	9.09	14.29									25.0	14.29		25.0	33.33												33.33	6.67																					66.67	5.56				33.33																			10.0																																					33.33						16.67	20.0					7.69													100.0									
3_binette_bin40	unclassified	unclassified	unclassified	unclassified	unclassified	unclassified	unclassified	unclassified								unclassified	unclassified	unclassified	unclassified	unclassified	unclassified	unclassified	unclassified	1	19.2	5.32	0.0	1215.0	1215.0	1215.0	39.36	483.0	1031.0	3027.0	1806.0	1072.0	1914921.0	1914921.0	1914921.0	1688.0	1694	0	0	1692	0	0	0	0	0	4	0	0	0	0	0	0.0	149	107	0.013492247214285713								25.0																																																																								13.33							18.75			50.0	20.0																																				25.0		22.22	20.0									25.0							12.5																																																																																									8.33																													20.0	33.33																																																16.67	20.0																											
3_binette_bin22	unclassified	unclassified	unclassified	unclassified	unclassified	unclassified	unclassified	unclassified								unclassified	unclassified	unclassified	unclassified	unclassified	unclassified	unclassified	unclassified	1	18.8	5.2	0.0	2098.0	2098.0	2098.0	39.36	738.0	1800.0	4895.0	2769.0	1560.0	4567835.0	4567835.0	4567835.0	2425.3	1490	0	0	1490	0	0	0	0	0	9	0	0	0	0	0	0.0	56	24	0.012386271321428572								25.0	16.67																																																																														18.75																																1.85								25.0				50.0																								25.0																																													33.33																																																																																																																							7.69																						
2_binette_bin225	unclassified	unclassified	unclassified	unclassified	unclassified	unclassified	unclassified	unclassified								unclassified	unclassified	unclassified	unclassified	unclassified	unclassified	unclassified	unclassified	1	18.6	0.0	0.0	231.0	231.0	231.0	56.78	110.0	206.0	1233.0	1113.0	1022.0	255935.0	255935.0	255935.0	1111.5	291	0	0	291	0	0	0	0	0	0	0	0	0	0	0	0.0	56	24	0.002591778								25.0				14.29																														42.86	25.0	50.0					50.0																			33.33																																	6.67																		5.56								50.0	33.33																											25.0																																																					25.0	14.29		25.0	16.67												33.33	6.67																																													5.0																																																																							
2_binette_bin48	unclassified	unclassified	unclassified	unclassified	unclassified	unclassified	unclassified	unclassified								unclassified	unclassified	unclassified	unclassified	unclassified	unclassified	unclassified	unclassified	1	18.6	1.87	0.0	661.0	661.0	661.0	57.23	211.0	551.0	15142.0	1758.0	1105.0	1162513.0	1162513.0	1162513.0	2371.7	1015	0	0	973	1	1	0	0	0	0	0	0	0	0	0	0.0	100	55	0.005663171428571429																																																													4.17		6.67																				20.0		20.0	40.0										20.0																			25.0								42.86			33.33			22.22	40.0								20.0				12.5		11.11	10.0												10.0																	14.29	16.67	11.11		11.11																	14.29				19.05																																																12.5																								27.27		11.11	25.0																									20.0																					11.11		12.5	25.0																		
3_binette_bin72	unclassified	unclassified	unclassified	unclassified	unclassified	unclassified	unclassified	unclassified								unclassified	unclassified	unclassified	unclassified	unclassified	unclassified	unclassified	unclassified	1	18.6	5.45	0.0	1111.0	1111.0	1111.0	38.03	535.0	993.0	3007.0	1597.0	1519.0	1785316.0	1785316.0	1785316.0	1612.9	2036	0	0	2036	0	0	0	0	0	7	0	0	0	0	0	0.0	56	24	0.0123679865																							12.5	33.33																																																																																																							25.0																																																																																																																																																																																																																						
3_binette_bin43	unclassified	unclassified	unclassified	unclassified	unclassified	unclassified	unclassified	unclassified								unclassified	unclassified	unclassified	unclassified	unclassified	unclassified	unclassified	unclassified	1	18.0	2.66	0.0	429.0	429.0	429.0	46.62	175.0	368.0	4724.0	2420.0	1770.0	1020448.0	1020448.0	1020448.0	2519.7	1304	0	0	1290	0	0	0	0	0	0	0	0	0	0	0	0.0	149	107	0.039491841725							50.0	25.0				28.57																																													25.0				18.75	33.33	10.0			8.33														6.67							12.5			25.0							25.0				6.67				16.67	100.0	100.0	50.0									33.33										50.0	33.33								50.0	50.0	20.0				12.5		11.11	10.0																				50.0																		20.0													25.0	6.25											16.67										20.0						33.33	6.67	25.0			16.67		16.67				8.33			25.0																										10.0	33.33		16.67			10.0							16.67	20.0												20.0																					20.0																					100.0									
8_binette_bin4	unclassified	unclassified	unclassified	unclassified	unclassified	unclassified	unclassified	unclassified								unclassified	unclassified	unclassified	unclassified	unclassified	unclassified	unclassified	unclassified	1	17.7	3.45	0.0	664.0	664.0	664.0	46.73	276.0	581.0	4275.0	1229.0	1035.0	852748.0	852748.0	852748.0	1368.0	1340	0	0	1337	0	0	0	0	0	0	0	0	0	2	0	0.0	56	24	0.07473916084642855												14.29																																	14.29	16.67																																										33.33																		100.0	50.0	25.0																7.14								20.0																															11.11				8.33																20.0																																																																																																																																								7.69																						
3_binette_bin41	unclassified	unclassified	unclassified	unclassified	unclassified	unclassified	unclassified	unclassified								unclassified	unclassified	unclassified	unclassified	unclassified	unclassified	unclassified	unclassified	1	17.6	5.86	0.0	353.0	353.0	353.0	62.5	139.0	305.0	8637.0	3526.0	2639.0	1253783.0	1253783.0	1253783.0	3851.6	1764	0	0	1764	0	0	0	0	0	0	1	0	0	0	0	0.0	56	24	0.011555919214285714									16.67																																																			25.0													50.0							6.67																										100.0	50.0				33.33																		11.11						50.0					25.0															25.0							25.0																																		25.0												8.33					20.0	12.5												50.0																													50.0	33.33														10.0																				20.0																																																			
4_binette_bin20	unclassified	unclassified	unclassified	unclassified	unclassified	unclassified	unclassified	unclassified								unclassified	unclassified	unclassified	unclassified	unclassified	unclassified	unclassified	unclassified	1	17.4	2.96	0.0	682.0	682.0	682.0	54.5	330.0	608.0	2016.0	1733.0	1635.0	1177866.0	1177866.0	1177866.0	1730.4	1240	0	0	1240	0	0	0	0	0	1	0	0	0	0	0	0.0	56	24	0.009915467142857144																																																																																6.67																																																																											25.0																																																																																16.67			50.0																																												50.0																								25.0																																			
2_binette_bin90	unclassified	unclassified	unclassified	unclassified	unclassified	unclassified	unclassified	unclassified								unclassified	unclassified	unclassified	unclassified	unclassified	unclassified	unclassified	unclassified	1	17.0	0.02	0.0	309.0	309.0	309.0	55.96	135.0	271.0	2231.0	1252.0	1032.0	387120.0	387120.0	387120.0	1287.5	412	0	0	412	0	0	0	0	0	0	0	0	0	0	0	0.0	56	24	0.002257966464285714								50.0				14.29																														14.29	25.0						50.0												6.25		10.0																								12.5																																11.11					14.29																																																																																								16.67																																																										5.0																																																																							
3_binette_bin45	unclassified	unclassified	unclassified	unclassified	unclassified	unclassified	unclassified	unclassified								unclassified	unclassified	unclassified	unclassified	unclassified	unclassified	unclassified	unclassified	1	16.9	4.7	0.0	690.0	690.0	690.0	59.69	335.0	617.0	1696.0	1599.0	1517.0	1100147.0	1100147.0	1100147.0	1596.4	1363	0	0	1362	0	0	0	0	0	1	0	0	0	0	0	0.0	56	24	0.01107069485714286																									8.33																																	50.0																																																															25.0						25.0							50.0					25.0																25.0																																									25.0																											50.0			25.0																																																																																																																			
3_binette_bin61	unclassified	unclassified	unclassified	unclassified	unclassified	unclassified	unclassified	unclassified								unclassified	unclassified	unclassified	unclassified	unclassified	unclassified	unclassified	unclassified	1	16.7	4.73	0.0	644.0	644.0	644.0	34.94	277.0	566.0	8207.0	3240.0	2784.0	2154035.0	2154035.0	2154035.0	3475.9	1719	0	0	1718	0	0	0	0	0	4	0	0	0	0	0	0.0	56	24	0.01081614182142857																																																																																																																															25.0																																																																																																			25.0																																																				20.0																																																															
2_binette_bin51	Bacteria	Bacteria	Spirochaetota	Spirochaetia	Treponematales	Breznakiellaceae	BOBG01	unclassified	Bacteria	Spirochaetota	Spirochaetia	Treponematales	Breznakiellaceae	BOBG01	unclassified	unclassified	unclassified	unclassified	unclassified	unclassified	unclassified	unclassified	unclassified	1	16.4	0.0	0.0	242.0	242.0	242.0	45.42	51.0	189.0	20026.0	3076.0	1204.0	596081.0	596081.0	596081.0	4689.2	539	0	0	308	1	1	0	0	0	2	0	0	0	5	0	0.0	100	55	0.010833677142857143		5.56							50.0	14.29	33.33															20.0	25.0	20.0	33.33																		12.5														43.75	66.67	30.0					33.33							50.0										20.0	20.0	28.12	61.11		25.0		3.85				20.0						25.0		16.67	33.33	100.0	50.0														25.0		28.57	14.29				66.67	5.56	10.0								40.0	25.0	50.0							16.67					21.43					20.0					25.0	33.33				16.67							57.14	66.67	44.44		44.44														20.0			71.43			9.09	14.29																								50.0	33.33			25.0		41.67	100.0		11.11			16.67	50.0	25.0				25.0	50.0								50.0											16.67			10.0	33.33				14.29	30.0	18.18			12.5	66.67	50.0														40.0	20.0				16.67	16.67			40.0						16.67	25.0			25.0									20.0		44.44		25.0	25.0									100.0									
3_binette_bin68	unclassified	unclassified	unclassified	unclassified	unclassified	unclassified	unclassified	unclassified								unclassified	unclassified	unclassified	unclassified	unclassified	unclassified	unclassified	unclassified	1	16.3	2.96	0.0	393.0	393.0	393.0	59.13	161.0	342.0	7062.0	3247.0	2603.0	1313169.0	1313169.0	1313169.0	3544.4	1788	0	0	1788	0	0	0	0	0	1	0	0	0	0	0	0.0	56	24	0.011331851357142857									16.67																																																														33.33									6.67							12.5																														33.33																25.0				50.0																		25.0																													25.0																								8.33								7.14															16.67																																							10.0																																													33.33																										
3_binette_bin98	unclassified	unclassified	unclassified	unclassified	unclassified	unclassified	unclassified	unclassified								unclassified	unclassified	unclassified	unclassified	unclassified	unclassified	unclassified	unclassified	1	16.3	2.6	0.0	619.0	619.0	619.0	59.12	296.0	551.0	1696.0	1580.0	1442.0	967786.0	967786.0	967786.0	1568.1	1400	0	0	1400	0	0	0	0	0	3	0	0	0	0	0	0.0	56	24	0.011730936499999999										14.29	33.33	14.29																																																25.0	12.5	33.33											50.0																		20.0																																	7.14									25.0													12.5		25.0							25.0																																									25.0																														25.0			16.67																																																		50.0											20.0																25.0												20.0	15.38																						
2_binette_bin53	unclassified	unclassified	unclassified	unclassified	unclassified	unclassified	unclassified	unclassified								unclassified	unclassified	unclassified	unclassified	unclassified	unclassified	unclassified	unclassified	1	16.1	0.7	0.0	364.0	364.0	364.0	38.33	93.0	288.0	17863.0	2425.0	1123.0	805875.0	805875.0	805875.0	3636.3	781	1	0	474	0	0	0	0	0	1	0	0	0	5	0	0.0	104	58	0.005167259178571429		5.56								14.29		14.29					33.33						25.0								50.0	33.33															25.0																																								25.0	5.56								20.0				16.67		50.0										11.11												14.29			50.0	33.33	11.11																											33.33	20.0					25.0				33.33	16.67							14.29	16.67	11.11		22.22																	14.29	25.0				16.67															9.09						66.67			33.33			25.0		8.33			11.11		16.67											33.33		5.56										33.33						16.67										11.11																										20.0														16.67							11.11		25.0																			16.67
3_binette_bin38	unclassified	unclassified	unclassified	unclassified	unclassified	unclassified	unclassified	unclassified								unclassified	unclassified	unclassified	unclassified	unclassified	unclassified	unclassified	unclassified	1	16.0	1.19	0.0	357.0	357.0	357.0	46.44	101.0	283.0	6720.0	3150.0	1256.0	823003.0	823003.0	823003.0	3037.9	1031	0	0	1023	0	0	0	0	0	0	1	0	0	1	0	0.0	104	58	0.040213664321428574								25.0																																					28.57	33.33											25.0		8.33		3.12		5.0																								12.5					7.69								5.56					16.67	100.0	100.0	25.0															14.29						22.22	20.0						50.0										12.5				7.14				25.0	25.0							25.0	11.11								50.0								4.0		5.56																12.5			33.33									28.57		50.0	16.67						10.0						33.33	6.67				16.67																33.33				13.16																													20.0																																	20.0		16.67						7.69													100.0									
2_binette_bin54	unclassified	unclassified	unclassified	unclassified	unclassified	unclassified	unclassified	unclassified								unclassified	unclassified	unclassified	unclassified	unclassified	unclassified	unclassified	unclassified	1	15.9	0.65	0.0	632.0	632.0	632.0	48.94	240.0	545.0	3745.0	1378.0	1040.0	890480.0	890480.0	890480.0	1564.9	1006	0	0	753	1	0	0	0	0	1	0	0	0	3	0	0.0	100	55	0.0027510456071428574		1.85							16.67			42.86		20.0			33.33	3.12		16.67																						14.29	25.0				12.5		50.0		33.33	6.67	25.0								4.17		6.67											16.67	50.0								40.0		40.0		3.12	33.33				3.85							33.33						16.67	25.0	25.0				50.0				25.0						25.0			57.14			50.0	16.67	11.11											25.0		12.5		11.11	10.0																	25.0												14.29	16.67	11.11		11.11					20.0				16.67		33.33	33.33		10.0				50.0	12.5		4.76	33.33		20.0																			66.67			33.33											33.33	25.0	25.0	50.0			25.0	50.0								16.67		100.0																		10.0	9.09			25.0										25.0																					16.67				25.0				16.67	20.0				20.0																							
1_binette_bin5	unclassified	unclassified	unclassified	unclassified	unclassified	unclassified	unclassified	unclassified								unclassified	unclassified	unclassified	unclassified	unclassified	unclassified	unclassified	unclassified	1	15.8	6.5	0.0	702.0	702.0	702.0	42.68	267.0	602.0	7934.0	2185.0	1652.0	1586407.0	1586407.0	1586407.0	2539.8	1822	0	0	1822	0	0	0	0	0	0	5	0	0	72	0	0.0	56	24	0.14393841107142857												14.29																																																																																																																7.14																															25.0																																																												28.57																																																																							50.0																																																							
3_binette_bin52	unclassified	unclassified	unclassified	unclassified	unclassified	unclassified	unclassified	unclassified								unclassified	unclassified	unclassified	unclassified	unclassified	unclassified	unclassified	unclassified	1	15.3	3.97	0.0	490.0	490.0	490.0	43.49	215.0	433.0	5402.0	2867.0	2552.0	1459712.0	1459712.0	1459712.0	3066.9	1523	0	0	1523	0	0	0	0	0	1	0	0	0	0	0	0.0	56	24	0.012323451607142861									16.67																																																																																															16.67	16.67	25.0																																																																																																																																	16.67	50.0	25.0													16.67																					9.09																																			25.0																																			
4_binette_bin18	unclassified	unclassified	unclassified	unclassified	unclassified	unclassified	unclassified	unclassified								unclassified	unclassified	unclassified	unclassified	unclassified	unclassified	unclassified	unclassified	1	15.0	3.95	0.0	982.0	982.0	982.0	41.17	450.0	872.0	3111.0	1666.0	1524.0	1672334.0	1672334.0	1672334.0	1724.0	1658	0	0	1657	0	0	0	0	0	2	0	0	0	0	0	0.0	56	24	0.011892824142857143																																																													12.5	33.33																																																																33.33												20.0																																																												9.09																																																	12.5																																																																																														
2_binette_bin56	unclassified	unclassified	unclassified	unclassified	unclassified	unclassified	unclassified	unclassified								unclassified	unclassified	unclassified	unclassified	unclassified	unclassified	unclassified	unclassified	1	14.6	0.35	0.0	806.0	806.0	806.0	61.12	334.0	705.0	5354.0	1196.0	1033.0	1028135.0	1028135.0	1028135.0	1373.9	1201	0	0	1195	0	0	0	0	0	0	0	0	0	0	0	0.0	104	58	0.0029563124999999997							50.0	75.0	16.67																																				14.29		12.5																					33.33																			12.5			50.0																100.0	50.0				33.33		25.0						5.56									33.33	11.11										25.0						10.0										25.0																																																									16.67													6.67										33.33		50.0										5.56																	20.0	33.33						18.18																																			25.0													7.69													100.0									
2_binette_bin62	unclassified	unclassified	unclassified	unclassified	unclassified	unclassified	unclassified	unclassified								unclassified	unclassified	unclassified	unclassified	unclassified	unclassified	unclassified	unclassified	1	14.6	1.39	0.0	184.0	184.0	184.0	44.45	47.0	141.0	14122.0	3905.0	1661.0	574379.0	574379.0	574379.0	4731.1	602	0	0	417	1	0	0	0	0	3	0	0	0	1	0	0.0	100	55	0.007145117321428572												14.29					33.33																																																																							5.56																																	25.0		14.29	14.29					11.11	20.0																						3.57																																												25.0																									33.33								8.33						33.33		50.0																											40.0							27.27					12.5																																					16.67	20.0																											33.33
3_binette_bin58	unclassified	unclassified	unclassified	unclassified	unclassified	unclassified	unclassified	unclassified								unclassified	unclassified	unclassified	unclassified	unclassified	unclassified	unclassified	unclassified	1	14.5	3.76	0.0	982.0	982.0	982.0	46.23	480.0	880.0	1706.0	1565.0	1512.0	1539180.0	1539180.0	1539180.0	1568.6	1517	0	0	1517	0	0	0	0	0	3	1	0	0	0	0	0.0	149	107	0.014768103928571431		5.56										14.29																																																25.0										50.0																					20.0									16.67																								14.29																										7.14																																																																																																											33.33																																																																																				
3_binette_bin55	unclassified	unclassified	unclassified	unclassified	unclassified	unclassified	unclassified	unclassified								unclassified	unclassified	unclassified	unclassified	unclassified	unclassified	unclassified	unclassified	1	14.4	0.91	0.0	322.0	322.0	322.0	49.98	137.0	283.0	7107.0	3048.0	2585.0	1016017.0	1016017.0	1016017.0	3293.2	870	0	0	870	0	0	0	0	0	2	0	0	0	0	0	0.0	56	24	0.012798570607142857																									8.33													25.0																																50.0							10.0																																																																																																																							25.0																																																																																																														25.0																								33.33											
3_binette_bin64	unclassified	unclassified	unclassified	unclassified	unclassified	unclassified	unclassified	unclassified								unclassified	unclassified	unclassified	unclassified	unclassified	unclassified	unclassified	unclassified	1	14.2	3.09	0.0	519.0	519.0	519.0	58.57	208.0	450.0	9648.0	3332.0	2628.0	1768250.0	1768250.0	1768250.0	3672.2	2102	0	0	2102	0	0	0	0	0	0	0	0	0	0	0	0.0	56	24	0.011946869999999998																																																						25.0					8.33	25.0													50.0																		20.0							7.69																																																								25.0			20.0																																							25.0																						10.0																																																																																																					7.69																						
4_binette_bin126	unclassified	unclassified	unclassified	unclassified	unclassified	unclassified	unclassified	unclassified								unclassified	unclassified	unclassified	unclassified	unclassified	unclassified	unclassified	unclassified	1	13.9	5.4	0.0	2190.0	2190.0	2190.0	32.81	1011.0	1946.0	2445.0	1106.0	1016.0	2468923.0	2468923.0	2468923.0	1139.2	1579	0	0	1579	0	0	0	0	0	1	0	0	0	0	0	0.0	56	24	0.010025562285714286												14.29																																										25.0																										6.67																																										25.0		7.14																																																												25.0	25.0																																									25.0																				33.33																																								50.0																																													33.33										
3_binette_bin62	unclassified	unclassified	unclassified	unclassified	unclassified	unclassified	unclassified	unclassified								unclassified	unclassified	unclassified	unclassified	unclassified	unclassified	unclassified	unclassified	1	13.9	3.0	0.0	571.0	571.0	571.0	58.65	273.0	509.0	2057.0	1889.0	1734.0	1070348.0	1070348.0	1070348.0	1879.7	1430	0	0	1430	0	0	0	0	0	0	0	0	0	0	0	0.0	56	24	0.011567939535714286							50.0																	33.33																																			8.33												33.33																																																																													25.0							50.0																																																																																											33.33																																																																																															
3_binette_bin91	unclassified	unclassified	unclassified	unclassified	unclassified	unclassified	unclassified	unclassified								unclassified	unclassified	unclassified	unclassified	unclassified	unclassified	unclassified	unclassified	1	13.8	3.27	0.0	1082.0	1082.0	1082.0	55.52	525.0	968.0	1696.0	1598.0	1521.0	1726946.0	1726946.0	1726946.0	1598.1	1581	0	0	1581	0	0	0	0	0	0	0	0	0	0	0	0.0	56	24	0.010749474464285716									16.67																																													25.0					8.33																																20.0																																14.29																	25.0						12.5									25.0							25.0																														20.0																																											16.67		25.0												13.16																						9.09																																																																						
3_binette_bin92	unclassified	unclassified	unclassified	unclassified	unclassified	unclassified	unclassified	unclassified								unclassified	unclassified	unclassified	unclassified	unclassified	unclassified	unclassified	unclassified	1	13.8	4.5	0.0	2717.0	2717.0	2717.0	45.06	1146.0	2376.0	3548.0	1241.0	1038.0	3477331.0	3477331.0	3477331.0	1338.4	661	0	0	661	0	0	0	0	0	0	1	0	0	54	0	0.0	56	24	0.17783657875000006												28.57												33.33	8.33												20.0	25.0	33.33																																																																																					21.43																																																																																																																																																														50.0				50.0																				25.0																																			
4_binette_bin23	unclassified	unclassified	unclassified	unclassified	unclassified	unclassified	unclassified	unclassified								unclassified	unclassified	unclassified	unclassified	unclassified	unclassified	unclassified	unclassified	3	13.5	0.66	0.0	314.0	314.0	314.0	35.21	103.0	265.0	19630.0	3987.0	2711.0	1302568.0	1302568.0	1302568.0	5270.4	990	0	0	990	0	0	0	0	0	1	0	0	0	0	0	0.0	56	24	0.03755044178571428																																									25.0																																																																																						25.0	33.33																																																																																																33.33																																																																																																																					
3_binette_bin60	unclassified	unclassified	unclassified	unclassified	unclassified	unclassified	unclassified	unclassified								unclassified	unclassified	unclassified	unclassified	unclassified	unclassified	unclassified	unclassified	1	13.4	2.02	0.0	763.0	763.0	763.0	43.83	314.0	666.0	3555.0	1258.0	1040.0	995960.0	995960.0	995960.0	1394.1	1049	0	0	1049	0	0	0	0	0	0	0	0	0	7	0	0.0	56	24	0.14784626916071428												14.29																																										25.0																																																				100.0	50.0																	7.14																																																																																																																																																																																																																									
3_binette_bin67	unclassified	unclassified	unclassified	unclassified	unclassified	unclassified	unclassified	unclassified								unclassified	unclassified	unclassified	unclassified	unclassified	unclassified	unclassified	unclassified	1	13.2	5.36	0.0	1280.0	1280.0	1280.0	39.7	528.0	1082.0	2172.0	1832.0	1082.0	2061623.0	2061623.0	2061623.0	1705.3	1590	0	0	1590	0	0	0	0	0	0	0	0	0	0	0	0.0	56	24	0.011587823107142858																																																													6.25		10.0																																																																25.0																																																																																																			25.0																																																																																																																			
3_binette_bin183	unclassified	unclassified	unclassified	unclassified	unclassified	unclassified	unclassified	unclassified								unclassified	unclassified	unclassified	unclassified	unclassified	unclassified	unclassified	unclassified	1	13.2	5.37	0.0	1324.0	1324.0	1324.0	40.92	641.0	1185.0	2851.0	1585.0	1516.0	2108092.0	2108092.0	2108092.0	1596.0	1666	0	0	1665	0	0	0	0	0	13	0	0	0	0	0	0.0	56	24	0.014334107321428573																																																																																																																															25.0																																																																																																																																																																																																																						
2_binette_bin61	Bacteria	Bacteria	Spirochaetota	Spirochaetia	Treponematales	Breznakiellaceae	JAIRNN01	unclassified	Bacteria	Spirochaetota	Spirochaetia	Treponematales	Breznakiellaceae	JAIRNN01	unclassified	unclassified	unclassified	unclassified	unclassified	unclassified	unclassified	unclassified	unclassified	1	13.0	0.23	0.0	106.0	106.0	106.0	55.99	31.0	85.0	19534.0	6977.0	3478.0	647196.0	647196.0	647196.0	7854.5	570	0	0	355	1	0	0	0	0	0	0	0	0	10	0	100.0	100	55	0.008678500214285715		1.39	20.0						27.78		33.33			20.0					14.29													33.33															25.0														31.25	66.67	10.0					16.67						16.67	50.0								20.0		20.0			50.0				3.85										25.0			16.67	25.0	12.5														25.0							16.67										20.0	25.0	58.33							8.33					7.14					30.0									33.33								14.29	16.67	11.11		11.11																	28.57		6.25	9.09	7.14	16.67						16.67	16.67						20.0	12.5									50.0						16.67	100.0					33.33		50.0								33.33					16.67				50.0		33.33		6.67					33.33	20.0			33.33		14.29	25.0	18.18					25.0																															16.67											20.0		33.33		37.5										100.0									
2_binette_bin64	unclassified	unclassified	unclassified	unclassified	unclassified	unclassified	unclassified	unclassified								unclassified	unclassified	unclassified	unclassified	unclassified	unclassified	unclassified	unclassified	1	13.0	0.1	0.0	256.0	256.0	256.0	44.59	66.0	201.0	10823.0	2727.0	1280.0	625992.0	625992.0	625992.0	3594.0	816	0	0	676	0	3	0	0	0	2	0	0	0	13	0	0.0	56	24	0.0047812956071428565																																													14.29	16.67																																					20.0		20.0							7.69								5.56																											25.0																							7.14													11.11				16.67							14.29					8.0				20.0									10.0	11.11			25.0	6.25																																											14.29		50.0																																	33.33																														16.67																										50.0										
2_binette_bin99	unclassified	unclassified	unclassified	unclassified	unclassified	unclassified	unclassified	unclassified								unclassified	unclassified	unclassified	unclassified	unclassified	unclassified	unclassified	unclassified	1	12.7	0.86	0.0	728.0	728.0	728.0	52.37	336.0	647.0	2116.0	1098.0	1018.0	820857.0	820857.0	820857.0	1145.8	645	0	0	644	0	0	0	0	0	0	0	0	0	1	0	0.0	56	24	0.001132593107142857									33.33																																													25.0																				16.67	50.0																								33.33																							25.0							11.11				25.0							25.0																																												25.0	25.0											25.0	12.5					20.0																						33.33	6.67																																																																																								16.67	20.0																											33.33
3_binette_bin97	unclassified	unclassified	unclassified	unclassified	unclassified	unclassified	unclassified	unclassified								unclassified	unclassified	unclassified	unclassified	unclassified	unclassified	unclassified	unclassified	1	12.7	5.0	0.0	1934.0	1934.0	1934.0	31.5	892.0	1716.0	3404.0	1127.0	1022.0	2206850.0	2206850.0	2206850.0	1156.1	1484	0	0	1484	0	0	0	0	0	2	1	0	0	0	0	0.0	56	24	0.009327065589285713												14.29																																																																																																																7.14			25.0																																																																																																																																																															50.0																																																							
3_binette_bin59	unclassified	unclassified	unclassified	unclassified	unclassified	unclassified	unclassified	unclassified								unclassified	unclassified	unclassified	unclassified	unclassified	unclassified	unclassified	unclassified	1	12.6	0.67	0.0	395.0	395.0	395.0	44.98	185.0	352.0	5696.0	2685.0	2532.0	1089479.0	1089479.0	1089479.0	2807.9	1088	0	0	1088	0	0	0	0	0	0	0	0	0	58	1	0.0	56	24	0.13620687575000004												14.29																																																																																																																7.14																																																																																																																																																																																																																									
4_binette_bin21	unclassified	unclassified	unclassified	unclassified	unclassified	unclassified	unclassified	unclassified								unclassified	unclassified	unclassified	unclassified	unclassified	unclassified	unclassified	unclassified	1	12.6	0.0	0.0	146.0	146.0	146.0	51.3	29.0	118.0	16710.0	1993.0	1089.0	299264.0	299264.0	299264.0	4333.7	408	0	0	405	0	0	0	0	0	0	5	0	0	9	0	0.0	149	107	0.3972781707142857												14.29																																																																																																																7.14																																																																																											71.43																																																																																																																														
2_binette_bin65	unclassified	unclassified	unclassified	unclassified	unclassified	unclassified	unclassified	unclassified								unclassified	unclassified	unclassified	unclassified	unclassified	unclassified	unclassified	unclassified	1	12.4	0.45	0.0	173.0	173.0	173.0	48.68	38.0	125.0	20984.0	5154.0	1795.0	676566.0	676566.0	676566.0	6791.9	701	0	0	415	1	1	0	0	0	2	0	0	0	4	0	0.0	56	24	0.00829653657142857								25.0																																		14.29	25.0		14.29	16.67			50.0																										50.0									25.0	20.0		12.5					7.69								5.56					16.67	25.0														50.0	25.0			14.29															25.0			12.5		11.11	10.0					7.14							10.0						11.11																4.0				40.0									10.0	11.11		14.29	25.0										16.67	16.67														33.33														25.0		50.0				25.0	50.0								16.67																				5.0	9.09																																						25.0													12.5																			
8_binette_bin66	unclassified	unclassified	unclassified	unclassified	unclassified	unclassified	unclassified	unclassified								unclassified	unclassified	unclassified	unclassified	unclassified	unclassified	unclassified	unclassified	1	12.3	3.65	0.0	1618.0	1618.0	1618.0	42.45	746.0	1437.0	3332.0	1108.0	1020.0	1832839.0	1832839.0	1832839.0	1173.3	1164	0	0	1163	0	0	0	0	0	0	0	0	0	18	0	0.0	56	24	0.054772484707142875												14.29																																																																																																																7.14																								25.0															33.33																																																																																																																															20.0																25.0																																			
3_binette_bin80	unclassified	unclassified	unclassified	unclassified	unclassified	unclassified	unclassified	unclassified								unclassified	unclassified	unclassified	unclassified	unclassified	unclassified	unclassified	unclassified	1	12.2	4.41	0.0	667.0	667.0	667.0	50.52	281.0	583.0	6411.0	3142.0	2600.0	2153221.0	2153221.0	2153221.0	3383.1	1843	0	0	1843	0	0	0	0	0	0	0	0	0	1	0	0.0	56	24	0.011064863214285714																																																																																																																																																																																																																										10.0																																																																																																																											
3_binette_bin100	unclassified	unclassified	unclassified	unclassified	unclassified	unclassified	unclassified	unclassified								unclassified	unclassified	unclassified	unclassified	unclassified	unclassified	unclassified	unclassified	1	11.8	4.36	0.0	1148.0	1148.0	1148.0	39.39	537.0	1021.0	2423.0	1106.0	1020.0	1284411.0	1284411.0	1284411.0	1130.3	1455	0	0	1454	0	0	0	0	0	1	0	0	0	0	0	0.0	56	24	0.011560488499999999																																																																																																																																																																																																																																																																																																																																																					
2_binette_bin67	unclassified	unclassified	unclassified	unclassified	unclassified	unclassified	unclassified	unclassified								unclassified	unclassified	unclassified	unclassified	unclassified	unclassified	unclassified	unclassified	1	11.8	0.34	0.0	203.0	203.0	203.0	46.26	42.0	154.0	15738.0	3347.0	1332.0	566794.0	566794.0	566794.0	5075.7	582	1	0	406	1	2	0	0	0	1	0	0	0	0	0	0.0	56	24	0.01652432785714286			40.0									14.29					16.67									20.0	25.0	20.0	33.33																		12.5														6.25		10.0																																																			16.67							25.0			14.29		33.33		16.67											25.0			12.5		11.11	10.0		8.33																				5.56											11.11			5.56					11.11																																																	16.67		25.0										12.5	3.57						75.0		33.33											33.33				9.09					12.5																																															33.33	60.0																	33.33
4_binette_bin24	unclassified	unclassified	unclassified	unclassified	unclassified	unclassified	unclassified	unclassified								unclassified	unclassified	unclassified	unclassified	unclassified	unclassified	unclassified	unclassified	1	11.7	3.84	0.0	616.0	616.0	616.0	50.38	222.0	529.0	10053.0	1342.0	1046.0	896851.0	896851.0	896851.0	1901.2	1560	0	0	1550	0	0	0	0	0	25	0	0	0	0	0	0.0	56	24	0.082787774																																																																																																																											14.29				25.0		11.11	20.0																																																																																																																																											14.29																																																														33.33										
2_binette_bin69	unclassified	unclassified	unclassified	unclassified	unclassified	unclassified	unclassified	unclassified								unclassified	unclassified	unclassified	unclassified	unclassified	unclassified	unclassified	unclassified	1	11.6	0.3	0.0	382.0	382.0	382.0	48.46	139.0	322.0	4938.0	1739.0	1157.0	648100.0	648100.0	648100.0	1914.5	674	3	0	498	2	3	0	0	0	1	0	0	0	4	0	0.0	104	58	0.004640444642857143		5.56	40.0						16.67			14.29					33.33						25.0																			14.29	25.0	25.0			37.5		50.0											25.0	6.25		10.0				14.29								50.0				33.33				40.0		40.0		50.0	5.56			20.0									16.67		12.5					25.0														25.0		14.29	7.14			50.0	33.33	11.11										25.0	25.0						12.5	16.67					3.57					30.0					25.0				33.33								14.29																					14.29	25.0																												33.33			12.5		8.33		50.0	44.44									25.0													75.0		33.33	33.33				16.67			20.0	33.33					10.0			44.44	25.0	33.33															45.0	20.0	33.33				16.67			20.0						16.67								16.67	20.0								12.5																			33.33
4_binette_bin19	Bacteria	Pseudomonadati	Pseudomonadota	Betaproteobacteria	Burkholderiales	Comamonadaceae	Diaphorobacter	Diaphorobacter nitroreducens								Bacteria	Pseudomonadati	Pseudomonadota	Betaproteobacteria	Burkholderiales	Comamonadaceae	Diaphorobacter	Diaphorobacter nitroreducens	1	11.6	0.07	0.0	196.0	196.0	196.0	64.95	88.0	173.0	2335.0	1177.0	1033.0	234425.0	234425.0	234425.0	1224.2	284	0	0	161	2	0	0	0	0	1	0	0	0	1	0	0.0	104	58	0.004233374							50.0		16.67	14.29	33.33												25.0									33.33											25.0		14.29	16.67	12.5		50.0	25.0														3.03		41.67													66.67				20.0		20.0		12.5	16.67	37.5	25.0		7.69					50.0			5.56		25.0										11.11				33.33	33.33						14.29			33.33			11.11	20.0									25.0	25.0				11.11	10.0		16.67	25.0		7.14							20.0						11.11				27.78											22.22	24.0	14.29						11.11									14.29					16.67						16.67	16.67							12.5	3.03					50.0							62.5		16.67	100.0																	12.5	3.57						50.0		33.33							33.33	10.0			33.33		14.29			36.36	33.33	25.0	33.33	25.0	16.67																															14.29										20.0													83.33	100.0									
3_binette_bin70	unclassified	unclassified	unclassified	unclassified	unclassified	unclassified	unclassified	unclassified								unclassified	unclassified	unclassified	unclassified	unclassified	unclassified	unclassified	unclassified	1	11.6	4.7	0.0	1171.0	1171.0	1171.0	50.96	558.0	1044.0	2046.0	1779.0	1657.0	2088132.0	2088132.0	2088132.0	1788.9	1627	0	0	1627	0	0	0	0	0	74	1	0	0	2	0	0.0	56	24	0.03509130935714285									16.67																8.33										33.33	25.0									14.29	16.67																																														7.69								5.56																			5.56								25.0													25.0										7.14								12.5					11.11																4.0				20.0									20.0																	14.29		25.0														6.67																																															9.09																																		25.0																									33.33		33.33	33.33							
2_binette_bin109	unclassified	unclassified	unclassified	unclassified	unclassified	unclassified	unclassified	unclassified								unclassified	unclassified	unclassified	unclassified	unclassified	unclassified	unclassified	unclassified	1	11.6	0.05	0.0	531.0	531.0	531.0	52.2	225.0	464.0	3309.0	1274.0	1051.0	691813.0	691813.0	691813.0	1377.2	1110	0	0	1109	0	0	0	0	0	0	0	0	0	1	0	0.0	56	24	0.003979691071428571																																																																																																																							5.56																																																																																																																				16.67		25.0																												33.33						9.09																																																																						
3_binette_bin48	unclassified	unclassified	unclassified	unclassified	unclassified	unclassified	unclassified	unclassified								unclassified	unclassified	unclassified	unclassified	unclassified	unclassified	unclassified	unclassified	1	11.6	0.01	0.0	110.0	110.0	110.0	55.54	48.0	97.0	5064.0	2964.0	2587.0	339037.0	339037.0	339037.0	3183.8	193	0	0	192	0	0	0	0	0	0	0	0	0	0	0	0.0	56	24	0.012356203821428572																																																											8.33																																							7.69																							25.0																																																																																																																																												16.67														33.33																															25.0																																			
3_binette_bin85	unclassified	unclassified	unclassified	unclassified	unclassified	unclassified	unclassified	unclassified								unclassified	unclassified	unclassified	unclassified	unclassified	unclassified	unclassified	unclassified	1	11.2	3.17	0.0	730.0	730.0	730.0	47.66	326.0	644.0	4119.0	1191.0	1033.0	876975.0	876975.0	876975.0	1238.6	1498	0	0	1498	0	0	0	0	0	89	0	0	0	0	0	0.0	56	24	0.07917870553571428																																																																																																																																																																																																																																																																																																																																																					
2_binette_bin101	unclassified	unclassified	unclassified	unclassified	unclassified	unclassified	unclassified	unclassified								unclassified	unclassified	unclassified	unclassified	unclassified	unclassified	unclassified	unclassified	1	11.2	0.07	0.0	360.0	360.0	360.0	53.46	158.0	317.0	2401.0	1227.0	1035.0	446938.0	446938.0	446938.0	1277.1	641	0	0	641	0	0	0	0	0	0	0	0	0	1	0	0.0	56	24	0.00242495375																																													14.29																						14.29	33.33																																																			7.41																																																																																																																																																																																																																														
2_binette_bin98	unclassified	unclassified	unclassified	unclassified	unclassified	unclassified	unclassified	unclassified								unclassified	unclassified	unclassified	unclassified	unclassified	unclassified	unclassified	unclassified	1	11.1	3.76	0.0	1333.0	1333.0	1333.0	43.69	650.0	1194.0	1184.0	1045.0	1010.0	1398969.0	1398969.0	1398969.0	1050.6	1214	0	0	1214	0	0	0	0	0	57	0	0	0	0	0	0.0	56	24	0.04820145107142857																																																													3.12		5.0											16.67																									33.33																	33.33											25.0																																																																					25.0	12.5					20.0																																																																																	25.0																																																										
2_binette_bin85	unclassified	unclassified	unclassified	unclassified	unclassified	unclassified	unclassified	unclassified								unclassified	unclassified	unclassified	unclassified	unclassified	unclassified	unclassified	unclassified	1	11.1	0.02	0.0	349.0	349.0	349.0	57.87	158.0	308.0	1760.0	1188.0	1034.0	418262.0	418262.0	418262.0	1216.2	488	0	0	487	0	0	0	0	0	0	0	0	0	0	0	0.0	56	24	0.0011996045357142856																																										14.29	25.0						50.0																									16.67																																		25.0											5.56				14.29				25.0	16.67	11.11	20.0																																																																			6.25													7.69																																																									16.67			5.0																																			16.67						20.0																		16.67			100.0									
2_binette_bin108	unclassified	unclassified	unclassified	unclassified	unclassified	unclassified	unclassified	unclassified								unclassified	unclassified	unclassified	unclassified	unclassified	unclassified	unclassified	unclassified	1	10.9	4.18	0.0	1227.0	1227.0	1227.0	35.44	479.0	1069.0	3376.0	1498.0	1008.0	1594868.0	1594868.0	1594868.0	1384.4	1244	0	0	1241	0	0	0	0	0	2	0	0	0	0	0	0.0	56	24	0.014130182321428573																																																									25.0																																																																						25.0	33.33																																																																																																33.33											16.67		25.0																																		9.09							20.0																																																					33.33										
2_binette_bin70	unclassified	unclassified	unclassified	unclassified	unclassified	unclassified	unclassified	unclassified								unclassified	unclassified	unclassified	unclassified	unclassified	unclassified	unclassified	unclassified	1	10.9	0.07	0.0	257.0	257.0	257.0	51.3	67.0	204.0	15544.0	2570.0	1192.0	592859.0	592859.0	592859.0	3825.0	672	0	0	461	0	2	0	0	0	0	0	0	0	0	0	0.0	100	55	0.005948012000000001		1.85						25.0	11.11	14.29				26.67									25.0								50.0	33.33													14.29	16.67															16.67		26.67				14.29								50.0												12.5					26.92								5.56											66.67	22.22	25.0		25.0								7.14	14.29			50.0		22.22										25.0	8.33		12.5		22.22	20.0		8.33			14.29		14.29											11.11											14.29	16.67	11.11		11.11	4.0				20.0								12.5	20.0	33.33	25.0			6.25		11.9																				16.67		33.33						62.5			100.0	16.67	11.11															5.56											6.67			16.67		50.0							15.0	9.09				33.33		16.67							25.0																					33.33																																				
2_binette_bin72	unclassified	unclassified	unclassified	unclassified	unclassified	unclassified	unclassified	unclassified								unclassified	unclassified	unclassified	unclassified	unclassified	unclassified	unclassified	unclassified	1	10.9	0.08	0.0	195.0	195.0	195.0	49.64	50.0	154.0	13133.0	2774.0	1198.0	458428.0	458428.0	458428.0	3609.7	547	0	0	458	1	1	0	0	0	0	0	0	0	2	0	0.0	56	24	0.007651606607142857																																																																3.03											50.0																											12.5			16.67	25.0																																																																													20.0												14.29	25.0																																																						16.67																																																																																											
2_binette_bin74	unclassified	unclassified	unclassified	unclassified	unclassified	unclassified	unclassified	unclassified								unclassified	unclassified	unclassified	unclassified	unclassified	unclassified	unclassified	unclassified	1	10.9	0.01	0.0	381.0	381.0	381.0	46.1	119.0	311.0	6600.0	2151.0	1176.0	762097.0	762097.0	762097.0	2498.7	782	0	0	550	1	1	0	0	0	0	0	0	0	2	0	0.0	56	24	0.0035354869642857147		3.7	40.0						33.33			14.29																																	14.29	16.67														25.0	8.33		13.33																							20.0	12.5	33.33			20.0	15.38					25.0			5.56					16.67	50.0					66.67		25.0		25.0						25.0		7.14	35.71					33.33											25.0		12.5		11.11	10.0	12.5				7.14													44.44											14.29	16.67	11.11		11.11	4.0																		6.25	9.09	9.52					16.67	16.67	16.67	16.67								9.09																				16.67			25.0	40.0		50.0									16.67														20.0						10.0	9.09					12.5								50.0																									25.0	33.33			16.67	20.0																	33.33										33.33
2_binette_bin71	unclassified	unclassified	unclassified	unclassified	unclassified	unclassified	unclassified	unclassified								unclassified	unclassified	unclassified	unclassified	unclassified	unclassified	unclassified	unclassified	1	10.8	0.08	0.0	346.0	346.0	346.0	51.72	109.0	291.0	19986.0	1502.0	1089.0	575002.0	575002.0	575002.0	2778.1	676	0	0	555	0	17	0	0	0	7	0	0	0	0	0	0.0	56	24	0.01941244678571429									16.67																																																																										20.0		20.0																																																						25.0	25.0																																											20.0													25.0																																																																																																																																																	
2_binette_bin186	unclassified	unclassified	unclassified	unclassified	unclassified	unclassified	unclassified	unclassified								unclassified	unclassified	unclassified	unclassified	unclassified	unclassified	unclassified	unclassified	1	10.8	0.01	0.0	203.0	203.0	203.0	49.63	88.0	179.0	2309.0	1228.0	1043.0	255696.0	255696.0	255696.0	1301.4	329	0	0	329	0	0	0	0	0	0	0	0	0	1	0	0.0	56	24	0.0026192472142857145							50.0																																																																																																																								25.0																																																																																																																																																																																		16.67																											100.0									
2_binette_bin68	unclassified	unclassified	unclassified	unclassified	unclassified	unclassified	unclassified	unclassified								unclassified	unclassified	unclassified	unclassified	unclassified	unclassified	unclassified	unclassified	1	10.8	0.0	0.0	275.0	275.0	275.0	58.64	99.0	236.0	9197.0	1330.0	1044.0	399389.0	399389.0	399389.0	1868.4	438	0	0	380	1	0	0	0	0	0	0	0	0	5	0	0.0	104	58	0.0018074667857142857									11.11								16.67						25.0								50.0	33.33										14.29	25.0						50.0																																					20.0	12.5								2.5	20.0								8.33	8.33	25.0	50.0				33.33	11.11	25.0								25.0		21.43			16.67			16.67	10.0										8.33												3.57				33.33			11.11	11.11						33.33								42.86	50.0	33.33		33.33					20.0						11.11	11.11					14.29																																																		33.33		5.56											6.67												5.0	18.18			12.5																20.0	20.0								20.0							25.0																					2.27														
4_binette_bin108	unclassified	unclassified	unclassified	unclassified	unclassified	unclassified	unclassified	unclassified								unclassified	unclassified	unclassified	unclassified	unclassified	unclassified	unclassified	unclassified	1	10.6	2.05	0.0	531.0	531.0	531.0	65.98	249.0	472.0	2025.0	1688.0	1545.0	905322.0	905322.0	905322.0	1715.5	1225	0	0	1224	0	0	0	0	0	0	0	0	0	3	0	0.0	56	24	0.009670960357142858								25.0																																																				25.0								33.33																							20.0															100.0	50.0																													100.0	50.0		25.0																25.0																																										12.5											25.0	14.29		25.0														20.0	25.0									8.33		25.0														33.33			50.0		33.33																																																															7.69																						
3_binette_bin140	unclassified	unclassified	unclassified	unclassified	unclassified	unclassified	unclassified	unclassified								unclassified	unclassified	unclassified	unclassified	unclassified	unclassified	unclassified	unclassified	1	10.5	0.03	0.0	97.0	97.0	97.0	47.44	36.0	83.0	9045.0	4033.0	2758.0	389666.0	389666.0	389666.0	4556.5	474	0	0	471	0	0	0	0	0	0	0	0	0	0	0	0.0	149	107	0.04484046767857142																																											25.0						50.0																			33.33																																						100.0	50.0												1.85																																																																									20.0					6.25												14.29		25.0							10.0								25.0									8.33		25.0																	50.0		33.33																																																		50.0									33.33																	100.0									
2_binette_bin190	unclassified	unclassified	unclassified	unclassified	unclassified	unclassified	unclassified	unclassified								unclassified	unclassified	unclassified	unclassified	unclassified	unclassified	unclassified	unclassified	1	10.5	1.87	0.0	602.0	602.0	602.0	51.4	266.0	530.0	2357.0	1198.0	1028.0	732826.0	732826.0	732826.0	1246.8	1000	0	0	1000	0	0	0	0	0	0	0	0	0	1	0	0.0	56	24	0.0019768907142857146																																																																																																																							5.56																																			25.0																																																																																																																																																																					7.69													100.0									
2_binette_bin60	unclassified	unclassified	unclassified	unclassified	unclassified	unclassified	unclassified	unclassified								unclassified	unclassified	unclassified	unclassified	unclassified	unclassified	unclassified	unclassified	1	10.4	0.01	0.0	197.0	197.0	197.0	55.25	91.0	175.0	2008.0	1112.0	1020.0	224645.0	224645.0	224645.0	1160.9	356	0	0	356	0	0	0	0	0	0	0	0	0	1	0	0.0	56	24	0.0021909306428571427																																																																																																																							5.56																																																																																																																																																										5.56																																																																				
2_binette_bin73	unclassified	unclassified	unclassified	unclassified	unclassified	unclassified	unclassified	unclassified								unclassified	unclassified	unclassified	unclassified	unclassified	unclassified	unclassified	unclassified	1	10.4	0.03	0.0	374.0	374.0	374.0	54.81	140.0	321.0	5409.0	1487.0	1086.0	563649.0	563649.0	563649.0	1719.7	572	0	0	455	0	0	0	0	0	1	0	0	0	9	0	0.0	100	55	0.0028439653571428573		1.39						50.0															50.0								50.0	33.33										14.29	25.0		14.29	16.67	37.5		50.0		33.33										12.5	33.33													50.0								20.0		20.0		12.5					7.69								5.56		37.5		8.33	8.33		62.5					22.22									25.0			14.29		33.33	25.0		11.11										25.0	25.0							8.33			7.14									11.11	11.11			11.11											28.57	16.67	11.11		11.11	4.0										11.11	11.11								9.09																	9.09						33.33			33.33					16.67											14.29							30.56							25.0							16.67		33.33	20.0					4.76	15.0					33.33	25.0																		12.5			11.11								33.33		16.67						16.67	20.0																											
2_binette_bin75	unclassified	unclassified	unclassified	unclassified	unclassified	unclassified	unclassified	unclassified								unclassified	unclassified	unclassified	unclassified	unclassified	unclassified	unclassified	unclassified	1	10.3	0.08	0.0	274.0	274.0	274.0	55.66	70.0	220.0	20928.0	2268.0	1185.0	592886.0	592886.0	592886.0	3799.2	689	0	0	621	0	2	0	0	0	0	0	0	0	1	0	0.0	56	24	0.011176547714285714												14.29																																																	12.5	33.33																					20.0		20.0																			8.33	8.33		25.0																	14.29														20.0																																																			11.11	11.11						25.0																																													25.0																													10.0																																							25.0																																
3_binette_bin75	unclassified	unclassified	unclassified	unclassified	unclassified	unclassified	unclassified	unclassified								unclassified	unclassified	unclassified	unclassified	unclassified	unclassified	unclassified	unclassified	1	10.3	2.68	0.0	798.0	798.0	798.0	40.97	363.0	700.0	3511.0	1409.0	1235.0	1128792.0	1128792.0	1128792.0	1462.7	1132	0	0	1132	0	0	0	0	0	3	0	0	0	1	0	0.0	56	24	0.01416410757142857																																																																																																																															25.0																					25.0																																																																														25.0									16.67		25.0																																		9.09																																																												33.33										
2_binette_bin84	unclassified	unclassified	unclassified	unclassified	unclassified	unclassified	unclassified	unclassified								unclassified	unclassified	unclassified	unclassified	unclassified	unclassified	unclassified	unclassified	1	10.2	0.57	0.0	159.0	159.0	159.0	38.56	50.0	126.0	10889.0	3659.0	1950.0	518479.0	518479.0	518479.0	4168.7	506	0	0	357	0	0	0	0	0	0	0	0	0	2	0	0.0	56	24	0.0053066842857142854			20.0																																										14.29	16.67				50.0	33.33																								50.0																														16.67	25.0															25.0						25.0																														10.0																													11.11									14.29	25.0																																							16.67		25.0											3.57		16.67														20.0							9.09										14.29																								16.67																	12.5																			33.33
2_binette_bin76	unclassified	unclassified	unclassified	unclassified	unclassified	unclassified	unclassified	unclassified								unclassified	unclassified	unclassified	unclassified	unclassified	unclassified	unclassified	unclassified	1	10.1	0.04	0.0	138.0	138.0	138.0	60.34	42.0	116.0	5708.0	2632.0	1565.0	339203.0	339203.0	339203.0	3163.7	285	0	0	146	0	1	0	0	0	0	0	0	0	3	1	0.0	104	58	0.0021649383571428573			20.0								33.33						33.33						25.0																			14.29	50.0					50.0	100.0	25.0											25.0		40.0					16.67							50.0								20.0		20.0		12.5	33.33				7.69				20.0				8.33							25.0				33.33	22.22											14.29			33.33			33.33	20.0								20.0	25.0						10.0		16.67	50.0				14.29					20.0							33.33			16.67							42.86	33.33	22.22		22.22					20.0									20.0			57.14			9.09	28.57							33.33									18.18														16.67			11.11	33.33		8.33						25.0	100.0					25.0				16.67						16.67				16.67									25.0			11.11	25.0	66.67														33.33				16.67		19.44	44.44			40.0								50.0						16.67	20.0				20.0				25.0										100.0									
2_binette_bin79	unclassified	unclassified	unclassified	unclassified	unclassified	unclassified	unclassified	unclassified								unclassified	unclassified	unclassified	unclassified	unclassified	unclassified	unclassified	unclassified	1	10.1	0.25	0.0	218.0	218.0	218.0	46.78	63.0	176.0	10244.0	2306.0	1198.0	468350.0	468350.0	468350.0	3042.7	549	0	0	411	0	0	0	0	0	0	0	0	0	1	0	0.0	56	24	0.008832737857142859																																																			33.33										4.17		6.67																				20.0		20.0																														25.0									14.29			50.0	16.67																							50.0	3.57																																												25.0			4.76																														16.67																																																																												33.33		8.33																																		
3_binette_bin89	unclassified	unclassified	unclassified	unclassified	unclassified	unclassified	unclassified	unclassified								unclassified	unclassified	unclassified	unclassified	unclassified	unclassified	unclassified	unclassified	1	10.1	3.83	0.0	1107.0	1107.0	1107.0	38.36	530.0	989.0	3357.0	1610.0	1520.0	1792747.0	1792747.0	1792747.0	1631.1	1287	0	0	1286	0	0	0	0	0	2	0	0	0	0	0	0.0	56	24	0.012131417142857143		5.56										14.29																																																	12.5		20.0																																																													7.14			25.0																																																																								14.29																																																																33.33							10.0																50.0																																																							
2_binette_bin58	unclassified	unclassified	unclassified	unclassified	unclassified	unclassified	unclassified	unclassified								unclassified	unclassified	unclassified	unclassified	unclassified	unclassified	unclassified	unclassified	1	10.0	0.04	0.0	359.0	359.0	359.0	58.22	159.0	316.0	2683.0	1215.0	1038.0	440227.0	440227.0	440227.0	1260.3	602	0	0	599	0	0	0	0	0	0	0	0	0	0	0	0.0	149	107	0.0014532449285714288							50.0																																						14.29												25.0																																								25.0																						5.56				14.29																						10.0										25.0																																										12.5												14.29		25.0															25.0			16.67						25.0		25.0	25.0											5.26		33.33																				9.09							20.0																																																															
4_binette_bin103	unclassified	unclassified	unclassified	unclassified	unclassified	unclassified	unclassified	unclassified								unclassified	unclassified	unclassified	unclassified	unclassified	unclassified	unclassified	unclassified	1	9.8	1.97	0.0	584.0	584.0	584.0	49.43	275.0	521.0	2749.0	1591.0	1513.0	953591.0	953591.0	953591.0	1648.7	1181	0	0	1181	0	0	0	0	0	0	1	0	0	0	0	0.0	56	24	0.01234210692857143																																																																																																																																																																																																																																																																																																																																																					
2_binette_bin78	unclassified	unclassified	unclassified	unclassified	unclassified	unclassified	unclassified	unclassified								unclassified	unclassified	unclassified	unclassified	unclassified	unclassified	unclassified	unclassified	1	9.8	0.12	0.0	290.0	290.0	290.0	52.34	76.0	226.0	8466.0	2893.0	1330.0	741390.0	741390.0	741390.0	3572.6	681	1	0	348	1	1	0	0	0	1	0	0	0	3	0	0.0	100	55	0.0042234034999999994		5.56							33.33			28.57		46.67				3.12	14.29		12.5	50.0								10.0																															4.17		6.67											16.67	50.0										40.0												25.0			16.67					16.67	25.0				20.0	33.33	11.11	25.0		25.0	33.33	33.33				25.0		7.14	42.86			25.0		22.22											25.0		12.5	33.33	11.11	10.0			25.0		7.14							10.0									33.33	5.56												20.0	14.29		16.67	20.0						33.33	33.33					42.86		12.5		4.76		10.0														18.18						66.67			33.33						100.0	16.67				16.67		25.0	25.0				50.0								16.67							33.33						33.33								9.09		11.11	25.0																					8.33	8.33									16.67		16.67						16.67	20.0								12.5										100.0									
2_binette_bin87	unclassified	unclassified	unclassified	unclassified	unclassified	unclassified	unclassified	unclassified								unclassified	unclassified	unclassified	unclassified	unclassified	unclassified	unclassified	unclassified	1	9.7	0.0	0.0	198.0	198.0	198.0	55.0	94.0	177.0	1237.0	1113.0	1022.0	219538.0	219538.0	219538.0	1112.7	286	0	0	285	0	0	0	0	0	0	0	0	0	1	0	0.0	56	24	0.004241995928571428							50.0																																															25.0																																																																	5.56																																				25.0																																																																																												5.56																																																																																														
3_binette_bin66	unclassified	unclassified	unclassified	unclassified	unclassified	unclassified	unclassified	unclassified								unclassified	unclassified	unclassified	unclassified	unclassified	unclassified	unclassified	unclassified	1	9.6	0.16	0.0	116.0	116.0	116.0	45.26	48.0	101.0	6315.0	3678.0	2947.0	435403.0	435403.0	435403.0	3938.6	527	0	0	519	0	0	0	0	0	2	0	0	0	1	0	0.0	104	58	0.03721649864285714		5.56										14.29																														14.29																			3.12		5.0														20.0	75.0									12.5					7.69								16.67	13.33					100.0	50.0		33.33		33.33	11.11											21.43	14.29					44.44	20.0						50.0																																											4.0		16.67																6.25													7.69						7.14		20.0						33.33																														50.0		33.33	33.33										16.67			5.0	9.09																																										16.67																		33.33	100.0									
3_binette_bin87	unclassified	unclassified	unclassified	unclassified	unclassified	unclassified	unclassified	unclassified								unclassified	unclassified	unclassified	unclassified	unclassified	unclassified	unclassified	unclassified	1	9.5	0.85	0.0	429.0	429.0	429.0	49.75	152.0	363.0	5478.0	1613.0	1114.0	698098.0	698098.0	698098.0	1919.5	1029	0	0	1029	0	0	0	0	0	0	0	0	0	0	0	0.0	56	24	0.16325011626785718												14.29																																																																																														100.0	50.0																	7.14																																																																																																																																																																																																																									
8_binette_bin5	Bacteria	Bacteria	Bacillota	Bacilli	Lactobacillales	Lactobacillaceae	Leuconostoc	unclassified	Bacteria	Bacillota	Bacilli	Lactobacillales	Lactobacillaceae	Leuconostoc	unclassified	Bacteria	Bacillati	Bacillota	Bacilli	Lactobacillales	Lactobacillaceae	Leuconostoc	unclassified	1	9.5	0.07	0.0	77.0	77.0	77.0	40.91	27.0	66.0	6207.0	1374.0	1055.0	114944.0	114944.0	114944.0	1998.2	88	0	0	30	2	0	0	0	0	0	0	0	0	2	0	0.0	348	189	0.021203736964285715																																																																																							25.0																																						50.0																																																					11.11																																																									16.67		25.0																											20.0	33.33						9.09		11.11																																																																				100.0
2_binette_bin86	unclassified	unclassified	unclassified	unclassified	unclassified	unclassified	unclassified	unclassified								unclassified	unclassified	unclassified	unclassified	unclassified	unclassified	unclassified	unclassified	1	9.5	0.13	0.0	330.0	330.0	330.0	48.89	108.0	276.0	7032.0	1694.0	1094.0	562138.0	562138.0	562138.0	2155.4	826	0	0	677	2	1	0	0	0	0	0	0	0	16	0	0.0	100	55	0.006469530857142858									33.33																																																				12.5	33.33																									12.5					1.92																																																25.0												3.57					20.0										5.56																													25.0	12.5	9.09		16.67																																																																			100.0			20.0																													20.0																							25.0																			
2_binette_bin83	unclassified	unclassified	unclassified	unclassified	unclassified	unclassified	unclassified	unclassified								unclassified	unclassified	unclassified	unclassified	unclassified	unclassified	unclassified	unclassified	1	9.5	0.06	0.0	126.0	126.0	126.0	53.93	48.0	107.0	3176.0	1627.0	1137.0	202744.0	202744.0	202744.0	1757.7	222	0	0	169	0	0	0	0	0	1	0	0	0	4	0	100.0	100	55	0.0068392425								25.0										3.12					25.0								50.0	33.33																																											50.0																											37.5										22.22																																																																		11.11											33.33	33.33																															66.67																										5.56																																																												33.33		25.0																																
2_binette_bin82	unclassified	unclassified	unclassified	unclassified	unclassified	unclassified	unclassified	unclassified								unclassified	unclassified	unclassified	unclassified	unclassified	unclassified	unclassified	unclassified	1	9.4	0.16	0.0	108.0	108.0	108.0	34.82	23.0	84.0	23507.0	3191.0	1284.0	283168.0	283168.0	283168.0	5535.2	356	0	0	305	0	0	0	0	0	0	0	0	0	2	0	0.0	100	55	0.008038478214285714																																																																																												7.69																																																																																		14.29	16.67	11.11		11.11																																																				100.0											50.0																													5.0					33.33																																		25.0	33.33				20.0																											
3_binette_bin90	unclassified	unclassified	unclassified	unclassified	unclassified	unclassified	unclassified	unclassified								unclassified	unclassified	unclassified	unclassified	unclassified	unclassified	unclassified	unclassified	1	9.3	0.91	0.0	198.0	198.0	198.0	58.56	78.0	172.0	7780.0	3386.0	2623.0	679146.0	679146.0	679146.0	3731.3	917	0	0	917	0	0	0	0	0	0	0	0	0	0	0	0.0	56	24	0.011950947142857143																																																																																																								16.67															5.56										11.11																									25.0																																																																						33.33											16.67			50.0																	50.0	33.33																																																									16.67																												
2_binette_bin188	unclassified	unclassified	unclassified	unclassified	unclassified	unclassified	unclassified	unclassified								unclassified	unclassified	unclassified	unclassified	unclassified	unclassified	unclassified	unclassified	2	9.2	0.92	0.0	460.0	460.0	460.0	58.12	161.0	394.0	15006.0	1343.0	1027.0	669047.0	669047.0	669047.0	2188.5	993	0	0	993	0	0	0	0	0	0	3	0	0	4	0	0.0	99	53	0.0786718877142857																																																																																																																																																											25.0																																																																																																																																																																																										
3_binette_bin95	unclassified	unclassified	unclassified	unclassified	unclassified	unclassified	unclassified	unclassified								unclassified	unclassified	unclassified	unclassified	unclassified	unclassified	unclassified	unclassified	1	9.2	0.86	0.0	659.0	659.0	659.0	43.65	291.0	582.0	2846.0	1154.0	1019.0	784607.0	784607.0	784607.0	1225.4	849	0	0	847	0	0	0	0	0	0	0	0	0	0	0	0.0	56	24	0.017944764964285716																																																													3.12		5.0																																						13.33																33.33																																													25.0					8.33														5.56															25.0																			14.29																																																33.33																																																																														
3_binette_bin84	unclassified	unclassified	unclassified	unclassified	unclassified	unclassified	unclassified	unclassified								unclassified	unclassified	unclassified	unclassified	unclassified	unclassified	unclassified	unclassified	1	9.2	3.13	0.0	265.0	265.0	265.0	53.8	109.0	232.0	7530.0	3155.0	2598.0	865823.0	865823.0	865823.0	3488.9	1467	0	0	1467	0	0	0	0	0	1	0	0	0	0	0	0.0	56	24	0.010877722017857144									16.67															33.33																																																																																																									11.11																									25.0	25.0																																																																					33.33																																																																																									16.67																												
2_binette_bin57	unclassified	unclassified	unclassified	unclassified	unclassified	unclassified	unclassified	unclassified								unclassified	unclassified	unclassified	unclassified	unclassified	unclassified	unclassified	unclassified	1	9.2	0.14	0.0	638.0	638.0	638.0	58.23	287.0	565.0	2652.0	1123.0	1019.0	743588.0	743588.0	743588.0	1203.0	908	0	0	906	0	0	0	0	0	0	0	0	0	0	0	0.0	56	24	0.0020889395714285717									50.0			14.29																														14.29	25.0						50.0																			33.33																																																							14.29	14.29					22.22	20.0										25.0															25.0																																																					25.0										10.0						33.33							33.33	33.33		16.67																											16.67									5.0			5.56		33.33																															25.0							16.67	20.0					7.69													100.0									
3_binette_bin74	unclassified	unclassified	unclassified	unclassified	unclassified	unclassified	unclassified	unclassified								unclassified	unclassified	unclassified	unclassified	unclassified	unclassified	unclassified	unclassified	1	9.1	0.1	0.0	302.0	302.0	302.0	46.21	109.0	258.0	2961.0	1777.0	1067.0	461703.0	461703.0	461703.0	1691.6	579	0	0	579	0	0	0	0	0	0	0	0	0	0	0	0.0	149	107	0.044916292357142854							50.0																																																						12.5	33.33																														7.69									6.67																						14.29						11.11	20.0																																																																			6.25																																																									50.0		33.33														5.0																																									20.0																														
7_binette_bin82	unclassified	unclassified	unclassified	unclassified	unclassified	unclassified	unclassified	unclassified								unclassified	unclassified	unclassified	unclassified	unclassified	unclassified	unclassified	unclassified	1	9.0	3.87	0.0	698.0	698.0	698.0	44.32	316.0	618.0	1499.0	1160.0	1024.0	818615.0	818615.0	818615.0	1188.6	1860	0	0	1860	0	0	0	0	0	0	0	0	0	0	0	0.0	56	24	0.48028108110714285																																																																																																																																																																																																																																																																																																																																																					
2_binette_bin88	unclassified	unclassified	unclassified	unclassified	unclassified	unclassified	unclassified	unclassified								unclassified	unclassified	unclassified	unclassified	unclassified	unclassified	unclassified	unclassified	1	8.8	0.04	0.0	262.0	262.0	262.0	53.26	96.0	224.0	5915.0	1462.0	1071.0	398325.0	398325.0	398325.0	1752.5	390	0	0	360	0	0	0	0	0	0	0	0	0	2	0	0.0	104	58	0.0034563067857142854																																																																																								33.33																							33.33																		11.11																																																										16.67	20.0																																																																																																						5.0																																																			
8_binette_bin61	unclassified	unclassified	unclassified	unclassified	unclassified	unclassified	unclassified	unclassified								unclassified	unclassified	unclassified	unclassified	unclassified	unclassified	unclassified	unclassified	1	8.8	0.02	0.0	574.0	574.0	574.0	41.09	255.0	507.0	2272.0	1158.0	1026.0	681052.0	681052.0	681052.0	1217.6	689	0	0	689	0	0	0	0	0	0	0	0	0	1	0	0.0	56	24	0.036532168210714276												14.29																																																	12.5	33.33																																												100.0	50.0																	7.14																					10.0								33.33		25.0																										5.56																12.5	9.09														16.67																																																										10.0																																																																							
4_binette_bin16	unclassified	unclassified	unclassified	unclassified	unclassified	unclassified	unclassified	unclassified								unclassified	unclassified	unclassified	unclassified	unclassified	unclassified	unclassified	unclassified	1	8.8	0.0	0.0	394.0	394.0	394.0	43.22	180.0	350.0	2970.0	1658.0	1524.0	672553.0	672553.0	672553.0	1732.4	511	0	0	511	0	0	0	0	0	0	0	0	0	0	0	0.0	149	107	0.010659015499999999																																																																																																																															25.0																																																																																																																																																																																																																						
4_binette_bin15	unclassified	unclassified	unclassified	unclassified	unclassified	unclassified	unclassified	unclassified								unclassified	unclassified	unclassified	unclassified	unclassified	unclassified	unclassified	unclassified	1	8.8	0.09	0.0	366.0	366.0	366.0	53.76	155.0	313.0	2730.0	1618.0	1094.0	553990.0	553990.0	553990.0	1574.4	730	0	0	729	0	0	0	0	0	0	0	0	0	0	0	0.0	56	24	0.011755741285714286																																																																																																																																																																																																				25.0																																																																																																														25.0																																			
3_binette_bin149	unclassified	unclassified	unclassified	unclassified	unclassified	unclassified	unclassified	unclassified								unclassified	unclassified	unclassified	unclassified	unclassified	unclassified	unclassified	unclassified	1	8.8	3.11	0.0	682.0	682.0	682.0	47.23	326.0	609.0	2096.0	1753.0	1656.0	1203258.0	1203258.0	1203258.0	1769.8	1338	0	0	1338	1	0	0	0	0	0	0	0	0	0	0	0.0	56	24	0.013993837642857143																																																																																																																															25.0																																																																																																																																																																																																7.69																						
2_binette_bin89	unclassified	unclassified	unclassified	unclassified	unclassified	unclassified	unclassified	unclassified								unclassified	unclassified	unclassified	unclassified	unclassified	unclassified	unclassified	unclassified	1	8.6	0.08	0.0	85.0	85.0	85.0	50.67	21.0	61.0	19408.0	6369.0	2827.0	438920.0	438920.0	438920.0	7975.6	379	0	0	135	0	0	0	0	0	0	0	0	0	1	0	0.0	56	24	0.005354019428571429										14.29																																			14.29	16.67															4.17		6.67																													7.69								5.56					16.67	25.0					66.67		50.0		25.0								7.14	28.57					33.33													12.5		11.11	10.0					7.14													44.44															11.11	4.0				20.0															9.09	4.76	16.67															9.09									33.33			25.0								33.33		50.0													16.67																			14.29		27.27				33.33																								20.0														16.67	20.0																											
4_binette_bin22	unclassified	unclassified	unclassified	unclassified	unclassified	unclassified	unclassified	unclassified								unclassified	unclassified	unclassified	unclassified	unclassified	unclassified	unclassified	unclassified	1	8.4	0.02	0.0	161.0	161.0	161.0	60.37	70.0	142.0	4832.0	2940.0	2583.0	492555.0	492555.0	492555.0	3147.6	533	0	0	533	0	0	0	0	0	0	0	0	0	0	0	0.0	56	24	0.00957245507142857																																																																																																																																33.33	11.11																																																																															12.5																33.33																					33.33																																																																				16.67																												
3_binette_bin82	unclassified	unclassified	unclassified	unclassified	unclassified	unclassified	unclassified	unclassified								unclassified	unclassified	unclassified	unclassified	unclassified	unclassified	unclassified	unclassified	1	8.3	0.05	0.0	180.0	180.0	180.0	46.44	56.0	145.0	7957.0	2662.0	1369.0	431500.0	431500.0	431500.0	3020.7	685	0	0	682	0	0	0	0	0	0	0	0	0	2	0	0.0	103	57	0.04226603539285715																																																																																																																	25.0											14.29																																											16.67																														6.25																												6.67																						5.56							50.0		33.33																																																																												100.0									
2_binette_bin47	unclassified	unclassified	unclassified	unclassified	unclassified	unclassified	unclassified	unclassified								unclassified	unclassified	unclassified	unclassified	unclassified	unclassified	unclassified	unclassified	1	8.2	0.14	0.0	558.0	558.0	558.0	54.21	241.0	490.0	2887.0	1239.0	1042.0	704077.0	704077.0	704077.0	1315.3	920	0	0	919	0	0	0	0	0	0	0	0	0	2	0	0.0	56	24	0.008437308357142858																																										14.29	25.0						50.0																																																																																																																																																																																																								5.26																		33.33			5.0																																																																							
3_binette_bin117	unclassified	unclassified	unclassified	unclassified	unclassified	unclassified	unclassified	unclassified								unclassified	unclassified	unclassified	unclassified	unclassified	unclassified	unclassified	unclassified	1	8.2	0.74	0.0	1382.0	1382.0	1382.0	30.29	559.0	1207.0	2910.0	1198.0	1029.0	1784188.0	1784188.0	1784188.0	1387.7	700	0	0	700	0	0	0	0	0	0	0	0	0	0	0	0.0	56	24	0.009085010357142858																																																																																																																															25.0						25.0																																																																																																																																																																																																						33.33										
3_binette_bin165	unclassified	unclassified	unclassified	unclassified	unclassified	unclassified	unclassified	unclassified								unclassified	unclassified	unclassified	unclassified	unclassified	unclassified	unclassified	unclassified	1	8.1	1.83	0.0	375.0	375.0	375.0	53.97	141.0	321.0	5291.0	1513.0	1083.0	565112.0	565112.0	565112.0	1690.8	1135	2	0	1135	0	0	0	0	0	0	0	0	0	0	0	0.0	56	24	0.06214022278571429																																																																																																																																																																																																																																																																																																																																																					
3_binette_bin88	unclassified	unclassified	unclassified	unclassified	unclassified	unclassified	unclassified	unclassified								unclassified	unclassified	unclassified	unclassified	unclassified	unclassified	unclassified	unclassified	1	8.1	0.02	0.0	801.0	801.0	801.0	42.08	372.0	712.0	2422.0	1111.0	1022.0	906379.0	906379.0	906379.0	1154.3	655	0	0	655	0	0	0	0	0	2	0	0	0	0	0	0.0	56	24	0.014942280285714286																																																						25.0					8.33																																										6.67																					25.0					25.0																												25.0																													25.0	25.0																																																																			50.0																																																																																									
2_binette_bin92	unclassified	unclassified	unclassified	unclassified	unclassified	unclassified	unclassified	unclassified								unclassified	unclassified	unclassified	unclassified	unclassified	unclassified	unclassified	unclassified	1	8.1	0.01	0.0	35.0	35.0	35.0	53.62	9.0	23.0	16300.0	11110.0	2982.0	232444.0	232444.0	232444.0	10040.8	219	0	0	90	0	0	0	0	0	0	0	0	0	0	0	0.0	56	24	0.007852715357142857												28.57																																																																																																				11.11	25.0											28.57					11.11	20.0																																												14.29	16.67	11.11		11.11								11.11																																																																																									33.33																								20.0																	11.11																									
2_binette_bin94	unclassified	unclassified	unclassified	unclassified	unclassified	unclassified	unclassified	unclassified								unclassified	unclassified	unclassified	unclassified	unclassified	unclassified	unclassified	unclassified	1	8.1	0.0	0.0	250.0	250.0	250.0	52.21	74.0	204.0	8938.0	2165.0	1169.0	505945.0	505945.0	505945.0	2715.8	596	0	0	391	1	0	0	0	0	0	0	0	0	11	0	0.0	56	24	0.006153330214285714								25.0		14.29																																			28.57	33.33															16.67		26.67	9.09	4.55										50.0								40.0		40.0	20.0	12.5					15.38								5.56											33.33	11.11	25.0		25.0								21.43	28.57			25.0		22.22	20.0												12.5		33.33	30.0					7.14		14.29										25.0	22.22				16.67												8.0																28.57		12.5		19.05	16.67															9.09												25.0		16.67					16.67	8.33		25.0			14.29																													4.76	10.0	9.09			25.0			41.67													20.0															16.67		8.33																								16.67										
2_binette_bin91	unclassified	unclassified	unclassified	unclassified	unclassified	unclassified	unclassified	unclassified								unclassified	unclassified	unclassified	unclassified	unclassified	unclassified	unclassified	unclassified	1	8.0	0.0	0.0	226.0	226.0	226.0	54.34	91.0	197.0	4590.0	1297.0	1048.0	307055.0	307055.0	307055.0	1503.5	341	0	0	267	1	0	0	0	0	0	1	0	0	2	0	0.0	104	58	0.005761385999999999														20.0												20.0	25.0	20.0	33.33																																37.5	33.33	40.0																								12.5	33.33				11.54		12.5												50.0								16.67									7.14															20.0									8.33					28.57					20.0																																						42.86		12.5		14.29														20.0														25.0													14.29										16.67				50.0		33.33								40.0			50.0		14.29	35.0	9.09				33.33	12.5																																														25.0																			50.0
1_binette_bin48	unclassified	unclassified	unclassified	unclassified	unclassified	unclassified	unclassified	unclassified								unclassified	unclassified	unclassified	unclassified	unclassified	unclassified	unclassified	unclassified	1	8.0	3.65	0.0	795.0	795.0	795.0	45.48	333.0	696.0	3991.0	1231.0	1033.0	1015001.0	1015001.0	1015001.0	1343.2	1134	0	0	1134	0	0	0	0	0	0	2	0	0	5	0	0.0	56	24	0.2934536797857143												14.29																																																																																																																7.14															25.0																																																																																																																																																																																																										
2_binette_bin184	unclassified	unclassified	unclassified	unclassified	unclassified	unclassified	unclassified	unclassified								unclassified	unclassified	unclassified	unclassified	unclassified	unclassified	unclassified	unclassified	1	8.0	0.72	0.0	449.0	449.0	449.0	38.24	202.0	398.0	2573.0	1134.0	1021.0	523012.0	523012.0	523012.0	1190.5	876	0	0	646	0	0	0	0	0	242	0	0	0	0	0	0.0	56	24	0.2708747642857143																																																																																																																															25.0																																																																																																																																																																																																												33.33										
3_binette_bin96	unclassified	unclassified	unclassified	unclassified	unclassified	unclassified	unclassified	unclassified								unclassified	unclassified	unclassified	unclassified	unclassified	unclassified	unclassified	unclassified	1	8.0	1.06	0.0	253.0	253.0	253.0	39.22	105.0	222.0	4139.0	1184.0	1034.0	320934.0	320934.0	320934.0	1386.4	1237	0	0	1237	0	0	0	0	0	0	0	0	0	0	0	0.0	56	24	0.6808281089285714																																																																																																																																																																																																																																																																																																																																																					
2_binette_bin106	unclassified	unclassified	unclassified	unclassified	unclassified	unclassified	unclassified	unclassified								unclassified	unclassified	unclassified	unclassified	unclassified	unclassified	unclassified	unclassified	1	8.0	0.62	0.0	317.0	317.0	317.0	57.63	84.0	251.0	11659.0	2492.0	1130.0	706217.0	706217.0	706217.0	3264.9	665	0	0	638	0	0	0	0	0	0	0	0	0	0	0	0.0	56	24	0.010555967857142856																																																																																								5.56																																			14.29						11.11	20.0																																																																												16.67	16.67																						8.33																																																																																																																
2_binette_bin97	unclassified	unclassified	unclassified	unclassified	unclassified	unclassified	unclassified	unclassified								unclassified	unclassified	unclassified	unclassified	unclassified	unclassified	unclassified	unclassified	1	7.9	0.01	0.0	222.0	222.0	222.0	48.72	58.0	180.0	9234.0	2097.0	1120.0	448345.0	448345.0	448345.0	3146.3	510	0	0	381	1	1	0	0	0	0	0	0	0	7	0	0.0	56	24	0.004543285892857143								25.0									33.33						25.0								50.0	33.33	50.0	50.0		25.0																									6.25		10.0									25.0		16.67												60.0	12.5	5.56				3.85																				11.11									25.0		57.14	14.29				16.67	22.22	40.0									25.0								8.33					7.14					10.0							33.33																												20.0				25.0	6.25		7.14																					16.67									25.0	100.0										14.29	25.0						5.56																							5.0	27.27			25.0															33.33	20.0	20.0																		25.0							5.56						12.5										100.0									
8_binette_bin40	unclassified	unclassified	unclassified	unclassified	unclassified	unclassified	unclassified	unclassified								unclassified	unclassified	unclassified	unclassified	unclassified	unclassified	unclassified	unclassified	1	7.9	2.61	0.0	628.0	628.0	628.0	44.42	283.0	557.0	5326.0	1108.0	1019.0	725942.0	725942.0	725942.0	1258.0	1650	0	0	1650	0	0	0	0	0	0	0	0	0	0	0	0.0	56	24	0.3952620906071428																																																																																																																																																																																																																																																																																																																																																					
2_binette_bin95	unclassified	unclassified	unclassified	unclassified	unclassified	unclassified	unclassified	unclassified								unclassified	unclassified	unclassified	unclassified	unclassified	unclassified	unclassified	unclassified	1	7.8	0.0	0.0	50.0	50.0	50.0	44.76	14.0	40.0	25446.0	6069.0	3413.0	301969.0	301969.0	301969.0	8753.9	324	0	0	189	1	1	0	0	0	1	0	0	0	3	0	0.0	56	24	0.031117070025									16.67																																									25.0																							50.0																																																25.0						50.0												25.0	25.0					10.0														11.11	11.11																																			28.57																										33.33		50.0																																																																																		16.67																																				
3_binette_bin116	unclassified	unclassified	unclassified	unclassified	unclassified	unclassified	unclassified	unclassified								unclassified	unclassified	unclassified	unclassified	unclassified	unclassified	unclassified	unclassified	1	7.8	1.64	0.0	929.0	929.0	929.0	35.79	442.0	829.0	3617.0	1616.0	1518.0	1516005.0	1516005.0	1516005.0	1649.8	1103	0	0	1103	1	0	0	0	0	2	0	0	0	0	0	0.0	56	24	0.010468410071428572																																																																																																																															25.0		11.11																																																																																																																																																																																																										33.33										
2_binette_bin193	unclassified	unclassified	unclassified	unclassified	unclassified	unclassified	unclassified	unclassified								unclassified	unclassified	unclassified	unclassified	unclassified	unclassified	unclassified	unclassified	1	7.8	0.0	0.0	184.0	184.0	184.0	56.2	88.0	164.0	1244.0	1100.0	1020.0	202743.0	202743.0	202743.0	1105.5	247	0	0	246	0	0	0	0	0	0	0	0	0	0	0	0.0	149	107	0.0016078986785714286								25.0					12.5																																																																													50.0																													5.56																				25.0																																																																					25.0																																																								20.0	33.33																																																																												
2_binette_bin96	unclassified	unclassified	unclassified	unclassified	unclassified	unclassified	unclassified	unclassified								unclassified	unclassified	unclassified	unclassified	unclassified	unclassified	unclassified	unclassified	1	7.7	0.01	0.0	185.0	185.0	185.0	51.85	51.0	150.0	11386.0	2087.0	1209.0	390277.0	390277.0	390277.0	3279.7	366	0	0	164	0	0	0	0	0	0	0	0	0	2	0	0.0	100	55	0.004009853		3.24	20.0																14.29																																										4.17		6.67																				20.0		20.0	40.0						3.85								8.33							12.5					11.11	25.0		25.0								14.29	14.29					5.56	10.0																										16.67										16.67	8.33							28.57	33.33	22.22		22.22																					4.76																9.09																				16.67		25.0																				16.67													5.0	18.18			12.5	33.33									25.0																							16.67						16.67	20.0																		100.0									
4_binette_bin101	unclassified	unclassified	unclassified	unclassified	unclassified	unclassified	unclassified	unclassified								unclassified	unclassified	unclassified	unclassified	unclassified	unclassified	unclassified	unclassified	1	7.7	0.67	0.0	710.0	710.0	710.0	41.97	332.0	632.0	2244.0	1635.0	1523.0	1181760.0	1181760.0	1181760.0	1676.7	1013	0	0	1013	0	0	0	0	0	0	0	0	0	0	0	0.0	56	24	0.010978117285714285																																																																																																																																																																																																																																																																																																																																											33.33										
3_binette_bin77	unclassified	unclassified	unclassified	unclassified	unclassified	unclassified	unclassified	unclassified								unclassified	unclassified	unclassified	unclassified	unclassified	unclassified	unclassified	unclassified	1	7.7	1.93	0.0	745.0	745.0	745.0	44.88	345.0	663.0	2430.0	1645.0	1520.0	1251970.0	1251970.0	1251970.0	1698.1	919	0	0	919	0	0	0	0	0	40	0	0	0	0	0	0.0	56	24	0.036639777821428576																																																																																											20.0																																				25.0																			12.5									25.0																																										12.5																					10.0																																	33.33																																																																																										
3_binette_bin76	unclassified	unclassified	unclassified	unclassified	unclassified	unclassified	unclassified	unclassified								unclassified	unclassified	unclassified	unclassified	unclassified	unclassified	unclassified	unclassified	1	7.7	0.02	0.0	212.0	212.0	212.0	46.04	69.0	176.0	5919.0	1984.0	1164.0	396596.0	396596.0	396596.0	2296.4	492	0	0	491	0	0	0	0	0	0	0	0	0	0	0	0.0	56	24	0.03472341846428571																																																													6.25		10.0																																																																																																								16.67																																																																																																																																																																				33.33										
2_binette_bin100	unclassified	unclassified	unclassified	unclassified	unclassified	unclassified	unclassified	unclassified								unclassified	unclassified	unclassified	unclassified	unclassified	unclassified	unclassified	unclassified	1	7.6	0.05	0.0	75.0	75.0	75.0	53.85	16.0	56.0	15311.0	3662.0	1357.0	221477.0	221477.0	221477.0	5378.0	218	0	0	123	0	0	0	0	0	1	0	0	0	0	0	0.0	100	55	0.013618026785714285												14.29																																																25.0																															20.0																																	21.43																						12.5																																														10.0			14.29			9.09								16.67	16.67																												16.67		25.0					50.0																					83.33								9.09																																																																						33.33
3_binette_bin83	unclassified	unclassified	unclassified	unclassified	unclassified	unclassified	unclassified	unclassified								unclassified	unclassified	unclassified	unclassified	unclassified	unclassified	unclassified	unclassified	1	7.6	0.0	0.0	186.0	186.0	186.0	45.64	79.0	164.0	4490.0	1172.0	1031.0	232643.0	232643.0	232643.0	1350.1	330	0	0	329	0	0	0	0	0	1	0	0	0	2	0	0.0	56	24	0.06725926471428571									16.67	14.29	33.33	14.29																																																																																																				11.11											14.29	7.14					11.11	20.0										25.0																																																																																									16.67																																																																																									20.0																							
3_binette_bin73	unclassified	unclassified	unclassified	unclassified	unclassified	unclassified	unclassified	unclassified								unclassified	unclassified	unclassified	unclassified	unclassified	unclassified	unclassified	unclassified	1	7.5	0.02	0.0	571.0	571.0	571.0	39.18	221.0	474.0	3001.0	2195.0	1122.0	1036632.0	1036632.0	1036632.0	1990.7	630	0	0	630	0	0	0	0	0	0	1	0	0	0	0	0.0	56	24	0.011816232785714285																																																																																																																																																																																																																																																																																																																																											33.33										
2_binette_bin103	unclassified	unclassified	unclassified	unclassified	unclassified	unclassified	unclassified	unclassified								unclassified	unclassified	unclassified	unclassified	unclassified	unclassified	unclassified	unclassified	1	7.5	0.2	0.0	107.0	107.0	107.0	38.04	16.0	79.0	32101.0	3821.0	1371.0	331942.0	331942.0	331942.0	10857.2	382	0	0	354	0	0	0	0	0	0	0	0	0	3	0	0.0	56	24	0.034037510714285714																																																																																			60.0		80.0											20.0	25.0																																																																													14.29	16.67	11.11		11.11																	14.29																																																																															50.0																									20.0																																										
3_binette_bin122	unclassified	unclassified	unclassified	unclassified	unclassified	unclassified	unclassified	unclassified								unclassified	unclassified	unclassified	unclassified	unclassified	unclassified	unclassified	unclassified	1	7.5	1.77	0.0	738.0	738.0	738.0	51.89	320.0	647.0	2880.0	1234.0	1047.0	932599.0	932599.0	932599.0	1317.3	1109	0	0	1109	0	0	0	0	0	0	0	0	0	0	0	0.0	56	24	0.013995756214285714																																																																																											20.0																																																							12.5																																																																																																																																																																																																			
3_binette_bin144	unclassified	unclassified	unclassified	unclassified	unclassified	unclassified	unclassified	unclassified								unclassified	unclassified	unclassified	unclassified	unclassified	unclassified	unclassified	unclassified	1	7.4	0.0	0.0	61.0	61.0	61.0	45.46	23.0	50.0	6087.0	3474.0	1944.0	200457.0	200457.0	200457.0	3688.2	319	0	0	317	0	0	0	0	0	0	0	0	0	2	0	0.0	56	24	0.03951143898214286																																																																																																																																	11.11	20.0																																																																			12.5																																																																																																																																																
3_binette_bin81	unclassified	unclassified	unclassified	unclassified	unclassified	unclassified	unclassified	unclassified								unclassified	unclassified	unclassified	unclassified	unclassified	unclassified	unclassified	unclassified	1	7.4	0.01	0.0	177.0	177.0	177.0	45.23	67.0	152.0	5362.0	1447.0	1086.0	264291.0	264291.0	264291.0	1717.2	302	0	0	302	0	0	0	0	0	0	0	0	0	1	0	0.0	56	24	0.02917356567857143							50.0																																																																																																					25.0									33.33								25.0																																																								5.56																																																		16.67													33.33		33.33																																																																																															
4_binette_bin139	unclassified	unclassified	unclassified	unclassified	unclassified	unclassified	unclassified	unclassified								unclassified	unclassified	unclassified	unclassified	unclassified	unclassified	unclassified	unclassified	1	7.3	2.58	0.0	584.0	584.0	584.0	44.42	266.0	518.0	1495.0	1140.0	1023.0	677595.0	677595.0	677595.0	1174.6	1499	0	0	1499	0	0	0	0	0	0	0	0	0	0	0	0.0	56	24	0.4131402702857142																																																																																																																																																																																																																																																																																																																																																					
2_binette_bin105	unclassified	unclassified	unclassified	unclassified	unclassified	unclassified	unclassified	unclassified								unclassified	unclassified	unclassified	unclassified	unclassified	unclassified	unclassified	unclassified	1	7.3	0.22	0.0	102.0	102.0	102.0	57.36	24.0	80.0	10935.0	2850.0	1191.0	244141.0	244141.0	244141.0	3927.0	239	0	0	109	0	0	0	0	0	1	0	0	0	0	0	0.0	100	55	0.010856848571428572								25.0	33.33	14.29	33.33																					66.67														2.08															18.75		30.0				14.29								50.0																	7.69					25.0															11.11														33.33			11.11											25.0												21.43				33.33	50.0									66.67	5.56							14.29		11.11		11.11			5.56					11.11											12.5																		9.09									33.33					16.67		16.67	11.11			8.33			25.0									12.5																				33.33		28.57	15.0																				20.0																							16.67	20.0		11.11		20.0		11.11		62.5										100.0									
4_binette_bin102	unclassified	unclassified	unclassified	unclassified	unclassified	unclassified	unclassified	unclassified								unclassified	unclassified	unclassified	unclassified	unclassified	unclassified	unclassified	unclassified	1	7.3	1.7	0.0	227.0	227.0	227.0	42.37	94.0	199.0	3987.0	1196.0	1030.0	290543.0	290543.0	290543.0	1433.8	1343	0	0	1343	0	0	0	0	0	0	0	0	0	0	0	0.0	56	24	0.4037181128571428																																																																																																																																																																																																																																																																																																																																																					
3_binette_bin135	unclassified	unclassified	unclassified	unclassified	unclassified	unclassified	unclassified	unclassified								unclassified	unclassified	unclassified	unclassified	unclassified	unclassified	unclassified	unclassified	1	7.3	0.67	0.0	389.0	389.0	389.0	46.88	152.0	336.0	3606.0	1397.0	1056.0	553021.0	553021.0	553021.0	1549.3	971	0	0	970	0	0	0	0	0	3	0	0	0	0	0	0.0	56	24	0.038966362285714276																																																						25.0							12.5	33.33																																																												25.0																																																														25.0	25.0													9.09																																																																								10.0																																																																							
3_binette_bin78	unclassified	unclassified	unclassified	unclassified	unclassified	unclassified	unclassified	unclassified								unclassified	unclassified	unclassified	unclassified	unclassified	unclassified	unclassified	unclassified	1	7.2	0.0	0.0	60.0	60.0	60.0	29.23	22.0	52.0	7510.0	1198.0	1015.0	83658.0	83658.0	83658.0	2103.3	99	0	0	97	0	0	0	0	0	0	0	0	0	0	0	0.0	56	24	0.67973923																																																																																20.0																					6.67																																																																																																																		57.14																																																																																																																														
2_binette_bin104	unclassified	unclassified	unclassified	unclassified	unclassified	unclassified	unclassified	unclassified								unclassified	unclassified	unclassified	unclassified	unclassified	unclassified	unclassified	unclassified	1	7.2	0.07	0.0	292.0	292.0	292.0	53.14	83.0	237.0	11075.0	2122.0	1185.0	607154.0	607154.0	607154.0	3011.5	544	2	0	450	0	0	0	0	0	0	1	0	0	1	0	0.0	100	55	0.024840080535714286						16.67																																					25.0						50.0																																		40.0		40.0												25.0																																										25.0																																																				4.17	13.33	11.11	8.33						16.67															18.18						33.33																																																9.52					50.0																																																																			
3_binette_bin94	unclassified	unclassified	unclassified	unclassified	unclassified	unclassified	unclassified	unclassified								unclassified	unclassified	unclassified	unclassified	unclassified	unclassified	unclassified	unclassified	1	7.2	0.72	0.0	455.0	455.0	455.0	40.1	155.0	379.0	8258.0	1805.0	1131.0	807042.0	807042.0	807042.0	2145.5	955	0	0	955	0	0	0	0	0	0	2	0	0	4	0	0.0	56	24	0.20427600882142857																																																																																																																																																																																																																																																																																																																																																					
2_binette_bin181	unclassified	unclassified	unclassified	unclassified	unclassified	unclassified	unclassified	unclassified								unclassified	unclassified	unclassified	unclassified	unclassified	unclassified	unclassified	unclassified	1	7.1	0.36	0.0	128.0	128.0	128.0	46.46	26.0	100.0	13852.0	3029.0	1150.0	301014.0	301014.0	301014.0	4512.7	373	1	0	306	0	1	0	0	0	0	0	0	0	1	0	0.0	56	24	0.003985239285714285												14.29																																			12.5													25.0																										20.0					20.0																																14.29	7.14					5.56	10.0																12.5																												14.29	16.67	11.11		11.11																		25.0																																																																				20.0							9.09			12.5																																														11.11																					
3_binette_bin139	unclassified	unclassified	unclassified	unclassified	unclassified	unclassified	unclassified	unclassified								unclassified	unclassified	unclassified	unclassified	unclassified	unclassified	unclassified	unclassified	1	7.1	0.0	0.0	186.0	186.0	186.0	39.16	71.0	160.0	7406.0	1373.0	1063.0	272506.0	272506.0	272506.0	1877.1	366	0	0	365	0	0	0	0	0	0	0	0	0	0	0	0.0	56	24	0.5928130024999999												14.29																														14.29		25.0																														16.67						20.0																			33.33		6.67																							7.14																																																																								25.0	12.5					20.0													71.43																																																																																																																														
3_binette_bin131	unclassified	unclassified	unclassified	unclassified	unclassified	unclassified	unclassified	unclassified								unclassified	unclassified	unclassified	unclassified	unclassified	unclassified	unclassified	unclassified	1	7.0	0.04	0.0	267.0	267.0	267.0	49.33	127.0	238.0	3077.0	1780.0	1669.0	480853.0	480853.0	480853.0	1813.1	600	0	0	600	0	0	0	0	0	0	0	0	0	0	0	0.0	56	24	0.010213702392857143												14.29																																																																																																																7.14																																																																																																																																																																						20.0		16.67																																																	
3_binette_bin118	unclassified	unclassified	unclassified	unclassified	unclassified	unclassified	unclassified	unclassified								unclassified	unclassified	unclassified	unclassified	unclassified	unclassified	unclassified	unclassified	1	7.0	0.04	0.0	240.0	240.0	240.0	51.09	103.0	211.0	6223.0	3089.0	2578.0	756786.0	756786.0	756786.0	3272.2	898	0	0	898	0	0	0	0	0	5	0	0	0	0	0	0.0	56	24	0.018329701035714286																																																																																																																11.11											14.29						11.11	20.0																								25.0																																																																																																																																																																																											
3_binette_bin54	unclassified	unclassified	unclassified	unclassified	unclassified	unclassified	unclassified	unclassified								unclassified	unclassified	unclassified	unclassified	unclassified	unclassified	unclassified	unclassified	1	6.9	1.62	0.0	1426.0	1426.0	1426.0	44.73	626.0	1251.0	2979.0	1257.0	1043.0	1790253.0	1790253.0	1790253.0	1291.2	585	0	0	585	0	0	0	0	0	0	1	0	0	133	0	0.0	56	24	0.12587533535714288																																																																																6.67																																																																																																																																							28.57																																																																																																																														
1_binette_bin23	unclassified	unclassified	unclassified	unclassified	unclassified	unclassified	unclassified	unclassified								unclassified	unclassified	unclassified	unclassified	unclassified	unclassified	unclassified	unclassified	1	6.9	0.78	0.0	727.0	727.0	727.0	46.63	264.0	623.0	8441.0	1421.0	1044.0	1064882.0	1064882.0	1064882.0	1752.3	889	0	0	889	0	0	0	0	0	37	0	0	0	0	0	0.0	56	24	0.07078292910714284												14.29																																																25.0																															20.0																																	7.14			25.0																			12.5																																																																																																																																																																																																			
3_binette_bin93	unclassified	unclassified	unclassified	unclassified	unclassified	unclassified	unclassified	unclassified								unclassified	unclassified	unclassified	unclassified	unclassified	unclassified	unclassified	unclassified	1	6.7	0.66	0.0	842.0	842.0	842.0	38.88	359.0	708.0	3447.0	1839.0	1101.0	1413153.0	1413153.0	1413153.0	1761.4	815	0	0	815	0	0	0	0	0	53	0	0	0	1	0	0.0	56	24	0.03622238039285714																									8.33																		25.0						50.0								25.0																																																																						25.0																																																																																																																																	33.33																						20.0																																																					33.33										
3_binette_bin124	unclassified	unclassified	unclassified	unclassified	unclassified	unclassified	unclassified	unclassified								unclassified	unclassified	unclassified	unclassified	unclassified	unclassified	unclassified	unclassified	1	6.6	0.03	0.0	214.0	214.0	214.0	54.36	98.0	190.0	4571.0	2780.0	2543.0	610151.0	610151.0	610151.0	2894.1	868	0	0	868	0	0	0	0	0	0	0	0	0	1	0	0.0	56	24	0.011052616142857144																																																																																																																																																																																																																																																																																																																																																					
3_binette_bin164	unclassified	unclassified	unclassified	unclassified	unclassified	unclassified	unclassified	unclassified								unclassified	unclassified	unclassified	unclassified	unclassified	unclassified	unclassified	unclassified	1	6.5	0.74	0.0	466.0	466.0	466.0	50.55	203.0	410.0	4818.0	1177.0	1036.0	569569.0	569569.0	569569.0	1311.8	666	0	0	666	0	0	0	0	0	10	0	0	0	0	0	0.0	56	24	0.08839924735714284																																																																																																																																																																																																																																																																																																																																																					
2_binette_bin202	unclassified	unclassified	unclassified	unclassified	unclassified	unclassified	unclassified	unclassified								unclassified	unclassified	unclassified	unclassified	unclassified	unclassified	unclassified	unclassified	1	6.5	0.02	0.0	304.0	304.0	304.0	50.27	134.0	268.0	2133.0	1177.0	1028.0	365647.0	365647.0	365647.0	1231.0	302	0	0	302	0	0	0	0	0	0	0	0	0	2	0	0.0	56	24	0.00131213625													12.5																								20.0	25.0																																																																						25.0																																																																																																																																																																																																																																									
3_binette_bin170	unclassified	unclassified	unclassified	unclassified	unclassified	unclassified	unclassified	unclassified								unclassified	unclassified	unclassified	unclassified	unclassified	unclassified	unclassified	unclassified	1	6.5	0.0	0.0	203.0	203.0	203.0	41.31	99.0	182.0	3226.0	2624.0	2527.0	536197.0	536197.0	536197.0	2645.5	455	0	0	455	0	0	0	0	0	0	0	0	0	0	0	0.0	56	24	0.010151156071428571																																																																																																																															25.0						25.0																																																																																																																																																																																																																
3_binette_bin141	unclassified	unclassified	unclassified	unclassified	unclassified	unclassified	unclassified	unclassified								unclassified	unclassified	unclassified	unclassified	unclassified	unclassified	unclassified	unclassified	1	6.4	0.02	0.0	411.0	411.0	411.0	40.23	156.0	342.0	2727.0	2194.0	1123.0	732470.0	732470.0	732470.0	1962.7	679	0	0	677	0	0	0	0	0	3	0	0	0	0	0	0.0	56	24	0.012460112642857143																																																																																																																																																																																																																																		25.0																																																																																																									33.33										
2_binette_bin110	unclassified	unclassified	unclassified	unclassified	unclassified	unclassified	unclassified	unclassified								unclassified	unclassified	unclassified	unclassified	unclassified	unclassified	unclassified	unclassified	1	6.4	0.0	0.0	38.0	38.0	38.0	42.69	11.0	30.0	19350.0	7117.0	3230.0	219502.0	219502.0	219502.0	7995.9	180	0	0	74	0	0	0	0	0	0	0	0	0	3	0	0.0	104	58	0.013069263164285713										28.57																																								25.0																									50.0												12.5																	8.33	8.33		50.0																14.29						11.11	20.0																											30.0							33.33										28.57		11.11		11.11											11.11	11.11																16.67																					25.0													14.29														25.0						100.0											9.09					37.5													33.33	20.0	20.0																															37.5																			
4_binette_bin44	unclassified	unclassified	unclassified	unclassified	unclassified	unclassified	unclassified	unclassified								unclassified	unclassified	unclassified	unclassified	unclassified	unclassified	unclassified	unclassified	1	6.4	0.0	0.0	40.0	40.0	40.0	23.96	14.0	35.0	3950.0	1391.0	1053.0	61925.0	61925.0	61925.0	1857.4	53	0	0	53	0	0	0	0	0	0	0	0	0	0	0	0.0	56	24	0.3605346476785714																																																																																																																																																																																																																																																																																																																																																					
3_binette_bin104	unclassified	unclassified	unclassified	unclassified	unclassified	unclassified	unclassified	unclassified								unclassified	unclassified	unclassified	unclassified	unclassified	unclassified	unclassified	unclassified	1	6.4	0.0	0.0	37.0	37.0	37.0	48.94	15.0	32.0	3301.0	1353.0	1131.0	53509.0	53509.0	53509.0	1594.0	26	0	0	26	0	0	0	0	0	0	0	0	0	0	0	0.0	56	24	0.023499603178571426																																																																																																																																																																																																																																																																																																																																																					
3_binette_bin109	unclassified	unclassified	unclassified	unclassified	unclassified	unclassified	unclassified	unclassified								unclassified	unclassified	unclassified	unclassified	unclassified	unclassified	unclassified	unclassified	1	6.4	0.0	0.0	41.0	41.0	41.0	45.68	16.0	36.0	4460.0	1162.0	1024.0	53514.0	53514.0	53514.0	1558.8	12	0	0	12	0	0	0	0	0	0	0	0	0	0	0	0.0	56	24	0.017506881535714287																																																																																																																																																																																																																																																																																																																																																					
8_binette_bin26	unclassified	unclassified	unclassified	unclassified	unclassified	unclassified	unclassified	unclassified								unclassified	unclassified	unclassified	unclassified	unclassified	unclassified	unclassified	unclassified	1	6.4	0.0	0.0	44.0	44.0	44.0	41.91	19.0	39.0	3058.0	1195.0	1043.0	55136.0	55136.0	55136.0	1338.6	95	0	0	95	0	0	0	0	0	0	0	0	0	0	0	0.0	56	24	0.20677921964285714																																																																																																																																																																																																																																																																																																																																																					
3_binette_bin218	unclassified	unclassified	unclassified	unclassified	unclassified	unclassified	unclassified	unclassified								unclassified	unclassified	unclassified	unclassified	unclassified	unclassified	unclassified	unclassified	1	6.4	0.0	0.0	87.0	87.0	87.0	38.25	41.0	78.0	4199.0	2718.0	2537.0	242167.0	242167.0	242167.0	2813.1	3	0	0	3	0	0	0	0	0	0	0	0	0	0	0	0.0	56	24	0.010370955642857144																																																																																																																																																																																																																																																																																																																																																					
3_binette_bin209	unclassified	unclassified	unclassified	unclassified	unclassified	unclassified	unclassified	unclassified								unclassified	unclassified	unclassified	unclassified	unclassified	unclassified	unclassified	unclassified	1	6.4	0.0	0.0	75.0	75.0	75.0	41.97	36.0	67.0	3888.0	3026.0	2874.0	230529.0	230529.0	230529.0	3089.8	38	0	0	38	0	0	0	0	0	0	0	0	0	0	0	0.0	56	24	0.010433399125000001																																																																																																																																																																																																																																																																																																																																																					
2_binette_bin157	unclassified	unclassified	unclassified	unclassified	unclassified	unclassified	unclassified	unclassified								unclassified	unclassified	unclassified	unclassified	unclassified	unclassified	unclassified	unclassified	1	6.4	0.0	0.0	48.0	48.0	48.0	48.67	21.0	43.0	2078.0	1202.0	1021.0	58628.0	58628.0	58628.0	1259.9	172	0	0	172	0	0	0	0	0	0	0	0	0	0	0	0.0	56	24	0.1128623649642857																																																																																																																																																																																																																																																																																																																																																					
4_binette_bin82	unclassified	unclassified	unclassified	unclassified	unclassified	unclassified	unclassified	unclassified								unclassified	unclassified	unclassified	unclassified	unclassified	unclassified	unclassified	unclassified	1	6.4	0.0	0.0	48.0	48.0	48.0	48.57	23.0	43.0	1438.0	1087.0	1025.0	54407.0	54407.0	54407.0	1146.0	108	0	0	108	0	0	0	0	0	4	0	0	0	0	0	0.0	56	24	0.08395751092857141																																																																																																																																																																																																																																																																																																																																																					
8_binette_bin31	unclassified	unclassified	unclassified	unclassified	unclassified	unclassified	unclassified	unclassified								unclassified	unclassified	unclassified	unclassified	unclassified	unclassified	unclassified	unclassified	1	6.4	0.0	0.0	58.0	58.0	58.0	42.46	26.0	52.0	1983.0	1144.0	1021.0	68911.0	68911.0	68911.0	1219.9	159	0	0	159	0	0	0	0	0	0	0	0	0	1	0	0.0	56	24	0.15932617989285713																																																																																																																																																																																																																																																																																																																																																					
1_binette_bin7	unclassified	unclassified	unclassified	unclassified	unclassified	unclassified	unclassified	unclassified								unclassified	unclassified	unclassified	unclassified	unclassified	unclassified	unclassified	unclassified	3	6.4	0.0	0.0	19.0	19.0	19.0	53.21	4.0	14.0	11022.0	4251.0	1330.0	63979.0	63979.0	63979.0	5721.9	154	0	0	154	0	0	0	0	0	0	0	0	0	0	0	0.0	56	24	0.2503986989285715																																																																																																																																																																																																																																																																																																																																																					
7_binette_bin25	unclassified	unclassified	unclassified	unclassified	unclassified	unclassified	unclassified	unclassified								unclassified	unclassified	unclassified	unclassified	unclassified	unclassified	unclassified	unclassified	1	6.4	0.0	0.0	67.0	67.0	67.0	44.58	26.0	58.0	4840.0	1377.0	1071.0	96803.0	96803.0	96803.0	1703.3	145	0	0	145	0	0	0	0	0	0	0	0	0	1	0	0.0	56	24	0.30864922439285714																																																																																																																																																																																																																																																																																																																																																					
7_binette_bin18	unclassified	unclassified	unclassified	unclassified	unclassified	unclassified	unclassified	unclassified								unclassified	unclassified	unclassified	unclassified	unclassified	unclassified	unclassified	unclassified	1	6.4	0.0	0.0	37.0	37.0	37.0	23.89	13.0	32.0	5146.0	1614.0	1169.0	63244.0	63244.0	63244.0	2160.8	63	0	0	63	0	0	0	0	0	0	0	0	0	0	0	0.0	56	24	0.3395401914642857																																																																																																																																																																																																																																																																																																																																																					
2_binette_bin189	unclassified	unclassified	unclassified	unclassified	unclassified	unclassified	unclassified	unclassified								unclassified	unclassified	unclassified	unclassified	unclassified	unclassified	unclassified	unclassified	1	6.3	0.01	0.0	208.0	208.0	208.0	39.8	81.0	180.0	6159.0	1320.0	1051.0	288605.0	288605.0	288605.0	1588.9	320	0	0	319	0	0	0	0	0	0	5	0	0	45	0	0.0	56	24	0.01212723392857143																																																																																																																							5.56																																																																												14.29																														6.67																					33.33																																																																																															
2_binette_bin102	unclassified	unclassified	unclassified	unclassified	unclassified	unclassified	unclassified	unclassified								unclassified	unclassified	unclassified	unclassified	unclassified	unclassified	unclassified	unclassified	1	6.3	0.01	0.0	324.0	324.0	324.0	54.24	136.0	283.0	4018.0	1294.0	1048.0	426549.0	426549.0	426549.0	1390.3	500	0	0	499	0	0	0	0	0	0	0	0	0	0	0	0.0	149	107	0.0026321069642857146								25.0																																			25.0						50.0					25.0																																				50.0																													5.56			25.0																	25.0																							25.0																						25.0	25.0																																																																															20.0	33.33																																																16.67	20.0					15.38																						16.67
2_binette_bin93	unclassified	unclassified	unclassified	unclassified	unclassified	unclassified	unclassified	unclassified								unclassified	unclassified	unclassified	unclassified	unclassified	unclassified	unclassified	unclassified	1	6.3	0.0	0.0	302.0	302.0	302.0	53.35	134.0	266.0	2074.0	1211.0	1041.0	368605.0	368605.0	368605.0	1246.4	576	0	0	575	0	0	0	0	0	0	0	0	0	2	0	0.0	56	24	0.0013306975												14.29																																													25.0																																																																25.0			14.29				16.67																																																																																				16.67													6.67																																																					20.0																																																						100.0									
3_binette_bin157	unclassified	unclassified	unclassified	unclassified	unclassified	unclassified	unclassified	unclassified								unclassified	unclassified	unclassified	unclassified	unclassified	unclassified	unclassified	unclassified	1	6.2	0.02	0.0	361.0	361.0	361.0	38.4	177.0	324.0	2767.0	2604.0	2517.0	940646.0	940646.0	940646.0	2607.4	842	0	0	842	1	0	0	0	0	0	1	0	0	0	0	0.0	56	24	0.009680083821428572																																																																																																																																																																																																																																																																																																																																																					
2_binette_bin182	unclassified	unclassified	unclassified	unclassified	unclassified	unclassified	unclassified	unclassified								unclassified	unclassified	unclassified	unclassified	unclassified	unclassified	unclassified	unclassified	1	6.2	0.02	0.0	87.0	87.0	87.0	52.67	18.0	65.0	14005.0	4135.0	1463.0	252085.0	252085.0	252085.0	5047.3	264	0	0	230	0	2	0	0	0	0	0	0	0	1	0	0.0	56	24	0.005116832500000001																																																																										16.67									20.0		20.0																																				25.0																																																																										14.29		6.25																																																																																																																																																
2_binette_bin183	unclassified	unclassified	unclassified	unclassified	unclassified	unclassified	unclassified	unclassified								unclassified	unclassified	unclassified	unclassified	unclassified	unclassified	unclassified	unclassified	1	6.2	0.01	0.0	117.0	117.0	117.0	49.07	31.0	92.0	18564.0	2519.0	1232.0	275079.0	275079.0	275079.0	4084.0	351	0	0	243	0	0	0	0	0	0	0	0	0	2	0	0.0	56	24	0.01847049321428571																																																																																			20.0		20.0																																																						25.0																																																								14.29	25.0																																																																																																																																																	
3_binette_bin126	unclassified	unclassified	unclassified	unclassified	unclassified	unclassified	unclassified	unclassified								unclassified	unclassified	unclassified	unclassified	unclassified	unclassified	unclassified	unclassified	1	6.2	0.02	0.0	336.0	336.0	336.0	36.75	161.0	300.0	2748.0	2252.0	2149.0	767688.0	767688.0	767688.0	2292.4	603	0	0	603	0	0	0	0	0	0	0	0	0	2	0	0.0	56	24	0.010187198607142857																																																																																																																												14.29			25.0																																																																																		14.29		25.0				14.29																																																																																																																														
3_binette_bin155	unclassified	unclassified	unclassified	unclassified	unclassified	unclassified	unclassified	unclassified								unclassified	unclassified	unclassified	unclassified	unclassified	unclassified	unclassified	unclassified	1	6.1	0.03	0.0	423.0	423.0	423.0	43.98	181.0	372.0	3371.0	1160.0	1024.0	517324.0	517324.0	517324.0	1278.0	689	0	0	689	0	0	0	0	0	0	1	0	0	7	0	0.0	56	24	0.14137839825000004												14.29																																																	6.25		10.0																									33.33																																				7.14		33.33																																									5.56														5.56																																																																		12.5																				33.33																																																																	100.0									
4_binette_bin116	unclassified	unclassified	unclassified	unclassified	unclassified	unclassified	unclassified	unclassified								unclassified	unclassified	unclassified	unclassified	unclassified	unclassified	unclassified	unclassified	1	6.1	0.0	0.0	203.0	203.0	203.0	37.13	80.0	177.0	5784.0	1246.0	1045.0	274785.0	274785.0	274785.0	1546.1	631	0	0	616	0	0	0	0	0	17	0	0	0	0	0	0.0	56	24	0.848475987857143																																																																																																																															25.0																																																																																																																																																																																																																						
2_binette_bin198	unclassified	unclassified	unclassified	unclassified	unclassified	unclassified	unclassified	unclassified								unclassified	unclassified	unclassified	unclassified	unclassified	unclassified	unclassified	unclassified	1	6.0	0.03	0.0	592.0	592.0	592.0	47.22	249.0	519.0	3886.0	1209.0	1031.0	747677.0	747677.0	747677.0	1337.2	529	0	0	529	0	0	0	0	0	0	0	0	0	3	0	0.0	56	24	0.2452693950357143																																																																																																																																																																																																																																																																																																																																																					
2_binette_bin185	unclassified	unclassified	unclassified	unclassified	unclassified	unclassified	unclassified	unclassified								unclassified	unclassified	unclassified	unclassified	unclassified	unclassified	unclassified	unclassified	1	5.9	0.0	0.0	57.0	57.0	57.0	53.41	9.0	39.0	32052.0	7000.0	2008.0	264039.0	264039.0	264039.0	11286.3	220	0	0	101	1	0	0	0	0	1	0	0	0	4	0	0.0	56	24	0.0126408075		2.78								14.29	33.33																																																		12.5	33.33																																													25.0																															20.0				12.5		11.11	10.0																																																					18.18																															16.67																									25.0																																				20.0																												20.0																							
4_binette_bin111	unclassified	unclassified	unclassified	unclassified	unclassified	unclassified	unclassified	unclassified								unclassified	unclassified	unclassified	unclassified	unclassified	unclassified	unclassified	unclassified	1	5.9	0.64	0.0	563.0	563.0	563.0	46.23	217.0	489.0	4938.0	1227.0	1028.0	758224.0	758224.0	758224.0	1518.8	828	0	0	828	0	0	0	0	0	43	0	0	0	0	0	0.0	56	24	0.05551644739285715																																																																																							37.5																																																																																																																																																																																																																																																														
3_binette_bin125	unclassified	unclassified	unclassified	unclassified	unclassified	unclassified	unclassified	unclassified								unclassified	unclassified	unclassified	unclassified	unclassified	unclassified	unclassified	unclassified	1	5.9	0.02	0.0	273.0	273.0	273.0	43.9	97.0	226.0	7638.0	2652.0	1630.0	689490.0	689490.0	689490.0	2911.7	680	0	0	680	0	0	0	0	0	37	0	0	0	1	0	0.0	56	24	0.05717095628571428																																																												25.0																															20.0																																				25.0																																																																																																																																																																																																																						
3_binette_bin56	unclassified	unclassified	unclassified	unclassified	unclassified	unclassified	unclassified	unclassified								unclassified	unclassified	unclassified	unclassified	unclassified	unclassified	unclassified	unclassified	1	5.7	0.66	0.0	836.0	836.0	836.0	43.98	391.0	734.0	3148.0	1434.0	1227.0	1165952.0	1165952.0	1165952.0	1410.5	708	0	0	708	0	0	0	0	0	1	0	0	0	1	0	0.0	56	24	0.014784549																																																																																																																															25.0																																																																																																																																																																																																																						
2_binette_bin77	unclassified	unclassified	unclassified	unclassified	unclassified	unclassified	unclassified	unclassified								unclassified	unclassified	unclassified	unclassified	unclassified	unclassified	unclassified	unclassified	1	5.7	0.0	0.0	193.0	193.0	193.0	53.41	84.0	170.0	2634.0	1249.0	1033.0	242310.0	242310.0	242310.0	1295.6	305	0	0	304	0	0	0	0	0	0	0	0	0	2	0	0.0	56	24	0.002582611107142857		5.56										14.29																														28.57		50.0																	12.5		20.0																																																								5.56					14.29																																																																											14.29									25.0	14.29		25.0							10.0							6.67																																													10.0																																																																							
3_binette_bin161	unclassified	unclassified	unclassified	unclassified	unclassified	unclassified	unclassified	unclassified								unclassified	unclassified	unclassified	unclassified	unclassified	unclassified	unclassified	unclassified	1	5.7	0.0	0.0	55.0	55.0	55.0	41.59	20.0	47.0	12667.0	3941.0	2839.0	230466.0	230466.0	230466.0	5209.2	170	0	0	170	0	0	0	0	0	2	0	0	0	0	0	0.0	56	24	0.030211785249999994																																																																																																																																																																																																																																																																																																																																																					
3_binette_bin163	unclassified	unclassified	unclassified	unclassified	unclassified	unclassified	unclassified	unclassified								unclassified	unclassified	unclassified	unclassified	unclassified	unclassified	unclassified	unclassified	1	5.7	0.02	0.0	253.0	253.0	253.0	54.12	103.0	220.0	3179.0	1290.0	1038.0	336982.0	336982.0	336982.0	1422.0	678	0	0	677	0	0	0	0	0	0	0	0	0	0	0	0.0	56	24	0.012002580428571427																																																										50.0																																																																																																																																																																																																																																																																																											
3_binette_bin99	unclassified	unclassified	unclassified	unclassified	unclassified	unclassified	unclassified	unclassified								unclassified	unclassified	unclassified	unclassified	unclassified	unclassified	unclassified	unclassified	1	5.7	0.02	0.0	773.0	773.0	773.0	36.74	346.0	649.0	2141.0	1876.0	1192.0	1371028.0	1371028.0	1371028.0	1828.0	508	0	0	508	0	0	0	0	0	0	1	0	0	0	0	0.0	56	24	0.010842343142857145									33.33																																																																																																																						25.0													25.0																																																																																																																																																																																															33.33										
2_binette_bin203	unclassified	unclassified	unclassified	unclassified	unclassified	unclassified	unclassified	unclassified								unclassified	unclassified	unclassified	unclassified	unclassified	unclassified	unclassified	unclassified	1	5.7	0.0	0.0	228.0	228.0	228.0	60.98	102.0	202.0	2163.0	1151.0	1027.0	271080.0	271080.0	271080.0	1220.5	367	0	0	367	0	0	0	0	0	0	0	0	0	0	0	0.0	149	107	0.001293161214285714												14.29																																																																																																											5.56					14.29				33.33																											25.0																																																																																																										16.67														33.33																																												7.69																						
3_binette_bin123	unclassified	unclassified	unclassified	unclassified	unclassified	unclassified	unclassified	unclassified								unclassified	unclassified	unclassified	unclassified	unclassified	unclassified	unclassified	unclassified	1	5.7	0.67	0.0	424.0	424.0	424.0	50.91	184.0	373.0	19857.0	1570.0	1455.0	715628.0	715628.0	715628.0	2368.5	971	0	0	971	0	0	0	0	0	8	0	0	0	9	0	0.0	56	24	0.01425658807142857								25.0																	16.67																																		8.33	25.0														16.67																	20.0								33.33																																50.0																															25.0																																		25.0	12.5					20.0								7.69		33.33													6.67																					33.33			5.26																		50.0																																																																		33.33	33.33							
1_binette_bin47	unclassified	unclassified	unclassified	unclassified	unclassified	unclassified	unclassified	unclassified								unclassified	unclassified	unclassified	unclassified	unclassified	unclassified	unclassified	unclassified	1	5.7	0.0	0.0	294.0	294.0	294.0	35.21	130.0	260.0	3394.0	1111.0	1020.0	345501.0	345501.0	345501.0	1259.8	352	0	0	349	0	0	0	0	0	2	0	0	0	2	0	0.0	56	24	0.24823194732142864																																																																																																																																																																																																																							28.57																																																																																																																														
3_binette_bin143	unclassified	unclassified	unclassified	unclassified	unclassified	unclassified	unclassified	unclassified								unclassified	unclassified	unclassified	unclassified	unclassified	unclassified	unclassified	unclassified	1	5.6	0.02	0.0	434.0	434.0	434.0	41.96	210.0	389.0	2872.0	1580.0	1514.0	688569.0	688569.0	688569.0	1593.3	638	0	0	638	0	0	0	0	0	20	1	0	0	0	0	0.0	56	24	0.03559618532142857												14.29																																																25.0																															20.0																																	7.14																						12.5																25.0																																																																																																																																																																																			
2_binette_bin204	unclassified	unclassified	unclassified	unclassified	unclassified	unclassified	unclassified	unclassified								unclassified	unclassified	unclassified	unclassified	unclassified	unclassified	unclassified	unclassified	1	5.6	0.01	0.0	219.0	219.0	219.0	46.55	104.0	195.0	1270.0	1128.0	1035.0	246573.0	246573.0	246573.0	1130.1	284	0	0	284	0	0	0	0	0	0	0	0	0	5	0	0.0	56	24	0.008552478642857143																																																																																																																							5.56																																																																																									25.0																																																																																																																																					
3_binette_bin142	unclassified	unclassified	unclassified	unclassified	unclassified	unclassified	unclassified	unclassified								unclassified	unclassified	unclassified	unclassified	unclassified	unclassified	unclassified	unclassified	1	5.6	0.02	0.0	665.0	665.0	665.0	42.87	292.0	587.0	2691.0	1129.0	1028.0	795305.0	795305.0	795305.0	1263.8	576	0	0	576	0	0	0	0	0	0	0	0	0	2	0	0.0	56	24	0.012995680785714286									16.67																																																																																																																																			25.0																									50.0																																																																																																																																																																																
2_binette_bin191	unclassified	unclassified	unclassified	unclassified	unclassified	unclassified	unclassified	unclassified								unclassified	unclassified	unclassified	unclassified	unclassified	unclassified	unclassified	unclassified	1	5.5	0.01	0.0	50.0	50.0	50.0	48.44	18.0	43.0	13025.0	4459.0	2905.0	216729.0	216729.0	216729.0	5094.7	158	0	0	105	0	0	0	0	0	0	0	0	0	2	0	0.0	56	24	0.016746017									16.67																																																							9.09	9.09		28.57	33.33																																																					25.0																		25.0	25.0		12.5		22.22	30.0																	25.0																																		25.0										33.33																									50.0	77.78													33.33																					25.0		16.67									50.0																16.67	12.5	19.44	44.44			20.0																																										
8_binette_bin80	unclassified	unclassified	unclassified	unclassified	unclassified	unclassified	unclassified	unclassified								unclassified	unclassified	unclassified	unclassified	unclassified	unclassified	unclassified	unclassified	1	5.5	0.03	0.0	276.0	276.0	276.0	53.45	111.0	239.0	2493.0	1407.0	1090.0	393964.0	393964.0	393964.0	1516.4	553	0	0	552	0	0	0	0	0	0	0	0	0	1	0	0.0	56	24	0.05335167824999999												14.29																																																																																																																7.14																																																																																																																																																																																																																									
2_binette_bin192	unclassified	unclassified	unclassified	unclassified	unclassified	unclassified	unclassified	unclassified								unclassified	unclassified	unclassified	unclassified	unclassified	unclassified	unclassified	unclassified	1	5.5	0.0	0.0	125.0	125.0	125.0	51.09	30.0	101.0	15979.0	2173.0	1181.0	267863.0	267863.0	267863.0	4237.8	318	0	0	294	0	2	0	0	0	0	0	0	0	3	0	0.0	56	24	0.0032229378571428575		1.85															16.67																																												4.17		6.67																								12.5					3.85					25.0																																													12.5		11.11	10.0																																																						4.76																						33.33								16.67						8.33			25.0																										20.0						5.0														25.0																												25.0																													
5_binette_bin28	unclassified	unclassified	unclassified	unclassified	unclassified	unclassified	unclassified	unclassified								unclassified	unclassified	unclassified	unclassified	unclassified	unclassified	unclassified	unclassified	1	5.5	0.63	0.0	387.0	387.0	387.0	44.47	164.0	340.0	3231.0	1200.0	1031.0	485351.0	485351.0	485351.0	1322.3	1097	0	0	1097	0	0	0	0	0	0	0	0	0	0	0	0.0	56	24	0.4366626969285714																																																																																																																																																																																																																																																																																																																																																					
2_binette_bin107	unclassified	unclassified	unclassified	unclassified	unclassified	unclassified	unclassified	unclassified								unclassified	unclassified	unclassified	unclassified	unclassified	unclassified	unclassified	unclassified	1	5.4	0.01	0.0	173.0	173.0	173.0	49.44	73.0	152.0	2483.0	1241.0	1045.0	222565.0	222565.0	222565.0	1347.8	334	0	0	334	0	0	0	0	0	0	0	0	0	0	0	0.0	56	24	0.002760902857142857																																													14.29																																																																										5.56																																																																																																																																																																																												16.67																																		
8_binette_bin63	unclassified	unclassified	unclassified	unclassified	unclassified	unclassified	unclassified	unclassified								unclassified	unclassified	unclassified	unclassified	unclassified	unclassified	unclassified	unclassified	1	5.4	0.0	0.0	285.0	285.0	285.0	39.48	80.0	233.0	7815.0	2525.0	1103.0	550862.0	550862.0	550862.0	2585.0	486	0	0	486	0	0	0	0	0	0	0	0	0	1	0	0.0	56	24	0.0802447208107143												14.29																																																																																														100.0	50.0												11.11					7.14															25.0																																																										12.5																																																													20.0																																																																																			
3_binette_bin152	unclassified	unclassified	unclassified	unclassified	unclassified	unclassified	unclassified	unclassified								unclassified	unclassified	unclassified	unclassified	unclassified	unclassified	unclassified	unclassified	1	5.3	0.02	0.0	111.0	111.0	111.0	45.27	41.0	95.0	4343.0	1550.0	1086.0	171875.0	171875.0	171875.0	1777.4	1016	0	0	1016	0	0	0	0	0	0	0	0	0	0	0	0.0	56	24	0.06450284617857142																																																																																																																																																																																																																																																																																																																																																					
3_binette_bin169	unclassified	unclassified	unclassified	unclassified	unclassified	unclassified	unclassified	unclassified								unclassified	unclassified	unclassified	unclassified	unclassified	unclassified	unclassified	unclassified	1	5.3	0.01	0.0	195.0	195.0	195.0	46.63	75.0	164.0	16711.0	1788.0	1123.0	336511.0	336511.0	336511.0	2530.6	340	0	0	338	0	0	0	0	0	0	0	0	0	5	0	0.0	56	24	0.2812418508214286												14.29																																																																																																																7.14																																																																																											14.29																																																																																																																														
2_binette_bin196	unclassified	unclassified	unclassified	unclassified	unclassified	unclassified	unclassified	unclassified								unclassified	unclassified	unclassified	unclassified	unclassified	unclassified	unclassified	unclassified	1	5.3	0.01	0.0	121.0	121.0	121.0	53.68	33.0	97.0	10134.0	2576.0	1312.0	282239.0	282239.0	282239.0	3425.2	225	1	0	206	0	0	0	0	0	0	0	0	0	0	0	0.0	56	24	0.002959861285714286									33.33																																																																																																	25.0																																		25.0																																																																																																																																																	12.5																																																								
3_binette_bin146	unclassified	unclassified	unclassified	unclassified	unclassified	unclassified	unclassified	unclassified								unclassified	unclassified	unclassified	unclassified	unclassified	unclassified	unclassified	unclassified	1	5.2	0.02	0.0	345.0	345.0	345.0	46.38	153.0	305.0	6046.0	2925.0	2571.0	1038345.0	1038345.0	1038345.0	3096.9	760	0	0	760	0	0	0	0	0	38	0	0	0	0	0	0.0	56	24	0.028038735928571427													12.5																																																										33.33																																																																																																																																										14.29		25.0																																																																																																																																		
2_binette_bin199	unclassified	unclassified	unclassified	unclassified	unclassified	unclassified	unclassified	unclassified								unclassified	unclassified	unclassified	unclassified	unclassified	unclassified	unclassified	unclassified	1	5.2	0.0	0.0	100.0	100.0	100.0	53.15	28.0	76.0	11602.0	3926.0	1654.0	312629.0	312629.0	312629.0	4378.3	302	0	0	205	0	0	0	0	0	0	0	0	0	1	0	0.0	56	24	0.005938785714285714		1.85	20.0						33.33			14.29																																																25.0	4.17		6.67	3.03																											20.0	3.85																							25.0					25.0	25.0			7.14					11.11											25.0						12.5																25.0												14.29																						25.0	25.0		4.76							16.67	16.67								9.09																				8.33																																			5.0														25.0																					16.67								16.67	20.0																											
2_binette_bin200	unclassified	unclassified	unclassified	unclassified	unclassified	unclassified	unclassified	unclassified								unclassified	unclassified	unclassified	unclassified	unclassified	unclassified	unclassified	unclassified	1	5.2	0.0	0.0	38.0	38.0	38.0	52.63	8.0	26.0	24863.0	8323.0	2211.0	205088.0	205088.0	205088.0	10113.6	232	0	0	182	0	2	0	0	0	0	0	0	0	2	0	0.0	56	24	0.008311471428571427																																																																																																20.0																																																																														14.29	16.67	11.11		11.11																	14.29																										33.33																																																						33.33																								20.0																																										
3_binette_bin86	unclassified	unclassified	unclassified	unclassified	unclassified	unclassified	unclassified	unclassified								unclassified	unclassified	unclassified	unclassified	unclassified	unclassified	unclassified	unclassified	1	5.1	0.02	0.0	931.0	931.0	931.0	45.33	393.0	815.0	2688.0	1241.0	1038.0	1193573.0	1193573.0	1193573.0	1342.0	433	0	0	433	0	0	0	0	0	0	0	0	0	16	0	0.0	56	24	0.17078860635714282									16.67			14.29																																																																																																																7.14																																																																																											14.29																																																																																																																														
2_binette_bin187	unclassified	unclassified	unclassified	unclassified	unclassified	unclassified	unclassified	unclassified								unclassified	unclassified	unclassified	unclassified	unclassified	unclassified	unclassified	unclassified	1	5.1	0.02	0.0	212.0	212.0	212.0	50.68	90.0	185.0	2797.0	1323.0	1056.0	280742.0	280742.0	280742.0	1381.8	438	0	0	436	0	0	0	0	0	0	0	0	0	1	0	0.0	56	24	0.004113415178571429																																																																																																																																																																																																																																																																																																																																																					
3_binette_bin129	unclassified	unclassified	unclassified	unclassified	unclassified	unclassified	unclassified	unclassified								unclassified	unclassified	unclassified	unclassified	unclassified	unclassified	unclassified	unclassified	1	5.1	0.0	0.0	225.0	225.0	225.0	38.42	91.0	197.0	20176.0	2515.0	2217.0	626206.0	626206.0	626206.0	3967.5	340	0	0	340	0	0	0	0	0	10	0	0	0	1	0	0.0	56	24	0.046965589714285716																																																																																																																															25.0																																																																																																																																																																																																																						
3_binette_bin148	unclassified	unclassified	unclassified	unclassified	unclassified	unclassified	unclassified	unclassified								unclassified	unclassified	unclassified	unclassified	unclassified	unclassified	unclassified	unclassified	1	5.0	0.02	0.0	544.0	544.0	544.0	37.23	259.0	485.0	2187.0	1872.0	1755.0	1023970.0	1023970.0	1023970.0	1888.8	698	0	0	698	0	0	0	0	0	0	0	0	0	0	0	0.0	56	24	0.010213732321428571																																																																																																																															25.0																																																																																		14.29		25.0																																																																																																																																		
2_binette_bin201	unclassified	unclassified	unclassified	unclassified	unclassified	unclassified	unclassified	unclassified								unclassified	unclassified	unclassified	unclassified	unclassified	unclassified	unclassified	unclassified	1	5.0	0.05	0.0	169.0	169.0	169.0	58.96	48.0	138.0	16740.0	2043.0	1126.0	335283.0	335283.0	335283.0	3222.4	182	0	0	181	0	2	0	0	0	0	2	0	0	2	0	0.0	56	24	0.009303935																																																																																								16.67																																																																																																																																																																																																																																																													
3_binette_bin128	unclassified	unclassified	unclassified	unclassified	unclassified	unclassified	unclassified	unclassified								unclassified	unclassified	unclassified	unclassified	unclassified	unclassified	unclassified	unclassified	1	5.0	0.0	0.0	128.0	128.0	128.0	45.48	43.0	108.0	5417.0	1763.0	1071.0	215995.0	215995.0	215995.0	2074.5	332	0	0	330	0	0	0	0	0	0	0	0	0	0	0	0.0	56	24	0.032049929357142855																						50.0																																																																						7.69												16.67	16.67				33.33																																					12.5																25.0																																																																			16.67																																									5.0																				20.0																																																			
3_binette_bin167	unclassified	unclassified	unclassified	unclassified	unclassified	unclassified	unclassified	unclassified								unclassified	unclassified	unclassified	unclassified	unclassified	unclassified	unclassified	unclassified	1	4.9	0.04	0.0	267.0	267.0	267.0	45.52	112.0	233.0	2432.0	1262.0	1071.0	353302.0	353302.0	353302.0	1387.7	583	0	0	583	0	0	0	0	0	3	0	0	0	1	0	0.0	56	24	0.1263586885																																																																																																																																																																																																																																										16.67																																																																																																											
2_binette_bin210	unclassified	unclassified	unclassified	unclassified	unclassified	unclassified	unclassified	unclassified								unclassified	unclassified	unclassified	unclassified	unclassified	unclassified	unclassified	unclassified	1	4.9	0.01	0.0	201.0	201.0	201.0	53.89	92.0	178.0	2409.0	1132.0	1025.0	233684.0	233684.0	233684.0	1196.2	411	0	0	411	0	0	0	0	0	0	0	0	0	0	0	0.0	56	24	0.0018657230357142856																							25.0								50.0	33.33																																																																																11.11																																																																			4.0		16.67																															16.67																																			5.56																																																																																														
2_binette_bin215	unclassified	unclassified	unclassified	unclassified	unclassified	unclassified	unclassified	unclassified								unclassified	unclassified	unclassified	unclassified	unclassified	unclassified	unclassified	unclassified	1	4.9	0.0	0.0	155.0	155.0	155.0	36.4	65.0	136.0	3555.0	1213.0	1026.0	196269.0	196269.0	196269.0	1362.4	384	0	0	374	0	0	0	0	0	8	0	0	0	0	0	0.0	56	24	0.1364022737857143																																																																																																																																																																																																																																																																																																																																																					
3_binette_bin154	unclassified	unclassified	unclassified	unclassified	unclassified	unclassified	unclassified	unclassified								unclassified	unclassified	unclassified	unclassified	unclassified	unclassified	unclassified	unclassified	1	4.9	0.01	0.0	228.0	228.0	228.0	45.88	105.0	203.0	4899.0	2762.0	2544.0	643899.0	643899.0	643899.0	2864.1	829	0	0	829	0	0	0	0	0	1	0	0	0	0	0	0.0	56	24	0.01129334457142857									33.33																																																		8.33																																																										33.33																							25.0																																																																																											16.67																		13.16																																																																																												
3_binette_bin51	unclassified	unclassified	unclassified	unclassified	unclassified	unclassified	unclassified	unclassified								unclassified	unclassified	unclassified	unclassified	unclassified	unclassified	unclassified	unclassified	1	4.9	0.04	0.0	183.0	183.0	183.0	60.58	75.0	160.0	6622.0	3294.0	2606.0	609388.0	609388.0	609388.0	3526.9	646	0	0	646	0	0	0	0	0	0	0	0	0	0	0	0.0	56	24	0.01163661775																																																																																																																																											25.0																																																									25.0																													6.67																				33.33																									10.0																																																																							
3_binette_bin120	unclassified	unclassified	unclassified	unclassified	unclassified	unclassified	unclassified	unclassified								unclassified	unclassified	unclassified	unclassified	unclassified	unclassified	unclassified	unclassified	1	4.9	0.02	0.0	228.0	228.0	228.0	46.48	90.0	197.0	17658.0	3497.0	2669.0	810667.0	810667.0	810667.0	4039.1	699	0	0	699	0	0	0	0	0	0	0	0	0	1	0	0.0	56	24	0.012170978464285715																																																																																																																	25.0										7.14																																																																										12.5																																															33.33																											9.09																																																																						
2_binette_bin205	unclassified	unclassified	unclassified	unclassified	unclassified	unclassified	unclassified	unclassified								unclassified	unclassified	unclassified	unclassified	unclassified	unclassified	unclassified	unclassified	1	4.8	0.0	0.0	122.0	122.0	122.0	55.43	39.0	102.0	6097.0	1702.0	1122.0	212102.0	212102.0	212102.0	2250.8	230	0	0	198	1	0	0	0	0	0	0	0	0	3	0	0.0	56	24	0.004849241428571428									11.11			14.29																																																														16.67													12.5	16.67											33.33						16.67	25.0																		14.29		33.33		33.33											25.0	8.33		12.5		11.11	10.0																																																			25.0	12.5					20.0																																													25.0			16.67								6.67															11.11												12.5																																																								
2_binette_bin195	unclassified	unclassified	unclassified	unclassified	unclassified	unclassified	unclassified	unclassified								unclassified	unclassified	unclassified	unclassified	unclassified	unclassified	unclassified	unclassified	1	4.8	0.01	0.0	136.0	136.0	136.0	41.07	43.0	110.0	12263.0	2478.0	1383.0	314161.0	314161.0	314161.0	3124.5	370	0	0	368	0	0	0	0	0	5	1	0	0	2	0	0.0	56	24	0.8362695032142858												14.29										50.0																																																																																																						7.14																															25.0																																																																																																																																																																																										
3_binette_bin134	unclassified	unclassified	unclassified	unclassified	unclassified	unclassified	unclassified	unclassified								unclassified	unclassified	unclassified	unclassified	unclassified	unclassified	unclassified	unclassified	1	4.8	0.0	0.0	41.0	41.0	41.0	48.68	14.0	34.0	14017.0	6259.0	3263.0	226005.0	226005.0	226005.0	6649.2	257	0	0	253	0	0	0	0	0	0	0	0	0	0	0	0.0	56	24	0.05558947971428572								25.0																																																																																																								11.11											14.29						11.11	20.0																																																																			6.25												14.29		25.0																																											50.0		33.33																																																																																					
6_binette_bin20	unclassified	unclassified	unclassified	unclassified	unclassified	unclassified	unclassified	unclassified								unclassified	unclassified	unclassified	unclassified	unclassified	unclassified	unclassified	unclassified	1	4.8	0.02	0.0	278.0	278.0	278.0	44.29	110.0	242.0	8294.0	1219.0	1030.0	365582.0	365582.0	365582.0	1576.4	881	0	0	881	0	0	0	0	0	0	0	0	0	0	0	0.0	56	24	0.43670329471428565																																																																																																																																																																																																																																																																																																																																																					
2_binette_bin208	unclassified	unclassified	unclassified	unclassified	unclassified	unclassified	unclassified	unclassified								unclassified	unclassified	unclassified	unclassified	unclassified	unclassified	unclassified	unclassified	1	4.6	0.0	0.0	163.0	163.0	163.0	43.43	70.0	143.0	2390.0	1251.0	1037.0	208572.0	208572.0	208572.0	1328.9	238	0	0	191	0	0	0	0	0	0	0	0	0	3	0	0.0	56	24	0.0016961579285714285																																																																																																																												14.29																																																																								25.0																																					33.33																																										33.33																																					25.0																													
3_binette_bin127	unclassified	unclassified	unclassified	unclassified	unclassified	unclassified	unclassified	unclassified								unclassified	unclassified	unclassified	unclassified	unclassified	unclassified	unclassified	unclassified	1	4.6	0.03	0.0	298.0	298.0	298.0	44.93	96.0	246.0	8990.0	1919.0	1126.0	555105.0	555105.0	555105.0	2380.2	721	0	0	721	0	0	0	0	0	0	0	0	0	1	0	0.0	56	24	0.03332004864285714																									16.67												20.0	25.0																																																																		16.67	16.67	25.0		25.0			33.33					33.33													11.11																								33.33		25.0																																																									16.67																	16.67																					16.67																																																																																			66.67	66.67							
3_binette_bin156	unclassified	unclassified	unclassified	unclassified	unclassified	unclassified	unclassified	unclassified								unclassified	unclassified	unclassified	unclassified	unclassified	unclassified	unclassified	unclassified	1	4.6	0.0	0.0	94.0	94.0	94.0	52.9	43.0	84.0	4483.0	2802.0	2549.0	269950.0	269950.0	269950.0	2925.9	278	0	0	278	0	0	0	0	0	0	0	0	0	0	0	0.0	56	24	0.009824040392857142																																																																																																																																																																																																																																																																																																																																																					
3_binette_bin188	unclassified	unclassified	unclassified	unclassified	unclassified	unclassified	unclassified	unclassified								unclassified	unclassified	unclassified	unclassified	unclassified	unclassified	unclassified	unclassified	1	4.6	0.0	0.0	503.0	503.0	503.0	32.44	215.0	442.0	2321.0	1218.0	1031.0	627611.0	627611.0	627611.0	1297.7	484	0	0	484	0	0	0	0	0	1	0	0	0	0	0	0.0	56	24	0.008955745035714283																																																																																																																															25.0																																																																																																																																																																																																																						
4_binette_bin110	unclassified	unclassified	unclassified	unclassified	unclassified	unclassified	unclassified	unclassified								unclassified	unclassified	unclassified	unclassified	unclassified	unclassified	unclassified	unclassified	1	4.6	0.01	0.0	159.0	159.0	159.0	51.05	72.0	141.0	6160.0	2829.0	2548.0	463642.0	463642.0	463642.0	2999.2	471	0	0	471	0	0	0	0	0	0	0	0	0	0	0	0.0	56	24	0.012897753071428571																																																																																																																																																											50.0																																																																																																																																																																																										
3_binette_bin145	unclassified	unclassified	unclassified	unclassified	unclassified	unclassified	unclassified	unclassified								unclassified	unclassified	unclassified	unclassified	unclassified	unclassified	unclassified	unclassified	1	4.6	0.02	0.0	314.0	314.0	314.0	37.73	129.0	273.0	11030.0	3236.0	2621.0	1051226.0	1051226.0	1051226.0	3582.8	641	0	0	641	0	0	0	0	0	0	0	0	0	0	0	0.0	56	24	0.013721542892857142																									16.67												40.0	25.0																																																																																																																																																																																																																																																																																																															
3_binette_bin119	unclassified	unclassified	unclassified	unclassified	unclassified	unclassified	unclassified	unclassified								unclassified	unclassified	unclassified	unclassified	unclassified	unclassified	unclassified	unclassified	1	4.6	0.02	0.0	276.0	276.0	276.0	43.69	116.0	241.0	6610.0	3236.0	2665.0	918626.0	918626.0	918626.0	3497.9	916	0	0	916	0	0	0	0	0	2	0	0	0	0	0	0.0	56	24	0.013454202892857143																																																																																																																															25.0																																																																																																																																																																																																																						
3_binette_bin166	unclassified	unclassified	unclassified	unclassified	unclassified	unclassified	unclassified	unclassified								unclassified	unclassified	unclassified	unclassified	unclassified	unclassified	unclassified	unclassified	1	4.6	0.01	0.0	183.0	183.0	183.0	55.86	89.0	164.0	1696.0	1603.0	1524.0	292755.0	292755.0	292755.0	1601.8	375	0	0	375	0	0	0	0	0	6	0	0	0	0	0	0.0	56	24	0.03314633317857142																																																																																											20.0																																																							12.5																																																																																																																																																																																																			
3_binette_bin189	unclassified	unclassified	unclassified	unclassified	unclassified	unclassified	unclassified	unclassified								unclassified	unclassified	unclassified	unclassified	unclassified	unclassified	unclassified	unclassified	1	4.6	0.0	0.0	224.0	224.0	224.0	38.89	88.0	195.0	3793.0	1254.0	1029.0	298682.0	298682.0	298682.0	1475.3	536	0	0	536	0	0	0	0	0	2	0	0	0	0	0	0.0	56	24	0.037671767714285716																																																																																																																															25.0																																																																																																																																																																																																																						
3_binette_bin138	unclassified	unclassified	unclassified	unclassified	unclassified	unclassified	unclassified	unclassified								unclassified	unclassified	unclassified	unclassified	unclassified	unclassified	unclassified	unclassified	1	4.5	0.0	0.0	164.0	164.0	164.0	43.67	60.0	140.0	5029.0	1511.0	1103.0	256058.0	256058.0	256058.0	1799.2	394	0	0	393	0	0	0	0	0	0	0	0	0	0	0	0.0	56	24	0.027678094342857146																																																																																																						37.5																				25.0							11.11													12.5		11.11	10.0												20.0										16.67																									20.0				25.0																33.33												33.33								11.11																																																																										25.0							16.67									25.0																			
2_binette_bin207	unclassified	unclassified	unclassified	unclassified	unclassified	unclassified	unclassified	unclassified								unclassified	unclassified	unclassified	unclassified	unclassified	unclassified	unclassified	unclassified	1	4.5	0.01	0.0	262.0	262.0	262.0	51.24	101.0	226.0	3534.0	1426.0	1059.0	380005.0	380005.0	380005.0	1573.7	455	0	0	367	0	2	0	0	0	0	0	0	0	3	0	0.0	56	24	0.027697108214285716																																																																																			20.0			20.0	25.0																																				14.29						5.56	10.0																																																																																																																																													9.09			12.5																						16.67																																													
3_binette_bin172	unclassified	unclassified	unclassified	unclassified	unclassified	unclassified	unclassified	unclassified								unclassified	unclassified	unclassified	unclassified	unclassified	unclassified	unclassified	unclassified	1	4.4	0.02	0.0	608.0	608.0	608.0	45.08	263.0	537.0	2094.0	1112.0	1024.0	728763.0	728763.0	728763.0	1260.6	454	0	0	454	0	0	0	0	0	0	0	0	0	62	0	0.0	56	24	0.11484095574999999																																																																																																																																																																																																																																																																																																																																																					
2_binette_bin211	unclassified	unclassified	unclassified	unclassified	unclassified	unclassified	unclassified	unclassified								unclassified	unclassified	unclassified	unclassified	unclassified	unclassified	unclassified	unclassified	1	4.4	0.01	0.0	102.0	102.0	102.0	40.2	39.0	89.0	4500.0	1257.0	1039.0	138786.0	138786.0	138786.0	1583.3	568	0	0	567	0	0	0	0	0	0	0	0	0	0	0	0.0	56	24	1.5197160659285716																																																																																																																																																																																																																																																																																																																																																					
4_binette_bin104	unclassified	unclassified	unclassified	unclassified	unclassified	unclassified	unclassified	unclassified								unclassified	unclassified	unclassified	unclassified	unclassified	unclassified	unclassified	unclassified	1	4.4	0.02	0.0	381.0	381.0	381.0	58.04	179.0	338.0	3559.0	1744.0	1597.0	671257.0	671257.0	671257.0	1785.3	706	0	0	706	0	0	0	0	0	0	0	0	0	3	0	0.0	56	24	0.012043603785714285								25.0					12.5																						33.33	25.0																						50.0																						6.67																																	25.0				33.33										50.0				50.0											25.0		11.11	20.0																																																																																						16.67				16.67	50.0	25.0						100.0																												9.09																																		16.67	25.0																																			
7_binette_bin63	unclassified	unclassified	unclassified	unclassified	unclassified	unclassified	unclassified	unclassified								unclassified	unclassified	unclassified	unclassified	unclassified	unclassified	unclassified	unclassified	1	4.3	0.02	0.0	658.0	658.0	658.0	44.93	282.0	577.0	2757.0	1237.0	1039.0	833954.0	833954.0	833954.0	1313.2	475	0	0	475	0	0	0	0	0	0	0	0	0	14	0	0.0	56	24	0.17139158078928568												14.29																																										25.0																																	37.5																			100.0	50.0																	7.14																																																																																																																																																																																																																									
3_binette_bin79	unclassified	unclassified	unclassified	unclassified	unclassified	unclassified	unclassified	unclassified								unclassified	unclassified	unclassified	unclassified	unclassified	unclassified	unclassified	unclassified	1	4.3	0.01	0.0	398.0	398.0	398.0	41.99	147.0	342.0	10505.0	1440.0	1238.0	662316.0	662316.0	662316.0	2251.6	498	0	0	497	0	0	0	0	0	0	0	0	0	2	0	0.0	56	24	0.015778848214285716																																																																																																																																																																																																																																																																																																																																																					
2_binette_bin156	unclassified	unclassified	unclassified	unclassified	unclassified	unclassified	unclassified	unclassified								unclassified	unclassified	unclassified	unclassified	unclassified	unclassified	unclassified	unclassified	1	4.3	0.02	0.0	271.0	271.0	271.0	44.27	123.0	241.0	1932.0	1205.0	1106.0	338503.0	338503.0	338503.0	1271.0	737	0	0	737	1	0	0	0	0	0	0	0	0	0	0	0.0	56	24	0.36005214160714294																																																																																																																																																																																																																																																																																																																																																					
2_binette_bin209	unclassified	unclassified	unclassified	unclassified	unclassified	unclassified	unclassified	unclassified								unclassified	unclassified	unclassified	unclassified	unclassified	unclassified	unclassified	unclassified	1	4.3	0.01	0.0	197.0	197.0	197.0	37.29	73.0	169.0	5760.0	1511.0	1102.0	302220.0	302220.0	302220.0	1751.5	353	0	0	257	1	0	0	0	0	0	0	0	0	2	0	0.0	56	24	0.011245216571428572																																																			33.33																																																			12.5				25.0																																																																																																																																																										50.0																																																																																	
4_binette_bin119	unclassified	unclassified	unclassified	unclassified	unclassified	unclassified	unclassified	unclassified								unclassified	unclassified	unclassified	unclassified	unclassified	unclassified	unclassified	unclassified	1	4.3	0.0	0.0	204.0	204.0	204.0	37.58	91.0	181.0	3681.0	1161.0	1024.0	241247.0	241247.0	241247.0	1228.3	425	0	0	306	0	0	0	0	0	158	0	0	0	0	0	0.0	56	24	0.2862490953571428																																																																																																																																																																																																																																																																																																																																											33.33										
3_binette_bin173	unclassified	unclassified	unclassified	unclassified	unclassified	unclassified	unclassified	unclassified								unclassified	unclassified	unclassified	unclassified	unclassified	unclassified	unclassified	unclassified	1	4.3	0.0	0.0	67.0	67.0	67.0	61.18	26.0	58.0	13027.0	3754.0	3002.0	272074.0	272074.0	272074.0	4809.3	359	0	0	359	0	0	0	0	0	0	0	0	0	0	0	0.0	56	24	0.010509080107142856																																																																																																																11.11																																																																																																																																																																																																																																					
3_binette_bin174	unclassified	unclassified	unclassified	unclassified	unclassified	unclassified	unclassified	unclassified								unclassified	unclassified	unclassified	unclassified	unclassified	unclassified	unclassified	unclassified	1	4.3	0.01	0.0	96.0	96.0	96.0	45.58	27.0	80.0	16832.0	1847.0	1095.0	180151.0	180151.0	180151.0	3609.2	545	1	0	545	0	0	0	0	0	0	0	0	0	0	0	0.0	56	24	0.030353926214285714																																																																																																																																																																																																																																																																																																																																																					
8_binette_bin71	unclassified	unclassified	unclassified	unclassified	unclassified	unclassified	unclassified	unclassified								unclassified	unclassified	unclassified	unclassified	unclassified	unclassified	unclassified	unclassified	1	4.2	0.01	0.0	133.0	133.0	133.0	50.18	43.0	112.0	8562.0	1726.0	1128.0	233752.0	233752.0	233752.0	2321.8	248	0	0	248	0	0	0	0	0	0	1	0	0	1	0	0.0	56	24	0.9748897397499998												14.29																																																																																																																7.14																																																																																																																																																																																																																									
4_binette_bin117	unclassified	unclassified	unclassified	unclassified	unclassified	unclassified	unclassified	unclassified								unclassified	unclassified	unclassified	unclassified	unclassified	unclassified	unclassified	unclassified	1	4.2	0.01	0.0	523.0	523.0	523.0	47.54	238.0	463.0	2556.0	1146.0	1026.0	610164.0	610164.0	610164.0	1185.4	396	0	0	396	0	0	0	0	0	1	0	0	0	0	0	0.0	56	24	0.011792751321428572																																																																																																																															25.0																																																																																																																																																																																																																						
3_binette_bin132	unclassified	unclassified	unclassified	unclassified	unclassified	unclassified	unclassified	unclassified								unclassified	unclassified	unclassified	unclassified	unclassified	unclassified	unclassified	unclassified	1	4.2	0.0	0.0	318.0	318.0	318.0	38.76	156.0	285.0	2793.0	2614.0	2517.0	829933.0	829933.0	829933.0	2611.6	280	0	0	280	0	0	0	0	0	1	0	0	0	0	0	0.0	56	24	0.010690423249999999																																																																																																																					33.33																																																																																																																																									50.0																																																																																							
4_binette_bin109	unclassified	unclassified	unclassified	unclassified	unclassified	unclassified	unclassified	unclassified								unclassified	unclassified	unclassified	unclassified	unclassified	unclassified	unclassified	unclassified	1	4.2	0.01	0.0	118.0	118.0	118.0	63.13	50.0	104.0	6189.0	3017.0	2593.0	372711.0	372711.0	372711.0	3317.3	433	0	0	433	0	0	0	0	0	0	0	0	0	0	0	0.0	56	24	0.010412761125																																																																							33.33																																								33.33																		11.11																																																																																							7.14																																													16.67																																													25.0																																			
8_binette_bin78	unclassified	unclassified	unclassified	unclassified	unclassified	unclassified	unclassified	unclassified								unclassified	unclassified	unclassified	unclassified	unclassified	unclassified	unclassified	unclassified	1	4.2	0.01	0.0	194.0	194.0	194.0	44.39	82.0	170.0	2402.0	1280.0	1028.0	248885.0	248885.0	248885.0	1334.4	575	0	0	575	0	0	0	0	0	0	1	0	0	4	0	0.0	56	24	0.19472292917857142												14.29																																																																																																																7.14																																																																								25.0																																																																																																																																																	
3_binette_bin162	unclassified	unclassified	unclassified	unclassified	unclassified	unclassified	unclassified	unclassified								unclassified	unclassified	unclassified	unclassified	unclassified	unclassified	unclassified	unclassified	1	4.2	0.01	0.0	108.0	108.0	108.0	55.49	45.0	95.0	6870.0	3163.0	2580.0	353678.0	353678.0	353678.0	3465.7	435	0	0	435	0	0	0	0	0	0	0	0	0	0	0	0.0	56	24	0.011514285285714286																																																																																																																																																																																																																							14.29																																																																										33.33																																																				
3_binette_bin133	unclassified	unclassified	unclassified	unclassified	unclassified	unclassified	unclassified	unclassified								unclassified	unclassified	unclassified	unclassified	unclassified	unclassified	unclassified	unclassified	1	4.1	0.01	0.0	193.0	193.0	193.0	46.23	86.0	171.0	4961.0	2895.0	2591.0	578137.0	578137.0	578137.0	3066.9	494	0	0	494	0	0	0	0	0	19	0	0	0	0	0	0.0	56	24	0.03188904496428572																																																																																																								16.67	16.67				33.33												25.0						25.0																																																																																																																																																																																																																						
3_binette_bin137	unclassified	unclassified	unclassified	unclassified	unclassified	unclassified	unclassified	unclassified								unclassified	unclassified	unclassified	unclassified	unclassified	unclassified	unclassified	unclassified	1	4.1	0.01	0.0	236.0	236.0	236.0	48.99	116.0	212.0	1692.0	1564.0	1513.0	369518.0	369518.0	369518.0	1566.9	416	0	0	416	0	0	0	0	0	1	0	0	0	3	0	0.0	56	24	0.011347160464285716																																																																																																																							5.56								25.0																												25.0																																																																																																																																																																																										
3_binette_bin186	unclassified	unclassified	unclassified	unclassified	unclassified	unclassified	unclassified	unclassified								unclassified	unclassified	unclassified	unclassified	unclassified	unclassified	unclassified	unclassified	1	4.1	0.01	0.0	253.0	253.0	253.0	55.83	123.0	227.0	1696.0	1588.0	1516.0	402185.0	402185.0	402185.0	1591.7	500	0	0	500	0	0	0	0	0	0	0	0	0	0	0	0.0	56	24	0.011049347250000003																																																																																																																																																																																																																																																																																																																																																					
2_binette_bin212	unclassified	unclassified	unclassified	unclassified	unclassified	unclassified	unclassified	unclassified								unclassified	unclassified	unclassified	unclassified	unclassified	unclassified	unclassified	unclassified	1	4.1	0.01	0.0	173.0	173.0	173.0	55.65	78.0	153.0	1729.0	1195.0	1041.0	207959.0	207959.0	207959.0	1221.2	269	0	0	269	0	0	0	0	0	0	0	0	0	1	0	0.0	56	24	0.0011162188571428571																																										28.57		50.0																																																																																																																																																																																																											5.56		5.26																																																																																												
3_binette_bin171	unclassified	unclassified	unclassified	unclassified	unclassified	unclassified	unclassified	unclassified								unclassified	unclassified	unclassified	unclassified	unclassified	unclassified	unclassified	unclassified	1	4.0	0.01	0.0	84.0	84.0	84.0	45.3	31.0	73.0	3194.0	1363.0	1046.0	121279.0	121279.0	121279.0	1617.3	495	0	0	495	0	0	0	0	0	0	0	0	0	0	0	0.0	56	24	0.08406415257142859																																																																																																																																																																																																																																																																																																																																																					
3_binette_bin187	unclassified	unclassified	unclassified	unclassified	unclassified	unclassified	unclassified	unclassified								unclassified	unclassified	unclassified	unclassified	unclassified	unclassified	unclassified	unclassified	1	4.0	0.0	0.0	317.0	317.0	317.0	42.28	137.0	279.0	2632.0	1179.0	1033.0	389717.0	389717.0	389717.0	1279.3	355	0	0	355	0	0	0	0	0	0	0	0	0	3	0	0.0	56	24	0.20881244545357144												14.29																																																																																																																7.14																																																																																																																																																																																																																									
4_binette_bin112	unclassified	unclassified	unclassified	unclassified	unclassified	unclassified	unclassified	unclassified								unclassified	unclassified	unclassified	unclassified	unclassified	unclassified	unclassified	unclassified	1	4.0	0.01	0.0	120.0	120.0	120.0	60.63	52.0	106.0	5620.0	3007.0	2576.0	373443.0	373443.0	373443.0	3244.3	423	0	0	423	0	0	0	0	0	1	0	0	0	0	1	0.0	56	24	0.011173145625																																																																																																																11.11																																														12.5																									20.0																																																																								50.0	33.33																																																		25.0																									33.33		33.33								
2_binette_bin214	unclassified	unclassified	unclassified	unclassified	unclassified	unclassified	unclassified	unclassified								unclassified	unclassified	unclassified	unclassified	unclassified	unclassified	unclassified	unclassified	1	4.0	0.01	0.0	186.0	186.0	186.0	49.65	82.0	164.0	2162.0	1203.0	1023.0	227142.0	227142.0	227142.0	1256.2	280	0	0	280	0	0	0	0	0	0	0	0	0	6	0	0.0	56	24	0.003191935							50.0					14.29																									20.0	25.0				28.57		50.0																																																																25.0																14.29																																																																																																																																																																																						25.0																																			
3_binette_bin158	unclassified	unclassified	unclassified	unclassified	unclassified	unclassified	unclassified	unclassified								unclassified	unclassified	unclassified	unclassified	unclassified	unclassified	unclassified	unclassified	1	4.0	0.01	0.0	345.0	345.0	345.0	53.35	146.0	302.0	2580.0	1227.0	1036.0	439482.0	439482.0	439482.0	1341.6	468	0	0	468	0	0	0	0	0	19	0	0	0	0	0	0.0	56	24	0.07090081925000001												14.29																													25.0																																																																																			14.29																																																																																																																																																																																																															33.33										
3_binette_bin160	unclassified	unclassified	unclassified	unclassified	unclassified	unclassified	unclassified	unclassified								unclassified	unclassified	unclassified	unclassified	unclassified	unclassified	unclassified	unclassified	1	4.0	0.01	0.0	287.0	287.0	287.0	44.3	130.0	252.0	3549.0	1484.0	1257.0	418256.0	418256.0	418256.0	1493.9	561	0	0	556	0	0	0	0	0	1	0	0	0	0	0	0.0	145	103	0.03176742392857143																																																																				50.0			33.33		50.0							13.33								33.33												8.33	6.67					100.0	50.0		33.33													25.0									50.0								25.0																																										16.67																12.5												28.57		50.0		20.0	25.0			7.69												16.67																									50.0			16.67																		33.33				50.0																													14.29											7.69												66.67										
3_binette_bin176	unclassified	unclassified	unclassified	unclassified	unclassified	unclassified	unclassified	unclassified								unclassified	unclassified	unclassified	unclassified	unclassified	unclassified	unclassified	unclassified	1	3.8	0.0	0.0	183.0	183.0	183.0	45.18	65.0	156.0	4065.0	1532.0	1086.0	285419.0	285419.0	285419.0	1805.9	359	0	0	359	0	0	0	0	0	0	0	0	0	0	0	0.0	56	24	0.02983031417857143																																																																																																																																																																																																																																																																																																																		25.0																																			
4_binette_bin113	unclassified	unclassified	unclassified	unclassified	unclassified	unclassified	unclassified	unclassified								unclassified	unclassified	unclassified	unclassified	unclassified	unclassified	unclassified	unclassified	1	3.8	0.0	0.0	165.0	165.0	165.0	45.17	72.0	135.0	3658.0	2276.0	1410.0	342137.0	342137.0	342137.0	2187.3	87	0	0	86	0	0	0	0	0	0	0	0	0	5	0	0.0	56	24	0.12505724189285713												14.29																																																																										20.0																																					14.29	7.14					5.56	10.0																																																																																																																																													9.09			12.5																																																																			
8_binette_bin72	unclassified	unclassified	unclassified	unclassified	unclassified	unclassified	unclassified	unclassified								unclassified	unclassified	unclassified	unclassified	unclassified	unclassified	unclassified	unclassified	1	3.8	0.0	0.0	208.0	208.0	208.0	51.08	83.0	179.0	3827.0	1481.0	1074.0	301539.0	301539.0	301539.0	1551.8	213	0	0	213	0	0	0	0	0	0	0	0	0	1	0	0.0	56	24	0.05000188982142858																																																						25.0																																																																																																																																																																																																																																																																																															
4_binette_bin125	unclassified	unclassified	unclassified	unclassified	unclassified	unclassified	unclassified	unclassified								unclassified	unclassified	unclassified	unclassified	unclassified	unclassified	unclassified	unclassified	1	3.8	0.01	0.0	202.0	202.0	202.0	48.65	85.0	177.0	4618.0	1198.0	1038.0	256026.0	256026.0	256026.0	1362.6	366	0	0	365	0	0	0	0	0	0	0	0	0	1	0	0.0	56	24	0.06828770182142856																																																																																																																															25.0																																																																																																																																																																																																																						
3_binette_bin147	unclassified	unclassified	unclassified	unclassified	unclassified	unclassified	unclassified	unclassified								unclassified	unclassified	unclassified	unclassified	unclassified	unclassified	unclassified	unclassified	1	3.8	0.0	0.0	101.0	101.0	101.0	38.12	35.0	84.0	19353.0	5416.0	3304.0	517905.0	517905.0	517905.0	6235.6	326	0	0	326	0	0	0	0	0	8	0	0	0	0	0	0.0	56	24	0.028259496714285716																																																																																																																																																																																																																																																																																																																																											33.33										
3_binette_bin238	unclassified	unclassified	unclassified	unclassified	unclassified	unclassified	unclassified	unclassified								unclassified	unclassified	unclassified	unclassified	unclassified	unclassified	unclassified	unclassified	1	3.8	9.1	0.0	551.0	551.0	551.0	48.15	192.0	460.0	17637.0	4772.0	3113.0	2609739.0	2609739.0	2609739.0	5608.3	3479	0	0	3445	0	0	0	0	0	3	0	0	0	2	0	0.0	149	107	0.04619519842857143								25.0				28.57										50.0			8.33																	14.29		25.0	14.29	16.67								25.0						25.0	31.25	66.67	10.0					16.67																				33.33		25.0		7.69								5.56	13.33				16.67	100.0	100.0	25.0									33.33		11.11		25.0	50.0	14.29	28.57			50.0	66.67	22.22	20.0		20.0				50.0		40.0	50.0			12.5		11.11	20.0					7.14			33.33	50.0	25.0		20.0					50.0	11.11	33.33			11.11												4.0					25.0	25.0											25.0		9.09												7.69			20.0	12.5				10.0						33.33	6.67	25.0			16.67		16.67				41.67		25.0	50.0								66.67						50.0											33.33	10.0			33.33		14.29	20.0	9.09																		33.33																16.67	50.0							16.67	20.0	16.67	11.11			15.38													100.0									
3_binette_bin180	unclassified	unclassified	unclassified	unclassified	unclassified	unclassified	unclassified	unclassified								unclassified	unclassified	unclassified	unclassified	unclassified	unclassified	unclassified	unclassified	1	3.8	0.0	0.0	275.0	275.0	275.0	39.83	119.0	242.0	4544.0	1175.0	1018.0	334247.0	334247.0	334247.0	1284.4	328	0	0	326	0	0	0	0	0	0	0	0	0	4	0	0.0	56	24	0.3082187521785714												14.29																																																	6.25		10.0										50.0																																																			7.14		33.33																																									5.56														5.56					11.11									14.29																																																				12.5																				33.33																																																																										
3_binette_bin182	unclassified	unclassified	unclassified	unclassified	unclassified	unclassified	unclassified	unclassified								unclassified	unclassified	unclassified	unclassified	unclassified	unclassified	unclassified	unclassified	1	3.7	0.0	0.0	135.0	135.0	135.0	42.79	59.0	119.0	6984.0	2918.0	2563.0	412955.0	412955.0	412955.0	3197.0	326	0	0	326	0	0	0	0	0	0	0	0	0	0	0	0.0	149	107	0.01276293632142857																																																																																																																																																																																																																																																																																																																																																					
2_binette_bin175	unclassified	unclassified	unclassified	unclassified	unclassified	unclassified	unclassified	unclassified								unclassified	unclassified	unclassified	unclassified	unclassified	unclassified	unclassified	unclassified	1	3.7	0.0	0.0	217.0	217.0	217.0	44.31	107.0	195.0	1089.0	1044.0	1008.0	226114.0	226114.0	226114.0	1042.6	539	0	0	539	1	0	0	0	0	0	0	0	0	0	0	0.0	56	24	0.324648645																																																																																																																																																																																																																																																																																																																																																					
3_binette_bin185	unclassified	unclassified	unclassified	unclassified	unclassified	unclassified	unclassified	unclassified								unclassified	unclassified	unclassified	unclassified	unclassified	unclassified	unclassified	unclassified	1	3.7	0.0	0.0	159.0	159.0	159.0	44.35	70.0	141.0	5836.0	2787.0	2545.0	470845.0	470845.0	470845.0	3090.1	414	0	0	414	0	0	0	0	0	3	1	0	0	0	0	0.0	56	24	0.01229408525																																																																																																																							1.85																																																																																																																																																																																																																														
8_binette_bin73	unclassified	unclassified	unclassified	unclassified	unclassified	unclassified	unclassified	unclassified								unclassified	unclassified	unclassified	unclassified	unclassified	unclassified	unclassified	unclassified	1	3.7	0.0	0.0	306.0	306.0	306.0	38.94	120.0	261.0	5571.0	1637.0	1140.0	483338.0	483338.0	483338.0	1711.8	347	0	0	347	0	0	0	0	0	0	0	0	0	0	0	0.0	56	24	0.24092560821428574												14.29																																																																																																																7.14																																																																																																																																																																																																																									
7_binette_bin15	unclassified	unclassified	unclassified	unclassified	unclassified	unclassified	unclassified	unclassified								unclassified	unclassified	unclassified	unclassified	unclassified	unclassified	unclassified	unclassified	1	3.7	0.0	0.0	137.0	137.0	137.0	44.25	56.0	120.0	5883.0	1847.0	1548.0	267162.0	267162.0	267162.0	2142.9	559	0	0	559	0	0	0	0	0	0	0	0	0	0	0	0.0	56	24	0.3678738223214286																																																																																																																																																																																																																																																																																																																																																					
4_binette_bin120	unclassified	unclassified	unclassified	unclassified	unclassified	unclassified	unclassified	unclassified								unclassified	unclassified	unclassified	unclassified	unclassified	unclassified	unclassified	unclassified	1	3.6	0.01	0.0	194.0	194.0	194.0	47.91	87.0	172.0	3733.0	1695.0	1536.0	340804.0	340804.0	340804.0	1814.4	351	0	0	351	0	0	0	0	0	11	0	0	0	0	0	0.0	56	24	0.047890211249999995																																																																																											20.0																																				25.0																			12.5																																																																																																																																																																																																			
3_binette_bin150	unclassified	unclassified	unclassified	unclassified	unclassified	unclassified	unclassified	unclassified								unclassified	unclassified	unclassified	unclassified	unclassified	unclassified	unclassified	unclassified	1	3.6	0.01	0.0	149.0	149.0	149.0	59.57	63.0	131.0	6660.0	3164.0	2597.0	484867.0	484867.0	484867.0	3424.9	398	0	0	398	0	0	0	0	0	0	0	0	0	0	0	0.0	56	24	0.010404685821428573																																																																																																																																																											25.0																																																																																																																																																																33.33				7.69																						
2_binette_bin217	unclassified	unclassified	unclassified	unclassified	unclassified	unclassified	unclassified	unclassified								unclassified	unclassified	unclassified	unclassified	unclassified	unclassified	unclassified	unclassified	1	3.6	0.01	0.0	132.0	132.0	132.0	50.5	43.0	112.0	11544.0	1536.0	1048.0	213464.0	213464.0	213464.0	2358.9	278	0	0	276	0	0	0	0	0	0	2	0	0	1	0	0.0	56	24	1.676736973214286												14.29																																																																																																																7.14																																																																																																																																																																																																																									
4_binette_bin134	unclassified	unclassified	unclassified	unclassified	unclassified	unclassified	unclassified	unclassified								unclassified	unclassified	unclassified	unclassified	unclassified	unclassified	unclassified	unclassified	1	3.6	0.0	0.0	119.0	119.0	119.0	51.89	46.0	103.0	3902.0	1345.0	1045.0	169509.0	169509.0	169509.0	1626.3	403	0	0	403	0	0	0	0	0	0	0	0	0	0	0	0.0	56	24	0.06833816764285715																																																																																																																																																																																																																																																																																																																																																					
3_binette_bin201	unclassified	unclassified	unclassified	unclassified	unclassified	unclassified	unclassified	unclassified								unclassified	unclassified	unclassified	unclassified	unclassified	unclassified	unclassified	unclassified	1	3.6	0.01	0.0	96.0	96.0	96.0	50.58	42.0	85.0	5080.0	2955.0	2558.0	290415.0	290415.0	290415.0	3111.8	404	0	0	404	0	0	0	0	0	3	0	0	0	0	0	0.0	56	24	0.022409655642857147																																																																																																																																																																																																																																																						33.33																																																																																															
3_binette_bin197	unclassified	unclassified	unclassified	unclassified	unclassified	unclassified	unclassified	unclassified								unclassified	unclassified	unclassified	unclassified	unclassified	unclassified	unclassified	unclassified	1	3.6	0.01	0.0	135.0	135.0	135.0	46.11	61.0	120.0	2551.0	1656.0	1519.0	232585.0	232585.0	232585.0	1755.0	385	0	0	385	0	0	0	0	0	37	0	0	0	0	0	0.0	56	24	0.07810392125																																																																																																																																																																																																																																																																																																																																																					
7_binette_bin66	unclassified	unclassified	unclassified	unclassified	unclassified	unclassified	unclassified	unclassified								unclassified	unclassified	unclassified	unclassified	unclassified	unclassified	unclassified	unclassified	1	3.6	0.0	0.0	114.0	114.0	114.0	47.95	48.0	100.0	6112.0	3073.0	2603.0	365104.0	365104.0	365104.0	3365.4	294	0	0	294	0	0	0	0	0	0	0	0	0	8	0	0.0	56	24	0.15129430778571432																																																																																																										100.0	50.0																																																																																																																																																																																																																																										
3_binette_bin194	unclassified	unclassified	unclassified	unclassified	unclassified	unclassified	unclassified	unclassified								unclassified	unclassified	unclassified	unclassified	unclassified	unclassified	unclassified	unclassified	1	3.6	0.0	0.0	147.0	147.0	147.0	44.27	60.0	128.0	5049.0	1261.0	1043.0	195977.0	195977.0	195977.0	1493.0	252	0	0	252	0	0	0	0	0	0	0	0	0	2	0	0.0	56	24	0.02127896542857143																																																																																																																																																																																																																																																																																																																																																					
3_binette_bin153	unclassified	unclassified	unclassified	unclassified	unclassified	unclassified	unclassified	unclassified								unclassified	unclassified	unclassified	unclassified	unclassified	unclassified	unclassified	unclassified	1	3.6	0.01	0.0	270.0	270.0	270.0	42.91	126.0	241.0	5373.0	2688.0	2535.0	746607.0	746607.0	746607.0	2822.1	550	0	0	550	0	0	0	0	0	3	0	0	0	0	0	0.0	56	24	0.014631420035714287																																																																																																																																																																																																																																																																																																																																											33.33										
4_binette_bin127	unclassified	unclassified	unclassified	unclassified	unclassified	unclassified	unclassified	unclassified								unclassified	unclassified	unclassified	unclassified	unclassified	unclassified	unclassified	unclassified	1	3.6	0.01	0.0	67.0	67.0	67.0	64.72	29.0	59.0	4793.0	3239.0	2552.0	217185.0	217185.0	217185.0	3367.9	237	0	0	237	0	0	0	0	0	0	0	0	0	0	0	0.0	56	24	0.009262767321428571																																																																							33.33																																								33.33																		11.11																																																																																																																																																																																																																				
8_binette_bin74	unclassified	unclassified	unclassified	unclassified	unclassified	unclassified	unclassified	unclassified								unclassified	unclassified	unclassified	unclassified	unclassified	unclassified	unclassified	unclassified	1	3.6	0.0	0.0	179.0	179.0	179.0	49.35	72.0	155.0	2501.0	1391.0	1059.0	248984.0	248984.0	248984.0	1472.8	272	0	0	272	0	0	0	0	0	0	0	0	0	2	0	0.0	56	24	0.29278574851071426																																																																																																																																																																																																																																																																																																																																																					
3_binette_bin179	unclassified	unclassified	unclassified	unclassified	unclassified	unclassified	unclassified	unclassified								unclassified	unclassified	unclassified	unclassified	unclassified	unclassified	unclassified	unclassified	1	3.5	0.01	0.0	263.0	263.0	263.0	52.04	129.0	236.0	1692.0	1574.0	1515.0	414395.0	414395.0	414395.0	1577.2	333	0	0	333	0	0	0	0	0	0	0	0	0	0	0	0.0	56	24	0.012374152785714285																																																																																																																																																																																																																																																																																																																																																					
3_binette_bin130	unclassified	unclassified	unclassified	unclassified	unclassified	unclassified	unclassified	unclassified								unclassified	unclassified	unclassified	unclassified	unclassified	unclassified	unclassified	unclassified	1	3.5	0.01	0.0	158.0	158.0	158.0	47.28	68.0	139.0	7517.0	2960.0	2580.0	488908.0	488908.0	488908.0	3254.8	423	0	0	421	0	0	0	0	0	0	2	0	0	0	0	0.0	56	24	0.012701758857142855																																																																																																																															25.0						25.0																																																															25.0														7.69																																																																																																																																			
2_binette_bin218	unclassified	unclassified	unclassified	unclassified	unclassified	unclassified	unclassified	unclassified								unclassified	unclassified	unclassified	unclassified	unclassified	unclassified	unclassified	unclassified	2	3.5	0.01	0.0	208.0	208.0	208.0	53.13	85.0	182.0	3006.0	1272.0	1035.0	271572.0	271572.0	271572.0	1393.6	366	0	0	366	0	0	0	0	0	0	0	0	0	0	0	0.0	56	24	0.03883014843928572												14.29																																																																																																																7.14																																																																																																																																																																																																																									
4_binette_bin29	unclassified	unclassified	unclassified	unclassified	unclassified	unclassified	unclassified	unclassified								unclassified	unclassified	unclassified	unclassified	unclassified	unclassified	unclassified	unclassified	1	3.5	0.0	0.0	118.0	118.0	118.0	44.31	42.0	102.0	10020.0	2076.0	1554.0	259258.0	259258.0	259258.0	2840.8	535	0	0	535	0	0	0	0	0	0	0	0	0	0	0	0.0	56	24	0.29417398575																																																																																																																																																																																																																																																																																																																																																					
3_binette_bin200	unclassified	unclassified	unclassified	unclassified	unclassified	unclassified	unclassified	unclassified								unclassified	unclassified	unclassified	unclassified	unclassified	unclassified	unclassified	unclassified	1	3.5	0.0	0.0	76.0	76.0	76.0	45.39	30.0	66.0	7719.0	3684.0	2648.0	277477.0	277477.0	277477.0	3999.5	405	0	0	405	0	0	0	0	0	7	0	0	0	2	0	0.0	56	24	0.031877206285714284																																																																																																																																																																																																																																																																																																																																																					
4_binette_bin124	unclassified	unclassified	unclassified	unclassified	unclassified	unclassified	unclassified	unclassified								unclassified	unclassified	unclassified	unclassified	unclassified	unclassified	unclassified	unclassified	1	3.5	0.01	0.0	110.0	110.0	110.0	45.18	46.0	96.0	6923.0	3046.0	2573.0	358577.0	358577.0	358577.0	3458.2	332	0	0	331	0	0	0	0	0	0	0	0	0	0	0	0.0	56	24	0.016556274178571428																																													14.29	8.33																																																																																																																																																																							20.0	12.5																																												20.0																																																																																			
3_binette_bin175	unclassified	unclassified	unclassified	unclassified	unclassified	unclassified	unclassified	unclassified								unclassified	unclassified	unclassified	unclassified	unclassified	unclassified	unclassified	unclassified	1	3.5	0.01	0.0	91.0	91.0	91.0	53.92	38.0	80.0	5963.0	3237.0	2625.0	300405.0	300405.0	300405.0	3482.4	268	0	0	268	0	0	0	0	0	0	0	0	0	0	0	0.0	56	24	0.011192909749999999																																																																																																																																														12.5		11.11	10.0																																																																																																																																																																																																				
8_binette_bin10	unclassified	unclassified	unclassified	unclassified	unclassified	unclassified	unclassified	unclassified								unclassified	unclassified	unclassified	unclassified	unclassified	unclassified	unclassified	unclassified	1	3.5	0.0	0.0	120.0	120.0	120.0	44.3	52.0	106.0	4074.0	1735.0	1527.0	218696.0	218696.0	218696.0	1910.6	527	0	0	527	1	0	0	0	0	0	0	0	0	0	0	0.0	56	24	0.3510071674285714																																																																																																																																																																																																																																																																																																																																																					
3_binette_bin178	unclassified	unclassified	unclassified	unclassified	unclassified	unclassified	unclassified	unclassified								unclassified	unclassified	unclassified	unclassified	unclassified	unclassified	unclassified	unclassified	1	3.4	0.0	0.0	245.0	245.0	245.0	34.42	121.0	220.0	2816.0	2579.0	2515.0	634795.0	634795.0	634795.0	2592.7	370	0	0	370	0	0	0	0	0	1	0	0	0	0	0	0.0	56	24	0.0093478065																																																																																																																																																																																																																				16.67																																																																																																																																	
2_binette_bin216	unclassified	unclassified	unclassified	unclassified	unclassified	unclassified	unclassified	unclassified								unclassified	unclassified	unclassified	unclassified	unclassified	unclassified	unclassified	unclassified	1	3.3	0.0	0.0	65.0	65.0	65.0	34.47	28.0	57.0	2258.0	1153.0	1026.0	81623.0	81623.0	81623.0	1333.3	153	1	0	153	0	0	0	0	0	0	0	0	0	25	0	0.0	56	24	0.022589959																																																																																																																																																																																																																																																																																																																																																					
4_binette_bin123	unclassified	unclassified	unclassified	unclassified	unclassified	unclassified	unclassified	unclassified								unclassified	unclassified	unclassified	unclassified	unclassified	unclassified	unclassified	unclassified	1	3.3	0.0	0.0	217.0	217.0	217.0	45.26	103.0	194.0	2502.0	1596.0	1517.0	353893.0	353893.0	353893.0	1642.4	289	0	0	289	0	0	0	0	0	1	0	0	0	0	0	0.0	56	24	0.011978685392857144																																																																																																																																																																																																																																																																																																																																																					
3_binette_bin205	unclassified	unclassified	unclassified	unclassified	unclassified	unclassified	unclassified	unclassified								unclassified	unclassified	unclassified	unclassified	unclassified	unclassified	unclassified	unclassified	1	3.3	0.0	0.0	89.0	89.0	89.0	49.82	40.0	78.0	1966.0	1297.0	1065.0	113722.0	113722.0	113722.0	1310.0	214	0	0	214	0	0	0	0	0	0	0	0	0	0	0	0.0	56	24	0.011405324642857142																																																																																																																																																																																																																																																																																																																																																					
3_binette_bin198	unclassified	unclassified	unclassified	unclassified	unclassified	unclassified	unclassified	unclassified								unclassified	unclassified	unclassified	unclassified	unclassified	unclassified	unclassified	unclassified	1	3.2	0.01	0.0	62.0	62.0	62.0	58.07	25.0	54.0	7283.0	3229.0	2673.0	209986.0	209986.0	209986.0	3633.9	357	0	0	357	0	0	0	0	0	1	0	0	0	0	0	0.0	56	24	0.010292395857142856																																																																																																																																																																																																																																																																																																																															7.69																						
3_binette_bin191	unclassified	unclassified	unclassified	unclassified	unclassified	unclassified	unclassified	unclassified								unclassified	unclassified	unclassified	unclassified	unclassified	unclassified	unclassified	unclassified	1	3.2	0.01	0.0	174.0	174.0	174.0	56.2	84.0	156.0	2053.0	1807.0	1718.0	318394.0	318394.0	318394.0	1835.1	288	0	0	288	0	0	0	0	0	0	0	0	0	0	0	0.0	56	24	0.01117331292857143																																																																																																																																																																																																																																																																																																																																																					
4_binette_bin128	unclassified	unclassified	unclassified	unclassified	unclassified	unclassified	unclassified	unclassified								unclassified	unclassified	unclassified	unclassified	unclassified	unclassified	unclassified	unclassified	1	3.2	0.0	0.0	136.0	136.0	136.0	63.22	53.0	118.0	4915.0	1375.0	1067.0	195404.0	195404.0	195404.0	1641.2	238	0	0	238	0	0	0	0	0	0	0	0	0	0	0	0.0	56	24	0.0493052477142857																																																																																																																																																																																																																																																																																																																																																					
3_binette_bin199	unclassified	unclassified	unclassified	unclassified	unclassified	unclassified	unclassified	unclassified								unclassified	unclassified	unclassified	unclassified	unclassified	unclassified	unclassified	unclassified	1	3.2	0.01	0.0	131.0	131.0	131.0	44.4	61.0	117.0	3892.0	2794.0	2523.0	368689.0	368689.0	368689.0	2841.9	457	0	0	456	0	0	0	0	0	1	0	0	0	0	0	0.0	56	24	0.012289351821428571																																																																																																																				33.33																																																																																																																																																																																																																																	
3_binette_bin177	unclassified	unclassified	unclassified	unclassified	unclassified	unclassified	unclassified	unclassified								unclassified	unclassified	unclassified	unclassified	unclassified	unclassified	unclassified	unclassified	1	3.2	0.0	0.0	58.0	58.0	58.0	46.75	18.0	46.0	19269.0	7386.0	3779.0	391547.0	391547.0	391547.0	8905.9	245	0	0	245	0	0	0	0	0	4	0	0	0	0	0	0.0	56	24	0.023307928892857144												14.29																																																																																																																7.14																																																																																																																																																																		50.0																																																							
7_binette_bin67	Bacteria	Pseudomonadati	Pseudomonadota	Alphaproteobacteria	Rhodobacterales	Paracoccaceae	Paracoccus	Paracoccus lutimaris								Bacteria	Pseudomonadati	Pseudomonadota	Alphaproteobacteria	Rhodobacterales	Paracoccaceae	Paracoccus	Paracoccus lutimaris	1	3.2	0.0	0.0	51.0	51.0	51.0	66.23	18.0	44.0	3950.0	1470.0	1042.0	79535.0	79535.0	79535.0	1823.3	84	0	0	34	0	0	0	0	0	0	0	0	0	0	0	0.0	56	24	0.025866430535714285				20.0																														50.0		25.0										2.08															12.5	33.33				8.33																					3.12																																		25.0							16.67																				100.0								33.33										33.33																																9.09								16.67																																		2.86																							33.33							10.0																																			16.67											11.11													16.67												50.0
3_binette_bin195	unclassified	unclassified	unclassified	unclassified	unclassified	unclassified	unclassified	unclassified								unclassified	unclassified	unclassified	unclassified	unclassified	unclassified	unclassified	unclassified	1	3.2	0.01	0.0	180.0	180.0	180.0	51.15	86.0	161.0	1996.0	1768.0	1654.0	318183.0	318183.0	318183.0	1772.7	280	0	0	280	0	0	0	0	0	0	0	0	0	0	0	0.0	56	24	0.012422953107142854																																																																																																																																																																																																																																																																																																																																																					
2_binette_bin206	unclassified	unclassified	unclassified	unclassified	unclassified	unclassified	unclassified	unclassified								unclassified	unclassified	unclassified	unclassified	unclassified	unclassified	unclassified	unclassified	1	3.2	0.01	0.0	177.0	177.0	177.0	53.21	79.0	156.0	1956.0	1185.0	1032.0	214173.0	214173.0	214173.0	1237.5	193	0	0	193	0	0	0	0	0	0	0	0	0	0	0	0.0	56	24	0.0012363617142857142																																																																																																																																																																							2.78																																																																																																																																																																														
3_binette_bin190	unclassified	unclassified	unclassified	unclassified	unclassified	unclassified	unclassified	unclassified								unclassified	unclassified	unclassified	unclassified	unclassified	unclassified	unclassified	unclassified	1	3.2	0.0	0.0	189.0	189.0	189.0	43.46	80.0	165.0	2327.0	1251.0	1047.0	246285.0	246285.0	246285.0	1368.2	259	0	0	259	0	0	0	0	0	0	0	0	0	0	0	0.0	56	24	0.02017955198214286																																																																																																																																																																																																																																																																																																																																																					
7_binette_bin70	unclassified	unclassified	unclassified	unclassified	unclassified	unclassified	unclassified	unclassified								unclassified	unclassified	unclassified	unclassified	unclassified	unclassified	unclassified	unclassified	1	3.1	0.0	0.0	103.0	103.0	103.0	43.4	43.0	90.0	6585.0	3190.0	2585.0	340691.0	340691.0	340691.0	3514.4	290	0	0	290	0	0	0	0	0	0	0	0	0	9	0	0.0	56	24	0.11976974710714285																																																																																																																																																																																																																																																																																																																																																					
3_binette_bin207	unclassified	unclassified	unclassified	unclassified	unclassified	unclassified	unclassified	unclassified								unclassified	unclassified	unclassified	unclassified	unclassified	unclassified	unclassified	unclassified	1	3.1	0.0	0.0	186.0	186.0	186.0	42.92	83.0	165.0	2345.0	1156.0	1020.0	220140.0	220140.0	220140.0	1213.6	213	0	0	212	0	0	0	0	0	1	0	0	0	10	0	0.0	56	24	0.12316325792857143																																																																																																																																																																																																																																																																																																																																																					
7_binette_bin72	unclassified	unclassified	unclassified	unclassified	unclassified	unclassified	unclassified	unclassified								unclassified	unclassified	unclassified	unclassified	unclassified	unclassified	unclassified	unclassified	1	3.1	0.0	0.0	99.0	99.0	99.0	44.96	42.0	87.0	8116.0	3055.0	2575.0	317594.0	317594.0	317594.0	3460.2	338	0	0	338	0	0	0	0	0	0	3	0	0	23	0	0.0	56	24	0.13157734510714286																																																																																																																																																																																																																																																																																																																																																					
4_binette_bin129	unclassified	unclassified	unclassified	unclassified	unclassified	unclassified	unclassified	unclassified								unclassified	unclassified	unclassified	unclassified	unclassified	unclassified	unclassified	unclassified	1	3.1	0.0	0.0	273.0	273.0	273.0	34.25	125.0	243.0	2205.0	1101.0	1014.0	308489.0	308489.0	308489.0	1144.8	192	0	0	192	0	0	0	0	0	0	0	0	0	0	0	0.0	56	24	0.010216647678571429																																																																																																																															25.0																																																																																																																																																																																																																						
3_binette_bin196	unclassified	unclassified	unclassified	unclassified	unclassified	unclassified	unclassified	unclassified								unclassified	unclassified	unclassified	unclassified	unclassified	unclassified	unclassified	unclassified	1	3.1	0.0	0.0	216.0	216.0	216.0	47.74	106.0	194.0	1685.0	1560.0	1510.0	337023.0	337023.0	337023.0	1561.3	275	0	0	275	0	0	0	0	0	0	0	0	0	0	0	0.0	56	24	0.013251590428571427																																																																																																																																																																																																																				16.67																																																																																																																																	
4_binette_bin122	unclassified	unclassified	unclassified	unclassified	unclassified	unclassified	unclassified	unclassified								unclassified	unclassified	unclassified	unclassified	unclassified	unclassified	unclassified	unclassified	1	3.1	0.01	0.0	137.0	137.0	137.0	53.52	60.0	121.0	5856.0	2947.0	2553.0	418170.0	418170.0	418170.0	3164.1	289	0	0	289	0	0	0	0	0	0	0	0	0	0	0	0.0	56	24	0.012139592357142858																																																																																																																											14.29						11.11	20.0																																																																															14.29		25.0																																																												9.09																																																																						
7_binette_bin65	unclassified	unclassified	unclassified	unclassified	unclassified	unclassified	unclassified	unclassified								unclassified	unclassified	unclassified	unclassified	unclassified	unclassified	unclassified	unclassified	1	3.1	0.0	0.0	388.0	388.0	388.0	44.39	154.0	336.0	4750.0	1365.0	1068.0	542144.0	542144.0	542144.0	1523.4	140	0	0	140	0	0	0	0	0	0	0	0	0	2	0	0.0	56	24	0.24111610849999998												14.29																														14.29		25.0																																																7.69																																7.14		33.33																																																																							12.5																																																		12.5																							5.0																																																																							
6_binette_bin35	unclassified	unclassified	unclassified	unclassified	unclassified	unclassified	unclassified	unclassified								unclassified	unclassified	unclassified	unclassified	unclassified	unclassified	unclassified	unclassified	1	3.1	0.0	0.0	58.0	58.0	58.0	46.86	26.0	52.0	2312.0	1126.0	1011.0	68972.0	68972.0	68972.0	1237.9	45	0	0	45	0	0	0	0	0	0	1	0	0	2	0	0.0	56	24	0.3289786724999999																																																																																																																																																																																																																																																																																																																																																					
3_binette_bin221	unclassified	unclassified	unclassified	unclassified	unclassified	unclassified	unclassified	unclassified								unclassified	unclassified	unclassified	unclassified	unclassified	unclassified	unclassified	unclassified	1	3.0	0.01	0.0	148.0	148.0	148.0	56.25	71.0	132.0	2038.0	1857.0	1721.0	273051.0	273051.0	273051.0	1850.1	361	0	0	361	0	0	0	0	0	0	0	0	0	2	0	0.0	56	24	0.014469791499999997																																																																																																																																																																																																																																																																																						20.0																																																															
3_binette_bin151	unclassified	unclassified	unclassified	unclassified	unclassified	unclassified	unclassified	unclassified								unclassified	unclassified	unclassified	unclassified	unclassified	unclassified	unclassified	unclassified	1	3.0	0.01	0.0	116.0	116.0	116.0	59.55	48.0	102.0	8579.0	3094.0	2606.0	376771.0	376771.0	376771.0	3493.1	257	0	0	257	0	0	0	0	0	0	0	0	0	0	0	0.0	56	24	0.010762730535714285																																																													3.12		5.0														10.0	25.0																																																																																																																																																																																																																																																																							
3_binette_bin181	unclassified	unclassified	unclassified	unclassified	unclassified	unclassified	unclassified	unclassified								unclassified	unclassified	unclassified	unclassified	unclassified	unclassified	unclassified	unclassified	1	3.0	0.0	0.0	314.0	314.0	314.0	43.32	141.0	278.0	1872.0	1113.0	1015.0	364244.0	364244.0	364244.0	1184.8	124	0	0	124	0	0	0	0	0	0	1	0	0	9	0	0.0	56	24	0.11371129460714284																																																																																																																																																																																																																																																																																																																																																					
4_binette_bin121	unclassified	unclassified	unclassified	unclassified	unclassified	unclassified	unclassified	unclassified								unclassified	unclassified	unclassified	unclassified	unclassified	unclassified	unclassified	unclassified	1	3.0	0.0	0.0	82.0	82.0	82.0	46.16	29.0	70.0	10634.0	3809.0	2642.0	328070.0	328070.0	328070.0	4707.5	76	0	0	76	0	0	0	0	0	0	0	0	0	1	0	0.0	56	24	0.039880190749999996																																																													3.12		5.0																																																																																																																																																																																																																												25.0																																																										
3_binette_bin215	unclassified	unclassified	unclassified	unclassified	unclassified	unclassified	unclassified	unclassified								unclassified	unclassified	unclassified	unclassified	unclassified	unclassified	unclassified	unclassified	1	3.0	0.0	0.0	107.0	107.0	107.0	43.4	44.0	94.0	2837.0	1273.0	1033.0	140452.0	140452.0	140452.0	1392.5	257	0	0	257	0	0	0	0	0	0	0	0	0	0	0	0.0	56	24	0.03879934139285714																																																																																																																																																																																																																																																																																																																																																					
8_binette_bin82	unclassified	unclassified	unclassified	unclassified	unclassified	unclassified	unclassified	unclassified								unclassified	unclassified	unclassified	unclassified	unclassified	unclassified	unclassified	unclassified	1	3.0	0.0	0.0	157.0	157.0	157.0	39.34	69.0	138.0	1956.0	1484.0	1292.0	235546.0	235546.0	235546.0	1531.7	210	0	0	210	0	0	0	0	0	0	0	0	0	1	0	0.0	56	24	0.1280491917392857																																																																																6.67																										100.0	50.0																																																																																																																																																																																																																																										
3_binette_bin203	unclassified	unclassified	unclassified	unclassified	unclassified	unclassified	unclassified	unclassified								unclassified	unclassified	unclassified	unclassified	unclassified	unclassified	unclassified	unclassified	1	3.0	0.0	0.0	86.0	86.0	86.0	51.39	40.0	77.0	3744.0	2788.0	2565.0	248508.0	248508.0	248508.0	2924.3	283	0	0	283	0	0	0	0	0	0	0	0	0	2	0	0.0	56	24	0.010171268571428572																																																																																																																																						50.0																																																																																																																																																																																																															
7_binette_bin12	unclassified	unclassified	unclassified	unclassified	unclassified	unclassified	unclassified	unclassified								unclassified	unclassified	unclassified	unclassified	unclassified	unclassified	unclassified	unclassified	1	3.0	0.0	0.0	124.0	124.0	124.0	48.34	35.0	102.0	10906.0	1927.0	1120.0	240057.0	240057.0	240057.0	2937.7	386	0	0	386	0	0	0	0	0	0	0	0	0	2	0	0.0	56	24	0.20323730321428574																																																																																																																																																																																																																																																																																																																																																					
8_binette_bin75	unclassified	unclassified	unclassified	unclassified	unclassified	unclassified	unclassified	unclassified								unclassified	unclassified	unclassified	unclassified	unclassified	unclassified	unclassified	unclassified	1	3.0	0.0	0.0	312.0	312.0	312.0	44.62	135.0	275.0	2337.0	1191.0	1022.0	382365.0	382365.0	382365.0	1269.2	93	0	0	93	0	0	0	0	0	0	0	0	0	203	0	0.0	56	24	0.1681029731071428												14.29																																																																																																																7.14																																																																																																																																																																																																																									
7_binette_bin69	unclassified	unclassified	unclassified	unclassified	unclassified	unclassified	unclassified	unclassified								unclassified	unclassified	unclassified	unclassified	unclassified	unclassified	unclassified	unclassified	1	3.0	0.0	0.0	153.0	153.0	153.0	41.35	69.0	136.0	3851.0	1743.0	1519.0	268905.0	268905.0	268905.0	1805.9	167	0	0	167	0	0	0	0	0	0	0	0	0	0	0	0.0	56	24	0.144699434125												14.29																																																																																																																7.14																																																																																																																																																																																																																									
7_binette_bin80	unclassified	unclassified	unclassified	unclassified	unclassified	unclassified	unclassified	unclassified								unclassified	unclassified	unclassified	unclassified	unclassified	unclassified	unclassified	unclassified	1	3.0	0.0	0.0	107.0	107.0	107.0	43.36	45.0	94.0	2186.0	1249.0	1029.0	137619.0	137619.0	137619.0	1345.8	216	0	0	216	0	0	0	0	0	0	0	0	0	8	0	0.0	56	24	0.14645003999999998																																																																																																																																																																																																																																																																																																																																																					
4_binette_bin132	unclassified	unclassified	unclassified	unclassified	unclassified	unclassified	unclassified	unclassified								unclassified	unclassified	unclassified	unclassified	unclassified	unclassified	unclassified	unclassified	1	3.0	0.0	0.0	296.0	296.0	296.0	50.53	124.0	260.0	1986.0	1230.0	1040.0	376518.0	376518.0	376518.0	1321.7	321	0	0	321	0	0	0	0	0	0	0	0	0	1	0	0.0	56	24	0.011297415571428571																																																																																																																																	11.11																																																																																															33.33																																							33.33																																																		16.67																												
3_binette_bin204	unclassified	unclassified	unclassified	unclassified	unclassified	unclassified	unclassified	unclassified								unclassified	unclassified	unclassified	unclassified	unclassified	unclassified	unclassified	unclassified	1	2.9	0.0	0.0	97.0	97.0	97.0	42.54	46.0	87.0	4688.0	2668.0	2553.0	267368.0	267368.0	267368.0	2787.5	276	0	0	276	0	0	0	0	0	13	0	0	0	0	0	0.0	56	24	0.03759203096428571																																																									25.0																																																																																																																																																																																																																													20.0																																																															
7_binette_bin71	unclassified	unclassified	unclassified	unclassified	unclassified	unclassified	unclassified	unclassified								unclassified	unclassified	unclassified	unclassified	unclassified	unclassified	unclassified	unclassified	1	2.9	0.0	0.0	66.0	66.0	66.0	47.22	30.0	59.0	1568.0	1164.0	1021.0	77911.0	77911.0	77911.0	1199.6	99	0	0	99	0	0	0	0	0	0	0	0	0	0	0	0.0	56	24	0.26075104600000004																																																																																																																																																																																																																																																																																																																																																					
7_binette_bin74	unclassified	unclassified	unclassified	unclassified	unclassified	unclassified	unclassified	unclassified								unclassified	unclassified	unclassified	unclassified	unclassified	unclassified	unclassified	unclassified	1	2.9	0.0	0.0	116.0	116.0	116.0	47.3	54.0	103.0	2030.0	1726.0	1548.0	200790.0	200790.0	200790.0	1743.9	180	0	0	180	0	0	0	0	0	0	0	0	0	0	0	0.0	56	24	0.053831502853571425																																																																																																																																																																																																																12.5																																																																																																																																					
7_binette_bin73	unclassified	unclassified	unclassified	unclassified	unclassified	unclassified	unclassified	unclassified								unclassified	unclassified	unclassified	unclassified	unclassified	unclassified	unclassified	unclassified	1	2.9	0.0	0.0	61.0	61.0	61.0	42.09	26.0	54.0	2605.0	1242.0	1036.0	78640.0	78640.0	78640.0	1361.4	98	0	0	98	0	0	0	0	0	0	0	0	0	2	0	0.0	56	24	0.5163397277857142																																																																																																																																																																																																																																																																																																																																																					
3_binette_bin159	unclassified	unclassified	unclassified	unclassified	unclassified	unclassified	unclassified	unclassified								unclassified	unclassified	unclassified	unclassified	unclassified	unclassified	unclassified	unclassified	1	2.8	0.0	0.0	173.0	173.0	173.0	40.14	67.0	146.0	3270.0	1877.0	1089.0	287262.0	287262.0	287262.0	1809.7	200	0	0	197	0	0	0	0	0	10	0	0	0	0	0	0.0	56	24	0.11354961985714287												14.29																																																25.0																															20.0													8.33	8.33																			7.14			25.0																			12.5																																																																						7.14																																																																																																																													
3_binette_bin214	unclassified	unclassified	unclassified	unclassified	unclassified	unclassified	unclassified	unclassified								unclassified	unclassified	unclassified	unclassified	unclassified	unclassified	unclassified	unclassified	1	2.8	0.0	0.0	168.0	168.0	168.0	44.03	74.0	148.0	2009.0	1191.0	1038.0	204941.0	204941.0	204941.0	1252.7	249	0	0	249	0	0	0	0	0	0	0	0	0	3	0	0.0	56	24	0.148183498125																																																																																																																																																																																																																																																																																																																																																					
3_binette_bin202	unclassified	unclassified	unclassified	unclassified	unclassified	unclassified	unclassified	unclassified								unclassified	unclassified	unclassified	unclassified	unclassified	unclassified	unclassified	unclassified	1	2.8	0.0	0.0	75.0	75.0	75.0	49.77	32.0	66.0	5391.0	3032.0	2551.0	233306.0	233306.0	233306.0	3235.2	231	0	0	231	0	0	0	0	0	1	0	0	0	0	0	0.0	56	24	0.013228555392857144																																																																																																																																																																																																																																																																																																																																																					
3_binette_bin213	unclassified	unclassified	unclassified	unclassified	unclassified	unclassified	unclassified	unclassified								unclassified	unclassified	unclassified	unclassified	unclassified	unclassified	unclassified	unclassified	1	2.7	0.0	0.0	179.0	179.0	179.0	33.68	72.0	155.0	2905.0	1464.0	1061.0	255912.0	255912.0	255912.0	1524.7	188	0	0	188	0	0	0	0	0	0	0	0	0	0	0	0.0	56	24	0.03054257757142857																																																																																																																															25.0																																																																																																																																																																																																																						
3_binette_bin230	unclassified	unclassified	unclassified	unclassified	unclassified	unclassified	unclassified	unclassified								unclassified	unclassified	unclassified	unclassified	unclassified	unclassified	unclassified	unclassified	1	2.7	0.0	0.0	203.0	203.0	203.0	50.65	83.0	175.0	3354.0	1569.0	1186.0	317071.0	317071.0	317071.0	1657.4	339	0	0	339	0	0	0	0	0	0	0	0	0	0	0	0.0	56	24	0.0516510647357143																									8.33																																																																																																														50.0																																																																																																																																																																																																														
7_binette_bin78	unclassified	unclassified	unclassified	unclassified	unclassified	unclassified	unclassified	unclassified								unclassified	unclassified	unclassified	unclassified	unclassified	unclassified	unclassified	unclassified	1	2.7	0.0	0.0	233.0	233.0	233.0	43.92	100.0	205.0	2449.0	1235.0	1035.0	293726.0	293726.0	293726.0	1305.4	168	0	0	168	0	0	0	0	0	0	0	0	0	3	0	0.0	56	24	0.27812578673571425												14.29																																																																																																																7.14																																		12.5																									20.0																																																																																																																																																				33.33		33.33								
4_binette_bin32	unclassified	unclassified	unclassified	unclassified	unclassified	unclassified	unclassified	unclassified								unclassified	unclassified	unclassified	unclassified	unclassified	unclassified	unclassified	unclassified	1	2.7	0.0	0.0	91.0	91.0	91.0	48.47	28.0	76.0	6325.0	1817.0	1093.0	160518.0	160518.0	160518.0	2338.2	291	0	0	291	0	0	0	0	0	0	0	0	0	0	0	0.0	56	24	0.1769564944285714																																																																																																																																																																																																																																																																																																																																																					
3_binette_bin192	unclassified	unclassified	unclassified	unclassified	unclassified	unclassified	unclassified	unclassified								unclassified	unclassified	unclassified	unclassified	unclassified	unclassified	unclassified	unclassified	1	2.6	0.0	0.0	100.0	100.0	100.0	42.05	44.0	88.0	5649.0	3042.0	2618.0	309723.0	309723.0	309723.0	3188.1	187	0	0	187	0	0	0	0	0	0	0	0	0	0	0	0.0	56	24	0.01071359075																																																																																																																																																																																																																																																																																																																																																					
8_binette_bin87	unclassified	unclassified	unclassified	unclassified	unclassified	unclassified	unclassified	unclassified								unclassified	unclassified	unclassified	unclassified	unclassified	unclassified	unclassified	unclassified	1	2.6	0.0	0.0	189.0	189.0	189.0	46.89	84.0	167.0	2227.0	1167.0	1027.0	226532.0	226532.0	226532.0	1230.9	183	0	0	183	0	0	0	0	0	0	0	0	0	3	0	0.0	56	24	0.05929242711785714																																																																																																																																																																																																																																																																																																																																																					
3_binette_bin227	unclassified	unclassified	unclassified	unclassified	unclassified	unclassified	unclassified	unclassified								unclassified	unclassified	unclassified	unclassified	unclassified	unclassified	unclassified	unclassified	1	2.6	0.0	0.0	48.0	48.0	48.0	33.17	18.0	41.0	8807.0	4658.0	3204.0	212062.0	212062.0	212062.0	4852.8	222	0	0	221	0	0	0	0	0	3	0	0	0	0	0	0.0	56	24	0.01948486557142857																																																																																																																																																																																																																																																																																																																																																					
3_binette_bin211	unclassified	unclassified	unclassified	unclassified	unclassified	unclassified	unclassified	unclassified								unclassified	unclassified	unclassified	unclassified	unclassified	unclassified	unclassified	unclassified	1	2.6	0.0	0.0	164.0	164.0	164.0	34.38	79.0	147.0	2685.0	2248.0	2130.0	372653.0	372653.0	372653.0	2280.3	197	0	0	197	0	0	0	0	0	0	0	0	0	0	0	0.0	56	24	0.009927059857142857																																																																																																																															25.0																																																																																																																																																																																																																						
3_binette_bin216	unclassified	unclassified	unclassified	unclassified	unclassified	unclassified	unclassified	unclassified								unclassified	unclassified	unclassified	unclassified	unclassified	unclassified	unclassified	unclassified	1	2.6	0.0	0.0	129.0	129.0	129.0	45.16	55.0	114.0	5694.0	1159.0	1016.0	159206.0	159206.0	159206.0	1420.5	132	0	0	132	0	0	0	0	0	0	0	0	0	1	0	0.0	56	24	0.2878015813571429												14.29																																																																																																																7.14																																																																																																																																																																																						25.0																																			
8_binette_bin84	unclassified	unclassified	unclassified	unclassified	unclassified	unclassified	unclassified	unclassified								unclassified	unclassified	unclassified	unclassified	unclassified	unclassified	unclassified	unclassified	1	2.6	0.0	0.0	248.0	248.0	248.0	45.91	103.0	216.0	2547.0	1354.0	1055.0	334065.0	334065.0	334065.0	1411.1	166	0	0	166	0	0	0	0	0	0	0	0	0	6	0	0.0	56	24	0.18544520843928572																																																																																																																																																																																																																																																																																																																																																					
3_binette_bin212	unclassified	unclassified	unclassified	unclassified	unclassified	unclassified	unclassified	unclassified								unclassified	unclassified	unclassified	unclassified	unclassified	unclassified	unclassified	unclassified	1	2.6	0.0	0.0	71.0	71.0	71.0	40.01	28.0	62.0	3460.0	1287.0	1049.0	98502.0	98502.0	98502.0	1540.1	166	0	0	166	0	0	0	0	0	0	1	0	0	0	0	0.0	56	24	0.6027435975																																																																																																																																																																																																																																																																																																												100.0																																									
4_binette_bin131	unclassified	unclassified	unclassified	unclassified	unclassified	unclassified	unclassified	unclassified								unclassified	unclassified	unclassified	unclassified	unclassified	unclassified	unclassified	unclassified	1	2.6	0.0	0.0	63.0	63.0	63.0	39.02	25.0	55.0	7856.0	3488.0	2660.0	229271.0	229271.0	229271.0	3965.9	169	0	0	169	0	0	0	0	0	0	0	0	0	2	0	0.0	98	52	0.1298976329285714																																																																																																										100.0	50.0																																																																																																																																																																																																																																										
8_binette_bin76	unclassified	unclassified	unclassified	unclassified	unclassified	unclassified	unclassified	unclassified								unclassified	unclassified	unclassified	unclassified	unclassified	unclassified	unclassified	unclassified	2	2.6	0.0	0.0	114.0	114.0	114.0	42.85	46.0	100.0	8594.0	3045.0	2624.0	377550.0	377550.0	377550.0	3635.5	121	0	0	121	0	0	0	0	0	0	0	0	0	8	0	0.0	56	24	0.08177624884642858												14.29																																																																																																																7.14																																																																																																																																																																																																																									
2_binette_bin219	unclassified	unclassified	unclassified	unclassified	unclassified	unclassified	unclassified	unclassified								unclassified	unclassified	unclassified	unclassified	unclassified	unclassified	unclassified	unclassified	1	2.6	0.0	0.0	236.0	236.0	236.0	45.63	111.0	210.0	1540.0	1237.0	1128.0	294333.0	294333.0	294333.0	1255.9	91	0	0	91	0	0	0	0	0	0	0	0	0	0	0	0.0	56	24	0.011981554285714286																																																																																																																																																																																																																																																																																																																																																					
4_binette_bin133	unclassified	unclassified	unclassified	unclassified	unclassified	unclassified	unclassified	unclassified								unclassified	unclassified	unclassified	unclassified	unclassified	unclassified	unclassified	unclassified	1	2.6	0.0	0.0	52.0	52.0	52.0	45.32	19.0	45.0	4294.0	1535.0	1059.0	79626.0	79626.0	79626.0	1772.2	241	0	0	241	0	0	0	0	0	0	0	0	0	0	0	0.0	56	24	0.028145204321428578																																																																																																																																																																																																																																																																																																																																																					
7_binette_bin79	unclassified	unclassified	unclassified	unclassified	unclassified	unclassified	unclassified	unclassified								unclassified	unclassified	unclassified	unclassified	unclassified	unclassified	unclassified	unclassified	1	2.6	0.0	0.0	73.0	73.0	73.0	43.38	32.0	65.0	5307.0	2971.0	2556.0	224724.0	224724.0	224724.0	3209.4	141	0	0	141	0	0	0	0	0	0	0	0	0	6	0	0.0	56	24	0.06810855934642858																																																																																																																																																																																																																																																																																																																																																					
3_binette_bin220	unclassified	unclassified	unclassified	unclassified	unclassified	unclassified	unclassified	unclassified								unclassified	unclassified	unclassified	unclassified	unclassified	unclassified	unclassified	unclassified	1	2.6	0.0	0.0	95.0	95.0	95.0	38.64	47.0	86.0	2796.0	2587.0	2518.0	247036.0	247036.0	247036.0	2602.2	164	0	0	163	0	0	0	0	0	6	0	0	0	0	0	0.0	56	24	0.024369592214285717																																																																																																																																																																																																																																																																																																																																																					
3_binette_bin225	unclassified	unclassified	unclassified	unclassified	unclassified	unclassified	unclassified	unclassified								unclassified	unclassified	unclassified	unclassified	unclassified	unclassified	unclassified	unclassified	1	2.6	0.0	0.0	82.0	82.0	82.0	53.18	34.0	72.0	3657.0	1309.0	1044.0	109005.0	109005.0	109005.0	1442.3	149	0	0	149	0	0	0	0	0	0	0	0	0	0	0	0.0	56	24	0.02422826771428571																																																																																																																																																																																																																																																																																																																																																					
8_binette_bin8	unclassified	unclassified	unclassified	unclassified	unclassified	unclassified	unclassified	unclassified								unclassified	unclassified	unclassified	unclassified	unclassified	unclassified	unclassified	unclassified	1	2.6	0.0	0.0	72.0	72.0	72.0	48.73	21.0	59.0	7128.0	1984.0	1084.0	135015.0	135015.0	135015.0	2586.1	255	0	0	255	0	0	0	0	0	0	0	0	0	0	0	0.0	56	24	0.21572153457142856												14.29																																																																																																																7.14																																																																																																																																																																																																																									
4_binette_bin135	unclassified	unclassified	unclassified	unclassified	unclassified	unclassified	unclassified	unclassified								unclassified	unclassified	unclassified	unclassified	unclassified	unclassified	unclassified	unclassified	1	2.6	0.0	0.0	137.0	137.0	137.0	34.33	60.0	121.0	2302.0	1148.0	1022.0	165595.0	165595.0	165595.0	1257.7	102	0	0	102	0	0	0	0	0	0	0	0	0	0	0	0.0	56	24	0.012327577285714287																																																																																																																																																																																																																																																																																																																																																					
8_binette_bin83	unclassified	unclassified	unclassified	unclassified	unclassified	unclassified	unclassified	unclassified								unclassified	unclassified	unclassified	unclassified	unclassified	unclassified	unclassified	unclassified	1	2.6	0.0	0.0	259.0	259.0	259.0	44.26	116.0	229.0	1909.0	1130.0	1022.0	303351.0	303351.0	303351.0	1197.5	142	0	0	142	0	0	0	0	0	0	0	0	0	3	0	0.0	56	24	0.14264272625												14.29																																																																																																																7.14																																																																																																																																																																																																																									
8_binette_bin81	unclassified	unclassified	unclassified	unclassified	unclassified	unclassified	unclassified	unclassified								unclassified	unclassified	unclassified	unclassified	unclassified	unclassified	unclassified	unclassified	1	2.6	0.0	0.0	164.0	164.0	164.0	42.03	65.0	140.0	3919.0	1855.0	1296.0	291681.0	291681.0	291681.0	1904.5	88	0	0	88	0	0	0	0	0	0	0	0	0	8	0	0.0	56	24	0.1984145303928571												14.29																																																																																																																7.14																																																																																																																																																																																																																									
3_binette_bin217	unclassified	unclassified	unclassified	unclassified	unclassified	unclassified	unclassified	unclassified								unclassified	unclassified	unclassified	unclassified	unclassified	unclassified	unclassified	unclassified	1	2.5	0.0	0.0	54.0	54.0	54.0	60.62	20.0	46.0	3762.0	1698.0	1148.0	91805.0	91805.0	91805.0	1928.2	128	0	0	128	0	0	0	0	0	0	0	0	0	0	0	0.0	56	24	0.010062858892857143																																																																																																																																																																																																																																																																																																																																																					
8_binette_bin85	unclassified	unclassified	unclassified	unclassified	unclassified	unclassified	unclassified	unclassified								unclassified	unclassified	unclassified	unclassified	unclassified	unclassified	unclassified	unclassified	1	2.5	0.0	0.0	173.0	173.0	173.0	43.93	71.0	150.0	2401.0	1424.0	1072.0	244682.0	244682.0	244682.0	1489.7	48	0	0	48	0	0	0	0	0	0	0	0	0	92	0	0.0	56	24	0.2394837756428571																																																																																																																																																																																																																																																																																																																																																					
2_binette_bin220	unclassified	unclassified	unclassified	unclassified	unclassified	unclassified	unclassified	unclassified								unclassified	unclassified	unclassified	unclassified	unclassified	unclassified	unclassified	unclassified	1	2.5	0.0	0.0	29.0	29.0	29.0	53.03	9.0	25.0	5386.0	1785.0	1106.0	51301.0	51301.0	51301.0	2396.9	53	0	0	53	0	0	0	0	0	0	0	0	0	0	0	0.0	56	24	0.004634642857142857																																																																																																																																																																																																																																																																																																																																																					
8_binette_bin86	unclassified	unclassified	unclassified	unclassified	unclassified	unclassified	unclassified	unclassified								unclassified	unclassified	unclassified	unclassified	unclassified	unclassified	unclassified	unclassified	1	2.5	0.0	0.0	185.0	185.0	185.0	44.66	80.0	163.0	2221.0	1230.0	1039.0	232310.0	232310.0	232310.0	1300.4	142	0	0	142	0	0	0	0	0	0	0	0	0	9	0	0.0	56	24	0.222145555												14.29																																																																																																																7.14																																																																																																																																																																																																																									
3_binette_bin208	unclassified	unclassified	unclassified	unclassified	unclassified	unclassified	unclassified	unclassified								unclassified	unclassified	unclassified	unclassified	unclassified	unclassified	unclassified	unclassified	1	2.5	0.0	0.0	89.0	89.0	89.0	37.7	39.0	79.0	5803.0	3169.0	2759.0	294270.0	294270.0	294270.0	3433.1	127	0	0	126	0	0	0	0	0	8	0	0	0	0	0	0.0	56	24	0.022508178892857143																																																																																																																																																																																																																																																																																																																																																					
3_binette_bin222	unclassified	unclassified	unclassified	unclassified	unclassified	unclassified	unclassified	unclassified								unclassified	unclassified	unclassified	unclassified	unclassified	unclassified	unclassified	unclassified	1	2.5	0.0	0.0	65.0	65.0	65.0	56.25	28.0	57.0	2457.0	1219.0	1029.0	82186.0	82186.0	82186.0	1331.3	88	0	0	88	0	0	0	0	0	0	0	0	0	0	0	0.0	56	24	0.024416895678571426																																																																																																																																																																																																																																																																																																																																																					
4_binette_bin136	unclassified	unclassified	unclassified	unclassified	unclassified	unclassified	unclassified	unclassified								unclassified	unclassified	unclassified	unclassified	unclassified	unclassified	unclassified	unclassified	1	2.4	0.0	0.0	59.0	59.0	59.0	45.26	25.0	52.0	2485.0	1263.0	1031.0	76235.0	76235.0	76235.0	1362.3	79	0	0	79	0	0	0	0	0	0	0	0	0	0	0	0.0	56	24	0.016312104071428572																																																																																																																																																																																																																																																																																																																																																					
3_binette_bin224	unclassified	unclassified	unclassified	unclassified	unclassified	unclassified	unclassified	unclassified								unclassified	unclassified	unclassified	unclassified	unclassified	unclassified	unclassified	unclassified	1	2.4	0.0	0.0	65.0	65.0	65.0	54.79	27.0	57.0	3386.0	1259.0	1032.0	85723.0	85723.0	85723.0	1431.6	41	0	0	41	0	0	0	0	0	0	0	0	0	0	0	0.0	56	24	0.02137509407142857																																																																																																																																																																																																																																																																																																																																																					
7_binette_bin81	unclassified	unclassified	unclassified	unclassified	unclassified	unclassified	unclassified	unclassified								unclassified	unclassified	unclassified	unclassified	unclassified	unclassified	unclassified	unclassified	1	2.4	0.0	0.0	86.0	86.0	86.0	40.15	39.0	76.0	1825.0	1181.0	1017.0	100890.0	100890.0	100890.0	1194.6	73	0	0	73	0	0	0	0	0	0	0	0	0	0	0	0.0	56	24	0.09480156421428572																																																																																																																																																																																																																																																																																																																																																					
4_binette_bin137	unclassified	unclassified	unclassified	unclassified	unclassified	unclassified	unclassified	unclassified								unclassified	unclassified	unclassified	unclassified	unclassified	unclassified	unclassified	unclassified	1	2.4	0.0	0.0	52.0	52.0	52.0	54.96	24.0	46.0	1813.0	1204.0	1048.0	63381.0	63381.0	63381.0	1245.1	113	0	0	113	0	0	0	0	0	0	0	0	0	0	0	0.0	56	24	0.011604119892857142																																																																																																																																																																																																																																																																																																																																																					
8_binette_bin77	unclassified	unclassified	unclassified	unclassified	unclassified	unclassified	unclassified	unclassified								unclassified	unclassified	unclassified	unclassified	unclassified	unclassified	unclassified	unclassified	1	2.4	0.01	0.0	236.0	236.0	236.0	42.84	106.0	209.0	2612.0	1129.0	1020.0	276838.0	276838.0	276838.0	1205.0	215	0	0	215	0	0	0	0	0	0	0	0	0	0	0	0.0	56	24	2.229649493339285																																																																																																																																																																																																																																																																																																																																																					
4_binette_bin138	unclassified	unclassified	unclassified	unclassified	unclassified	unclassified	unclassified	unclassified								unclassified	unclassified	unclassified	unclassified	unclassified	unclassified	unclassified	unclassified	1	2.4	0.0	0.0	76.0	76.0	76.0	48.71	35.0	68.0	1781.0	1136.0	1020.0	87096.0	87096.0	87096.0	1162.5	73	0	0	73	0	0	0	0	0	0	0	0	0	0	0	0.0	56	24	0.020112207892857146																																																																																																																																																																																																																																																																																																																																																					
8_binette_bin90	unclassified	unclassified	unclassified	unclassified	unclassified	unclassified	unclassified	unclassified								unclassified	unclassified	unclassified	unclassified	unclassified	unclassified	unclassified	unclassified	1	2.4	0.0	0.0	166.0	166.0	166.0	45.2	73.0	146.0	1938.0	1205.0	1032.0	202876.0	202876.0	202876.0	1255.8	76	0	0	76	0	0	0	0	0	0	0	0	0	10	0	0.0	56	24	0.0598339354392857																																																																																																																																																																																																																																																																																																																																																					
3_binette_bin226	unclassified	unclassified	unclassified	unclassified	unclassified	unclassified	unclassified	unclassified								unclassified	unclassified	unclassified	unclassified	unclassified	unclassified	unclassified	unclassified	1	2.4	0.0	0.0	59.0	59.0	59.0	47.8	23.0	51.0	3053.0	1391.0	1035.0	84339.0	84339.0	84339.0	1561.3	156	0	0	156	0	0	0	0	0	0	0	0	0	0	0	0.0	56	24	0.7564229074999999																																																																																																																																																																																																																																																																																																																																																					
3_binette_bin210	unclassified	unclassified	unclassified	unclassified	unclassified	unclassified	unclassified	unclassified								unclassified	unclassified	unclassified	unclassified	unclassified	unclassified	unclassified	unclassified	1	2.4	0.0	0.0	79.0	79.0	79.0	48.29	35.0	70.0	4427.0	2846.0	2589.0	236750.0	236750.0	236750.0	3074.5	94	0	0	94	0	0	0	0	0	3	0	0	0	0	0	0.0	56	24	0.02063813357142857																																																																																																																																																																																																																																																																																																																																																					
7_binette_bin68	unclassified	unclassified	unclassified	unclassified	unclassified	unclassified	unclassified	unclassified								unclassified	unclassified	unclassified	unclassified	unclassified	unclassified	unclassified	unclassified	1	2.4	0.01	0.0	243.0	243.0	243.0	43.1	108.0	215.0	2813.0	1148.0	1020.0	289385.0	289385.0	289385.0	1231.1	202	0	0	202	0	0	0	0	0	0	0	0	0	0	0	0.0	56	24	2.2189687576535713																																																																																																																																																																																																																																																																																																																																																					
3_binette_bin206	unclassified	unclassified	unclassified	unclassified	unclassified	unclassified	unclassified	unclassified								unclassified	unclassified	unclassified	unclassified	unclassified	unclassified	unclassified	unclassified	1	2.4	0.0	0.0	89.0	89.0	89.0	41.01	38.0	78.0	6042.0	3494.0	2866.0	314161.0	314161.0	314161.0	3665.6	97	0	0	97	0	0	0	0	0	0	0	0	0	0	0	0.0	56	24	0.01328682867857143																																																																																																																																																																																																																																																																																																																																																					
3_binette_bin228	unclassified	unclassified	unclassified	unclassified	unclassified	unclassified	unclassified	unclassified								unclassified	unclassified	unclassified	unclassified	unclassified	unclassified	unclassified	unclassified	1	2.4	0.0	0.0	55.0	55.0	55.0	61.73	23.0	48.0	2819.0	1224.0	1054.0	71801.0	71801.0	71801.0	1417.1	83	0	0	83	0	0	0	0	0	0	0	0	0	0	0	0.0	56	24	0.012471707714285714																																																																																																																																																																																																																																																																																																																																																					
8_binette_bin79	unclassified	unclassified	unclassified	unclassified	unclassified	unclassified	unclassified	unclassified								unclassified	unclassified	unclassified	unclassified	unclassified	unclassified	unclassified	unclassified	1	2.4	0.0	0.0	192.0	192.0	192.0	41.72	83.0	169.0	2344.0	1216.0	1036.0	239883.0	239883.0	239883.0	1298.8	52	0	0	52	0	0	0	0	0	0	0	0	0	1	0	0.0	56	24	0.10980744325000004								25.0																																																																																		50.0																																																	25.0																																																																																																																													20.0	33.33																																																																												
3_binette_bin229	unclassified	unclassified	unclassified	unclassified	unclassified	unclassified	unclassified	unclassified								unclassified	unclassified	unclassified	unclassified	unclassified	unclassified	unclassified	unclassified	1	2.4	0.0	0.0	75.0	75.0	75.0	45.34	34.0	67.0	2676.0	1131.0	1025.0	89232.0	89232.0	89232.0	1244.5	130	0	0	130	0	0	0	0	0	2	0	0	0	0	0	0.0	56	24	0.04447985071428572																																													14.29	8.33																																																																																																																																																																																																																																																																																																							
3_binette_bin231	unclassified	unclassified	unclassified	unclassified	unclassified	unclassified	unclassified	unclassified								unclassified	unclassified	unclassified	unclassified	unclassified	unclassified	unclassified	unclassified	1	2.4	0.0	0.0	57.0	57.0	57.0	54.63	25.0	50.0	1964.0	1211.0	1040.0	71495.0	71495.0	71495.0	1296.7	73	0	0	73	0	0	0	0	0	0	1	0	0	0	0	0.0	56	24	0.02487403257142857																																																																																																																																																																																																																																																																																																																																																					
8_binette_bin88	unclassified	unclassified	unclassified	unclassified	unclassified	unclassified	unclassified	unclassified								unclassified	unclassified	unclassified	unclassified	unclassified	unclassified	unclassified	unclassified	1	2.4	0.0	0.0	161.0	161.0	161.0	44.8	68.0	141.0	2631.0	1218.0	1033.0	204558.0	204558.0	204558.0	1342.6	46	0	0	46	0	0	0	0	0	0	0	0	0	0	0	0.0	56	24	0.1514507401107143												14.29																																																																																																																7.14																																																																																																																																																																																																																									
7_binette_bin77	unclassified	unclassified	unclassified	unclassified	unclassified	unclassified	unclassified	unclassified								unclassified	unclassified	unclassified	unclassified	unclassified	unclassified	unclassified	unclassified	1	2.4	0.0	0.0	85.0	85.0	85.0	44.82	38.0	76.0	5294.0	2797.0	2562.0	248243.0	248243.0	248243.0	3007.7	66	0	0	66	0	0	0	0	0	0	0	0	0	10	0	0.0	56	24	0.11273448607142857												14.29																																																																																																		20.0														7.14																																																																													10.0																																																																																																																																												
3_binette_bin232	unclassified	unclassified	unclassified	unclassified	unclassified	unclassified	unclassified	unclassified								unclassified	unclassified	unclassified	unclassified	unclassified	unclassified	unclassified	unclassified	1	2.4	0.0	0.0	42.0	42.0	42.0	38.13	17.0	37.0	2789.0	1205.0	1041.0	54554.0	54554.0	54554.0	1398.7	81	0	0	81	0	0	0	0	0	1	0	0	0	0	0	0.0	56	24	0.02403071021428571																																																																																																																																																																																																																																																																																																																																																					
6_binette_bin36	unclassified	unclassified	unclassified	unclassified	unclassified	unclassified	unclassified	unclassified								unclassified	unclassified	unclassified	unclassified	unclassified	unclassified	unclassified	unclassified	1	2.4	0.0	0.0	60.0	60.0	60.0	42.65	28.0	54.0	1762.0	1098.0	1015.0	68941.0	68941.0	68941.0	1171.9	49	0	0	49	0	0	0	0	0	0	0	0	0	0	0	0.0	56	24	2.319451764214286																																																																																																																																																																																																																																																																																																																																																					
4_binette_bin130	unclassified	unclassified	unclassified	unclassified	unclassified	unclassified	unclassified	unclassified								unclassified	unclassified	unclassified	unclassified	unclassified	unclassified	unclassified	unclassified	1	2.4	0.0	0.0	169.0	169.0	169.0	42.74	76.0	150.0	3341.0	1119.0	1023.0	196141.0	196141.0	196141.0	1205.2	146	0	0	146	0	0	0	0	0	0	0	0	0	0	0	0.0	56	24	2.420007003357143																																																																																																																																																																																																																																																																																																																																																					
7_binette_bin83	unclassified	unclassified	unclassified	unclassified	unclassified	unclassified	unclassified	unclassified								unclassified	unclassified	unclassified	unclassified	unclassified	unclassified	unclassified	unclassified	1	2.4	0.0	0.0	78.0	78.0	78.0	44.25	31.0	68.0	4474.0	1282.0	1037.0	103507.0	103507.0	103507.0	1503.5	119	0	0	119	0	0	0	0	0	0	0	0	0	1	0	0.0	56	24	0.20452918541428564																																																																																																																																																																																																																																																																																																																																																					
1_binette_bin56	unclassified	unclassified	unclassified	unclassified	unclassified	unclassified	unclassified	unclassified								unclassified	unclassified	unclassified	unclassified	unclassified	unclassified	unclassified	unclassified	1	2.4	0.0	0.0	58.0	58.0	58.0	42.66	27.0	52.0	1704.0	1126.0	1022.0	67452.0	67452.0	67452.0	1182.3	51	0	0	51	0	0	0	0	0	0	0	0	0	0	0	0.0	56	24	2.4293486923214287																																																																																																																																																																																																																																																																																																																																																					
4_binette_bin140	unclassified	unclassified	unclassified	unclassified	unclassified	unclassified	unclassified	unclassified								unclassified	unclassified	unclassified	unclassified	unclassified	unclassified	unclassified	unclassified	1	2.4	0.0	0.0	81.0	81.0	81.0	42.7	36.0	72.0	1785.0	1170.0	1035.0	97872.0	97872.0	97872.0	1239.3	159	0	0	159	0	0	0	0	0	0	0	0	0	0	0	0.0	56	24	0.21397659625000004																																																																																																																																																																																																																																																																																																																																																					
3_binette_bin233	unclassified	unclassified	unclassified	unclassified	unclassified	unclassified	unclassified	unclassified								unclassified	unclassified	unclassified	unclassified	unclassified	unclassified	unclassified	unclassified	1	2.4	0.0	0.0	53.0	53.0	53.0	40.6	24.0	47.0	2381.0	1149.0	1024.0	63249.0	63249.0	63249.0	1251.2	60	0	0	60	0	0	0	0	0	0	0	0	0	1	0	0.0	56	24	0.06962099966428571																																																																																																																																																																																																																																																																																																																																																					
8_binette_bin89	unclassified	unclassified	unclassified	unclassified	unclassified	unclassified	unclassified	unclassified								unclassified	unclassified	unclassified	unclassified	unclassified	unclassified	unclassified	unclassified	1	2.4	0.0	0.0	148.0	148.0	148.0	44.57	64.0	129.0	2043.0	1361.0	1075.0	200460.0	200460.0	200460.0	1397.0	44	0	0	44	0	0	0	0	0	0	0	0	0	0	0	0.0	56	24	0.2901806023571429												14.29																																																	18.75	33.33	10.0																																																													7.14														20.0																																																																																								25.0																																												10.0																																				25.0																																			
6_binette_bin37	unclassified	unclassified	unclassified	unclassified	unclassified	unclassified	unclassified	unclassified								unclassified	unclassified	unclassified	unclassified	unclassified	unclassified	unclassified	unclassified	1	2.4	0.0	0.0	54.0	54.0	54.0	42.53	25.0	48.0	1656.0	1163.0	1020.0	63344.0	63344.0	63344.0	1193.4	32	0	0	32	0	0	0	0	0	0	0	0	0	0	0	0.0	56	24	3.1606971783499995																																																																																																																																																																																																																																																																																																																																																					
3_binette_bin223	unclassified	unclassified	unclassified	unclassified	unclassified	unclassified	unclassified	unclassified								unclassified	unclassified	unclassified	unclassified	unclassified	unclassified	unclassified	unclassified	1	2.3	0.0	0.0	90.0	90.0	90.0	48.5	39.0	80.0	1989.0	1183.0	1028.0	110895.0	110895.0	110895.0	1272.8	21	0	0	21	0	0	0	0	0	0	0	0	0	0	0	0.0	56	24	0.12297726364285717																																																																																																																																																																																																																																																																																																																																																					
5_binette_bin49	unclassified	unclassified	unclassified	unclassified	unclassified	unclassified	unclassified	unclassified								unclassified	unclassified	unclassified	unclassified	unclassified	unclassified	unclassified	unclassified	1	2.3	0.0	0.0	118.0	118.0	118.0	42.75	53.0	105.0	1875.0	1148.0	1017.0	138860.0	138860.0	138860.0	1203.8	89	0	0	89	0	0	0	0	0	0	0	0	0	0	0	0.0	56	24	2.603692457221428																																																																																																																																																																																																																																																																																																																																																					
3_binette_bin193	unclassified	unclassified	unclassified	unclassified	unclassified	unclassified	unclassified	unclassified								unclassified	unclassified	unclassified	unclassified	unclassified	unclassified	unclassified	unclassified	1	2.3	0.0	0.0	87.0	87.0	87.0	43.37	38.0	77.0	7759.0	2892.0	2575.0	266732.0	266732.0	266732.0	3249.1	48	0	0	48	0	0	0	0	0	0	0	0	0	0	0	0.0	56	24	0.015029540214285717												14.29													8.33																																																																																																			14.29																																																																																																																																												20.0																																																																													
