user_genome	classification	closest_genome_reference	closest_genome_reference_radius	closest_genome_taxonomy	closest_genome_ani	closest_genome_af	closest_placement_reference	closest_placement_radius	closest_placement_taxonomy	closest_placement_ani	closest_placement_af	pplacer_taxonomy	classification_method	note	other_related_references(genome_id,species_name,radius,ANI,AF)	msa_percent	translation_table	red_value	warnings
SRR22878281_binette_bin224.fasta	Unclassified Archaea	N/A	N/A	N/A	N/A	N/A	N/A	N/A	N/A	N/A	N/A	N/A	N/A	N/A	N/A	N/A	N/A	N/A	Insufficient number of amino acids in MSA (2.2%)
SRR22878281_binette_bin283.fasta	Unclassified Archaea	N/A	N/A	N/A	N/A	N/A	N/A	N/A	N/A	N/A	N/A	N/A	N/A	N/A	N/A	N/A	N/A	N/A	Insufficient number of amino acids in MSA (1.7%)
SRR22878282_binette_bin188.fasta	Unclassified Archaea	N/A	N/A	N/A	N/A	N/A	N/A	N/A	N/A	N/A	N/A	N/A	N/A	N/A	N/A	N/A	N/A	N/A	Insufficient number of amino acids in MSA (0.3%)
SRR22878282_binette_bin38.fasta	d__Archaea;p__Thermoproteota;c__Nitrososphaeria;o__Nitrososphaerales;f__Nitrosopumilaceae;g__Nitrosopumilus;s__	N/A	N/A	N/A	N/A	N/A	N/A	N/A	N/A	N/A	N/A	d__Archaea;p__Thermoproteota;c__Nitrososphaeria;o__Nitrososphaerales;f__Nitrosopumilaceae;g__Nitrosopumilus;s__	taxonomic classification fully defined by topology	N/A	N/A	56.7	11	0.97556	N/A
SRR22878283_binette_bin130.fasta	Unclassified Archaea	N/A	N/A	N/A	N/A	N/A	N/A	N/A	N/A	N/A	N/A	N/A	N/A	N/A	N/A	N/A	N/A	N/A	Insufficient number of amino acids in MSA (2.7%)
SRR22878283_binette_bin192.fasta	Unclassified Archaea	N/A	N/A	N/A	N/A	N/A	N/A	N/A	N/A	N/A	N/A	N/A	N/A	N/A	N/A	N/A	N/A	N/A	Insufficient number of amino acids in MSA (1.0%)
SRR22878283_binette_bin196.fasta	Unclassified Archaea	N/A	N/A	N/A	N/A	N/A	N/A	N/A	N/A	N/A	N/A	N/A	N/A	N/A	N/A	N/A	N/A	N/A	Insufficient number of amino acids in MSA (1.2%)
SRR22878283_binette_bin198.fasta	Unclassified Archaea	N/A	N/A	N/A	N/A	N/A	N/A	N/A	N/A	N/A	N/A	N/A	N/A	N/A	N/A	N/A	N/A	N/A	Insufficient number of amino acids in MSA (0.9%)
SRR22878283_binette_bin215.fasta	Unclassified Archaea	N/A	N/A	N/A	N/A	N/A	N/A	N/A	N/A	N/A	N/A	N/A	N/A	N/A	N/A	N/A	N/A	N/A	Insufficient number of amino acids in MSA (0.6%)
SRR22878283_binette_bin224.fasta	Unclassified Archaea	N/A	N/A	N/A	N/A	N/A	N/A	N/A	N/A	N/A	N/A	N/A	N/A	N/A	N/A	N/A	N/A	N/A	Insufficient number of amino acids in MSA (1.3%)
SRR22878281_binette_bin1.fasta	d__Bacteria;p__Pseudomonadota;c__Alphaproteobacteria;o__Caulobacterales;f__Hyphomonadaceae;g__CALLCD01;s__	N/A	N/A	N/A	N/A	N/A	N/A	N/A	N/A	N/A	N/A	d__Bacteria;p__Pseudomonadota;c__Alphaproteobacteria;o__Caulobacterales;f__Hyphomonadaceae;g__CALLCD01;s__	taxonomic classification fully defined by topology	classification based on placement in class-level tree	N/A	95.35	11	0.95221	N/A
SRR22878281_binette_bin10.fasta	d__Bacteria;p__Pseudomonadota;c__Gammaproteobacteria;o__Pseudomonadales;f__DSM-21967;g__;s__	N/A	N/A	N/A	N/A	N/A	N/A	N/A	N/A	N/A	N/A	d__Bacteria;p__Pseudomonadota;c__Gammaproteobacteria;o__Pseudomonadales;f__DSM-21967;g__;s__	taxonomic novelty determined using RED	classification based on placement in class-level tree	N/A	97.26	11	0.78648	N/A
SRR22878281_binette_bin100.fasta	d__Bacteria;p__Pseudomonadota;c__Gammaproteobacteria;o__UBA4575;f__UBA4575;g__JABDMD01;s__	N/A	N/A	N/A	N/A	N/A	N/A	N/A	N/A	N/A	N/A	d__Bacteria;p__Pseudomonadota;c__Gammaproteobacteria;o__UBA4575;f__UBA4575;g__JABDMD01;s__	taxonomic classification fully defined by topology	classification based on placement in class-level tree	N/A	42.22	11	0.93676	N/A
SRR22878281_binette_bin101.fasta	d__Bacteria;p__Verrucomicrobiota;c__Verrucomicrobiia;o__Verrucomicrobiales;f__DEV007;g__CALAIY01;s__	N/A	N/A	N/A	N/A	N/A	N/A	N/A	N/A	N/A	N/A	d__Bacteria;p__Verrucomicrobiota;c__Verrucomicrobiia;o__Verrucomicrobiales;f__DEV007;g__CALAIY01;s__	taxonomic novelty determined using RED	classification based on placement in class-level tree	N/A	37.15	11	0.95474	N/A
SRR22878281_binette_bin102.fasta	d__Bacteria;p__Chloroflexota;c__Anaerolineae;o__Caldilineales;f__Caldilineaceae;g__JAHBNG01;s__	N/A	N/A	N/A	N/A	N/A	N/A	N/A	N/A	N/A	N/A	d__Bacteria;p__Chloroflexota;c__Anaerolineae;o__Caldilineales;f__Caldilineaceae;g__JAHBNG01;s__	taxonomic novelty determined using RED	classification based on placement in class-level tree	N/A	34.65	11	0.93941	N/A
SRR22878281_binette_bin103.fasta	d__Bacteria;p__Planctomycetota;c__Planctomycetia;o__Pirellulales;f__Pirellulaceae;g__Mariniblastus;s__	N/A	N/A	N/A	N/A	N/A	N/A	N/A	N/A	N/A	N/A	d__Bacteria;p__Planctomycetota;c__Planctomycetia;o__Pirellulales;f__Pirellulaceae;g__Mariniblastus;s__	taxonomic classification fully defined by topology	classification based on placement in class-level tree	N/A	26.83	11	0.98693	N/A
SRR22878281_binette_bin104.fasta	Unclassified	N/A	N/A	N/A	N/A	N/A	N/A	N/A	N/A	N/A	N/A	N/A	N/A	N/A	N/A	N/A	N/A	N/A	No bacterial or archaeal marker
SRR22878281_binette_bin105.fasta	d__Bacteria;p__Cyanobacteriota;c__Cyanobacteriia;o__Thermosynechococcales;f__Thermosynechococcaceae;g__RCC1774;s__	N/A	N/A	N/A	N/A	N/A	GCA_937951315.1	95.0	d__Bacteria;p__Cyanobacteriota;c__Cyanobacteriia;o__Thermosynechococcales;f__Thermosynechococcaceae;g__RCC1774;s__RCC1774 sp937951315	88.61	0.205	d__Bacteria;p__Cyanobacteriota;c__Cyanobacteriia;o__Thermosynechococcales;f__Thermosynechococcaceae;g__RCC1774;s__	taxonomic classification defined by topology and ANI	classification based on placement in class-level tree	N/A	42.0	11	0.98368	Genome has more than 11.7% of markers with multiple hits
SRR22878281_binette_bin106.fasta	d__Bacteria;p__Myxococcota_A;c__UBA9160;o__UBA9160;f__UBA4427;g__UBA4427;s__	N/A	N/A	N/A	N/A	N/A	N/A	N/A	N/A	N/A	N/A	d__Bacteria;p__Myxococcota_A;c__UBA9160;o__UBA9160;f__UBA4427;g__UBA4427;s__	taxonomic classification fully defined by topology	classification based on placement in class-level tree	N/A	31.47	11	0.97702	N/A
SRR22878281_binette_bin107.fasta	d__Bacteria;p__Pseudomonadota;c__Gammaproteobacteria;o__Pseudomonadales;f__JAUIET01;g__;s__	N/A	N/A	N/A	N/A	N/A	N/A	N/A	N/A	N/A	N/A	d__Bacteria;p__Pseudomonadota;c__Gammaproteobacteria;o__Pseudomonadales;f__JAUIET01;g__;s__	taxonomic novelty determined using RED	classification based on placement in class-level tree	N/A	39.79	11	0.80001	Genome has more than 11.7% of markers with multiple hits
SRR22878281_binette_bin108.fasta	d__Bacteria;p__Pseudomonadota;c__Alphaproteobacteria;o__Rhodobacterales;f__Rhodobacteraceae;g__Shimia;s__	N/A	N/A	N/A	N/A	N/A	N/A	N/A	N/A	N/A	N/A	d__Bacteria;p__Pseudomonadota;c__Alphaproteobacteria;o__Rhodobacterales;f__Rhodobacteraceae;g__Shimia;s__	taxonomic classification fully defined by topology	classification based on placement in class-level tree	N/A	11.2	11	0.98919	N/A
SRR22878281_binette_bin109.fasta	d__Bacteria;p__Patescibacteriota;c__Saccharimonadia;o__Saccharimonadales;f__;g__;s__	N/A	N/A	N/A	N/A	N/A	N/A	N/A	N/A	N/A	N/A	d__Bacteria;p__Patescibacteriota;c__Saccharimonadia;o__Saccharimonadales;f__;g__;s__	taxonomic novelty determined using RED	classification based on placement in class-level tree	N/A	28.06	11	0.68918	N/A
SRR22878281_binette_bin11.fasta	d__Bacteria;p__Pseudomonadota;c__Gammaproteobacteria;o__Arenicellales;f__Arenicellaceae;g__Arenicella;s__	N/A	N/A	N/A	N/A	N/A	N/A	N/A	N/A	N/A	N/A	d__Bacteria;p__Pseudomonadota;c__Gammaproteobacteria;o__Arenicellales;f__Arenicellaceae;g__Arenicella;s__	taxonomic classification fully defined by topology	classification based on placement in class-level tree	N/A	97.32	11	0.89684	N/A
SRR22878281_binette_bin110.fasta	d__Bacteria;p__Actinomycetota;c__Acidimicrobiia;o__Acidimicrobiales;f__UBA10347;g__;s__	N/A	N/A	N/A	N/A	N/A	N/A	N/A	N/A	N/A	N/A	d__Bacteria;p__Actinomycetota;c__Acidimicrobiia;o__Acidimicrobiales;f__UBA10347;g__;s__	taxonomic novelty determined using RED	classification based on placement in class-level tree	N/A	21.68	11	0.88543	N/A
SRR22878281_binette_bin111.fasta	d__Bacteria;p__Planctomycetota;c__Planctomycetia;o__Pirellulales;f__Pirellulaceae;g__Mariniblastus;s__	N/A	N/A	N/A	N/A	N/A	N/A	N/A	N/A	N/A	N/A	d__Bacteria;p__Planctomycetota;c__Planctomycetia;o__Pirellulales;f__Pirellulaceae;g__Mariniblastus;s__	taxonomic classification fully defined by topology	classification based on placement in class-level tree	N/A	24.03	11	0.9715	N/A
SRR22878281_binette_bin112.fasta	d__Bacteria;p__Pseudomonadota;c__Alphaproteobacteria;o__Caulobacterales;f__Maricaulaceae;g__Hellea;s__	N/A	N/A	N/A	N/A	N/A	N/A	N/A	N/A	N/A	N/A	d__Bacteria;p__Pseudomonadota;c__Alphaproteobacteria;o__Caulobacterales;f__Maricaulaceae;g__Hellea;s__	taxonomic classification fully defined by topology	classification based on placement in class-level tree	N/A	16.66	11	0.97908	N/A
SRR22878281_binette_bin113.fasta	d__Bacteria;p__Planctomycetota;c__Planctomycetia;o__Planctomycetales;f__Planctomycetaceae;g__;s__	N/A	N/A	N/A	N/A	N/A	N/A	N/A	N/A	N/A	N/A	d__Bacteria;p__Planctomycetota;c__Planctomycetia;o__Planctomycetales;f__Planctomycetaceae;g__;s__	taxonomic classification fully defined by topology	classification based on placement in class-level tree	N/A	23.53	11	0.76645	N/A
SRR22878281_binette_bin114.fasta	d__Bacteria;p__Pseudomonadota;c__Alphaproteobacteria;o__Rhizobiales;f__CALHAX01;g__CALHAX01;s__	N/A	N/A	N/A	N/A	N/A	N/A	N/A	N/A	N/A	N/A	d__Bacteria;p__Pseudomonadota;c__Alphaproteobacteria;o__Rhizobiales;f__CALHAX01;g__CALHAX01;s__	taxonomic classification fully defined by topology	classification based on placement in class-level tree	N/A	22.26	11	0.9395	N/A
SRR22878281_binette_bin115.fasta	d__Bacteria;p__Acidobacteriota;c__Thermoanaerobaculia;o__Multivoradales;f__JAHEKO01;g__;s__	N/A	N/A	N/A	N/A	N/A	N/A	N/A	N/A	N/A	N/A	d__Bacteria;p__Acidobacteriota;c__Thermoanaerobaculia;o__Multivoradales;f__JAHEKO01;g__;s__	taxonomic classification fully defined by topology	classification based on placement in class-level tree	N/A	28.04	11	0.75231	N/A
SRR22878281_binette_bin116.fasta	d__Bacteria;p__Pseudomonadota;c__Gammaproteobacteria;o__Xanthomonadales;f__Marinicellaceae;g__Marinicella;s__	N/A	N/A	N/A	N/A	N/A	GCA_938008005.1	95.0	d__Bacteria;p__Pseudomonadota;c__Gammaproteobacteria;o__Xanthomonadales;f__Marinicellaceae;g__Marinicella;s__Marinicella sp938008005	96.41	0.505	d__Bacteria;p__Pseudomonadota;c__Gammaproteobacteria;o__Xanthomonadales;f__Marinicellaceae;g__Marinicella;s__	taxonomic classification defined by topology and ANI	classification based on placement in class-level tree	N/A	18.29	11	0.99693	N/A
SRR22878281_binette_bin117.fasta	d__Bacteria;p__Pseudomonadota;c__Gammaproteobacteria;o__SZUA-146;f__SZUA-146;g__;s__	N/A	N/A	N/A	N/A	N/A	N/A	N/A	N/A	N/A	N/A	d__Bacteria;p__Pseudomonadota;c__Gammaproteobacteria;o__SZUA-146;f__SZUA-146;g__;s__	taxonomic novelty determined using RED	classification based on placement in class-level tree	N/A	26.17	11	0.84498	N/A
SRR22878281_binette_bin118.fasta	d__Bacteria;p__Actinomycetota;c__Acidimicrobiia;o__Acidimicrobiales;f__SHLQ01;g__CALLQB01;s__	N/A	N/A	N/A	N/A	N/A	N/A	N/A	N/A	N/A	N/A	d__Bacteria;p__Actinomycetota;c__Acidimicrobiia;o__Acidimicrobiales;f__SHLQ01;g__CALLQB01;s__	taxonomic classification fully defined by topology	classification based on placement in class-level tree	N/A	28.38	11	0.97712	N/A
SRR22878281_binette_bin119.fasta	d__Bacteria;p__Planctomycetota;c__Planctomycetia;o__Pirellulales;f__Lacipirellulaceae;g__Bythopirellula;s__	N/A	N/A	N/A	N/A	N/A	N/A	N/A	N/A	N/A	N/A	d__Bacteria;p__Planctomycetota;c__Planctomycetia;o__Pirellulales;f__Lacipirellulaceae;g__Bythopirellula;s__	taxonomic classification fully defined by topology	classification based on placement in class-level tree	N/A	24.7	11	0.97296	N/A
SRR22878281_binette_bin12.fasta	d__Bacteria;p__Pseudomonadota;c__Gammaproteobacteria;o__Granulosicoccales;f__Granulosicoccaceae;g__Granulosicoccus;s__	N/A	N/A	N/A	N/A	N/A	N/A	N/A	N/A	N/A	N/A	d__Bacteria;p__Pseudomonadota;c__Gammaproteobacteria;o__Granulosicoccales;f__Granulosicoccaceae;g__Granulosicoccus;s__	taxonomic classification fully defined by topology	classification based on placement in class-level tree	N/A	93.15	11	0.91506	N/A
SRR22878281_binette_bin120.fasta	d__Bacteria;p__Myxococcota_A;c__UBA9160;o__UBA9160;f__UBA4427;g__UBA4427;s__	N/A	N/A	N/A	N/A	N/A	N/A	N/A	N/A	N/A	N/A	d__Bacteria;p__Myxococcota_A;c__UBA9160;o__UBA9160;f__UBA4427;g__UBA4427;s__	taxonomic classification fully defined by topology	classification based on placement in class-level tree	N/A	14.1	11	0.94751	N/A
SRR22878281_binette_bin121.fasta	d__Bacteria;p__Planctomycetota;c__Planctomycetia;o__Pirellulales;f__Pirellulaceae;g__Mariniblastus;s__	N/A	N/A	N/A	N/A	N/A	N/A	N/A	N/A	N/A	N/A	d__Bacteria;p__Planctomycetota;c__Planctomycetia;o__Pirellulales;f__Pirellulaceae;g__Mariniblastus;s__	taxonomic classification fully defined by topology	classification based on placement in class-level tree	N/A	14.79	11	0.8616	N/A
SRR22878281_binette_bin122.fasta	d__Bacteria;p__Acidobacteriota;c__Thermoanaerobaculia;o__Multivoradales;f__Multivoraceae;g__JBCCLJ01;s__	N/A	N/A	N/A	N/A	N/A	N/A	N/A	N/A	N/A	N/A	d__Bacteria;p__Acidobacteriota;c__Thermoanaerobaculia;o__Multivoradales;f__Multivoraceae;g__JBCCLJ01;s__	taxonomic novelty determined using RED	classification based on placement in class-level tree	N/A	17.16	11	0.91468	N/A
SRR22878281_binette_bin123.fasta	d__Bacteria;p__Pseudomonadota;c__Alphaproteobacteria;o__Caulobacterales;f__Hyphomonadaceae;g__Hirschia;s__	N/A	N/A	N/A	N/A	N/A	N/A	N/A	N/A	N/A	N/A	d__Bacteria;p__Pseudomonadota;c__Alphaproteobacteria;o__Caulobacterales;f__Hyphomonadaceae;g__Hirschia;s__	taxonomic classification fully defined by topology	classification based on placement in class-level tree	N/A	19.82	11	0.96181	N/A
SRR22878281_binette_bin124.fasta	d__Bacteria;p__Planctomycetota;c__Planctomycetia;o__Pirellulales;f__Pirellulaceae;g__Mariniblastus;s__	N/A	N/A	N/A	N/A	N/A	N/A	N/A	N/A	N/A	N/A	d__Bacteria;p__Planctomycetota;c__Planctomycetia;o__Pirellulales;f__Pirellulaceae;g__Mariniblastus;s__	taxonomic classification fully defined by topology	classification based on placement in class-level tree	N/A	11.3	11	0.9092	N/A
SRR22878281_binette_bin126.fasta	d__Bacteria;p__Planctomycetota;c__Planctomycetia;o__Pirellulales;f__Pirellulaceae;g__;s__	N/A	N/A	N/A	N/A	N/A	N/A	N/A	N/A	N/A	N/A	d__Bacteria;p__Planctomycetota;c__Planctomycetia;o__Pirellulales;f__Pirellulaceae;g__;s__	taxonomic novelty determined using RED	classification based on placement in class-level tree	N/A	18.67	11	0.78661	N/A
SRR22878281_binette_bin127.fasta	d__Bacteria;p__Cyanobacteriota;c__Cyanobacteriia;o__Thermosynechococcales;f__Thermosynechococcaceae;g__RCC1774;s__	N/A	N/A	N/A	N/A	N/A	N/A	N/A	N/A	N/A	N/A	d__Bacteria;p__Cyanobacteriota;c__Cyanobacteriia;o__Thermosynechococcales;f__Thermosynechococcaceae;g__RCC1774;s__	taxonomic classification fully defined by topology	classification based on placement in class-level tree	N/A	11.87	11	0.99678	N/A
SRR22878281_binette_bin128.fasta	d__Bacteria;p__Actinomycetota;c__Acidimicrobiia;o__Acidimicrobiales;f__SHLQ01;g__CALLQB01;s__	N/A	N/A	N/A	N/A	N/A	N/A	N/A	N/A	N/A	N/A	d__Bacteria;p__Actinomycetota;c__Acidimicrobiia;o__Acidimicrobiales;f__SHLQ01;g__CALLQB01;s__	taxonomic classification fully defined by topology	classification based on placement in class-level tree	N/A	20.55	11	0.97252	N/A
SRR22878281_binette_bin129.fasta	Unclassified Bacteria	N/A	N/A	N/A	N/A	N/A	N/A	N/A	N/A	N/A	N/A	N/A	N/A	N/A	N/A	N/A	N/A	N/A	Insufficient number of amino acids in MSA (10.0%)
SRR22878281_binette_bin13.fasta	d__Bacteria;p__Bacteroidota;c__Bacteroidia;o__Chitinophagales;f__JAHQVX01;g__JAHQVX01;s__	N/A	N/A	N/A	N/A	N/A	N/A	N/A	N/A	N/A	N/A	d__Bacteria;p__Bacteroidota;c__Bacteroidia;o__Chitinophagales;f__JAHQVX01;g__JAHQVX01;s__	taxonomic novelty determined using RED	classification based on placement in class-level tree	N/A	95.85	11	0.84348	N/A
SRR22878281_binette_bin130.fasta	d__Bacteria;p__Planctomycetota;c__Planctomycetia;o__Pirellulales;f__Pirellulaceae;g__CALHZT01;s__	N/A	N/A	N/A	N/A	N/A	N/A	N/A	N/A	N/A	N/A	d__Bacteria;p__Planctomycetota;c__Planctomycetia;o__Pirellulales;f__Pirellulaceae;g__CALHZT01;s__	taxonomic novelty determined using RED	classification based on placement in class-level tree	N/A	15.75	11	0.98098	N/A
SRR22878281_binette_bin131.fasta	d__Bacteria;p__Planctomycetota;c__Planctomycetia;o__Planctomycetales;f__Planctomycetaceae;g__;s__	N/A	N/A	N/A	N/A	N/A	N/A	N/A	N/A	N/A	N/A	d__Bacteria;p__Planctomycetota;c__Planctomycetia;o__Planctomycetales;f__Planctomycetaceae;g__;s__	taxonomic classification fully defined by topology	classification based on placement in class-level tree	N/A	11.38	11	0.77039	N/A
SRR22878281_binette_bin132.fasta	d__Bacteria;p__Actinomycetota;c__Acidimicrobiia;o__Acidimicrobiales;f__SHLQ01;g__CALLQB01;s__	N/A	N/A	N/A	N/A	N/A	N/A	N/A	N/A	N/A	N/A	d__Bacteria;p__Actinomycetota;c__Acidimicrobiia;o__Acidimicrobiales;f__SHLQ01;g__CALLQB01;s__	taxonomic classification fully defined by topology	classification based on placement in class-level tree	N/A	11.58	11	0.9839	N/A
SRR22878281_binette_bin133.fasta	d__Bacteria;p__Pseudomonadota;c__Gammaproteobacteria;o__UBA4575;f__UBA4575;g__JABDMD01;s__	N/A	N/A	N/A	N/A	N/A	N/A	N/A	N/A	N/A	N/A	d__Bacteria;p__Pseudomonadota;c__Gammaproteobacteria;o__UBA4575;f__UBA4575;g__JABDMD01;s__	taxonomic classification fully defined by topology	classification based on placement in class-level tree	N/A	14.26	11	0.90944	N/A
SRR22878281_binette_bin134.fasta	Unclassified Bacteria	N/A	N/A	N/A	N/A	N/A	N/A	N/A	N/A	N/A	N/A	N/A	N/A	N/A	N/A	N/A	N/A	N/A	Insufficient number of amino acids in MSA (9.1%)
SRR22878281_binette_bin136.fasta	Unclassified Bacteria	N/A	N/A	N/A	N/A	N/A	N/A	N/A	N/A	N/A	N/A	N/A	N/A	N/A	N/A	N/A	N/A	N/A	Insufficient number of amino acids in MSA (2.2%)
SRR22878281_binette_bin137.fasta	Unclassified Bacteria	N/A	N/A	N/A	N/A	N/A	N/A	N/A	N/A	N/A	N/A	N/A	N/A	N/A	N/A	N/A	N/A	N/A	Insufficient number of amino acids in MSA (0.8%)
SRR22878281_binette_bin138.fasta	Unclassified Bacteria	N/A	N/A	N/A	N/A	N/A	N/A	N/A	N/A	N/A	N/A	N/A	N/A	N/A	N/A	N/A	N/A	N/A	Insufficient number of amino acids in MSA (4.9%)
SRR22878281_binette_bin139.fasta	Unclassified Bacteria	N/A	N/A	N/A	N/A	N/A	N/A	N/A	N/A	N/A	N/A	N/A	N/A	N/A	N/A	N/A	N/A	N/A	Insufficient number of amino acids in MSA (6.7%)
SRR22878281_binette_bin14.fasta	d__Bacteria;p__Bacteroidota;c__Bacteroidia;o__Flavobacteriales;f__Flavobacteriaceae;g__Aquimarina;s__	N/A	N/A	N/A	N/A	N/A	N/A	N/A	N/A	N/A	N/A	d__Bacteria;p__Bacteroidota;c__Bacteroidia;o__Flavobacteriales;f__Flavobacteriaceae;g__Aquimarina;s__	taxonomic classification fully defined by topology	classification based on placement in class-level tree	N/A	87.07	11	0.94186	N/A
SRR22878281_binette_bin140.fasta	Unclassified Bacteria	N/A	N/A	N/A	N/A	N/A	N/A	N/A	N/A	N/A	N/A	N/A	N/A	N/A	N/A	N/A	N/A	N/A	Insufficient number of amino acids in MSA (6.9%)
SRR22878281_binette_bin141.fasta	Unclassified Bacteria	N/A	N/A	N/A	N/A	N/A	N/A	N/A	N/A	N/A	N/A	N/A	N/A	N/A	N/A	N/A	N/A	N/A	Insufficient number of amino acids in MSA (6.2%)
SRR22878281_binette_bin142.fasta	Unclassified Bacteria	N/A	N/A	N/A	N/A	N/A	N/A	N/A	N/A	N/A	N/A	N/A	N/A	N/A	N/A	N/A	N/A	N/A	Insufficient number of amino acids in MSA (9.1%)
SRR22878281_binette_bin143.fasta	Unclassified Bacteria	N/A	N/A	N/A	N/A	N/A	N/A	N/A	N/A	N/A	N/A	N/A	N/A	N/A	N/A	N/A	N/A	N/A	Insufficient number of amino acids in MSA (0.8%)
SRR22878281_binette_bin144.fasta	Unclassified Bacteria	N/A	N/A	N/A	N/A	N/A	N/A	N/A	N/A	N/A	N/A	N/A	N/A	N/A	N/A	N/A	N/A	N/A	Insufficient number of amino acids in MSA (8.8%)
SRR22878281_binette_bin145.fasta	d__Bacteria;p__Pseudomonadota;c__Gammaproteobacteria;o__Enterobacterales;f__Vibrionaceae;g__Vibrio;s__	N/A	N/A	N/A	N/A	N/A	N/A	N/A	N/A	N/A	N/A	d__Bacteria;p__Pseudomonadota;c__Gammaproteobacteria;o__Enterobacterales;f__Vibrionaceae;g__Vibrio;s__	taxonomic classification fully defined by topology	classification based on placement in class-level tree	N/A	24.03	11	0.99313	N/A
SRR22878281_binette_bin146.fasta	Unclassified Bacteria	N/A	N/A	N/A	N/A	N/A	N/A	N/A	N/A	N/A	N/A	N/A	N/A	N/A	N/A	N/A	N/A	N/A	Insufficient number of amino acids in MSA (8.1%)
SRR22878281_binette_bin147.fasta	Unclassified Bacteria	N/A	N/A	N/A	N/A	N/A	N/A	N/A	N/A	N/A	N/A	N/A	N/A	N/A	N/A	N/A	N/A	N/A	Insufficient number of amino acids in MSA (3.2%)
SRR22878281_binette_bin148.fasta	Unclassified Bacteria	N/A	N/A	N/A	N/A	N/A	N/A	N/A	N/A	N/A	N/A	N/A	N/A	N/A	N/A	N/A	N/A	N/A	Insufficient number of amino acids in MSA (1.5%)
SRR22878281_binette_bin149.fasta	d__Bacteria;p__Pseudomonadota;c__Gammaproteobacteria;o__UWMA-0217;f__UWMA-0217;g__CALIRD01;s__	N/A	N/A	N/A	N/A	N/A	N/A	N/A	N/A	N/A	N/A	d__Bacteria;p__Pseudomonadota;c__Gammaproteobacteria;o__UWMA-0217;f__UWMA-0217;g__CALIRD01;s__	taxonomic novelty determined using RED	classification based on placement in class-level tree	N/A	10.92	11	0.95134	N/A
SRR22878281_binette_bin15.fasta	d__Bacteria;p__Pseudomonadota;c__Alphaproteobacteria;o__Rhodobacterales;f__Rhodobacteraceae;g__Sulfitobacter;s__	N/A	N/A	N/A	N/A	N/A	N/A	N/A	N/A	N/A	N/A	d__Bacteria;p__Pseudomonadota;c__Alphaproteobacteria;o__Rhodobacterales;f__Rhodobacteraceae;g__Sulfitobacter;s__	taxonomic classification fully defined by topology	classification based on placement in class-level tree	N/A	67.18	11	0.99113	N/A
SRR22878281_binette_bin150.fasta	Unclassified Bacteria	N/A	N/A	N/A	N/A	N/A	N/A	N/A	N/A	N/A	N/A	N/A	N/A	N/A	N/A	N/A	N/A	N/A	Insufficient number of amino acids in MSA (5.7%)
SRR22878281_binette_bin151.fasta	Unclassified	N/A	N/A	N/A	N/A	N/A	N/A	N/A	N/A	N/A	N/A	N/A	N/A	N/A	N/A	N/A	N/A	N/A	No bacterial or archaeal marker
SRR22878281_binette_bin152.fasta	Unclassified Bacteria	N/A	N/A	N/A	N/A	N/A	N/A	N/A	N/A	N/A	N/A	N/A	N/A	N/A	N/A	N/A	N/A	N/A	Insufficient number of amino acids in MSA (9.1%)
SRR22878281_binette_bin153.fasta	d__Bacteria;p__Planctomycetota;c__UBA1135;o__UBA1135;f__GCA-002686595;g__GCA-2862085;s__	N/A	N/A	N/A	N/A	N/A	N/A	N/A	N/A	N/A	N/A	d__Bacteria;p__Planctomycetota;c__UBA1135;o__UBA1135;f__GCA-002686595;g__GCA-2862085;s__	taxonomic classification fully defined by topology	classification based on placement in class-level tree	N/A	11.14	11	0.96644	N/A
SRR22878281_binette_bin154.fasta	d__Bacteria;p__Bacteroidota;c__Bacteroidia;o__Flavobacteriales;f__Flavobacteriaceae;g__Croceitalea;s__	N/A	N/A	N/A	N/A	N/A	N/A	N/A	N/A	N/A	N/A	d__Bacteria;p__Bacteroidota;c__Bacteroidia;o__Flavobacteriales;f__Flavobacteriaceae;g__Croceitalea;s__	taxonomic classification fully defined by topology	classification based on placement in class-level tree	N/A	13.7	11	0.98508	N/A
SRR22878281_binette_bin155.fasta	Unclassified Bacteria	N/A	N/A	N/A	N/A	N/A	N/A	N/A	N/A	N/A	N/A	N/A	N/A	N/A	N/A	N/A	N/A	N/A	Insufficient number of amino acids in MSA (9.8%)
SRR22878281_binette_bin156.fasta	Unclassified Bacteria	N/A	N/A	N/A	N/A	N/A	N/A	N/A	N/A	N/A	N/A	N/A	N/A	N/A	N/A	N/A	N/A	N/A	Insufficient number of amino acids in MSA (0.8%)
SRR22878281_binette_bin157.fasta	Unclassified Bacteria	N/A	N/A	N/A	N/A	N/A	N/A	N/A	N/A	N/A	N/A	N/A	N/A	N/A	N/A	N/A	N/A	N/A	Insufficient number of amino acids in MSA (3.7%)
SRR22878281_binette_bin158.fasta	d__Bacteria;p__Pseudomonadota;c__Gammaproteobacteria;o__Xanthomonadales;f__SZUA-38;g__SZUA-38;s__	N/A	N/A	N/A	N/A	N/A	N/A	N/A	N/A	N/A	N/A	d__Bacteria;p__Pseudomonadota;c__Gammaproteobacteria;o__Xanthomonadales;f__SZUA-38;g__SZUA-38;s__	taxonomic novelty determined using RED	classification based on placement in class-level tree	N/A	10.82	11	0.84266	N/A
SRR22878281_binette_bin159.fasta	Unclassified	N/A	N/A	N/A	N/A	N/A	N/A	N/A	N/A	N/A	N/A	N/A	N/A	N/A	N/A	N/A	N/A	N/A	No bacterial or archaeal marker
SRR22878281_binette_bin16.fasta	d__Bacteria;p__Cyanobacteriota;c__Cyanobacteriia;o__Cyanobacteriales;f__Xenococcaceae;g__Waterburya;s__	N/A	N/A	N/A	N/A	N/A	N/A	N/A	N/A	N/A	N/A	d__Bacteria;p__Cyanobacteriota;c__Cyanobacteriia;o__Cyanobacteriales;f__Xenococcaceae;g__Waterburya;s__	taxonomic classification fully defined by topology	classification based on placement in class-level tree	N/A	91.26	11	0.95214	N/A
SRR22878281_binette_bin160.fasta	Unclassified Bacteria	N/A	N/A	N/A	N/A	N/A	N/A	N/A	N/A	N/A	N/A	N/A	N/A	N/A	N/A	N/A	N/A	N/A	Insufficient number of amino acids in MSA (2.0%)
SRR22878281_binette_bin161.fasta	d__Bacteria;p__Planctomycetota;c__Planctomycetia;o__Pirellulales;f__Pirellulaceae;g__;s__	N/A	N/A	N/A	N/A	N/A	N/A	N/A	N/A	N/A	N/A	d__Bacteria;p__Planctomycetota;c__Planctomycetia;o__Pirellulales;f__Pirellulaceae;g__;s__	taxonomic novelty determined using RED	classification based on placement in class-level tree	N/A	10.76	11	0.78569	Genome domain questionable ( 13.3% Bacterial, 3.8% Archaeal)
SRR22878281_binette_bin162.fasta	Unclassified Bacteria	N/A	N/A	N/A	N/A	N/A	N/A	N/A	N/A	N/A	N/A	N/A	N/A	N/A	N/A	N/A	N/A	N/A	Insufficient number of amino acids in MSA (1.8%)
SRR22878281_binette_bin163.fasta	d__Bacteria;p__Planctomycetota;c__Planctomycetia;o__Pirellulales;f__Pirellulaceae;g__Mariniblastus;s__	N/A	N/A	N/A	N/A	N/A	N/A	N/A	N/A	N/A	N/A	d__Bacteria;p__Planctomycetota;c__Planctomycetia;o__Pirellulales;f__Pirellulaceae;g__Mariniblastus;s__	taxonomic classification fully defined by topology	classification based on placement in class-level tree	N/A	17.18	11	0.98166	N/A
SRR22878281_binette_bin164.fasta	d__Bacteria;p__Pseudomonadota;c__Gammaproteobacteria;o__Pseudomonadales;f__Cellvibrionaceae;g__JAUVQU01;s__	N/A	N/A	N/A	N/A	N/A	N/A	N/A	N/A	N/A	N/A	d__Bacteria;p__Pseudomonadota;c__Gammaproteobacteria;o__Pseudomonadales;f__Cellvibrionaceae;g__JAUVQU01;s__	taxonomic novelty determined using RED	classification based on placement in class-level tree	N/A	10.09	11	0.92677	N/A
SRR22878281_binette_bin165.fasta	Unclassified Bacteria	N/A	N/A	N/A	N/A	N/A	N/A	N/A	N/A	N/A	N/A	N/A	N/A	N/A	N/A	N/A	N/A	N/A	Insufficient number of amino acids in MSA (4.1%)
SRR22878281_binette_bin166.fasta	Unclassified Bacteria	N/A	N/A	N/A	N/A	N/A	N/A	N/A	N/A	N/A	N/A	N/A	N/A	N/A	N/A	N/A	N/A	N/A	Insufficient number of amino acids in MSA (8.6%)
SRR22878281_binette_bin167.fasta	Unclassified Bacteria	N/A	N/A	N/A	N/A	N/A	N/A	N/A	N/A	N/A	N/A	N/A	N/A	N/A	N/A	N/A	N/A	N/A	Insufficient number of amino acids in MSA (5.9%)
SRR22878281_binette_bin168.fasta	Unclassified Bacteria	N/A	N/A	N/A	N/A	N/A	N/A	N/A	N/A	N/A	N/A	N/A	N/A	N/A	N/A	N/A	N/A	N/A	Insufficient number of amino acids in MSA (1.4%)
SRR22878281_binette_bin169.fasta	Unclassified Bacteria	N/A	N/A	N/A	N/A	N/A	N/A	N/A	N/A	N/A	N/A	N/A	N/A	N/A	N/A	N/A	N/A	N/A	Insufficient number of amino acids in MSA (4.9%)
SRR22878281_binette_bin17.fasta	d__Bacteria;p__Myxococcota_A;c__UBA9160;o__UBA9160;f__SMWR01;g__CALDCK01;s__	N/A	N/A	N/A	N/A	N/A	N/A	N/A	N/A	N/A	N/A	d__Bacteria;p__Myxococcota_A;c__UBA9160;o__UBA9160;f__SMWR01;g__CALDCK01;s__	taxonomic novelty determined using RED	classification based on placement in class-level tree	N/A	93.47	11	0.85208	N/A
SRR22878281_binette_bin170.fasta	Unclassified Bacteria	N/A	N/A	N/A	N/A	N/A	N/A	N/A	N/A	N/A	N/A	N/A	N/A	N/A	N/A	N/A	N/A	N/A	Insufficient number of amino acids in MSA (6.3%)
SRR22878281_binette_bin171.fasta	Unclassified	N/A	N/A	N/A	N/A	N/A	N/A	N/A	N/A	N/A	N/A	N/A	N/A	N/A	N/A	N/A	N/A	N/A	No bacterial or archaeal marker
SRR22878281_binette_bin172.fasta	Unclassified Bacteria	N/A	N/A	N/A	N/A	N/A	N/A	N/A	N/A	N/A	N/A	N/A	N/A	N/A	N/A	N/A	N/A	N/A	Insufficient number of amino acids in MSA (5.2%)
SRR22878281_binette_bin173.fasta	Unclassified Bacteria	N/A	N/A	N/A	N/A	N/A	N/A	N/A	N/A	N/A	N/A	N/A	N/A	N/A	N/A	N/A	N/A	N/A	Insufficient number of amino acids in MSA (2.3%)
SRR22878281_binette_bin174.fasta	Unclassified	N/A	N/A	N/A	N/A	N/A	N/A	N/A	N/A	N/A	N/A	N/A	N/A	N/A	N/A	N/A	N/A	N/A	No bacterial or archaeal marker
SRR22878281_binette_bin175.fasta	Unclassified Bacteria	N/A	N/A	N/A	N/A	N/A	N/A	N/A	N/A	N/A	N/A	N/A	N/A	N/A	N/A	N/A	N/A	N/A	Insufficient number of amino acids in MSA (1.3%)
SRR22878281_binette_bin176.fasta	Unclassified Bacteria	N/A	N/A	N/A	N/A	N/A	N/A	N/A	N/A	N/A	N/A	N/A	N/A	N/A	N/A	N/A	N/A	N/A	Insufficient number of amino acids in MSA (3.5%)
SRR22878281_binette_bin177.fasta	Unclassified Bacteria	N/A	N/A	N/A	N/A	N/A	N/A	N/A	N/A	N/A	N/A	N/A	N/A	N/A	N/A	N/A	N/A	N/A	Insufficient number of amino acids in MSA (0.8%)
SRR22878281_binette_bin178.fasta	Unclassified Bacteria	N/A	N/A	N/A	N/A	N/A	N/A	N/A	N/A	N/A	N/A	N/A	N/A	N/A	N/A	N/A	N/A	N/A	Insufficient number of amino acids in MSA (1.3%)
SRR22878281_binette_bin179.fasta	Unclassified	N/A	N/A	N/A	N/A	N/A	N/A	N/A	N/A	N/A	N/A	N/A	N/A	N/A	N/A	N/A	N/A	N/A	No bacterial or archaeal marker
SRR22878281_binette_bin18.fasta	d__Bacteria;p__Acidobacteriota;c__Blastocatellia;o__Pyrinomonadales;f__Pyrinomonadaceae;g__Aridibacter;s__	N/A	N/A	N/A	N/A	N/A	N/A	N/A	N/A	N/A	N/A	d__Bacteria;p__Acidobacteriota;c__Blastocatellia;o__Pyrinomonadales;f__Pyrinomonadaceae;g__Aridibacter;s__	taxonomic classification fully defined by topology	classification based on placement in class-level tree	N/A	78.89	11	0.95038	N/A
SRR22878281_binette_bin180.fasta	Unclassified Bacteria	N/A	N/A	N/A	N/A	N/A	N/A	N/A	N/A	N/A	N/A	N/A	N/A	N/A	N/A	N/A	N/A	N/A	Insufficient number of amino acids in MSA (1.0%)
SRR22878281_binette_bin181.fasta	Unclassified Bacteria	N/A	N/A	N/A	N/A	N/A	N/A	N/A	N/A	N/A	N/A	N/A	N/A	N/A	N/A	N/A	N/A	N/A	Insufficient number of amino acids in MSA (3.3%)
SRR22878281_binette_bin182.fasta	Unclassified	N/A	N/A	N/A	N/A	N/A	N/A	N/A	N/A	N/A	N/A	N/A	N/A	N/A	N/A	N/A	N/A	N/A	No bacterial or archaeal marker
SRR22878281_binette_bin183.fasta	Unclassified Bacteria	N/A	N/A	N/A	N/A	N/A	N/A	N/A	N/A	N/A	N/A	N/A	N/A	N/A	N/A	N/A	N/A	N/A	Insufficient number of amino acids in MSA (5.4%)
SRR22878281_binette_bin184.fasta	Unclassified Bacteria	N/A	N/A	N/A	N/A	N/A	N/A	N/A	N/A	N/A	N/A	N/A	N/A	N/A	N/A	N/A	N/A	N/A	Insufficient number of amino acids in MSA (1.7%)
SRR22878281_binette_bin185.fasta	Unclassified Bacteria	N/A	N/A	N/A	N/A	N/A	N/A	N/A	N/A	N/A	N/A	N/A	N/A	N/A	N/A	N/A	N/A	N/A	Insufficient number of amino acids in MSA (5.6%)
SRR22878281_binette_bin186.fasta	Unclassified Bacteria	N/A	N/A	N/A	N/A	N/A	N/A	N/A	N/A	N/A	N/A	N/A	N/A	N/A	N/A	N/A	N/A	N/A	Insufficient number of amino acids in MSA (4.8%)
SRR22878281_binette_bin187.fasta	Unclassified	N/A	N/A	N/A	N/A	N/A	N/A	N/A	N/A	N/A	N/A	N/A	N/A	N/A	N/A	N/A	N/A	N/A	No bacterial or archaeal marker
SRR22878281_binette_bin188.fasta	Unclassified Bacteria	N/A	N/A	N/A	N/A	N/A	N/A	N/A	N/A	N/A	N/A	N/A	N/A	N/A	N/A	N/A	N/A	N/A	Insufficient number of amino acids in MSA (3.7%)
SRR22878281_binette_bin189.fasta	Unclassified Bacteria	N/A	N/A	N/A	N/A	N/A	N/A	N/A	N/A	N/A	N/A	N/A	N/A	N/A	N/A	N/A	N/A	N/A	Insufficient number of amino acids in MSA (0.4%)
SRR22878281_binette_bin190.fasta	Unclassified Bacteria	N/A	N/A	N/A	N/A	N/A	N/A	N/A	N/A	N/A	N/A	N/A	N/A	N/A	N/A	N/A	N/A	N/A	Insufficient number of amino acids in MSA (3.8%)
SRR22878281_binette_bin191.fasta	Unclassified Bacteria	N/A	N/A	N/A	N/A	N/A	N/A	N/A	N/A	N/A	N/A	N/A	N/A	N/A	N/A	N/A	N/A	N/A	Insufficient number of amino acids in MSA (2.4%)
SRR22878281_binette_bin192.fasta	Unclassified Bacteria	N/A	N/A	N/A	N/A	N/A	N/A	N/A	N/A	N/A	N/A	N/A	N/A	N/A	N/A	N/A	N/A	N/A	Insufficient number of amino acids in MSA (3.5%)
SRR22878281_binette_bin193.fasta	Unclassified Bacteria	N/A	N/A	N/A	N/A	N/A	N/A	N/A	N/A	N/A	N/A	N/A	N/A	N/A	N/A	N/A	N/A	N/A	Insufficient number of amino acids in MSA (3.8%)
SRR22878281_binette_bin194.fasta	d__Bacteria;p__Pseudomonadota;c__Alphaproteobacteria;o__Rhodobacterales;f__Rhodobacteraceae;g__Shimia;s__	N/A	N/A	N/A	N/A	N/A	N/A	N/A	N/A	N/A	N/A	d__Bacteria;p__Pseudomonadota;c__Alphaproteobacteria;o__Rhodobacterales;f__Rhodobacteraceae;g__Shimia;s__	taxonomic classification fully defined by topology	classification based on placement in class-level tree	N/A	10.7	11	0.98899	Genome domain questionable ( 10.8% Bacterial, 5.7% Archaeal);Genome has more than 12.5% of markers with multiple hits
SRR22878281_binette_bin195.fasta	Unclassified Bacteria	N/A	N/A	N/A	N/A	N/A	N/A	N/A	N/A	N/A	N/A	N/A	N/A	N/A	N/A	N/A	N/A	N/A	Insufficient number of amino acids in MSA (2.0%)
SRR22878281_binette_bin196.fasta	Unclassified Bacteria	N/A	N/A	N/A	N/A	N/A	N/A	N/A	N/A	N/A	N/A	N/A	N/A	N/A	N/A	N/A	N/A	N/A	Insufficient number of amino acids in MSA (3.2%)
SRR22878281_binette_bin197.fasta	Unclassified Bacteria	N/A	N/A	N/A	N/A	N/A	N/A	N/A	N/A	N/A	N/A	N/A	N/A	N/A	N/A	N/A	N/A	N/A	Insufficient number of amino acids in MSA (3.0%)
SRR22878281_binette_bin198.fasta	Unclassified Bacteria	N/A	N/A	N/A	N/A	N/A	N/A	N/A	N/A	N/A	N/A	N/A	N/A	N/A	N/A	N/A	N/A	N/A	Insufficient number of amino acids in MSA (0.8%)
SRR22878281_binette_bin199.fasta	Unclassified Bacteria	N/A	N/A	N/A	N/A	N/A	N/A	N/A	N/A	N/A	N/A	N/A	N/A	N/A	N/A	N/A	N/A	N/A	Insufficient number of amino acids in MSA (0.8%)
SRR22878281_binette_bin2.fasta	d__Bacteria;p__Pseudomonadota;c__Alphaproteobacteria;o__Rhizobiales;f__Hyphomicrobiaceae;g__CAJQQK01;s__	N/A	N/A	N/A	N/A	N/A	N/A	N/A	N/A	N/A	N/A	d__Bacteria;p__Pseudomonadota;c__Alphaproteobacteria;o__Rhizobiales;f__Hyphomicrobiaceae;g__CAJQQK01;s__	taxonomic novelty determined using RED	classification based on placement in class-level tree	N/A	96.15	11	0.94204	N/A
SRR22878281_binette_bin20.fasta	d__Bacteria;p__Pseudomonadota;c__Alphaproteobacteria;o__Rhizobiales;f__CALHAX01;g__CALHAX01;s__	N/A	N/A	N/A	N/A	N/A	N/A	N/A	N/A	N/A	N/A	d__Bacteria;p__Pseudomonadota;c__Alphaproteobacteria;o__Rhizobiales;f__CALHAX01;g__CALHAX01;s__	taxonomic classification fully defined by topology	classification based on placement in class-level tree	N/A	78.79	11	0.95551	N/A
SRR22878281_binette_bin200.fasta	Unclassified Bacteria	N/A	N/A	N/A	N/A	N/A	N/A	N/A	N/A	N/A	N/A	N/A	N/A	N/A	N/A	N/A	N/A	N/A	Insufficient number of amino acids in MSA (4.6%)
SRR22878281_binette_bin201.fasta	Unclassified Bacteria	N/A	N/A	N/A	N/A	N/A	N/A	N/A	N/A	N/A	N/A	N/A	N/A	N/A	N/A	N/A	N/A	N/A	Insufficient number of amino acids in MSA (3.6%)
SRR22878281_binette_bin202.fasta	Unclassified Bacteria	N/A	N/A	N/A	N/A	N/A	N/A	N/A	N/A	N/A	N/A	N/A	N/A	N/A	N/A	N/A	N/A	N/A	Insufficient number of amino acids in MSA (0.8%)
SRR22878281_binette_bin203.fasta	Unclassified	N/A	N/A	N/A	N/A	N/A	N/A	N/A	N/A	N/A	N/A	N/A	N/A	N/A	N/A	N/A	N/A	N/A	No bacterial or archaeal marker
SRR22878281_binette_bin204.fasta	Unclassified	N/A	N/A	N/A	N/A	N/A	N/A	N/A	N/A	N/A	N/A	N/A	N/A	N/A	N/A	N/A	N/A	N/A	No bacterial or archaeal marker
SRR22878281_binette_bin205.fasta	Unclassified Bacteria	N/A	N/A	N/A	N/A	N/A	N/A	N/A	N/A	N/A	N/A	N/A	N/A	N/A	N/A	N/A	N/A	N/A	Insufficient number of amino acids in MSA (3.6%)
SRR22878281_binette_bin206.fasta	Unclassified Bacteria	N/A	N/A	N/A	N/A	N/A	N/A	N/A	N/A	N/A	N/A	N/A	N/A	N/A	N/A	N/A	N/A	N/A	Insufficient number of amino acids in MSA (3.9%)
SRR22878281_binette_bin207.fasta	Unclassified	N/A	N/A	N/A	N/A	N/A	N/A	N/A	N/A	N/A	N/A	N/A	N/A	N/A	N/A	N/A	N/A	N/A	No bacterial or archaeal marker
SRR22878281_binette_bin208.fasta	Unclassified Bacteria	N/A	N/A	N/A	N/A	N/A	N/A	N/A	N/A	N/A	N/A	N/A	N/A	N/A	N/A	N/A	N/A	N/A	Insufficient number of amino acids in MSA (4.8%)
SRR22878281_binette_bin209.fasta	Unclassified	N/A	N/A	N/A	N/A	N/A	N/A	N/A	N/A	N/A	N/A	N/A	N/A	N/A	N/A	N/A	N/A	N/A	No bacterial or archaeal marker
SRR22878281_binette_bin21.fasta	d__Bacteria;p__Pseudomonadota;c__Alphaproteobacteria;o__Sphingomonadales;f__Sphingomonadaceae;g__Sphingorhabdus_B;s__	N/A	N/A	N/A	N/A	N/A	N/A	N/A	N/A	N/A	N/A	d__Bacteria;p__Pseudomonadota;c__Alphaproteobacteria;o__Sphingomonadales;f__Sphingomonadaceae;g__Sphingorhabdus_B;s__	taxonomic classification fully defined by topology	classification based on placement in class-level tree	N/A	96.62	11	0.97008	N/A
SRR22878281_binette_bin210.fasta	Unclassified Bacteria	N/A	N/A	N/A	N/A	N/A	N/A	N/A	N/A	N/A	N/A	N/A	N/A	N/A	N/A	N/A	N/A	N/A	Insufficient number of amino acids in MSA (4.9%)
SRR22878281_binette_bin211.fasta	Unclassified Bacteria	N/A	N/A	N/A	N/A	N/A	N/A	N/A	N/A	N/A	N/A	N/A	N/A	N/A	N/A	N/A	N/A	N/A	Insufficient number of amino acids in MSA (6.2%)
SRR22878281_binette_bin212.fasta	Unclassified	N/A	N/A	N/A	N/A	N/A	N/A	N/A	N/A	N/A	N/A	N/A	N/A	N/A	N/A	N/A	N/A	N/A	No bacterial or archaeal marker
SRR22878281_binette_bin213.fasta	Unclassified Bacteria	N/A	N/A	N/A	N/A	N/A	N/A	N/A	N/A	N/A	N/A	N/A	N/A	N/A	N/A	N/A	N/A	N/A	Insufficient number of amino acids in MSA (1.6%)
SRR22878281_binette_bin214.fasta	Unclassified	N/A	N/A	N/A	N/A	N/A	N/A	N/A	N/A	N/A	N/A	N/A	N/A	N/A	N/A	N/A	N/A	N/A	No bacterial or archaeal marker
SRR22878281_binette_bin215.fasta	d__Bacteria;p__Pseudomonadota;c__Alphaproteobacteria;o__Caulobacterales;f__Maricaulaceae;g__Hellea;s__	N/A	N/A	N/A	N/A	N/A	GCA_020629875.1	95.0	d__Bacteria;p__Pseudomonadota;c__Alphaproteobacteria;o__Caulobacterales;f__Maricaulaceae;g__Hellea;s__Hellea sp020629875	98.34	0.394	d__Bacteria;p__Pseudomonadota;c__Alphaproteobacteria;o__Caulobacterales;f__Maricaulaceae;g__Hellea;s__	taxonomic classification defined by topology and ANI	classification based on placement in class-level tree	N/A	10.98	11	0.98536	N/A
SRR22878281_binette_bin216.fasta	Unclassified	N/A	N/A	N/A	N/A	N/A	N/A	N/A	N/A	N/A	N/A	N/A	N/A	N/A	N/A	N/A	N/A	N/A	No bacterial or archaeal marker
SRR22878281_binette_bin217.fasta	Unclassified Bacteria	N/A	N/A	N/A	N/A	N/A	N/A	N/A	N/A	N/A	N/A	N/A	N/A	N/A	N/A	N/A	N/A	N/A	Insufficient number of amino acids in MSA (6.9%)
SRR22878281_binette_bin218.fasta	Unclassified Bacteria	N/A	N/A	N/A	N/A	N/A	N/A	N/A	N/A	N/A	N/A	N/A	N/A	N/A	N/A	N/A	N/A	N/A	Insufficient number of amino acids in MSA (1.8%)
SRR22878281_binette_bin219.fasta	Unclassified Bacteria	N/A	N/A	N/A	N/A	N/A	N/A	N/A	N/A	N/A	N/A	N/A	N/A	N/A	N/A	N/A	N/A	N/A	Insufficient number of amino acids in MSA (5.5%)
SRR22878281_binette_bin22.fasta	d__Bacteria;p__Pseudomonadota;c__Alphaproteobacteria;o__Sphingomonadales;f__Sphingomonadaceae;g__Erythrobacter;s__	N/A	N/A	N/A	N/A	N/A	N/A	N/A	N/A	N/A	N/A	d__Bacteria;p__Pseudomonadota;c__Alphaproteobacteria;o__Sphingomonadales;f__Sphingomonadaceae;g__Erythrobacter;s__	taxonomic classification fully defined by topology	classification based on placement in class-level tree	N/A	75.2	11	0.99383	N/A
SRR22878281_binette_bin220.fasta	Unclassified Bacteria	N/A	N/A	N/A	N/A	N/A	N/A	N/A	N/A	N/A	N/A	N/A	N/A	N/A	N/A	N/A	N/A	N/A	Insufficient number of amino acids in MSA (8.4%)
SRR22878281_binette_bin221.fasta	Unclassified Bacteria	N/A	N/A	N/A	N/A	N/A	N/A	N/A	N/A	N/A	N/A	N/A	N/A	N/A	N/A	N/A	N/A	N/A	Insufficient number of amino acids in MSA (3.1%)
SRR22878281_binette_bin222.fasta	d__Bacteria;p__Planctomycetota;c__Planctomycetia;o__Pirellulales;f__Pirellulaceae;g__CALHZT01;s__	N/A	N/A	N/A	N/A	N/A	N/A	N/A	N/A	N/A	N/A	d__Bacteria;p__Planctomycetota;c__Planctomycetia;o__Pirellulales;f__Pirellulaceae;g__CALHZT01;s__	taxonomic novelty determined using RED	classification based on placement in class-level tree	N/A	13.64	11	0.8681	N/A
SRR22878281_binette_bin223.fasta	Unclassified Bacteria	N/A	N/A	N/A	N/A	N/A	N/A	N/A	N/A	N/A	N/A	N/A	N/A	N/A	N/A	N/A	N/A	N/A	Insufficient number of amino acids in MSA (2.2%)
SRR22878281_binette_bin225.fasta	Unclassified Bacteria	N/A	N/A	N/A	N/A	N/A	N/A	N/A	N/A	N/A	N/A	N/A	N/A	N/A	N/A	N/A	N/A	N/A	Insufficient number of amino acids in MSA (1.6%)
SRR22878281_binette_bin226.fasta	Unclassified	N/A	N/A	N/A	N/A	N/A	N/A	N/A	N/A	N/A	N/A	N/A	N/A	N/A	N/A	N/A	N/A	N/A	No bacterial or archaeal marker
SRR22878281_binette_bin227.fasta	Unclassified Bacteria	N/A	N/A	N/A	N/A	N/A	N/A	N/A	N/A	N/A	N/A	N/A	N/A	N/A	N/A	N/A	N/A	N/A	Insufficient number of amino acids in MSA (3.2%)
SRR22878281_binette_bin228.fasta	Unclassified	N/A	N/A	N/A	N/A	N/A	N/A	N/A	N/A	N/A	N/A	N/A	N/A	N/A	N/A	N/A	N/A	N/A	No bacterial or archaeal marker
SRR22878281_binette_bin229.fasta	Unclassified Bacteria	N/A	N/A	N/A	N/A	N/A	N/A	N/A	N/A	N/A	N/A	N/A	N/A	N/A	N/A	N/A	N/A	N/A	Insufficient number of amino acids in MSA (0.8%)
SRR22878281_binette_bin23.fasta	d__Bacteria;p__Pseudomonadota;c__Gammaproteobacteria;o__Granulosicoccales;f__Granulosicoccaceae;g__CALFCE01;s__	N/A	N/A	N/A	N/A	N/A	N/A	N/A	N/A	N/A	N/A	d__Bacteria;p__Pseudomonadota;c__Gammaproteobacteria;o__Granulosicoccales;f__Granulosicoccaceae;g__CALFCE01;s__	taxonomic classification fully defined by topology	classification based on placement in class-level tree	N/A	98.33	11	0.96951	N/A
SRR22878281_binette_bin230.fasta	Unclassified Bacteria	N/A	N/A	N/A	N/A	N/A	N/A	N/A	N/A	N/A	N/A	N/A	N/A	N/A	N/A	N/A	N/A	N/A	Insufficient number of amino acids in MSA (0.8%)
SRR22878281_binette_bin231.fasta	Unclassified Bacteria	N/A	N/A	N/A	N/A	N/A	N/A	N/A	N/A	N/A	N/A	N/A	N/A	N/A	N/A	N/A	N/A	N/A	Insufficient number of amino acids in MSA (1.6%)
SRR22878281_binette_bin232.fasta	Unclassified	N/A	N/A	N/A	N/A	N/A	N/A	N/A	N/A	N/A	N/A	N/A	N/A	N/A	N/A	N/A	N/A	N/A	No bacterial or archaeal marker
SRR22878281_binette_bin233.fasta	Unclassified Bacteria	N/A	N/A	N/A	N/A	N/A	N/A	N/A	N/A	N/A	N/A	N/A	N/A	N/A	N/A	N/A	N/A	N/A	Insufficient number of amino acids in MSA (3.1%)
SRR22878281_binette_bin234.fasta	Unclassified	N/A	N/A	N/A	N/A	N/A	N/A	N/A	N/A	N/A	N/A	N/A	N/A	N/A	N/A	N/A	N/A	N/A	No bacterial or archaeal marker
SRR22878281_binette_bin235.fasta	Unclassified	N/A	N/A	N/A	N/A	N/A	N/A	N/A	N/A	N/A	N/A	N/A	N/A	N/A	N/A	N/A	N/A	N/A	No bacterial or archaeal marker
SRR22878281_binette_bin24.fasta	d__Bacteria;p__Pseudomonadota;c__Alphaproteobacteria;o__Sphingomonadales;f__Sphingomonadaceae;g__Parasphingorhabdus;s__Parasphingorhabdus sp039982415	GCF_039982415.1	95.0	d__Bacteria;p__Pseudomonadota;c__Alphaproteobacteria;o__Sphingomonadales;f__Sphingomonadaceae;g__Parasphingorhabdus;s__Parasphingorhabdus sp039982415	97.37	0.9	GCF_039982415.1	95.0	d__Bacteria;p__Pseudomonadota;c__Alphaproteobacteria;o__Sphingomonadales;f__Sphingomonadaceae;g__Parasphingorhabdus;s__Parasphingorhabdus sp039982415	97.37	0.9	d__Bacteria;p__Pseudomonadota;c__Alphaproteobacteria;o__Sphingomonadales;f__Sphingomonadaceae;g__Parasphingorhabdus;s__	taxonomic classification defined by topology and ANI	topological placement and ANI have congruent species assignments	N/A	92.59	11	N/A	N/A
SRR22878281_binette_bin243.fasta	Unclassified Bacteria	N/A	N/A	N/A	N/A	N/A	N/A	N/A	N/A	N/A	N/A	N/A	N/A	N/A	N/A	N/A	N/A	N/A	Insufficient number of amino acids in MSA (0.8%)
SRR22878281_binette_bin244.fasta	Unclassified Bacteria	N/A	N/A	N/A	N/A	N/A	N/A	N/A	N/A	N/A	N/A	N/A	N/A	N/A	N/A	N/A	N/A	N/A	Insufficient number of amino acids in MSA (2.0%)
SRR22878281_binette_bin245.fasta	Unclassified Bacteria	N/A	N/A	N/A	N/A	N/A	N/A	N/A	N/A	N/A	N/A	N/A	N/A	N/A	N/A	N/A	N/A	N/A	Insufficient number of amino acids in MSA (1.4%)
SRR22878281_binette_bin246.fasta	Unclassified Bacteria	N/A	N/A	N/A	N/A	N/A	N/A	N/A	N/A	N/A	N/A	N/A	N/A	N/A	N/A	N/A	N/A	N/A	Insufficient number of amino acids in MSA (1.7%)
SRR22878281_binette_bin247.fasta	Unclassified Bacteria	N/A	N/A	N/A	N/A	N/A	N/A	N/A	N/A	N/A	N/A	N/A	N/A	N/A	N/A	N/A	N/A	N/A	Insufficient number of amino acids in MSA (4.5%)
SRR22878281_binette_bin248.fasta	Unclassified Bacteria	N/A	N/A	N/A	N/A	N/A	N/A	N/A	N/A	N/A	N/A	N/A	N/A	N/A	N/A	N/A	N/A	N/A	Insufficient number of amino acids in MSA (1.6%)
SRR22878281_binette_bin249.fasta	Unclassified Bacteria	N/A	N/A	N/A	N/A	N/A	N/A	N/A	N/A	N/A	N/A	N/A	N/A	N/A	N/A	N/A	N/A	N/A	Insufficient number of amino acids in MSA (3.1%)
SRR22878281_binette_bin25.fasta	d__Bacteria;p__Patescibacteriota;c__JAEDAM01;o__BD1-5;f__UBA6164;g__CAJXJP01;s__	N/A	N/A	N/A	N/A	N/A	N/A	N/A	N/A	N/A	N/A	d__Bacteria;p__Patescibacteriota;c__JAEDAM01;o__BD1-5;f__UBA6164;g__CAJXJP01;s__	taxonomic classification fully defined by topology	classification based on placement in class-level tree	N/A	77.12	4	0.96909	N/A
SRR22878281_binette_bin250.fasta	Unclassified Bacteria	N/A	N/A	N/A	N/A	N/A	N/A	N/A	N/A	N/A	N/A	N/A	N/A	N/A	N/A	N/A	N/A	N/A	Insufficient number of amino acids in MSA (2.7%)
SRR22878281_binette_bin251.fasta	Unclassified	N/A	N/A	N/A	N/A	N/A	N/A	N/A	N/A	N/A	N/A	N/A	N/A	N/A	N/A	N/A	N/A	N/A	No bacterial or archaeal marker
SRR22878281_binette_bin252.fasta	Unclassified Bacteria	N/A	N/A	N/A	N/A	N/A	N/A	N/A	N/A	N/A	N/A	N/A	N/A	N/A	N/A	N/A	N/A	N/A	Insufficient number of amino acids in MSA (0.5%)
SRR22878281_binette_bin253.fasta	Unclassified	N/A	N/A	N/A	N/A	N/A	N/A	N/A	N/A	N/A	N/A	N/A	N/A	N/A	N/A	N/A	N/A	N/A	No bacterial or archaeal marker
SRR22878281_binette_bin254.fasta	Unclassified Bacteria	N/A	N/A	N/A	N/A	N/A	N/A	N/A	N/A	N/A	N/A	N/A	N/A	N/A	N/A	N/A	N/A	N/A	Insufficient number of amino acids in MSA (0.6%)
SRR22878281_binette_bin255.fasta	Unclassified Bacteria	N/A	N/A	N/A	N/A	N/A	N/A	N/A	N/A	N/A	N/A	N/A	N/A	N/A	N/A	N/A	N/A	N/A	Insufficient number of amino acids in MSA (3.3%)
SRR22878281_binette_bin256.fasta	Unclassified Bacteria	N/A	N/A	N/A	N/A	N/A	N/A	N/A	N/A	N/A	N/A	N/A	N/A	N/A	N/A	N/A	N/A	N/A	Insufficient number of amino acids in MSA (2.5%)
SRR22878281_binette_bin257.fasta	Unclassified Bacteria	N/A	N/A	N/A	N/A	N/A	N/A	N/A	N/A	N/A	N/A	N/A	N/A	N/A	N/A	N/A	N/A	N/A	Insufficient number of amino acids in MSA (9.8%)
SRR22878281_binette_bin258.fasta	Unclassified	N/A	N/A	N/A	N/A	N/A	N/A	N/A	N/A	N/A	N/A	N/A	N/A	N/A	N/A	N/A	N/A	N/A	No bacterial or archaeal marker
SRR22878281_binette_bin26.fasta	d__Bacteria;p__Pseudomonadota;c__Alphaproteobacteria;o__Rhizobiales;f__Rhizobiaceae;g__Lentilitoribacter;s__Lentilitoribacter sp020628775	GCA_020628775.1	95.0	d__Bacteria;p__Pseudomonadota;c__Alphaproteobacteria;o__Rhizobiales;f__Rhizobiaceae;g__Lentilitoribacter;s__Lentilitoribacter sp020628775	96.97	0.753	GCA_020628775.1	95.0	d__Bacteria;p__Pseudomonadota;c__Alphaproteobacteria;o__Rhizobiales;f__Rhizobiaceae;g__Lentilitoribacter;s__Lentilitoribacter sp020628775	96.97	0.753	d__Bacteria;p__Pseudomonadota;c__Alphaproteobacteria;o__Rhizobiales;f__Rhizobiaceae;g__Lentilitoribacter;s__	taxonomic classification defined by topology and ANI	topological placement and ANI have congruent species assignments	GCA_039974935.1, s__Lentilitoribacter sp039974935, 95.0, 88.11, 0.32; GCA_039986595.1, s__Lentilitoribacter sp039986595, 95.0, 87.64, 0.26	66.02	11	N/A	N/A
SRR22878281_binette_bin260.fasta	Unclassified	N/A	N/A	N/A	N/A	N/A	N/A	N/A	N/A	N/A	N/A	N/A	N/A	N/A	N/A	N/A	N/A	N/A	No bacterial or archaeal marker
SRR22878281_binette_bin261.fasta	Unclassified	N/A	N/A	N/A	N/A	N/A	N/A	N/A	N/A	N/A	N/A	N/A	N/A	N/A	N/A	N/A	N/A	N/A	No bacterial or archaeal marker
SRR22878281_binette_bin262.fasta	Unclassified	N/A	N/A	N/A	N/A	N/A	N/A	N/A	N/A	N/A	N/A	N/A	N/A	N/A	N/A	N/A	N/A	N/A	No bacterial or archaeal marker
SRR22878281_binette_bin263.fasta	Unclassified Bacteria	N/A	N/A	N/A	N/A	N/A	N/A	N/A	N/A	N/A	N/A	N/A	N/A	N/A	N/A	N/A	N/A	N/A	Insufficient number of amino acids in MSA (2.4%)
SRR22878281_binette_bin264.fasta	Unclassified Bacteria	N/A	N/A	N/A	N/A	N/A	N/A	N/A	N/A	N/A	N/A	N/A	N/A	N/A	N/A	N/A	N/A	N/A	Insufficient number of amino acids in MSA (1.5%)
SRR22878281_binette_bin265.fasta	Unclassified	N/A	N/A	N/A	N/A	N/A	N/A	N/A	N/A	N/A	N/A	N/A	N/A	N/A	N/A	N/A	N/A	N/A	No bacterial or archaeal marker
SRR22878281_binette_bin266.fasta	Unclassified Bacteria	N/A	N/A	N/A	N/A	N/A	N/A	N/A	N/A	N/A	N/A	N/A	N/A	N/A	N/A	N/A	N/A	N/A	Insufficient number of amino acids in MSA (1.4%)
SRR22878281_binette_bin267.fasta	Unclassified Bacteria	N/A	N/A	N/A	N/A	N/A	N/A	N/A	N/A	N/A	N/A	N/A	N/A	N/A	N/A	N/A	N/A	N/A	Insufficient number of amino acids in MSA (1.7%)
SRR22878281_binette_bin268.fasta	Unclassified Bacteria	N/A	N/A	N/A	N/A	N/A	N/A	N/A	N/A	N/A	N/A	N/A	N/A	N/A	N/A	N/A	N/A	N/A	Insufficient number of amino acids in MSA (1.3%)
SRR22878281_binette_bin269.fasta	Unclassified Bacteria	N/A	N/A	N/A	N/A	N/A	N/A	N/A	N/A	N/A	N/A	N/A	N/A	N/A	N/A	N/A	N/A	N/A	Insufficient number of amino acids in MSA (2.4%)
SRR22878281_binette_bin27.fasta	d__Bacteria;p__Bdellovibrionota_B;c__UBA2361;o__UBA2361;f__;g__;s__	N/A	N/A	N/A	N/A	N/A	N/A	N/A	N/A	N/A	N/A	d__Bacteria;p__Bdellovibrionota_B;c__UBA2361;o__UBA2361;f__;g__;s__	taxonomic classification fully defined by topology	classification based on placement in class-level tree	N/A	91.84	11	0.60982	N/A
SRR22878281_binette_bin270.fasta	Unclassified	N/A	N/A	N/A	N/A	N/A	N/A	N/A	N/A	N/A	N/A	N/A	N/A	N/A	N/A	N/A	N/A	N/A	No bacterial or archaeal marker
SRR22878281_binette_bin271.fasta	Unclassified	N/A	N/A	N/A	N/A	N/A	N/A	N/A	N/A	N/A	N/A	N/A	N/A	N/A	N/A	N/A	N/A	N/A	No bacterial or archaeal marker
SRR22878281_binette_bin273.fasta	Unclassified Bacteria	N/A	N/A	N/A	N/A	N/A	N/A	N/A	N/A	N/A	N/A	N/A	N/A	N/A	N/A	N/A	N/A	N/A	Insufficient number of amino acids in MSA (5.2%)
SRR22878281_binette_bin274.fasta	Unclassified	N/A	N/A	N/A	N/A	N/A	N/A	N/A	N/A	N/A	N/A	N/A	N/A	N/A	N/A	N/A	N/A	N/A	No bacterial or archaeal marker
SRR22878281_binette_bin275.fasta	Unclassified	N/A	N/A	N/A	N/A	N/A	N/A	N/A	N/A	N/A	N/A	N/A	N/A	N/A	N/A	N/A	N/A	N/A	No bacterial or archaeal marker
SRR22878281_binette_bin276.fasta	Unclassified	N/A	N/A	N/A	N/A	N/A	N/A	N/A	N/A	N/A	N/A	N/A	N/A	N/A	N/A	N/A	N/A	N/A	No bacterial or archaeal marker
SRR22878281_binette_bin278.fasta	Unclassified	N/A	N/A	N/A	N/A	N/A	N/A	N/A	N/A	N/A	N/A	N/A	N/A	N/A	N/A	N/A	N/A	N/A	No bacterial or archaeal marker
SRR22878281_binette_bin279.fasta	Unclassified Bacteria	N/A	N/A	N/A	N/A	N/A	N/A	N/A	N/A	N/A	N/A	N/A	N/A	N/A	N/A	N/A	N/A	N/A	Insufficient number of amino acids in MSA (2.8%)
SRR22878281_binette_bin28.fasta	d__Bacteria;p__Myxococcota_A;c__UBA9160;o__UBA9160;f__UBA4427;g__UBA4427;s__	N/A	N/A	N/A	N/A	N/A	N/A	N/A	N/A	N/A	N/A	d__Bacteria;p__Myxococcota_A;c__UBA9160;o__UBA9160;f__UBA4427;g__UBA4427;s__	taxonomic classification fully defined by topology	classification based on placement in class-level tree	N/A	85.92	11	0.97869	N/A
SRR22878281_binette_bin280.fasta	Unclassified Bacteria	N/A	N/A	N/A	N/A	N/A	N/A	N/A	N/A	N/A	N/A	N/A	N/A	N/A	N/A	N/A	N/A	N/A	Insufficient number of amino acids in MSA (1.1%)
SRR22878281_binette_bin281.fasta	Unclassified Bacteria	N/A	N/A	N/A	N/A	N/A	N/A	N/A	N/A	N/A	N/A	N/A	N/A	N/A	N/A	N/A	N/A	N/A	Insufficient number of amino acids in MSA (0.8%)
SRR22878281_binette_bin282.fasta	Unclassified Bacteria	N/A	N/A	N/A	N/A	N/A	N/A	N/A	N/A	N/A	N/A	N/A	N/A	N/A	N/A	N/A	N/A	N/A	Insufficient number of amino acids in MSA (0.4%)
SRR22878281_binette_bin284.fasta	Unclassified	N/A	N/A	N/A	N/A	N/A	N/A	N/A	N/A	N/A	N/A	N/A	N/A	N/A	N/A	N/A	N/A	N/A	No bacterial or archaeal marker
SRR22878281_binette_bin29.fasta	d__Bacteria;p__Myxococcota_A;c__UBA9160;o__UBA9160;f__SMWR01;g__CALDCK01;s__	N/A	N/A	N/A	N/A	N/A	N/A	N/A	N/A	N/A	N/A	d__Bacteria;p__Myxococcota_A;c__UBA9160;o__UBA9160;f__SMWR01;g__CALDCK01;s__	taxonomic novelty determined using RED	classification based on placement in class-level tree	N/A	96.29	11	0.85601	N/A
SRR22878281_binette_bin3.fasta	d__Bacteria;p__Pseudomonadota;c__Gammaproteobacteria;o__Pseudomonadales;f__Moraxellaceae;g__Psychrobacter;s__Psychrobacter sp002377945	GCF_002377945.1	95.0	d__Bacteria;p__Pseudomonadota;c__Gammaproteobacteria;o__Pseudomonadales;f__Moraxellaceae;g__Psychrobacter;s__Psychrobacter sp002377945	96.63	0.888	GCF_002377945.1	95.0	d__Bacteria;p__Pseudomonadota;c__Gammaproteobacteria;o__Pseudomonadales;f__Moraxellaceae;g__Psychrobacter;s__Psychrobacter sp002377945	96.63	0.888	d__Bacteria;p__Pseudomonadota;c__Gammaproteobacteria;o__Pseudomonadales;f__Moraxellaceae;g__Psychrobacter;s__	taxonomic classification defined by topology and ANI	topological placement and ANI have congruent species assignments	GCF_038155145.1, s__Psychrobacter proteolyticus_B, 95.0, 94.81, 0.861; GCA_913061175.1, s__Psychrobacter sp913061175, 95.0, 94.52, 0.815; GCF_014770435.1, s__Psychrobacter sp014770435, 95.0, 94.47, 0.837; GCF_001435845.1, s__Psychrobacter sp001435845, 95.0, 94.39, 0.832; GCF_947500265.1, s__Psychrobacter sp947500265, 95.0, 94.39, 0.8; GCF_904846625.1, s__Psychrobacter sp000586415, 95.0, 94.38, 0.838; GCF_030407815.1, s__Psychrobacter sp030407815, 95.0, 94.24, 0.821; GCF_022129425.1, s__Psychrobacter sp022129425, 95.0, 94.12, 0.798; GCF_002863645.1, s__Psychrobacter sp002863645, 95.0, 94.12, 0.778; GCF_904846645.1, s__Psychrobacter sp904846645, 95.0, 94.11, 0.785; GCF_904846235.1, s__Psychrobacter immobilis_C, 95.0, 94.04, 0.782; GCF_013414195.1, s__Psychrobacter sp013414195, 95.0, 94.02, 0.78; GCF_039762275.1, s__Psychrobacter proteolyticus_C, 95.0, 93.99, 0.815; GCF_904846365.1, s__Psychrobacter nivimaris_B, 95.06, 93.99, 0.792; GCF_022129405.1, s__Psychrobacter sp022129405, 95.0, 93.99, 0.785; GCF_009812035.1, s__Psychrobacter nivimaris, 95.0, 93.99, 0.772; GCF_002836505.1, s__Psychrobacter sp002836505, 95.0, 93.98, 0.797; GCF_904846705.1, s__Psychrobacter sp904846705, 95.0, 93.98, 0.794; GCF_002836715.1, s__Psychrobacter sp002836715, 95.0, 93.85, 0.775; GCF_002836735.1, s__Psychrobacter sp002836735, 95.0, 93.85, 0.773; GCF_000586435.1, s__Psychrobacter sp000586435, 95.0, 93.84, 0.791; GCF_904846455.1, s__Psychrobacter proteolyticus, 95.0, 93.37, 0.779; GCF_030407455.1, s__Psychrobacter sp030407455, 95.0, 86.46, 0.318; GCF_041431175.1, s__Psychrobacter sp041431175, 95.0, 85.78, 0.271; GCF_039523275.1, s__Psychrobacter piscatorii, 95.0, 85.37, 0.242; GCF_015277735.1, s__Psychrobacter sp015277735, 95.0, 85.23, 0.245; GCF_022129235.1, s__Psychrobacter sp022129235, 95.0, 85.13, 0.251; GCF_016106655.1, s__Psychrobacter sp016106655, 95.0, 84.99, 0.249; GCF_015864565.1, s__Psychrobacter sp015864565, 95.0, 84.95, 0.235; GCF_033790785.1, s__Psychrobacter sp033790785, 95.0, 84.41, 0.208; GCF_001444505.1, s__Psychrobacter piscatorii_B, 95.0, 84.33, 0.224; GCF_900101915.1, s__Psychrobacter pacificensis, 96.42, 84.17, 0.2	95.65	11	N/A	N/A
SRR22878281_binette_bin30.fasta	d__Bacteria;p__Pseudomonadota;c__Alphaproteobacteria;o__Geminicoccales;f__Geminicoccaceae;g__JANQPX01;s__	N/A	N/A	N/A	N/A	N/A	N/A	N/A	N/A	N/A	N/A	d__Bacteria;p__Pseudomonadota;c__Alphaproteobacteria;o__Geminicoccales;f__Geminicoccaceae;g__JANQPX01;s__	taxonomic classification fully defined by topology	classification based on placement in class-level tree	N/A	95.63	11	0.9577	N/A
SRR22878281_binette_bin31.fasta	d__Bacteria;p__Pseudomonadota;c__Alphaproteobacteria;o__Caulobacterales;f__Maricaulaceae;g__Robiginitomaculum_A;s__	N/A	N/A	N/A	N/A	N/A	N/A	N/A	N/A	N/A	N/A	d__Bacteria;p__Pseudomonadota;c__Alphaproteobacteria;o__Caulobacterales;f__Maricaulaceae;g__Robiginitomaculum_A;s__	taxonomic classification fully defined by topology	classification based on placement in class-level tree	N/A	84.07	11	0.97587	N/A
SRR22878281_binette_bin32.fasta	d__Bacteria;p__Bacteroidota;c__Bacteroidia;o__Flavobacteriales;f__Flavobacteriaceae;g__Lacinutrix;s__Lacinutrix sp000211855	GCF_000211855.2	95.0	d__Bacteria;p__Bacteroidota;c__Bacteroidia;o__Flavobacteriales;f__Flavobacteriaceae;g__Lacinutrix;s__Lacinutrix sp000211855	99.08	0.924	GCF_000211855.2	95.0	d__Bacteria;p__Bacteroidota;c__Bacteroidia;o__Flavobacteriales;f__Flavobacteriaceae;g__Lacinutrix;s__Lacinutrix sp000211855	99.08	0.924	d__Bacteria;p__Bacteroidota;c__Bacteroidia;o__Flavobacteriales;f__Flavobacteriaceae;g__Lacinutrix;s__	taxonomic classification defined by topology and ANI	topological placement and ANI have congruent species assignments	GCF_001874145.1, s__Lacinutrix sp001874145, 95.01, 94.73, 0.731	91.78	11	N/A	N/A
SRR22878281_binette_bin33.fasta	d__Bacteria;p__Bacteroidota;c__Bacteroidia;o__Flavobacteriales;f__Flavobacteriaceae;g__Olleya;s__Olleya sediminilitoris	GCF_016785945.1	95.0	d__Bacteria;p__Bacteroidota;c__Bacteroidia;o__Flavobacteriales;f__Flavobacteriaceae;g__Olleya;s__Olleya sediminilitoris	98.67	0.942	GCF_016785945.1	95.0	d__Bacteria;p__Bacteroidota;c__Bacteroidia;o__Flavobacteriales;f__Flavobacteriaceae;g__Olleya;s__Olleya sediminilitoris	98.67	0.942	d__Bacteria;p__Bacteroidota;c__Bacteroidia;o__Flavobacteriales;f__Flavobacteriaceae;g__Olleya;s__	taxonomic classification defined by topology and ANI	topological placement and ANI have congruent species assignments	GCF_007827365.1, s__Olleya sp002323495, 95.0, 83.44, 0.178; GCF_000518485.1, s__Olleya marilimosa, 95.0, 82.75, 0.164	90.23	11	N/A	N/A
SRR22878281_binette_bin34.fasta	d__Bacteria;p__Cyanobacteriota;c__Cyanobacteriia;o__Cyanobacteriales;f__Xenococcaceae;g__Hyella;s__	N/A	N/A	N/A	N/A	N/A	GCA_937996665.1	95.0	d__Bacteria;p__Cyanobacteriota;c__Cyanobacteriia;o__Cyanobacteriales;f__Xenococcaceae;g__Hyella;s__Hyella sp937996665	84.5	0.166	d__Bacteria;p__Cyanobacteriota;c__Cyanobacteriia;o__Cyanobacteriales;f__Xenococcaceae;g__Hyella;s__	taxonomic classification defined by topology and ANI	classification based on placement in class-level tree	N/A	86.76	11	0.99189	N/A
SRR22878281_binette_bin35.fasta	d__Bacteria;p__Cyanobacteriota;c__Cyanobacteriia;o__Cyanobacteriales;f__Xenococcaceae;g__Waterburya;s__	N/A	N/A	N/A	N/A	N/A	N/A	N/A	N/A	N/A	N/A	d__Bacteria;p__Cyanobacteriota;c__Cyanobacteriia;o__Cyanobacteriales;f__Xenococcaceae;g__Waterburya;s__	taxonomic classification fully defined by topology	classification based on placement in class-level tree	N/A	93.23	11	0.9722	N/A
SRR22878281_binette_bin36.fasta	d__Bacteria;p__Actinomycetota;c__Acidimicrobiia;o__Acidimicrobiales;f__SZUA-35;g__CALEWY01;s__	N/A	N/A	N/A	N/A	N/A	N/A	N/A	N/A	N/A	N/A	d__Bacteria;p__Actinomycetota;c__Acidimicrobiia;o__Acidimicrobiales;f__SZUA-35;g__CALEWY01;s__	taxonomic classification fully defined by topology	classification based on placement in class-level tree	N/A	93.25	11	0.99065	N/A
SRR22878281_binette_bin37.fasta	d__Bacteria;p__Bacteroidota;c__Bacteroidia;o__Flavobacteriales;f__Flavobacteriaceae;g__Maribacter_C;s__	N/A	N/A	N/A	N/A	N/A	N/A	N/A	N/A	N/A	N/A	d__Bacteria;p__Bacteroidota;c__Bacteroidia;o__Flavobacteriales;f__Flavobacteriaceae;g__Maribacter_C;s__	taxonomic classification fully defined by topology	classification based on placement in class-level tree	N/A	91.38	11	0.96844	N/A
SRR22878281_binette_bin38.fasta	d__Bacteria;p__Pseudomonadota;c__Gammaproteobacteria;o__Pseudomonadales;f__Azotimanducaceae;g__CALHVX01;s__	N/A	N/A	N/A	N/A	N/A	N/A	N/A	N/A	N/A	N/A	d__Bacteria;p__Pseudomonadota;c__Gammaproteobacteria;o__Pseudomonadales;f__Azotimanducaceae;g__CALHVX01;s__	taxonomic classification fully defined by topology	classification based on placement in class-level tree	N/A	89.87	11	0.97455	N/A
SRR22878281_binette_bin39.fasta	d__Bacteria;p__Pseudomonadota;c__Alphaproteobacteria;o__Caulobacterales;f__Maricaulaceae;g__Hellea;s__	N/A	N/A	N/A	N/A	N/A	N/A	N/A	N/A	N/A	N/A	d__Bacteria;p__Pseudomonadota;c__Alphaproteobacteria;o__Caulobacterales;f__Maricaulaceae;g__Hellea;s__	taxonomic classification fully defined by topology	classification based on placement in class-level tree	N/A	65.49	11	0.97541	N/A
SRR22878281_binette_bin4.fasta	d__Bacteria;p__Pseudomonadota;c__Gammaproteobacteria;o__Pseudomonadales;f__Cellvibrionaceae;g__Marinagarivorans;s__Marinagarivorans sp947494095	GCA_947494095.1	95.0	d__Bacteria;p__Pseudomonadota;c__Gammaproteobacteria;o__Pseudomonadales;f__Cellvibrionaceae;g__Marinagarivorans;s__Marinagarivorans sp947494095	97.9	0.843	GCA_947494095.1	95.0	d__Bacteria;p__Pseudomonadota;c__Gammaproteobacteria;o__Pseudomonadales;f__Cellvibrionaceae;g__Marinagarivorans;s__Marinagarivorans sp947494095	97.9	0.843	d__Bacteria;p__Pseudomonadota;c__Gammaproteobacteria;o__Pseudomonadales;f__Cellvibrionaceae;g__Marinagarivorans;s__	taxonomic classification defined by topology and ANI	topological placement and ANI have congruent species assignments	GCF_001292705.1, s__Marinagarivorans algicola, 95.0, 85.6, 0.228	79.33	11	N/A	N/A
SRR22878281_binette_bin40.fasta	d__Bacteria;p__Bacteroidota;c__Bacteroidia;o__Flavobacteriales;f__Flavobacteriaceae;g__CANMSI01;s__	N/A	N/A	N/A	N/A	N/A	GCA_947500575.1	95.0	d__Bacteria;p__Bacteroidota;c__Bacteroidia;o__Flavobacteriales;f__Flavobacteriaceae;g__CANMSI01;s__CANMSI01 sp947500575	90.39	0.681	d__Bacteria;p__Bacteroidota;c__Bacteroidia;o__Flavobacteriales;f__Flavobacteriaceae;g__CANMSI01;s__	taxonomic classification defined by topology and ANI	classification based on placement in class-level tree	N/A	93.45	11	0.99292	Genome not assigned to closest species as it falls outside its pre-defined ANI radius
SRR22878281_binette_bin41.fasta	d__Bacteria;p__Verrucomicrobiota;c__Verrucomicrobiia;o__Verrucomicrobiales;f__DEV007;g__JAUIGD01;s__	N/A	N/A	N/A	N/A	N/A	N/A	N/A	N/A	N/A	N/A	d__Bacteria;p__Verrucomicrobiota;c__Verrucomicrobiia;o__Verrucomicrobiales;f__DEV007;g__JAUIGD01;s__	taxonomic novelty determined using RED	classification based on placement in class-level tree	N/A	82.35	11	0.86523	N/A
SRR22878281_binette_bin43.fasta	d__Bacteria;p__Pseudomonadota;c__Gammaproteobacteria;o__Enterobacterales;f__Alteromonadaceae;g__Pseudoalteromonas;s__Pseudoalteromonas atlantica	GCF_007988745.1	95.0	d__Bacteria;p__Pseudomonadota;c__Gammaproteobacteria;o__Enterobacterales;f__Alteromonadaceae;g__Pseudoalteromonas;s__Pseudoalteromonas atlantica	98.45	0.897	GCF_007988745.1	95.0	d__Bacteria;p__Pseudomonadota;c__Gammaproteobacteria;o__Enterobacterales;f__Alteromonadaceae;g__Pseudoalteromonas;s__Pseudoalteromonas atlantica	98.45	0.897	d__Bacteria;p__Pseudomonadota;c__Gammaproteobacteria;o__Enterobacterales;f__Alteromonadaceae;g__Pseudoalteromonas;s__	taxonomic classification defined by topology and ANI	topological placement and ANI have congruent species assignments	GCF_030296835.1, s__Pseudoalteromonas sp030296835, 95.0, 93.77, 0.788; GCF_001401805.1, s__Pseudoalteromonas sp001401805, 95.0, 93.13, 0.753; GCF_963922945.1, s__Pseudoalteromonas sp963922945, 95.0, 90.83, 0.671; GCF_002221525.1, s__Pseudoalteromonas espejiana, 95.0, 88.39, 0.46; GCF_900239935.1, s__Pseudoalteromonas carrageenovora, 95.0, 87.29, 0.338; GCF_018100985.1, s__Pseudoalteromonas sp018100985, 95.0, 85.95, 0.284; GCF_000238335.3, s__Pseudoalteromonas marina, 95.0, 85.62, 0.174; GCF_001468485.1, s__Pseudoalteromonas sp001468485, 95.0, 85.06, 0.176; GCF_038155085.1, s__Pseudoalteromonas aliena_A, 95.0, 84.72, 0.178; GCF_000814675.1, s__Pseudoalteromonas distincta, 95.0, 84.21, 0.173; GCF_008370255.1, s__Pseudoalteromonas sp008370255, 95.0, 84.15, 0.186; GCF_001974875.1, s__Pseudoalteromonas sp001974875, 95.0, 84.12, 0.19; GCF_000238395.3, s__Pseudoalteromonas arctica, 95.0, 84.09, 0.168; GCF_030408135.1, s__Pseudoalteromonas sp030408135, 95.0, 83.85, 0.167; GCF_011378855.1, s__Pseudoalteromonas sp011378855, 95.0, 83.67, 0.169	84.91	11	N/A	N/A
SRR22878281_binette_bin44.fasta	d__Bacteria;p__Pseudomonadota;c__Alphaproteobacteria;o__Sphingomonadales;f__Sphingomonadaceae;g__Parasphingorhabdus;s__	N/A	N/A	N/A	N/A	N/A	N/A	N/A	N/A	N/A	N/A	d__Bacteria;p__Pseudomonadota;c__Alphaproteobacteria;o__Sphingomonadales;f__Sphingomonadaceae;g__Parasphingorhabdus;s__	taxonomic classification fully defined by topology	classification based on placement in class-level tree	N/A	92.97	11	0.98169	N/A
SRR22878281_binette_bin45.fasta	d__Bacteria;p__Pseudomonadota;c__Alphaproteobacteria;o__Caulobacterales;f__Maricaulaceae;g__JACOMS01;s__	N/A	N/A	N/A	N/A	N/A	N/A	N/A	N/A	N/A	N/A	d__Bacteria;p__Pseudomonadota;c__Alphaproteobacteria;o__Caulobacterales;f__Maricaulaceae;g__JACOMS01;s__	taxonomic classification fully defined by topology	classification based on placement in class-level tree	N/A	87.95	11	0.98692	N/A
SRR22878281_binette_bin46.fasta	d__Bacteria;p__Pseudomonadota;c__Gammaproteobacteria;o__Enterobacterales;f__Alteromonadaceae;g__Pseudoalteromonas;s__Pseudoalteromonas marina	GCF_000238335.3	95.0	d__Bacteria;p__Pseudomonadota;c__Gammaproteobacteria;o__Enterobacterales;f__Alteromonadaceae;g__Pseudoalteromonas;s__Pseudoalteromonas marina	98.27	0.805	GCF_000238335.3	95.0	d__Bacteria;p__Pseudomonadota;c__Gammaproteobacteria;o__Enterobacterales;f__Alteromonadaceae;g__Pseudoalteromonas;s__Pseudoalteromonas marina	98.27	0.805	d__Bacteria;p__Pseudomonadota;c__Gammaproteobacteria;o__Enterobacterales;f__Alteromonadaceae;g__Pseudoalteromonas;s__	taxonomic classification defined by topology and ANI	topological placement and ANI have congruent species assignments	GCF_001468485.1, s__Pseudoalteromonas sp001468485, 95.0, 91.63, 0.644; GCF_900239935.1, s__Pseudoalteromonas carrageenovora, 95.0, 85.5, 0.182	69.24	11	N/A	N/A
SRR22878281_binette_bin47.fasta	d__Bacteria;p__Actinomycetota;c__Acidimicrobiia;o__Acidimicrobiales;f__UBA10347;g__UBA10347;s__	N/A	N/A	N/A	N/A	N/A	N/A	N/A	N/A	N/A	N/A	d__Bacteria;p__Actinomycetota;c__Acidimicrobiia;o__Acidimicrobiales;f__UBA10347;g__UBA10347;s__	taxonomic classification fully defined by topology	classification based on placement in class-level tree	N/A	92.41	11	0.95648	N/A
SRR22878281_binette_bin48.fasta	d__Bacteria;p__Actinomycetota;c__Acidimicrobiia;o__Acidimicrobiales;f__SHLQ01;g__SHLQ01;s__	N/A	N/A	N/A	N/A	N/A	N/A	N/A	N/A	N/A	N/A	d__Bacteria;p__Actinomycetota;c__Acidimicrobiia;o__Acidimicrobiales;f__SHLQ01;g__SHLQ01;s__	taxonomic classification fully defined by topology	classification based on placement in class-level tree	N/A	90.57	11	0.93417	N/A
SRR22878281_binette_bin49.fasta	d__Bacteria;p__Pseudomonadota;c__Alphaproteobacteria;o__Rhodobacterales;f__Rhodobacteraceae;g__Pseudophaeobacter;s__	N/A	N/A	N/A	N/A	N/A	N/A	N/A	N/A	N/A	N/A	d__Bacteria;p__Pseudomonadota;c__Alphaproteobacteria;o__Rhodobacterales;f__Rhodobacteraceae;g__Pseudophaeobacter;s__	taxonomic classification defined by topology and ANI	classification based on placement in class-level tree	GCF_000473205.1, s__Pseudophaeobacter arcticus, 95.0, 84.8, 0.205; GCA_025163595.1, s__Pseudophaeobacter sp905479575, 95.0, 84.56, 0.197; GCF_900313025.1, s__Pseudophaeobacter sp900313025, 95.0, 84.49, 0.199; GCF_001294455.1, s__Pseudophaeobacter sp001294455, 95.0, 83.85, 0.164	87.17	11	0.98982	N/A
SRR22878281_binette_bin5.fasta	d__Bacteria;p__Pseudomonadota;c__Gammaproteobacteria;o__UBA4575;f__UBA4575;g__JABDMD01;s__	N/A	N/A	N/A	N/A	N/A	N/A	N/A	N/A	N/A	N/A	d__Bacteria;p__Pseudomonadota;c__Gammaproteobacteria;o__UBA4575;f__UBA4575;g__JABDMD01;s__	taxonomic classification fully defined by topology	classification based on placement in class-level tree	N/A	82.13	11	0.98114	N/A
SRR22878281_binette_bin50.fasta	d__Bacteria;p__Pseudomonadota;c__Alphaproteobacteria;o__Rhizobiales;f__CALHAX01;g__CALHAX01;s__	N/A	N/A	N/A	N/A	N/A	N/A	N/A	N/A	N/A	N/A	d__Bacteria;p__Pseudomonadota;c__Alphaproteobacteria;o__Rhizobiales;f__CALHAX01;g__CALHAX01;s__	taxonomic classification fully defined by topology	classification based on placement in class-level tree	N/A	67.47	11	0.93836	N/A
SRR22878281_binette_bin51.fasta	d__Bacteria;p__Pseudomonadota;c__Alphaproteobacteria;o__Rhodobacterales;f__Rhodobacteraceae;g__CALKXV01;s__	N/A	N/A	N/A	N/A	N/A	N/A	N/A	N/A	N/A	N/A	d__Bacteria;p__Pseudomonadota;c__Alphaproteobacteria;o__Rhodobacterales;f__Rhodobacteraceae;g__CALKXV01;s__	taxonomic classification fully defined by topology	classification based on placement in class-level tree	N/A	84.02	11	0.9687	N/A
SRR22878281_binette_bin52.fasta	d__Bacteria;p__Pseudomonadota;c__Alphaproteobacteria;o__Caulobacterales;f__Parvularculaceae;g__;s__	N/A	N/A	N/A	N/A	N/A	N/A	N/A	N/A	N/A	N/A	d__Bacteria;p__Pseudomonadota;c__Alphaproteobacteria;o__Caulobacterales;f__Parvularculaceae;g__;s__	taxonomic novelty determined using RED	classification based on placement in class-level tree	N/A	80.84	11	0.89223	N/A
SRR22878281_binette_bin53.fasta	d__Bacteria;p__Pseudomonadota;c__Alphaproteobacteria;o__Rhodobacterales;f__Rhodobacteraceae;g__Sulfitobacter;s__	N/A	N/A	N/A	N/A	N/A	N/A	N/A	N/A	N/A	N/A	d__Bacteria;p__Pseudomonadota;c__Alphaproteobacteria;o__Rhodobacterales;f__Rhodobacteraceae;g__Sulfitobacter;s__	taxonomic classification fully defined by topology	classification based on placement in class-level tree	N/A	56.53	11	0.96229	N/A
SRR22878281_binette_bin54.fasta	d__Bacteria;p__Pseudomonadota;c__Gammaproteobacteria;o__Granulosicoccales;f__Granulosicoccaceae;g__CAKZUP01;s__	N/A	N/A	N/A	N/A	N/A	N/A	N/A	N/A	N/A	N/A	d__Bacteria;p__Pseudomonadota;c__Gammaproteobacteria;o__Granulosicoccales;f__Granulosicoccaceae;g__CAKZUP01;s__	taxonomic classification fully defined by topology	classification based on placement in class-level tree	N/A	67.57	11	0.98635	N/A
SRR22878281_binette_bin55.fasta	d__Bacteria;p__Verrucomicrobiota;c__Verrucomicrobiia;o__Verrucomicrobiales;f__DEV007;g__;s__	N/A	N/A	N/A	N/A	N/A	N/A	N/A	N/A	N/A	N/A	d__Bacteria;p__Verrucomicrobiota;c__Verrucomicrobiia;o__Verrucomicrobiales;f__DEV007;g__;s__	taxonomic classification fully defined by topology	classification based on placement in class-level tree	N/A	70.91	11	0.76905	N/A
SRR22878281_binette_bin56.fasta	d__Bacteria;p__Actinomycetota;c__Acidimicrobiia;o__Acidimicrobiales;f__UBA10347;g__UBA10347;s__	N/A	N/A	N/A	N/A	N/A	N/A	N/A	N/A	N/A	N/A	d__Bacteria;p__Actinomycetota;c__Acidimicrobiia;o__Acidimicrobiales;f__UBA10347;g__UBA10347;s__	taxonomic classification fully defined by topology	classification based on placement in class-level tree	N/A	88.54	11	0.95685	N/A
SRR22878281_binette_bin58.fasta	d__Bacteria;p__Actinomycetota;c__Acidimicrobiia;o__Acidimicrobiales;f__SHLQ01;g__SHLQ01;s__	N/A	N/A	N/A	N/A	N/A	N/A	N/A	N/A	N/A	N/A	d__Bacteria;p__Actinomycetota;c__Acidimicrobiia;o__Acidimicrobiales;f__SHLQ01;g__SHLQ01;s__	taxonomic classification fully defined by topology	classification based on placement in class-level tree	N/A	90.37	11	0.97305	N/A
SRR22878281_binette_bin59.fasta	d__Bacteria;p__Bacteroidota;c__Bacteroidia;o__Flavobacteriales;f__Flavobacteriaceae;g__AU392;s__	N/A	N/A	N/A	N/A	N/A	N/A	N/A	N/A	N/A	N/A	d__Bacteria;p__Bacteroidota;c__Bacteroidia;o__Flavobacteriales;f__Flavobacteriaceae;g__AU392;s__	taxonomic classification fully defined by topology	classification based on placement in class-level tree	N/A	71.23	11	0.95437	N/A
SRR22878281_binette_bin6.fasta	d__Bacteria;p__Pseudomonadota;c__Gammaproteobacteria;o__Arenicellales;f__Arenicellaceae;g__Arenicella;s__	N/A	N/A	N/A	N/A	N/A	N/A	N/A	N/A	N/A	N/A	d__Bacteria;p__Pseudomonadota;c__Gammaproteobacteria;o__Arenicellales;f__Arenicellaceae;g__Arenicella;s__	taxonomic classification fully defined by topology	classification based on placement in class-level tree	N/A	98.79	11	0.93556	N/A
SRR22878281_binette_bin60.fasta	d__Bacteria;p__Pseudomonadota;c__Alphaproteobacteria;o__Rhizobiales;f__Rhizobiaceae;g__JAALLB01;s__	N/A	N/A	N/A	N/A	N/A	N/A	N/A	N/A	N/A	N/A	d__Bacteria;p__Pseudomonadota;c__Alphaproteobacteria;o__Rhizobiales;f__Rhizobiaceae;g__JAALLB01;s__	taxonomic classification fully defined by topology	classification based on placement in class-level tree	N/A	72.8	11	0.92509	N/A
SRR22878281_binette_bin61.fasta	d__Bacteria;p__Bacteroidota;c__Bacteroidia;o__Flavobacteriales;f__Flavobacteriaceae;g__Maribacter_B;s__Maribacter_B vaceletii	GCF_003634105.1	95.0	d__Bacteria;p__Bacteroidota;c__Bacteroidia;o__Flavobacteriales;f__Flavobacteriaceae;g__Maribacter_B;s__Maribacter_B vaceletii	96.76	0.798	GCF_003634105.1	95.0	d__Bacteria;p__Bacteroidota;c__Bacteroidia;o__Flavobacteriales;f__Flavobacteriaceae;g__Maribacter_B;s__Maribacter_B vaceletii	96.76	0.798	d__Bacteria;p__Bacteroidota;c__Bacteroidia;o__Flavobacteriales;f__Flavobacteriaceae;g__Maribacter_B;s__	taxonomic classification defined by topology and ANI	topological placement and ANI have congruent species assignments	GCF_947500405.1, s__Maribacter_B sp947500405, 95.0, 91.04, 0.522; GCF_947495965.1, s__Maribacter_B sp947495965, 95.0, 90.54, 0.564; GCA_947504045.1, s__Maribacter_B sp947504045, 95.0, 85.66, 0.179	67.18	11	N/A	N/A
SRR22878281_binette_bin62.fasta	d__Bacteria;p__Myxococcota_A;c__UBA9160;o__UBA9160;f__UBA4427;g__UBA4427;s__	N/A	N/A	N/A	N/A	N/A	N/A	N/A	N/A	N/A	N/A	d__Bacteria;p__Myxococcota_A;c__UBA9160;o__UBA9160;f__UBA4427;g__UBA4427;s__	taxonomic classification fully defined by topology	classification based on placement in class-level tree	N/A	89.18	11	0.91341	N/A
SRR22878281_binette_bin63.fasta	d__Bacteria;p__Bacteroidota;c__Bacteroidia;o__Flavobacteriales;f__Flavobacteriaceae;g__Polaribacter;s__Polaribacter marinaquae	GCF_038019025.1	95.0	d__Bacteria;p__Bacteroidota;c__Bacteroidia;o__Flavobacteriales;f__Flavobacteriaceae;g__Polaribacter;s__Polaribacter marinaquae	98.59	0.94	GCF_038019025.1	95.0	d__Bacteria;p__Bacteroidota;c__Bacteroidia;o__Flavobacteriales;f__Flavobacteriaceae;g__Polaribacter;s__Polaribacter marinaquae	98.59	0.94	d__Bacteria;p__Bacteroidota;c__Bacteroidia;o__Flavobacteriales;f__Flavobacteriaceae;g__Polaribacter;s__	taxonomic classification defined by topology and ANI	topological placement and ANI have congruent species assignments	GCA_020631275.1, s__Polaribacter sp020631275, 95.0, 92.74, 0.614	52.48	11	N/A	N/A
SRR22878281_binette_bin64.fasta	d__Bacteria;p__Pseudomonadota;c__Alphaproteobacteria;o__Rhodobacterales;f__Rhodobacteraceae;g__Litoreibacter;s__Litoreibacter sp947494645	GCA_947494645.1	95.0	d__Bacteria;p__Pseudomonadota;c__Alphaproteobacteria;o__Rhodobacterales;f__Rhodobacteraceae;g__Litoreibacter;s__Litoreibacter sp947494645	97.15	0.843	GCA_947494645.1	95.0	d__Bacteria;p__Pseudomonadota;c__Alphaproteobacteria;o__Rhodobacterales;f__Rhodobacteraceae;g__Litoreibacter;s__Litoreibacter sp947494645	97.15	0.843	d__Bacteria;p__Pseudomonadota;c__Alphaproteobacteria;o__Rhodobacterales;f__Rhodobacteraceae;g__Litoreibacter;s__	taxonomic classification defined by topology and ANI	topological placement and ANI have congruent species assignments	N/A	52.01	11	N/A	N/A
SRR22878281_binette_bin65.fasta	d__Bacteria;p__Actinomycetota;c__Acidimicrobiia;o__Acidimicrobiales;f__SZUA-35;g__JAHELU01;s__	N/A	N/A	N/A	N/A	N/A	N/A	N/A	N/A	N/A	N/A	d__Bacteria;p__Actinomycetota;c__Acidimicrobiia;o__Acidimicrobiales;f__SZUA-35;g__JAHELU01;s__	taxonomic classification fully defined by topology	classification based on placement in class-level tree	N/A	90.59	11	0.92105	N/A
SRR22878281_binette_bin66.fasta	d__Bacteria;p__Acidobacteriota;c__Blastocatellia;o__Pyrinomonadales;f__Pyrinomonadaceae;g__Aridibacter;s__	N/A	N/A	N/A	N/A	N/A	N/A	N/A	N/A	N/A	N/A	d__Bacteria;p__Acidobacteriota;c__Blastocatellia;o__Pyrinomonadales;f__Pyrinomonadaceae;g__Aridibacter;s__	taxonomic classification fully defined by topology	classification based on placement in class-level tree	N/A	73.33	11	0.96894	N/A
SRR22878281_binette_bin67.fasta	d__Bacteria;p__Pseudomonadota;c__Alphaproteobacteria;o__Rhizobiales;f__Hyphomicrobiaceae;g__CAJQQK01;s__	N/A	N/A	N/A	N/A	N/A	N/A	N/A	N/A	N/A	N/A	d__Bacteria;p__Pseudomonadota;c__Alphaproteobacteria;o__Rhizobiales;f__Hyphomicrobiaceae;g__CAJQQK01;s__	taxonomic novelty determined using RED	classification based on placement in class-level tree	N/A	70.93	11	0.95407	N/A
SRR22878281_binette_bin68.fasta	d__Bacteria;p__Planctomycetota;c__Planctomycetia;o__Pirellulales;f__Pirellulaceae;g__CALHZT01;s__	N/A	N/A	N/A	N/A	N/A	N/A	N/A	N/A	N/A	N/A	d__Bacteria;p__Planctomycetota;c__Planctomycetia;o__Pirellulales;f__Pirellulaceae;g__CALHZT01;s__	taxonomic novelty determined using RED	classification based on placement in class-level tree	N/A	72.46	11	0.84468	N/A
SRR22878281_binette_bin69.fasta	d__Bacteria;p__Pseudomonadota;c__Gammaproteobacteria;o__UBA4575;f__UBA4575;g__JABDMD01;s__	N/A	N/A	N/A	N/A	N/A	N/A	N/A	N/A	N/A	N/A	d__Bacteria;p__Pseudomonadota;c__Gammaproteobacteria;o__UBA4575;f__UBA4575;g__JABDMD01;s__	taxonomic classification fully defined by topology	classification based on placement in class-level tree	N/A	69.76	11	0.93238	Genome has more than 10.0% of markers with multiple hits
SRR22878281_binette_bin7.fasta	d__Bacteria;p__Patescibacteriota;c__Saccharimonadia;o__Saccharimonadales;f__;g__;s__	N/A	N/A	N/A	N/A	N/A	N/A	N/A	N/A	N/A	N/A	d__Bacteria;p__Patescibacteriota;c__Saccharimonadia;o__Saccharimonadales;f__;g__;s__	taxonomic novelty determined using RED	classification based on placement in class-level tree	N/A	76.61	11	0.68616	N/A
SRR22878281_binette_bin71.fasta	d__Bacteria;p__Bacteroidota;c__Bacteroidia;o__Flavobacteriales;f__Flavobacteriaceae;g__Tenacibaculum;s__Tenacibaculum sp004337695	GCF_004337695.1	95.0	d__Bacteria;p__Bacteroidota;c__Bacteroidia;o__Flavobacteriales;f__Flavobacteriaceae;g__Tenacibaculum;s__Tenacibaculum sp004337695	97.0	0.876	GCF_004337695.1	95.0	d__Bacteria;p__Bacteroidota;c__Bacteroidia;o__Flavobacteriales;f__Flavobacteriaceae;g__Tenacibaculum;s__Tenacibaculum sp004337695	97.0	0.876	d__Bacteria;p__Bacteroidota;c__Bacteroidia;o__Flavobacteriales;f__Flavobacteriaceae;g__Tenacibaculum;s__	taxonomic classification defined by topology and ANI	topological placement and ANI have congruent species assignments	N/A	74.42	11	N/A	N/A
SRR22878281_binette_bin72.fasta	d__Bacteria;p__Pseudomonadota;c__Gammaproteobacteria;o__Granulosicoccales;f__Granulosicoccaceae;g__GCA-1730015;s__	N/A	N/A	N/A	N/A	N/A	N/A	N/A	N/A	N/A	N/A	d__Bacteria;p__Pseudomonadota;c__Gammaproteobacteria;o__Granulosicoccales;f__Granulosicoccaceae;g__GCA-1730015;s__	taxonomic classification fully defined by topology	classification based on placement in class-level tree	N/A	70.39	11	0.96672	N/A
SRR22878281_binette_bin73.fasta	d__Bacteria;p__Pseudomonadota;c__Alphaproteobacteria;o__Caulobacterales;f__Maricaulaceae;g__Hellea;s__Hellea sp020629875	GCA_020629875.1	95.0	d__Bacteria;p__Pseudomonadota;c__Alphaproteobacteria;o__Caulobacterales;f__Maricaulaceae;g__Hellea;s__Hellea sp020629875	97.85	0.73	GCA_020629875.1	95.0	d__Bacteria;p__Pseudomonadota;c__Alphaproteobacteria;o__Caulobacterales;f__Maricaulaceae;g__Hellea;s__Hellea sp020629875	97.85	0.73	d__Bacteria;p__Pseudomonadota;c__Alphaproteobacteria;o__Caulobacterales;f__Maricaulaceae;g__Hellea;s__	taxonomic classification defined by topology and ANI	topological placement and ANI have congruent species assignments	N/A	50.97	11	N/A	N/A
SRR22878281_binette_bin74.fasta	d__Bacteria;p__Actinomycetota;c__Acidimicrobiia;o__Acidimicrobiales;f__UBA10347;g__UBA10347;s__	N/A	N/A	N/A	N/A	N/A	N/A	N/A	N/A	N/A	N/A	d__Bacteria;p__Actinomycetota;c__Acidimicrobiia;o__Acidimicrobiales;f__UBA10347;g__UBA10347;s__	taxonomic classification fully defined by topology	classification based on placement in class-level tree	N/A	73.17	11	0.97303	N/A
SRR22878281_binette_bin75.fasta	d__Bacteria;p__Bacteroidota;c__Bacteroidia;o__Flavobacteriales;f__Flavobacteriaceae;g__Maribacter;s__Maribacter sp020629285	GCA_020629285.1	95.0	d__Bacteria;p__Bacteroidota;c__Bacteroidia;o__Flavobacteriales;f__Flavobacteriaceae;g__Maribacter;s__Maribacter sp020629285	96.7	0.744	GCA_020629285.1	95.0	d__Bacteria;p__Bacteroidota;c__Bacteroidia;o__Flavobacteriales;f__Flavobacteriaceae;g__Maribacter;s__Maribacter sp020629285	96.7	0.744	d__Bacteria;p__Bacteroidota;c__Bacteroidia;o__Flavobacteriales;f__Flavobacteriaceae;g__Maribacter;s__	taxonomic classification defined by topology and ANI	topological placement and ANI have congruent species assignments	GCF_000744105.1, s__Maribacter forsetii, 95.0, 93.05, 0.669; GCF_029350975.1, s__Maribacter zhoushanensis, 95.0, 88.02, 0.414; GCF_030547005.1, s__Maribacter sp030547005, 95.0, 88.02, 0.359; GCF_947500985.1, s__Maribacter sp947500985, 95.0, 87.84, 0.361; GCF_039968975.1, s__Maribacter sp039968975, 95.0, 87.35, 0.334; GCF_004364175.1, s__Maribacter caenipelagi, 95.0, 86.75, 0.321; GCF_900142175.1, s__Maribacter aquivivus, 95.0, 86.73, 0.325; GCF_035207705.1, s__Maribacter sp035207705, 95.0, 86.46, 0.308; GCF_004364165.1, s__Maribacter spongiicola, 95.0, 86.44, 0.264; GCF_003075045.1, s__Maribacter litoralis, 95.0, 86.37, 0.192; GCF_029350945.1, s__Maribacter huludaoensis, 95.0, 86.36, 0.294; GCA_030730545.1, s__Maribacter sp030730545, 95.0, 85.78, 0.16; GCF_900155985.1, s__Maribacter ulvicola, 95.0, 85.43, 0.265; GCF_900112245.1, s__Maribacter stanieri, 95.0, 84.93, 0.159; GCF_011050675.1, s__Maribacter sp011050675, 95.0, 84.54, 0.153	66.82	11	N/A	N/A
SRR22878281_binette_bin76.fasta	d__Bacteria;p__Verrucomicrobiota;c__Verrucomicrobiia;o__Opitutales;f__Coraliomargaritaceae;g__;s__	N/A	N/A	N/A	N/A	N/A	N/A	N/A	N/A	N/A	N/A	d__Bacteria;p__Verrucomicrobiota;c__Verrucomicrobiia;o__Opitutales;f__Coraliomargaritaceae;g__;s__	taxonomic novelty determined using RED	classification based on placement in class-level tree	N/A	53.71	11	0.90027	N/A
SRR22878281_binette_bin77.fasta	d__Bacteria;p__Pseudomonadota;c__Alphaproteobacteria;o__Caulobacterales;f__Maricaulaceae;g__JACOMS01;s__	N/A	N/A	N/A	N/A	N/A	N/A	N/A	N/A	N/A	N/A	d__Bacteria;p__Pseudomonadota;c__Alphaproteobacteria;o__Caulobacterales;f__Maricaulaceae;g__JACOMS01;s__	taxonomic classification fully defined by topology	classification based on placement in class-level tree	N/A	72.34	11	0.97457	N/A
SRR22878281_binette_bin78.fasta	d__Bacteria;p__Pseudomonadota;c__Gammaproteobacteria;o__UWMA-0217;f__UWMA-0217;g__CALIRD01;s__	N/A	N/A	N/A	N/A	N/A	N/A	N/A	N/A	N/A	N/A	d__Bacteria;p__Pseudomonadota;c__Gammaproteobacteria;o__UWMA-0217;f__UWMA-0217;g__CALIRD01;s__	taxonomic novelty determined using RED	classification based on placement in class-level tree	N/A	62.71	11	0.95884	N/A
SRR22878281_binette_bin8.fasta	d__Bacteria;p__Bacteroidota;c__Bacteroidia;o__Flavobacteriales;f__Flavobacteriaceae;g__Aureisphaera;s__	N/A	N/A	N/A	N/A	N/A	N/A	N/A	N/A	N/A	N/A	d__Bacteria;p__Bacteroidota;c__Bacteroidia;o__Flavobacteriales;f__Flavobacteriaceae;g__Aureisphaera;s__	taxonomic novelty determined using RED	classification based on placement in class-level tree	N/A	97.97	11	0.91789	N/A
SRR22878281_binette_bin80.fasta	d__Bacteria;p__Myxococcota_A;c__UBA9160;o__UBA9160;f__UBA4427;g__UBA4427;s__	N/A	N/A	N/A	N/A	N/A	N/A	N/A	N/A	N/A	N/A	d__Bacteria;p__Myxococcota_A;c__UBA9160;o__UBA9160;f__UBA4427;g__UBA4427;s__	taxonomic classification fully defined by topology	classification based on placement in class-level tree	N/A	65.25	11	0.9344	N/A
SRR22878281_binette_bin81.fasta	d__Bacteria;p__Pseudomonadota;c__Alphaproteobacteria;o__Rhizobiales;f__Rhizobiaceae;g__JAALLB01;s__	N/A	N/A	N/A	N/A	N/A	N/A	N/A	N/A	N/A	N/A	d__Bacteria;p__Pseudomonadota;c__Alphaproteobacteria;o__Rhizobiales;f__Rhizobiaceae;g__JAALLB01;s__	taxonomic classification fully defined by topology	classification based on placement in class-level tree	N/A	45.87	11	0.98665	N/A
SRR22878281_binette_bin82.fasta	d__Bacteria;p__Cyanobacteriota;c__Cyanobacteriia;o__Thermosynechococcales;f__Thermosynechococcaceae;g__RCC1774;s__	N/A	N/A	N/A	N/A	N/A	GCA_937951315.1	95.0	d__Bacteria;p__Cyanobacteriota;c__Cyanobacteriia;o__Thermosynechococcales;f__Thermosynechococcaceae;g__RCC1774;s__RCC1774 sp937951315	88.53	0.276	d__Bacteria;p__Cyanobacteriota;c__Cyanobacteriia;o__Thermosynechococcales;f__Thermosynechococcaceae;g__RCC1774;s__	taxonomic classification defined by topology and ANI	classification based on placement in class-level tree	N/A	65.73	11	0.98713	Genome has more than 12.5% of markers with multiple hits
SRR22878281_binette_bin83.fasta	d__Bacteria;p__Bacteroidota;c__Bacteroidia;o__Flavobacteriales;f__Flavobacteriaceae;g__Dokdonia;s__Dokdonia sp000355805	GCF_000355805.1	95.0	d__Bacteria;p__Bacteroidota;c__Bacteroidia;o__Flavobacteriales;f__Flavobacteriaceae;g__Dokdonia;s__Dokdonia sp000355805	97.93	0.906	GCF_000355805.1	95.0	d__Bacteria;p__Bacteroidota;c__Bacteroidia;o__Flavobacteriales;f__Flavobacteriaceae;g__Dokdonia;s__Dokdonia sp000355805	97.93	0.906	d__Bacteria;p__Bacteroidota;c__Bacteroidia;o__Flavobacteriales;f__Flavobacteriaceae;g__Dokdonia;s__	taxonomic classification defined by topology and ANI	topological placement and ANI have congruent species assignments	GCA_913060645.1, s__Dokdonia sp913060645, 95.0, 90.95, 0.619; GCF_000212355.1, s__Dokdonia sp000212355, 95.0, 90.85, 0.662; GCF_003095655.1, s__Dokdonia sp003095655, 95.0, 90.52, 0.651	61.52	11	N/A	N/A
SRR22878281_binette_bin84.fasta	d__Bacteria;p__Verrucomicrobiota;c__Verrucomicrobiia;o__Verrucomicrobiales;f__DEV007;g__Arctic95D-9;s__	N/A	N/A	N/A	N/A	N/A	N/A	N/A	N/A	N/A	N/A	d__Bacteria;p__Verrucomicrobiota;c__Verrucomicrobiia;o__Verrucomicrobiales;f__DEV007;g__Arctic95D-9;s__	taxonomic classification fully defined by topology	classification based on placement in class-level tree	N/A	40.23	11	0.96604	N/A
SRR22878281_binette_bin85.fasta	d__Bacteria;p__Verrucomicrobiota;c__Verrucomicrobiia;o__Verrucomicrobiales;f__Akkermansiaceae;g__Roseibacillus;s__	N/A	N/A	N/A	N/A	N/A	N/A	N/A	N/A	N/A	N/A	d__Bacteria;p__Verrucomicrobiota;c__Verrucomicrobiia;o__Verrucomicrobiales;f__Akkermansiaceae;g__Roseibacillus;s__	taxonomic classification fully defined by topology	classification based on placement in class-level tree	N/A	51.93	11	0.93093	N/A
SRR22878281_binette_bin86.fasta	d__Bacteria;p__Bacteroidota;c__Bacteroidia;o__Flavobacteriales;f__Flavobacteriaceae;g__Aquimarina;s__Aquimarina latercula	GCF_000430645.1	95.0	d__Bacteria;p__Bacteroidota;c__Bacteroidia;o__Flavobacteriales;f__Flavobacteriaceae;g__Aquimarina;s__Aquimarina latercula	98.17	0.831	GCF_000430645.1	95.0	d__Bacteria;p__Bacteroidota;c__Bacteroidia;o__Flavobacteriales;f__Flavobacteriaceae;g__Aquimarina;s__Aquimarina latercula	98.17	0.831	d__Bacteria;p__Bacteroidota;c__Bacteroidia;o__Flavobacteriales;f__Flavobacteriaceae;g__Aquimarina;s__	taxonomic classification defined by topology and ANI	topological placement and ANI have congruent species assignments	GCF_943733665.1, s__Aquimarina sp900299505, 95.0, 95.89, 0.697; GCF_900109375.1, s__Aquimarina amphilecti, 95.0, 91.36, 0.33	46.6	11	N/A	N/A
SRR22878281_binette_bin87.fasta	d__Bacteria;p__Pseudomonadota;c__Gammaproteobacteria;o__Pseudomonadales;f__Cellvibrionaceae;g__JAUVQU01;s__	N/A	N/A	N/A	N/A	N/A	N/A	N/A	N/A	N/A	N/A	d__Bacteria;p__Pseudomonadota;c__Gammaproteobacteria;o__Pseudomonadales;f__Cellvibrionaceae;g__JAUVQU01;s__	taxonomic novelty determined using RED	classification based on placement in class-level tree	N/A	32.84	11	0.93971	N/A
SRR22878281_binette_bin89.fasta	d__Bacteria;p__Planctomycetota;c__Planctomycetia;o__Pirellulales;f__Pirellulaceae;g__Mariniblastus;s__	N/A	N/A	N/A	N/A	N/A	N/A	N/A	N/A	N/A	N/A	d__Bacteria;p__Planctomycetota;c__Planctomycetia;o__Pirellulales;f__Pirellulaceae;g__Mariniblastus;s__	taxonomic classification fully defined by topology	classification based on placement in class-level tree	N/A	39.22	11	0.88297	N/A
SRR22878281_binette_bin9.fasta	d__Bacteria;p__Pseudomonadota;c__Gammaproteobacteria;o__Arenicellales;f__Arenicellaceae;g__Arenicella;s__	N/A	N/A	N/A	N/A	N/A	N/A	N/A	N/A	N/A	N/A	d__Bacteria;p__Pseudomonadota;c__Gammaproteobacteria;o__Arenicellales;f__Arenicellaceae;g__Arenicella;s__	taxonomic classification fully defined by topology	classification based on placement in class-level tree	N/A	98.49	11	0.91891	N/A
SRR22878281_binette_bin90.fasta	d__Bacteria;p__Pseudomonadota;c__Alphaproteobacteria;o__Rhodobacterales;f__Rhodobacteraceae;g__Yoonia;s__	N/A	N/A	N/A	N/A	N/A	GCA_025141675.1	95.0	d__Bacteria;p__Pseudomonadota;c__Alphaproteobacteria;o__Rhodobacterales;f__Rhodobacteraceae;g__Yoonia;s__Yoonia sp025141675	96.09	0.625	d__Bacteria;p__Pseudomonadota;c__Alphaproteobacteria;o__Rhodobacterales;f__Rhodobacteraceae;g__Yoonia;s__	taxonomic classification defined by topology and ANI	classification based on placement in class-level tree	N/A	56.33	11	0.99834	Genome has more than 13.3% of markers with multiple hits
SRR22878281_binette_bin91.fasta	d__Bacteria;p__Pseudomonadota;c__Alphaproteobacteria;o__Rhodobacterales;f__Rhodobacteraceae;g__Sulfitobacter;s__Sulfitobacter pontiacus	GCF_040790665.1	95.85	d__Bacteria;p__Pseudomonadota;c__Alphaproteobacteria;o__Rhodobacterales;f__Rhodobacteraceae;g__Sulfitobacter;s__Sulfitobacter pontiacus	97.77	0.859	GCF_040790665.1	95.85	d__Bacteria;p__Pseudomonadota;c__Alphaproteobacteria;o__Rhodobacterales;f__Rhodobacteraceae;g__Sulfitobacter;s__Sulfitobacter pontiacus	97.77	0.859	d__Bacteria;p__Pseudomonadota;c__Alphaproteobacteria;o__Rhodobacterales;f__Rhodobacteraceae;g__Sulfitobacter;s__	taxonomic classification defined by topology and ANI	topological placement and ANI have congruent species assignments	GCF_021735935.1, s__Sulfitobacter sp021735935, 95.0, 96.85, 0.75; GCF_900103185.1, s__Sulfitobacter litoralis, 95.0, 91.11, 0.295; GCF_006064855.1, s__Sulfitobacter sp006064855, 95.0, 90.04, 0.239	29.81	11	N/A	N/A
SRR22878281_binette_bin92.fasta	d__Bacteria;p__Pseudomonadota;c__Alphaproteobacteria;o__Rhodobacterales;f__Rhodobacteraceae;g__CALGNO01;s__	N/A	N/A	N/A	N/A	N/A	N/A	N/A	N/A	N/A	N/A	d__Bacteria;p__Pseudomonadota;c__Alphaproteobacteria;o__Rhodobacterales;f__Rhodobacteraceae;g__CALGNO01;s__	taxonomic classification fully defined by topology	classification based on placement in class-level tree	N/A	51.81	11	0.97994	N/A
SRR22878281_binette_bin93.fasta	d__Bacteria;p__Pseudomonadota;c__Alphaproteobacteria;o__Rhizobiales;f__Rhizobiaceae;g__JAALLB01;s__	N/A	N/A	N/A	N/A	N/A	N/A	N/A	N/A	N/A	N/A	d__Bacteria;p__Pseudomonadota;c__Alphaproteobacteria;o__Rhizobiales;f__Rhizobiaceae;g__JAALLB01;s__	taxonomic classification fully defined by topology	classification based on placement in class-level tree	N/A	49.98	11	0.93873	N/A
SRR22878281_binette_bin94.fasta	d__Bacteria;p__Planctomycetota;c__Planctomycetia;o__Pirellulales;f__Pirellulaceae;g__CALHZT01;s__	N/A	N/A	N/A	N/A	N/A	N/A	N/A	N/A	N/A	N/A	d__Bacteria;p__Planctomycetota;c__Planctomycetia;o__Pirellulales;f__Pirellulaceae;g__CALHZT01;s__	taxonomic novelty determined using RED	classification based on placement in class-level tree	N/A	27.56	11	0.88745	N/A
SRR22878281_binette_bin95.fasta	d__Bacteria;p__Pseudomonadota;c__Alphaproteobacteria;o__Rhizobiales;f__Rhizobiaceae;g__JAALLB01;s__	N/A	N/A	N/A	N/A	N/A	N/A	N/A	N/A	N/A	N/A	d__Bacteria;p__Pseudomonadota;c__Alphaproteobacteria;o__Rhizobiales;f__Rhizobiaceae;g__JAALLB01;s__	taxonomic classification fully defined by topology	classification based on placement in class-level tree	N/A	53.61	11	0.92625	N/A
SRR22878281_binette_bin96.fasta	d__Bacteria;p__Pseudomonadota;c__Gammaproteobacteria;o__Enterobacterales;f__Vibrionaceae;g__Vibrio;s__Vibrio coralliirubri	GCF_024347375.1	95.0	d__Bacteria;p__Pseudomonadota;c__Gammaproteobacteria;o__Enterobacterales;f__Vibrionaceae;g__Vibrio;s__Vibrio coralliirubri	97.13	0.696	N/A	N/A	N/A	N/A	N/A	d__Bacteria;p__Pseudomonadota;c__Gammaproteobacteria;o__Enterobacterales;f__Vibrionaceae;g__Vibrio;s__	taxonomic classification defined by topology and ANI	topological placement and ANI have incongruent species assignments	GCF_024347375.1, s__Vibrio coralliirubri, 95.0, 97.13, 0.696; GCF_000272045.2, s__Vibrio crassostreae_C, 95.0, 96.96, 0.616; GCF_024347335.1, s__Vibrio celticus, 95.0, 96.85, 0.654; GCF_000272105.2, s__Vibrio splendidus_I, 95.0, 95.89, 0.575; GCF_024347435.1, s__Vibrio cyclitrophicus, 95.0, 95.44, 0.361; GCF_001557875.1, s__Vibrio splendidus_F, 95.0, 95.0, 0.512; GCF_041439375.1, s__Vibrio crassostreae_D, 95.0, 94.73, 0.492; GCF_024347415.1, s__Vibrio crassostreae, 95.0, 94.73, 0.481; GCF_026241515.1, s__Vibrio sp026241515, 95.0, 94.65, 0.484; GCF_041504345.1, s__Vibrio sp007858795, 95.0, 94.61, 0.466; GCA_023206055.1, s__Vibrio cyclitrophicus_A, 95.0, 94.5, 0.489; GCF_002875705.1, s__Vibrio sp002875705, 95.0, 94.18, 0.453; GCF_024347515.1, s__Vibrio gigantis, 95.0, 94.18, 0.399; GCF_023206395.1, s__Vibrio sp000316985, 95.0, 94.18, 0.377; GCF_024347595.1, s__Vibrio pomeroyi, 95.0, 94.18, 0.352; GCA_041879425.1, s__Vibrio pomeroyi_A, 95.0, 93.94, 0.363; GCF_024347615.1, s__Vibrio splendidus, 95.0, 93.81, 0.445; GCF_041472735.1, s__Vibrio sp041472735, 95.0, 93.81, 0.321; GCF_022397915.1, s__Vibrio sp022397915, 95.0, 93.71, 0.347; GCF_003345295.1, s__Vibrio splendidus_K, 95.0, 93.68, 0.406; GCA_000272405.3, s__Vibrio tasmaniensis_A, 95.0, 93.68, 0.349; GCF_024347315.1, s__Vibrio atlanticus, 96.47, 93.68, 0.344; GCF_024347635.1, s__Vibrio tasmaniensis, 95.07, 93.68, 0.32; GCF_024347535.1, s__Vibrio kanaloae, 95.0, 93.68, 0.304; GCF_002873455.1, s__Vibrio splendidus_J, 95.0, 93.57, 0.346; GCF_002119525.1, s__Vibrio syngnathi, 95.0, 93.54, 0.336; GCF_030409755.1, s__Vibrio lentus, 95.0, 93.54, 0.322; GCF_022397955.1, s__Vibrio sp022397955, 95.0, 93.51, 0.277; GCF_030563405.1, s__Vibrio sp030563405, 95.0, 93.5, 0.312; GCF_030297155.1, s__Vibrio lentus_A, 95.0, 93.37, 0.312; GCF_014879975.1, s__Vibrio bathopelagicus, 95.0, 93.37, 0.296; GCF_024347295.1, s__Vibrio artabrorum, 95.0, 93.12, 0.236; GCF_001635455.1, s__Vibrio sp001635455, 95.0, 93.09, 0.19; GCF_903995485.1, s__Vibrio chagasii_B, 95.09, 93.02, 0.263; GCF_024347455.1, s__Vibrio echinoideorum, 95.0, 92.99, 0.299; GCF_024347655.1, s__Vibrio toranzoniae, 95.33, 92.99, 0.245; GCA_000169995.1, s__Vibrio sp000169995, 95.0, 92.88, 0.216; GCF_947488985.1, s__Vibrio sp947488985, 95.0, 92.79, 0.183; GCF_024347355.1, s__Vibrio chagasii, 95.0, 92.77, 0.228; GCA_041879415.1, s__Vibrio sp022398115, 95.0, 92.77, 0.228; GCF_002954585.1, s__Vibrio chagasii_A, 95.29, 92.6, 0.208; GCA_036126475.1, s__Vibrio sp036126475, 95.0, 92.51, 0.164	42.02	11	N/A	Genome has more than 14.2% of markers with multiple hits
SRR22878281_binette_bin97.fasta	d__Bacteria;p__Planctomycetota;c__Planctomycetia;o__Pirellulales;f__Pirellulaceae;g__K23-9;s__	N/A	N/A	N/A	N/A	N/A	N/A	N/A	N/A	N/A	N/A	d__Bacteria;p__Planctomycetota;c__Planctomycetia;o__Pirellulales;f__Pirellulaceae;g__K23-9;s__	taxonomic novelty determined using RED	classification based on placement in class-level tree	N/A	21.9	11	0.95971	N/A
SRR22878281_binette_bin98.fasta	d__Bacteria;p__Planctomycetota;c__Planctomycetia;o__Pirellulales;f__Pirellulaceae;g__CALHZT01;s__	N/A	N/A	N/A	N/A	N/A	N/A	N/A	N/A	N/A	N/A	d__Bacteria;p__Planctomycetota;c__Planctomycetia;o__Pirellulales;f__Pirellulaceae;g__CALHZT01;s__	taxonomic novelty determined using RED	classification based on placement in class-level tree	N/A	39.81	11	0.8876	N/A
SRR22878282_binette_bin1.fasta	d__Bacteria;p__Pseudomonadota;c__Gammaproteobacteria;o__Pseudomonadales;f__Cellvibrionaceae;g__;s__	N/A	N/A	N/A	N/A	N/A	N/A	N/A	N/A	N/A	N/A	d__Bacteria;p__Pseudomonadota;c__Gammaproteobacteria;o__Pseudomonadales;f__Cellvibrionaceae;g__;s__	taxonomic classification fully defined by topology	classification based on placement in class-level tree	N/A	77.92	11	0.86835	N/A
SRR22878282_binette_bin10.fasta	d__Bacteria;p__Bacteroidota;c__Bacteroidia;o__Flavobacteriales;f__Flavobacteriaceae;g__Aquimarina;s__	N/A	N/A	N/A	N/A	N/A	N/A	N/A	N/A	N/A	N/A	d__Bacteria;p__Bacteroidota;c__Bacteroidia;o__Flavobacteriales;f__Flavobacteriaceae;g__Aquimarina;s__	taxonomic classification defined by topology and ANI	classification based on placement in class-level tree	GCF_947492965.1, s__Aquimarina sp947492965, 95.0, 91.07, 0.715; GCF_039523995.1, s__Aquimarina litoralis, 95.0, 90.96, 0.689; GCF_019295435.1, s__Aquimarina litoralis_A, 95.0, 83.96, 0.217	86.42	11	0.99517	Genome not assigned to closest species as it falls outside its pre-defined ANI radius
SRR22878282_binette_bin100.fasta	Unclassified Bacteria	N/A	N/A	N/A	N/A	N/A	N/A	N/A	N/A	N/A	N/A	N/A	N/A	N/A	N/A	N/A	N/A	N/A	Insufficient number of amino acids in MSA (2.2%)
SRR22878282_binette_bin101.fasta	Unclassified Bacteria	N/A	N/A	N/A	N/A	N/A	N/A	N/A	N/A	N/A	N/A	N/A	N/A	N/A	N/A	N/A	N/A	N/A	Insufficient number of amino acids in MSA (0.8%)
SRR22878282_binette_bin102.fasta	Unclassified	N/A	N/A	N/A	N/A	N/A	N/A	N/A	N/A	N/A	N/A	N/A	N/A	N/A	N/A	N/A	N/A	N/A	No bacterial or archaeal marker
SRR22878282_binette_bin103.fasta	Unclassified Bacteria	N/A	N/A	N/A	N/A	N/A	N/A	N/A	N/A	N/A	N/A	N/A	N/A	N/A	N/A	N/A	N/A	N/A	Insufficient number of amino acids in MSA (0.7%)
SRR22878282_binette_bin104.fasta	Unclassified	N/A	N/A	N/A	N/A	N/A	N/A	N/A	N/A	N/A	N/A	N/A	N/A	N/A	N/A	N/A	N/A	N/A	No bacterial or archaeal marker
SRR22878282_binette_bin105.fasta	Unclassified Bacteria	N/A	N/A	N/A	N/A	N/A	N/A	N/A	N/A	N/A	N/A	N/A	N/A	N/A	N/A	N/A	N/A	N/A	Insufficient number of amino acids in MSA (4.2%)
SRR22878282_binette_bin106.fasta	Unclassified Bacteria	N/A	N/A	N/A	N/A	N/A	N/A	N/A	N/A	N/A	N/A	N/A	N/A	N/A	N/A	N/A	N/A	N/A	Insufficient number of amino acids in MSA (9.7%)
SRR22878282_binette_bin107.fasta	Unclassified Bacteria	N/A	N/A	N/A	N/A	N/A	N/A	N/A	N/A	N/A	N/A	N/A	N/A	N/A	N/A	N/A	N/A	N/A	Insufficient number of amino acids in MSA (2.6%)
SRR22878282_binette_bin108.fasta	d__Bacteria;p__Pseudomonadota;c__Gammaproteobacteria;o__Granulosicoccales;f__Granulosicoccaceae;g__GCA-1730015;s__	N/A	N/A	N/A	N/A	N/A	GCA_937931165.1	95.0	d__Bacteria;p__Pseudomonadota;c__Gammaproteobacteria;o__Granulosicoccales;f__Granulosicoccaceae;g__GCA-1730015;s__GCA-1730015 sp937931165	95.33	0.458	d__Bacteria;p__Pseudomonadota;c__Gammaproteobacteria;o__Granulosicoccales;f__Granulosicoccaceae;g__GCA-1730015;s__	taxonomic classification defined by topology and ANI	classification based on placement in class-level tree	N/A	12.11	11	0.99387	N/A
SRR22878282_binette_bin109.fasta	Unclassified Bacteria	N/A	N/A	N/A	N/A	N/A	N/A	N/A	N/A	N/A	N/A	N/A	N/A	N/A	N/A	N/A	N/A	N/A	Insufficient number of amino acids in MSA (2.5%)
SRR22878282_binette_bin110.fasta	Unclassified Bacteria	N/A	N/A	N/A	N/A	N/A	N/A	N/A	N/A	N/A	N/A	N/A	N/A	N/A	N/A	N/A	N/A	N/A	Insufficient number of amino acids in MSA (7.1%)
SRR22878282_binette_bin111.fasta	Unclassified Bacteria	N/A	N/A	N/A	N/A	N/A	N/A	N/A	N/A	N/A	N/A	N/A	N/A	N/A	N/A	N/A	N/A	N/A	Insufficient number of amino acids in MSA (2.9%)
SRR22878282_binette_bin112.fasta	Unclassified Bacteria	N/A	N/A	N/A	N/A	N/A	N/A	N/A	N/A	N/A	N/A	N/A	N/A	N/A	N/A	N/A	N/A	N/A	Insufficient number of amino acids in MSA (1.4%)
SRR22878282_binette_bin113.fasta	Unclassified	N/A	N/A	N/A	N/A	N/A	N/A	N/A	N/A	N/A	N/A	N/A	N/A	N/A	N/A	N/A	N/A	N/A	No bacterial or archaeal marker
SRR22878282_binette_bin114.fasta	d__Bacteria;p__Bacteroidota;c__Bacteroidia;o__Flavobacteriales;f__Flavobacteriaceae;g__Polaribacter;s__Polaribacter marinaquae	GCF_038019025.1	95.0	d__Bacteria;p__Bacteroidota;c__Bacteroidia;o__Flavobacteriales;f__Flavobacteriaceae;g__Polaribacter;s__Polaribacter marinaquae	98.21	0.735	GCF_038019025.1	95.0	d__Bacteria;p__Bacteroidota;c__Bacteroidia;o__Flavobacteriales;f__Flavobacteriaceae;g__Polaribacter;s__Polaribacter marinaquae	98.21	0.735	d__Bacteria;p__Bacteroidota;c__Bacteroidia;o__Flavobacteriales;f__Flavobacteriaceae;g__Polaribacter;s__	taxonomic classification defined by topology and ANI	topological placement and ANI have congruent species assignments	GCA_020631275.1, s__Polaribacter sp020631275, 95.0, 93.8, 0.395	13.05	11	N/A	N/A
SRR22878282_binette_bin115.fasta	Unclassified Bacteria	N/A	N/A	N/A	N/A	N/A	N/A	N/A	N/A	N/A	N/A	N/A	N/A	N/A	N/A	N/A	N/A	N/A	Insufficient number of amino acids in MSA (4.4%)
SRR22878282_binette_bin116.fasta	Unclassified Bacteria	N/A	N/A	N/A	N/A	N/A	N/A	N/A	N/A	N/A	N/A	N/A	N/A	N/A	N/A	N/A	N/A	N/A	Insufficient number of amino acids in MSA (2.6%)
SRR22878282_binette_bin117.fasta	Unclassified Bacteria	N/A	N/A	N/A	N/A	N/A	N/A	N/A	N/A	N/A	N/A	N/A	N/A	N/A	N/A	N/A	N/A	N/A	Insufficient number of amino acids in MSA (1.1%)
SRR22878282_binette_bin118.fasta	Unclassified Bacteria	N/A	N/A	N/A	N/A	N/A	N/A	N/A	N/A	N/A	N/A	N/A	N/A	N/A	N/A	N/A	N/A	N/A	Insufficient number of amino acids in MSA (0.8%)
SRR22878282_binette_bin120.fasta	Unclassified Bacteria	N/A	N/A	N/A	N/A	N/A	N/A	N/A	N/A	N/A	N/A	N/A	N/A	N/A	N/A	N/A	N/A	N/A	Insufficient number of amino acids in MSA (1.3%)
SRR22878282_binette_bin121.fasta	Unclassified Bacteria	N/A	N/A	N/A	N/A	N/A	N/A	N/A	N/A	N/A	N/A	N/A	N/A	N/A	N/A	N/A	N/A	N/A	Insufficient number of amino acids in MSA (1.1%)
SRR22878282_binette_bin122.fasta	Unclassified	N/A	N/A	N/A	N/A	N/A	N/A	N/A	N/A	N/A	N/A	N/A	N/A	N/A	N/A	N/A	N/A	N/A	No bacterial or archaeal marker
SRR22878282_binette_bin123.fasta	Unclassified Bacteria	N/A	N/A	N/A	N/A	N/A	N/A	N/A	N/A	N/A	N/A	N/A	N/A	N/A	N/A	N/A	N/A	N/A	Insufficient number of amino acids in MSA (4.9%)
SRR22878282_binette_bin124.fasta	Unclassified Bacteria	N/A	N/A	N/A	N/A	N/A	N/A	N/A	N/A	N/A	N/A	N/A	N/A	N/A	N/A	N/A	N/A	N/A	Insufficient number of amino acids in MSA (7.4%)
SRR22878282_binette_bin125.fasta	Unclassified Bacteria	N/A	N/A	N/A	N/A	N/A	N/A	N/A	N/A	N/A	N/A	N/A	N/A	N/A	N/A	N/A	N/A	N/A	Insufficient number of amino acids in MSA (3.7%)
SRR22878282_binette_bin127.fasta	Unclassified	N/A	N/A	N/A	N/A	N/A	N/A	N/A	N/A	N/A	N/A	N/A	N/A	N/A	N/A	N/A	N/A	N/A	No bacterial or archaeal marker
SRR22878282_binette_bin128.fasta	Unclassified Bacteria	N/A	N/A	N/A	N/A	N/A	N/A	N/A	N/A	N/A	N/A	N/A	N/A	N/A	N/A	N/A	N/A	N/A	Insufficient number of amino acids in MSA (0.3%)
SRR22878282_binette_bin129.fasta	Unclassified Bacteria	N/A	N/A	N/A	N/A	N/A	N/A	N/A	N/A	N/A	N/A	N/A	N/A	N/A	N/A	N/A	N/A	N/A	Insufficient number of amino acids in MSA (0.3%)
SRR22878282_binette_bin13.fasta	d__Bacteria;p__Bacteroidota;c__Bacteroidia;o__Cytophagales;f__Cyclobacteriaceae;g__CANLOE01;s__	N/A	N/A	N/A	N/A	N/A	N/A	N/A	N/A	N/A	N/A	d__Bacteria;p__Bacteroidota;c__Bacteroidia;o__Cytophagales;f__Cyclobacteriaceae;g__CANLOE01;s__	taxonomic novelty determined using RED	classification based on placement in class-level tree	N/A	85.6	11	0.84457	N/A
SRR22878282_binette_bin130.fasta	Unclassified Bacteria	N/A	N/A	N/A	N/A	N/A	N/A	N/A	N/A	N/A	N/A	N/A	N/A	N/A	N/A	N/A	N/A	N/A	Insufficient number of amino acids in MSA (4.2%)
SRR22878282_binette_bin131.fasta	Unclassified Bacteria	N/A	N/A	N/A	N/A	N/A	N/A	N/A	N/A	N/A	N/A	N/A	N/A	N/A	N/A	N/A	N/A	N/A	Insufficient number of amino acids in MSA (0.8%)
SRR22878282_binette_bin132.fasta	Unclassified	N/A	N/A	N/A	N/A	N/A	N/A	N/A	N/A	N/A	N/A	N/A	N/A	N/A	N/A	N/A	N/A	N/A	No bacterial or archaeal marker
SRR22878282_binette_bin133.fasta	Unclassified Bacteria	N/A	N/A	N/A	N/A	N/A	N/A	N/A	N/A	N/A	N/A	N/A	N/A	N/A	N/A	N/A	N/A	N/A	Insufficient number of amino acids in MSA (0.8%)
SRR22878282_binette_bin134.fasta	Unclassified Bacteria	N/A	N/A	N/A	N/A	N/A	N/A	N/A	N/A	N/A	N/A	N/A	N/A	N/A	N/A	N/A	N/A	N/A	Insufficient number of amino acids in MSA (1.8%)
SRR22878282_binette_bin14.fasta	d__Bacteria;p__Pseudomonadota;c__Gammaproteobacteria;o__Enterobacterales;f__Alteromonadaceae;g__Alteromonas;s__	N/A	N/A	N/A	N/A	N/A	N/A	N/A	N/A	N/A	N/A	d__Bacteria;p__Pseudomonadota;c__Gammaproteobacteria;o__Enterobacterales;f__Alteromonadaceae;g__Alteromonas;s__	taxonomic classification defined by topology and ANI	classification based on placement in class-level tree	GCF_010500895.1, s__Alteromonas genovensis, 95.0, 91.6, 0.629; GCF_027257845.1, s__Alteromonas sp027257845, 95.0, 91.54, 0.698; GCF_000753865.1, s__Alteromonas sp000753865, 95.0, 91.35, 0.637; GCF_036864455.1, s__Alteromonas sp036864455, 95.0, 90.75, 0.56	78.42	11	0.99807	Genome not assigned to closest species as it falls outside its pre-defined ANI radius
SRR22878282_binette_bin15.fasta	d__Bacteria;p__Pseudomonadota;c__Gammaproteobacteria;o__Pseudomonadales;f__Cellvibrionaceae;g__Agarilytica;s__	N/A	N/A	N/A	N/A	N/A	N/A	N/A	N/A	N/A	N/A	d__Bacteria;p__Pseudomonadota;c__Gammaproteobacteria;o__Pseudomonadales;f__Cellvibrionaceae;g__Agarilytica;s__	taxonomic classification fully defined by topology	classification based on placement in class-level tree	N/A	92.08	11	0.93263	N/A
SRR22878282_binette_bin16.fasta	d__Bacteria;p__Bacteroidota;c__Bacteroidia;o__Flavobacteriales;f__Flavobacteriaceae;g__Aquimarina;s__	N/A	N/A	N/A	N/A	N/A	N/A	N/A	N/A	N/A	N/A	d__Bacteria;p__Bacteroidota;c__Bacteroidia;o__Flavobacteriales;f__Flavobacteriaceae;g__Aquimarina;s__	taxonomic classification fully defined by topology	classification based on placement in class-level tree	N/A	64.75	11	0.94644	N/A
SRR22878282_binette_bin162.fasta	Unclassified Bacteria	N/A	N/A	N/A	N/A	N/A	N/A	N/A	N/A	N/A	N/A	N/A	N/A	N/A	N/A	N/A	N/A	N/A	Insufficient number of amino acids in MSA (0.8%)
SRR22878282_binette_bin164.fasta	Unclassified	N/A	N/A	N/A	N/A	N/A	N/A	N/A	N/A	N/A	N/A	N/A	N/A	N/A	N/A	N/A	N/A	N/A	No bacterial or archaeal marker
SRR22878282_binette_bin165.fasta	Unclassified Bacteria	N/A	N/A	N/A	N/A	N/A	N/A	N/A	N/A	N/A	N/A	N/A	N/A	N/A	N/A	N/A	N/A	N/A	Insufficient number of amino acids in MSA (0.5%)
SRR22878282_binette_bin166.fasta	Unclassified	N/A	N/A	N/A	N/A	N/A	N/A	N/A	N/A	N/A	N/A	N/A	N/A	N/A	N/A	N/A	N/A	N/A	No bacterial or archaeal marker
SRR22878282_binette_bin167.fasta	Unclassified Bacteria	N/A	N/A	N/A	N/A	N/A	N/A	N/A	N/A	N/A	N/A	N/A	N/A	N/A	N/A	N/A	N/A	N/A	Insufficient number of amino acids in MSA (2.7%)
SRR22878282_binette_bin168.fasta	Unclassified	N/A	N/A	N/A	N/A	N/A	N/A	N/A	N/A	N/A	N/A	N/A	N/A	N/A	N/A	N/A	N/A	N/A	No bacterial or archaeal marker
SRR22878282_binette_bin169.fasta	d__Bacteria;p__Pseudomonadota;c__Alphaproteobacteria;o__Caulobacterales;f__Maricaulaceae;g__JACOMS01;s__	N/A	N/A	N/A	N/A	N/A	N/A	N/A	N/A	N/A	N/A	d__Bacteria;p__Pseudomonadota;c__Alphaproteobacteria;o__Caulobacterales;f__Maricaulaceae;g__JACOMS01;s__	taxonomic classification fully defined by topology	classification based on placement in class-level tree	N/A	12.61	11	0.9705	N/A
SRR22878282_binette_bin170.fasta	Unclassified Bacteria	N/A	N/A	N/A	N/A	N/A	N/A	N/A	N/A	N/A	N/A	N/A	N/A	N/A	N/A	N/A	N/A	N/A	Insufficient number of amino acids in MSA (5.1%)
SRR22878282_binette_bin171.fasta	Unclassified Bacteria	N/A	N/A	N/A	N/A	N/A	N/A	N/A	N/A	N/A	N/A	N/A	N/A	N/A	N/A	N/A	N/A	N/A	Insufficient number of amino acids in MSA (7.9%)
SRR22878282_binette_bin172.fasta	Unclassified Bacteria	N/A	N/A	N/A	N/A	N/A	N/A	N/A	N/A	N/A	N/A	N/A	N/A	N/A	N/A	N/A	N/A	N/A	Insufficient number of amino acids in MSA (1.3%)
SRR22878282_binette_bin173.fasta	Unclassified	N/A	N/A	N/A	N/A	N/A	N/A	N/A	N/A	N/A	N/A	N/A	N/A	N/A	N/A	N/A	N/A	N/A	No bacterial or archaeal marker
SRR22878282_binette_bin174.fasta	Unclassified Bacteria	N/A	N/A	N/A	N/A	N/A	N/A	N/A	N/A	N/A	N/A	N/A	N/A	N/A	N/A	N/A	N/A	N/A	Insufficient number of amino acids in MSA (0.6%)
SRR22878282_binette_bin175.fasta	Unclassified Bacteria	N/A	N/A	N/A	N/A	N/A	N/A	N/A	N/A	N/A	N/A	N/A	N/A	N/A	N/A	N/A	N/A	N/A	Insufficient number of amino acids in MSA (3.7%)
SRR22878282_binette_bin176.fasta	Unclassified Bacteria	N/A	N/A	N/A	N/A	N/A	N/A	N/A	N/A	N/A	N/A	N/A	N/A	N/A	N/A	N/A	N/A	N/A	Insufficient number of amino acids in MSA (2.9%)
SRR22878282_binette_bin177.fasta	Unclassified Bacteria	N/A	N/A	N/A	N/A	N/A	N/A	N/A	N/A	N/A	N/A	N/A	N/A	N/A	N/A	N/A	N/A	N/A	Insufficient number of amino acids in MSA (0.8%)
SRR22878282_binette_bin178.fasta	Unclassified Bacteria	N/A	N/A	N/A	N/A	N/A	N/A	N/A	N/A	N/A	N/A	N/A	N/A	N/A	N/A	N/A	N/A	N/A	Insufficient number of amino acids in MSA (3.0%)
SRR22878282_binette_bin179.fasta	Unclassified Bacteria	N/A	N/A	N/A	N/A	N/A	N/A	N/A	N/A	N/A	N/A	N/A	N/A	N/A	N/A	N/A	N/A	N/A	Insufficient number of amino acids in MSA (0.6%)
SRR22878282_binette_bin18.fasta	d__Bacteria;p__Bacteroidota;c__Bacteroidia;o__Flavobacteriales;f__Flavobacteriaceae;g__Dokdonia;s__Dokdonia sp947496725	GCF_947496725.1	95.0	d__Bacteria;p__Bacteroidota;c__Bacteroidia;o__Flavobacteriales;f__Flavobacteriaceae;g__Dokdonia;s__Dokdonia sp947496725	97.91	0.932	GCF_947496725.1	95.0	d__Bacteria;p__Bacteroidota;c__Bacteroidia;o__Flavobacteriales;f__Flavobacteriaceae;g__Dokdonia;s__Dokdonia sp947496725	97.91	0.932	d__Bacteria;p__Bacteroidota;c__Bacteroidia;o__Flavobacteriales;f__Flavobacteriaceae;g__Dokdonia;s__	taxonomic classification defined by topology and ANI	topological placement and ANI have congruent species assignments	GCF_001653755.1, s__Dokdonia donghaensis, 95.07, 95.04, 0.86; GCA_020628615.1, s__Dokdonia sp020628615, 95.0, 94.82, 0.801; GCF_000355805.1, s__Dokdonia sp000355805, 95.0, 89.82, 0.217	91.94	11	N/A	N/A
SRR22878282_binette_bin180.fasta	Unclassified Bacteria	N/A	N/A	N/A	N/A	N/A	N/A	N/A	N/A	N/A	N/A	N/A	N/A	N/A	N/A	N/A	N/A	N/A	Insufficient number of amino acids in MSA (4.1%)
SRR22878282_binette_bin182.fasta	Unclassified	N/A	N/A	N/A	N/A	N/A	N/A	N/A	N/A	N/A	N/A	N/A	N/A	N/A	N/A	N/A	N/A	N/A	No bacterial or archaeal marker
SRR22878282_binette_bin183.fasta	Unclassified Bacteria	N/A	N/A	N/A	N/A	N/A	N/A	N/A	N/A	N/A	N/A	N/A	N/A	N/A	N/A	N/A	N/A	N/A	Insufficient number of amino acids in MSA (1.1%)
SRR22878282_binette_bin185.fasta	Unclassified	N/A	N/A	N/A	N/A	N/A	N/A	N/A	N/A	N/A	N/A	N/A	N/A	N/A	N/A	N/A	N/A	N/A	No bacterial or archaeal marker
SRR22878282_binette_bin186.fasta	Unclassified	N/A	N/A	N/A	N/A	N/A	N/A	N/A	N/A	N/A	N/A	N/A	N/A	N/A	N/A	N/A	N/A	N/A	No bacterial or archaeal marker
SRR22878282_binette_bin187.fasta	Unclassified	N/A	N/A	N/A	N/A	N/A	N/A	N/A	N/A	N/A	N/A	N/A	N/A	N/A	N/A	N/A	N/A	N/A	No bacterial or archaeal marker
SRR22878282_binette_bin19.fasta	d__Bacteria;p__Bacteroidota;c__Bacteroidia;o__Flavobacteriales;f__Flavobacteriaceae;g__Maribacter;s__Maribacter litoralis	GCF_003075045.1	95.0	d__Bacteria;p__Bacteroidota;c__Bacteroidia;o__Flavobacteriales;f__Flavobacteriaceae;g__Maribacter;s__Maribacter litoralis	98.14	0.858	GCF_003075045.1	95.0	d__Bacteria;p__Bacteroidota;c__Bacteroidia;o__Flavobacteriales;f__Flavobacteriaceae;g__Maribacter;s__Maribacter litoralis	98.14	0.858	d__Bacteria;p__Bacteroidota;c__Bacteroidia;o__Flavobacteriales;f__Flavobacteriaceae;g__Maribacter;s__	taxonomic classification defined by topology and ANI	topological placement and ANI have congruent species assignments	GCF_001447995.1, s__Maribacter dokdonensis, 95.0, 86.28, 0.324; GCF_000744105.1, s__Maribacter forsetii, 95.0, 85.33, 0.228; GCF_004364175.1, s__Maribacter caenipelagi, 95.0, 84.98, 0.196	84.17	11	N/A	N/A
SRR22878282_binette_bin194.fasta	Unclassified Bacteria	N/A	N/A	N/A	N/A	N/A	N/A	N/A	N/A	N/A	N/A	N/A	N/A	N/A	N/A	N/A	N/A	N/A	Insufficient number of amino acids in MSA (5.9%)
SRR22878282_binette_bin195.fasta	d__Bacteria;p__Bacteroidota;c__Bacteroidia;o__Flavobacteriales;f__Flavobacteriaceae;g__Tenacibaculum;s__	N/A	N/A	N/A	N/A	N/A	N/A	N/A	N/A	N/A	N/A	d__Bacteria;p__Bacteroidota;c__Bacteroidia;o__Flavobacteriales;f__Flavobacteriaceae;g__Tenacibaculum;s__	taxonomic classification defined by topology and ANI	classification based on placement in class-level tree	GCF_947499065.1, s__Tenacibaculum sp947499065, 95.0, 98.31, 0.204; GCF_008806755.1, s__Tenacibaculum aiptasiae, 95.0, 96.73, 0.189	11.26	11	0.96902	Genome has more than 19.2% of markers with multiple hits
SRR22878282_binette_bin2.fasta	d__Bacteria;p__Pseudomonadota;c__Gammaproteobacteria;o__Pseudomonadales;f__Cellvibrionaceae;g__;s__	N/A	N/A	N/A	N/A	N/A	N/A	N/A	N/A	N/A	N/A	d__Bacteria;p__Pseudomonadota;c__Gammaproteobacteria;o__Pseudomonadales;f__Cellvibrionaceae;g__;s__	taxonomic novelty determined using RED	classification based on placement in class-level tree	N/A	97.0	11	0.85744	N/A
SRR22878282_binette_bin20.fasta	d__Bacteria;p__Bdellovibrionota;c__Bacteriovoracia;o__Bacteriovoracales;f__Bacteriovoracaceae;g__CAKZJW01;s__	N/A	N/A	N/A	N/A	N/A	N/A	N/A	N/A	N/A	N/A	d__Bacteria;p__Bdellovibrionota;c__Bacteriovoracia;o__Bacteriovoracales;f__Bacteriovoracaceae;g__CAKZJW01;s__	taxonomic classification fully defined by topology	classification based on placement in class-level tree	N/A	80.26	11	0.9334	N/A
SRR22878282_binette_bin21.fasta	d__Bacteria;p__Bacteroidota;c__Bacteroidia;o__Flavobacteriales;f__Flavobacteriaceae;g__Postechiella;s__	N/A	N/A	N/A	N/A	N/A	N/A	N/A	N/A	N/A	N/A	d__Bacteria;p__Bacteroidota;c__Bacteroidia;o__Flavobacteriales;f__Flavobacteriaceae;g__Postechiella;s__	taxonomic classification fully defined by topology	classification based on placement in class-level tree	N/A	59.23	11	0.99099	N/A
SRR22878282_binette_bin24.fasta	d__Bacteria;p__Bacteroidota;c__Bacteroidia;o__Flavobacteriales;f__Flavobacteriaceae;g__Postechiella;s__	N/A	N/A	N/A	N/A	N/A	N/A	N/A	N/A	N/A	N/A	d__Bacteria;p__Bacteroidota;c__Bacteroidia;o__Flavobacteriales;f__Flavobacteriaceae;g__Postechiella;s__	taxonomic novelty determined using RED	classification based on placement in class-level tree	N/A	80.68	11	0.9689	N/A
SRR22878282_binette_bin25.fasta	d__Bacteria;p__Pseudomonadota;c__Gammaproteobacteria;o__Pseudomonadales;f__GM7GCV1;g__;s__	N/A	N/A	N/A	N/A	N/A	N/A	N/A	N/A	N/A	N/A	d__Bacteria;p__Pseudomonadota;c__Gammaproteobacteria;o__Pseudomonadales;f__GM7GCV1;g__;s__	taxonomic novelty determined using RED	classification based on placement in class-level tree	N/A	50.81	11	0.85419	N/A
SRR22878282_binette_bin26.fasta	d__Bacteria;p__Bacteroidota;c__Bacteroidia;o__Flavobacteriales;f__Flavobacteriaceae;g__Polaribacter;s__	N/A	N/A	N/A	N/A	N/A	N/A	N/A	N/A	N/A	N/A	d__Bacteria;p__Bacteroidota;c__Bacteroidia;o__Flavobacteriales;f__Flavobacteriaceae;g__Polaribacter;s__	taxonomic classification defined by topology and ANI	classification based on placement in class-level tree	GCF_018861005.1, s__Polaribacter vadi_A, 95.0, 90.42, 0.564; GCF_001975665.1, s__Polaribacter reichenbachii, 95.0, 88.57, 0.508	80.88	11	0.98338	N/A
SRR22878282_binette_bin27.fasta	d__Bacteria;p__Bacteroidota;c__Bacteroidia;o__Flavobacteriales;f__Flavobacteriaceae;g__Croceitalea;s__	N/A	N/A	N/A	N/A	N/A	N/A	N/A	N/A	N/A	N/A	d__Bacteria;p__Bacteroidota;c__Bacteroidia;o__Flavobacteriales;f__Flavobacteriaceae;g__Croceitalea;s__	taxonomic classification fully defined by topology	classification based on placement in class-level tree	N/A	82.05	11	0.98794	N/A
SRR22878282_binette_bin28.fasta	d__Bacteria;p__Pseudomonadota;c__Gammaproteobacteria;o__Pseudomonadales;f__GM7GCV1;g__;s__	N/A	N/A	N/A	N/A	N/A	N/A	N/A	N/A	N/A	N/A	d__Bacteria;p__Pseudomonadota;c__Gammaproteobacteria;o__Pseudomonadales;f__GM7GCV1;g__;s__	taxonomic novelty determined using RED	classification based on placement in class-level tree	N/A	67.39	11	0.81194	N/A
SRR22878282_binette_bin29.fasta	d__Bacteria;p__Bacteroidota;c__Bacteroidia;o__Flavobacteriales;f__Flavobacteriaceae;g__;s__	N/A	N/A	N/A	N/A	N/A	N/A	N/A	N/A	N/A	N/A	d__Bacteria;p__Bacteroidota;c__Bacteroidia;o__Flavobacteriales;f__Flavobacteriaceae;g__;s__	taxonomic novelty determined using RED	classification based on placement in class-level tree	N/A	75.16	11	0.88087	N/A
SRR22878282_binette_bin3.fasta	d__Bacteria;p__Cyanobacteriota;c__Cyanobacteriia;o__Cyanobacteriales;f__;g__;s__	N/A	N/A	N/A	N/A	N/A	N/A	N/A	N/A	N/A	N/A	d__Bacteria;p__Cyanobacteriota;c__Cyanobacteriia;o__Cyanobacteriales;f__;g__;s__	taxonomic classification fully defined by topology	classification based on placement in class-level tree	N/A	93.13	11	0.81575	N/A
SRR22878282_binette_bin31.fasta	d__Bacteria;p__Pseudomonadota;c__Gammaproteobacteria;o__Enterobacterales;f__Vibrionaceae;g__Vibrio;s__Vibrio cyclitrophicus	GCF_024347435.1	95.0	d__Bacteria;p__Pseudomonadota;c__Gammaproteobacteria;o__Enterobacterales;f__Vibrionaceae;g__Vibrio;s__Vibrio cyclitrophicus	98.04	0.752	GCF_024347435.1	95.0	d__Bacteria;p__Pseudomonadota;c__Gammaproteobacteria;o__Enterobacterales;f__Vibrionaceae;g__Vibrio;s__Vibrio cyclitrophicus	98.04	0.752	d__Bacteria;p__Pseudomonadota;c__Gammaproteobacteria;o__Enterobacterales;f__Vibrionaceae;g__Vibrio;s__	taxonomic classification defined by topology and ANI	topological placement and ANI have congruent species assignments	GCF_000272045.2, s__Vibrio crassostreae_C, 95.0, 93.33, 0.643; GCF_024347375.1, s__Vibrio coralliirubri, 95.0, 92.79, 0.635; GCF_024347335.1, s__Vibrio celticus, 95.0, 92.67, 0.644; GCF_026241515.1, s__Vibrio sp026241515, 95.0, 92.59, 0.664; GCA_023206055.1, s__Vibrio cyclitrophicus_A, 95.0, 92.44, 0.669; GCF_000272105.2, s__Vibrio splendidus_I, 95.0, 92.3, 0.633; GCF_024347415.1, s__Vibrio crassostreae, 95.0, 91.83, 0.614; GCF_041439375.1, s__Vibrio crassostreae_D, 95.0, 91.64, 0.604; GCF_024347615.1, s__Vibrio splendidus, 95.0, 91.56, 0.653; GCF_003345295.1, s__Vibrio splendidus_K, 95.0, 91.49, 0.661; GCF_001557875.1, s__Vibrio splendidus_F, 95.0, 91.4, 0.595; GCF_041504345.1, s__Vibrio sp007858795, 95.0, 91.36, 0.627; GCF_002875705.1, s__Vibrio sp002875705, 95.0, 91.28, 0.585; GCF_023206395.1, s__Vibrio sp000316985, 95.0, 91.22, 0.574; GCF_002873455.1, s__Vibrio splendidus_J, 95.0, 91.19, 0.61; GCF_024347455.1, s__Vibrio echinoideorum, 95.0, 91.15, 0.625; GCA_041879425.1, s__Vibrio pomeroyi_A, 95.0, 91.15, 0.587; GCF_022397915.1, s__Vibrio sp022397915, 95.0, 91.09, 0.579; GCF_024347515.1, s__Vibrio gigantis, 95.0, 91.09, 0.577; GCF_024347635.1, s__Vibrio tasmaniensis, 95.07, 91.01, 0.549; GCF_024347595.1, s__Vibrio pomeroyi, 95.0, 90.87, 0.56; GCF_002119525.1, s__Vibrio syngnathi, 95.0, 90.87, 0.536; GCF_030409755.1, s__Vibrio lentus, 95.0, 90.74, 0.583; GCF_030297155.1, s__Vibrio lentus_A, 95.0, 90.74, 0.58; GCA_000272405.3, s__Vibrio tasmaniensis_A, 95.0, 90.65, 0.546; GCF_041472735.1, s__Vibrio sp041472735, 95.0, 90.6, 0.521; GCF_030563405.1, s__Vibrio sp030563405, 95.0, 90.6, 0.513; GCF_024347315.1, s__Vibrio atlanticus, 96.47, 90.56, 0.545; GCF_014879975.1, s__Vibrio bathopelagicus, 95.0, 90.5, 0.564; GCF_024347535.1, s__Vibrio kanaloae, 95.0, 90.36, 0.533; GCA_000169995.1, s__Vibrio sp000169995, 95.0, 89.93, 0.412; GCF_903995485.1, s__Vibrio chagasii_B, 95.09, 89.82, 0.47; GCA_041879415.1, s__Vibrio sp022398115, 95.0, 89.81, 0.433; GCF_024347655.1, s__Vibrio toranzoniae, 95.33, 89.79, 0.51; GCF_024347355.1, s__Vibrio chagasii, 95.0, 89.69, 0.427; GCF_022397955.1, s__Vibrio sp022397955, 95.0, 89.59, 0.464; GCF_024347295.1, s__Vibrio artabrorum, 95.0, 89.52, 0.402; GCF_001635455.1, s__Vibrio sp001635455, 95.0, 89.38, 0.388; GCF_002954585.1, s__Vibrio chagasii_A, 95.29, 89.25, 0.401; GCF_947488985.1, s__Vibrio sp947488985, 95.0, 89.23, 0.326; GCA_036126475.1, s__Vibrio sp036126475, 95.0, 88.75, 0.292; GCF_000695685.1, s__Vibrio fortis_A, 95.0, 86.9, 0.151	59.57	11	N/A	N/A
SRR22878282_binette_bin33.fasta	d__Bacteria;p__Actinomycetota;c__Acidimicrobiia;o__Acidimicrobiales;f__SZUA-35;g__JAHELU01;s__	N/A	N/A	N/A	N/A	N/A	N/A	N/A	N/A	N/A	N/A	d__Bacteria;p__Actinomycetota;c__Acidimicrobiia;o__Acidimicrobiales;f__SZUA-35;g__JAHELU01;s__	taxonomic classification fully defined by topology	classification based on placement in class-level tree	N/A	60.64	11	0.92126	N/A
SRR22878282_binette_bin34.fasta	d__Bacteria;p__Bacteroidota;c__Bacteroidia;o__Flavobacteriales;f__Flavobacteriaceae;g__Tenacibaculum;s__Tenacibaculum sp947499065	GCF_947499065.1	95.0	d__Bacteria;p__Bacteroidota;c__Bacteroidia;o__Flavobacteriales;f__Flavobacteriaceae;g__Tenacibaculum;s__Tenacibaculum sp947499065	97.46	0.865	GCF_008806755.1	95.0	d__Bacteria;p__Bacteroidota;c__Bacteroidia;o__Flavobacteriales;f__Flavobacteriaceae;g__Tenacibaculum;s__Tenacibaculum aiptasiae	96.36	0.818	d__Bacteria;p__Bacteroidota;c__Bacteroidia;o__Flavobacteriales;f__Flavobacteriaceae;g__Tenacibaculum;s__	taxonomic classification defined by topology and ANI	N/A	GCF_947494125.1, s__Tenacibaculum sp947494125, 95.0, 88.3, 0.246	37.57	11	N/A	N/A
SRR22878282_binette_bin35.fasta	d__Bacteria;p__Pseudomonadota;c__Gammaproteobacteria;o__Arenicellales;f__Arenicellaceae;g__Arenicella;s__	N/A	N/A	N/A	N/A	N/A	N/A	N/A	N/A	N/A	N/A	d__Bacteria;p__Pseudomonadota;c__Gammaproteobacteria;o__Arenicellales;f__Arenicellaceae;g__Arenicella;s__	taxonomic classification fully defined by topology	classification based on placement in class-level tree	N/A	61.34	11	0.89713	N/A
SRR22878282_binette_bin37.fasta	d__Bacteria;p__Bacteroidota;c__Bacteroidia;o__Flavobacteriales;f__Flavobacteriaceae;g__Maribacter_C;s__	N/A	N/A	N/A	N/A	N/A	N/A	N/A	N/A	N/A	N/A	d__Bacteria;p__Bacteroidota;c__Bacteroidia;o__Flavobacteriales;f__Flavobacteriaceae;g__Maribacter_C;s__	taxonomic classification fully defined by topology	classification based on placement in class-level tree	N/A	51.51	11	0.96707	N/A
SRR22878282_binette_bin39.fasta	d__Bacteria;p__Bacteroidota;c__Bacteroidia;o__Flavobacteriales;f__Flavobacteriaceae;g__Maribacter_C;s__	N/A	N/A	N/A	N/A	N/A	N/A	N/A	N/A	N/A	N/A	d__Bacteria;p__Bacteroidota;c__Bacteroidia;o__Flavobacteriales;f__Flavobacteriaceae;g__Maribacter_C;s__	taxonomic classification fully defined by topology	classification based on placement in class-level tree	N/A	40.03	11	0.99137	N/A
SRR22878282_binette_bin4.fasta	d__Bacteria;p__Bacteroidota;c__Bacteroidia;o__Flavobacteriales;f__Flavobacteriaceae;g__Maribacter_C;s__	N/A	N/A	N/A	N/A	N/A	GCA_947495915.1	95.0	d__Bacteria;p__Bacteroidota;c__Bacteroidia;o__Flavobacteriales;f__Flavobacteriaceae;g__Maribacter_C;s__Maribacter_C sp947495915	87.27	0.535	d__Bacteria;p__Bacteroidota;c__Bacteroidia;o__Flavobacteriales;f__Flavobacteriaceae;g__Maribacter_C;s__	taxonomic classification defined by topology and ANI	classification based on placement in class-level tree	N/A	79.63	11	0.99206	N/A
SRR22878282_binette_bin40.fasta	d__Bacteria;p__Bacteroidota;c__Bacteroidia;o__Flavobacteriales;f__Flavobacteriaceae;g__Wenyingzhuangia;s__	N/A	N/A	N/A	N/A	N/A	N/A	N/A	N/A	N/A	N/A	d__Bacteria;p__Bacteroidota;c__Bacteroidia;o__Flavobacteriales;f__Flavobacteriaceae;g__Wenyingzhuangia;s__	taxonomic classification fully defined by topology	classification based on placement in class-level tree	N/A	49.01	11	0.98346	N/A
SRR22878282_binette_bin41.fasta	d__Bacteria;p__Bacteroidota;c__Bacteroidia;o__Flavobacteriales;f__Flavobacteriaceae;g__Polaribacter;s__Polaribacter sp947496195	GCF_947496195.1	95.0	d__Bacteria;p__Bacteroidota;c__Bacteroidia;o__Flavobacteriales;f__Flavobacteriaceae;g__Polaribacter;s__Polaribacter sp947496195	97.74	0.87	GCF_947496195.1	95.0	d__Bacteria;p__Bacteroidota;c__Bacteroidia;o__Flavobacteriales;f__Flavobacteriaceae;g__Polaribacter;s__Polaribacter sp947496195	97.74	0.87	d__Bacteria;p__Bacteroidota;c__Bacteroidia;o__Flavobacteriales;f__Flavobacteriaceae;g__Polaribacter;s__	taxonomic classification defined by topology and ANI	topological placement and ANI have congruent species assignments	N/A	46.8	11	N/A	N/A
SRR22878282_binette_bin42.fasta	d__Bacteria;p__Actinomycetota;c__Acidimicrobiia;o__Acidimicrobiales;f__SHLQ01;g__SHLQ01;s__	N/A	N/A	N/A	N/A	N/A	N/A	N/A	N/A	N/A	N/A	d__Bacteria;p__Actinomycetota;c__Acidimicrobiia;o__Acidimicrobiales;f__SHLQ01;g__SHLQ01;s__	taxonomic classification defined by topology and ANI	classification based on placement in class-level tree	GCA_937969565.1, s__SHLQ01 sp937969565, 95.0, 89.71, 0.173; GCA_020628865.1, s__SHLQ01 sp020628865, 95.0, 89.67, 0.232	39.44	11	0.99123	N/A
SRR22878282_binette_bin43.fasta	d__Bacteria;p__Pseudomonadota;c__Gammaproteobacteria;o__Granulosicoccales;f__Granulosicoccaceae;g__CALDUO01;s__	N/A	N/A	N/A	N/A	N/A	N/A	N/A	N/A	N/A	N/A	d__Bacteria;p__Pseudomonadota;c__Gammaproteobacteria;o__Granulosicoccales;f__Granulosicoccaceae;g__CALDUO01;s__	taxonomic novelty determined using RED	classification based on placement in class-level tree	N/A	39.99	11	0.86569	N/A
SRR22878282_binette_bin44.fasta	d__Bacteria;p__Cyanobacteriota;c__Cyanobacteriia;o__Cyanobacteriales;f__JAAUPO01;g__JAAUPO01;s__	N/A	N/A	N/A	N/A	N/A	N/A	N/A	N/A	N/A	N/A	d__Bacteria;p__Cyanobacteriota;c__Cyanobacteriia;o__Cyanobacteriales;f__JAAUPO01;g__JAAUPO01;s__	taxonomic novelty determined using RED	classification based on placement in class-level tree	N/A	10.92	4	0.93001	Genome domain questionable ( 12.5% Bacterial, 3.8% Archaeal)
SRR22878282_binette_bin45.fasta	Unclassified Bacteria	N/A	N/A	N/A	N/A	N/A	N/A	N/A	N/A	N/A	N/A	N/A	N/A	N/A	N/A	N/A	N/A	N/A	Insufficient number of amino acids in MSA (9.0%)
SRR22878282_binette_bin47.fasta	d__Bacteria;p__Pseudomonadota;c__Gammaproteobacteria;o__Arenicellales;f__Arenicellaceae;g__Arenicella;s__	N/A	N/A	N/A	N/A	N/A	N/A	N/A	N/A	N/A	N/A	d__Bacteria;p__Pseudomonadota;c__Gammaproteobacteria;o__Arenicellales;f__Arenicellaceae;g__Arenicella;s__	taxonomic classification fully defined by topology	classification based on placement in class-level tree	N/A	38.15	11	0.98802	N/A
SRR22878282_binette_bin48.fasta	d__Bacteria;p__Bacteroidota;c__Bacteroidia;o__Flavobacteriales;f__Flavobacteriaceae;g__;s__	N/A	N/A	N/A	N/A	N/A	N/A	N/A	N/A	N/A	N/A	d__Bacteria;p__Bacteroidota;c__Bacteroidia;o__Flavobacteriales;f__Flavobacteriaceae;g__;s__	taxonomic classification fully defined by topology	classification based on placement in class-level tree	N/A	41.32	11	0.93453	N/A
SRR22878282_binette_bin5.fasta	d__Bacteria;p__Pseudomonadota;c__Gammaproteobacteria;o__Arenicellales;f__Arenicellaceae;g__Arenicella;s__Arenicella sp040366405	GCF_040366405.1	95.0	d__Bacteria;p__Pseudomonadota;c__Gammaproteobacteria;o__Arenicellales;f__Arenicellaceae;g__Arenicella;s__Arenicella sp040366405	95.56	0.935	GCF_040366405.1	95.0	d__Bacteria;p__Pseudomonadota;c__Gammaproteobacteria;o__Arenicellales;f__Arenicellaceae;g__Arenicella;s__Arenicella sp040366405	95.56	0.935	d__Bacteria;p__Pseudomonadota;c__Gammaproteobacteria;o__Arenicellales;f__Arenicellaceae;g__Arenicella;s__	taxonomic classification defined by topology and ANI	topological placement and ANI have congruent species assignments	N/A	79.23	11	N/A	N/A
SRR22878282_binette_bin50.fasta	d__Bacteria;p__Actinomycetota;c__Acidimicrobiia;o__Acidimicrobiales;f__Ilumatobacteraceae;g__Ilumatobacter;s__	N/A	N/A	N/A	N/A	N/A	N/A	N/A	N/A	N/A	N/A	d__Bacteria;p__Actinomycetota;c__Acidimicrobiia;o__Acidimicrobiales;f__Ilumatobacteraceae;g__Ilumatobacter;s__	taxonomic classification fully defined by topology	classification based on placement in class-level tree	N/A	41.5	11	0.95637	N/A
SRR22878282_binette_bin51.fasta	d__Bacteria;p__Cyanobacteriota;c__Cyanobacteriia;o__Gloeomargaritales;f__;g__;s__	N/A	N/A	N/A	N/A	N/A	N/A	N/A	N/A	N/A	N/A	d__Bacteria;p__Cyanobacteriota;c__Cyanobacteriia;o__Gloeomargaritales;f__;g__;s__	taxonomic novelty determined using RED	classification based on placement in class-level tree	N/A	26.25	11	0.7312	N/A
SRR22878282_binette_bin52.fasta	d__Bacteria;p__Pseudomonadota;c__Gammaproteobacteria;o__Pseudomonadales;f__Halomonadaceae;g__Cobetia;s__Cobetia amphilecti	GCF_030010415.1	95.0	d__Bacteria;p__Pseudomonadota;c__Gammaproteobacteria;o__Pseudomonadales;f__Halomonadaceae;g__Cobetia;s__Cobetia amphilecti	98.54	0.689	GCF_016495405.1	95.0	d__Bacteria;p__Pseudomonadota;c__Gammaproteobacteria;o__Pseudomonadales;f__Halomonadaceae;g__Cobetia;s__Cobetia sp016495405	97.48	0.626	d__Bacteria;p__Pseudomonadota;c__Gammaproteobacteria;o__Pseudomonadales;f__Halomonadaceae;g__Cobetia;s__	taxonomic classification defined by topology and ANI	N/A	GCA_013376735.1, s__Cobetia sp013376735, 95.0, 97.35, 0.604; GCF_001720485.1, s__Cobetia marina, 95.0, 93.94, 0.253	40.03	11	N/A	N/A
SRR22878282_binette_bin53.fasta	d__Bacteria;p__Pseudomonadota;c__Gammaproteobacteria;o__Granulosicoccales;f__Granulosicoccaceae;g__CAKZUP01;s__	N/A	N/A	N/A	N/A	N/A	N/A	N/A	N/A	N/A	N/A	d__Bacteria;p__Pseudomonadota;c__Gammaproteobacteria;o__Granulosicoccales;f__Granulosicoccaceae;g__CAKZUP01;s__	taxonomic classification fully defined by topology	classification based on placement in class-level tree	N/A	37.79	11	0.93382	N/A
SRR22878282_binette_bin54.fasta	d__Bacteria;p__Pseudomonadota;c__Gammaproteobacteria;o__Burkholderiales;f__Burkholderiaceae;g__JAUIAI01;s__	N/A	N/A	N/A	N/A	N/A	N/A	N/A	N/A	N/A	N/A	d__Bacteria;p__Pseudomonadota;c__Gammaproteobacteria;o__Burkholderiales;f__Burkholderiaceae;g__JAUIAI01;s__	taxonomic classification fully defined by topology	classification based on placement in class-level tree	N/A	32.21	11	0.92797	N/A
SRR22878282_binette_bin55.fasta	d__Bacteria;p__Pseudomonadota;c__Alphaproteobacteria;o__Caulobacterales;f__Maricaulaceae;g__JACOMS01;s__	N/A	N/A	N/A	N/A	N/A	N/A	N/A	N/A	N/A	N/A	d__Bacteria;p__Pseudomonadota;c__Alphaproteobacteria;o__Caulobacterales;f__Maricaulaceae;g__JACOMS01;s__	taxonomic classification fully defined by topology	classification based on placement in class-level tree	N/A	26.65	11	0.96525	N/A
SRR22878282_binette_bin56.fasta	d__Bacteria;p__Bacteroidota;c__Bacteroidia;o__Flavobacteriales;f__Flavobacteriaceae;g__Microcosmobacter;s__	N/A	N/A	N/A	N/A	N/A	N/A	N/A	N/A	N/A	N/A	d__Bacteria;p__Bacteroidota;c__Bacteroidia;o__Flavobacteriales;f__Flavobacteriaceae;g__Microcosmobacter;s__	taxonomic classification fully defined by topology	classification based on placement in class-level tree	N/A	27.94	11	0.96136	N/A
SRR22878282_binette_bin57.fasta	d__Bacteria;p__Cyanobacteriota;c__Cyanobacteriia;o__Gloeomargaritales;f__;g__;s__	N/A	N/A	N/A	N/A	N/A	N/A	N/A	N/A	N/A	N/A	d__Bacteria;p__Cyanobacteriota;c__Cyanobacteriia;o__Gloeomargaritales;f__;g__;s__	taxonomic novelty determined using RED	classification based on placement in class-level tree	N/A	17.32	11	0.72578	N/A
SRR22878282_binette_bin58.fasta	d__Bacteria;p__Pseudomonadota;c__Gammaproteobacteria;o__Pseudomonadales;f__JAAOII01;g__;s__	N/A	N/A	N/A	N/A	N/A	N/A	N/A	N/A	N/A	N/A	d__Bacteria;p__Pseudomonadota;c__Gammaproteobacteria;o__Pseudomonadales;f__JAAOII01;g__;s__	taxonomic novelty determined using RED	classification based on placement in class-level tree	N/A	12.05	11	0.81157	N/A
SRR22878282_binette_bin6.fasta	d__Bacteria;p__Bacteroidota;c__Bacteroidia;o__Flavobacteriales;f__Flavobacteriaceae;g__Cellulophaga;s__Cellulophaga lytica	GCF_000190595.1	95.0	d__Bacteria;p__Bacteroidota;c__Bacteroidia;o__Flavobacteriales;f__Flavobacteriaceae;g__Cellulophaga;s__Cellulophaga lytica	99.29	0.918	GCF_000190595.1	95.0	d__Bacteria;p__Bacteroidota;c__Bacteroidia;o__Flavobacteriales;f__Flavobacteriaceae;g__Cellulophaga;s__Cellulophaga lytica	99.29	0.918	d__Bacteria;p__Bacteroidota;c__Bacteroidia;o__Flavobacteriales;f__Flavobacteriaceae;g__Cellulophaga;s__	taxonomic classification defined by topology and ANI	topological placement and ANI have congruent species assignments	GCF_001999725.1, s__Cellulophaga omnivescoria, 95.0, 91.78, 0.778; GCF_002813425.1, s__Cellulophaga sp002813425, 95.0, 89.2, 0.646; GCF_900119145.1, s__Cellulophaga fucicola, 95.0, 86.82, 0.465; GCF_023476645.1, s__Cellulophaga sp023476645, 95.0, 85.64, 0.406	95.81	11	N/A	N/A
SRR22878282_binette_bin60.fasta	d__Bacteria;p__Pseudomonadota;c__Gammaproteobacteria;o__Arenicellales;f__Arenicellaceae;g__Arenicella;s__	N/A	N/A	N/A	N/A	N/A	N/A	N/A	N/A	N/A	N/A	d__Bacteria;p__Pseudomonadota;c__Gammaproteobacteria;o__Arenicellales;f__Arenicellaceae;g__Arenicella;s__	taxonomic classification fully defined by topology	classification based on placement in class-level tree	N/A	17.0	11	0.95158	N/A
SRR22878282_binette_bin61.fasta	d__Bacteria;p__Pseudomonadota;c__Gammaproteobacteria;o__Arenicellales;f__Arenicellaceae;g__Arenicella;s__	N/A	N/A	N/A	N/A	N/A	N/A	N/A	N/A	N/A	N/A	d__Bacteria;p__Pseudomonadota;c__Gammaproteobacteria;o__Arenicellales;f__Arenicellaceae;g__Arenicella;s__	taxonomic classification fully defined by topology	classification based on placement in class-level tree	N/A	17.75	11	0.9158	N/A
SRR22878282_binette_bin63.fasta	d__Bacteria;p__Pseudomonadota;c__Alphaproteobacteria;o__Caulobacterales;f__Maricaulaceae;g__JACOMS01;s__	N/A	N/A	N/A	N/A	N/A	N/A	N/A	N/A	N/A	N/A	d__Bacteria;p__Pseudomonadota;c__Alphaproteobacteria;o__Caulobacterales;f__Maricaulaceae;g__JACOMS01;s__	taxonomic classification fully defined by topology	classification based on placement in class-level tree	N/A	19.12	11	0.96865	N/A
SRR22878282_binette_bin64.fasta	d__Bacteria;p__Pseudomonadota;c__Gammaproteobacteria;o__Pseudomonadales;f__GM7GCV1;g__;s__	N/A	N/A	N/A	N/A	N/A	N/A	N/A	N/A	N/A	N/A	d__Bacteria;p__Pseudomonadota;c__Gammaproteobacteria;o__Pseudomonadales;f__GM7GCV1;g__;s__	taxonomic novelty determined using RED	classification based on placement in class-level tree	N/A	21.25	11	0.8603	N/A
SRR22878282_binette_bin65.fasta	d__Bacteria;p__Actinomycetota;c__Acidimicrobiia;o__Acidimicrobiales;f__SHLQ01;g__SHLQ01;s__	N/A	N/A	N/A	N/A	N/A	N/A	N/A	N/A	N/A	N/A	d__Bacteria;p__Actinomycetota;c__Acidimicrobiia;o__Acidimicrobiales;f__SHLQ01;g__SHLQ01;s__	taxonomic classification fully defined by topology	classification based on placement in class-level tree	N/A	17.83	11	0.98478	N/A
SRR22878282_binette_bin67.fasta	d__Bacteria;p__Pseudomonadota;c__Gammaproteobacteria;o__Arenicellales;f__Arenicellaceae;g__Arenicella;s__	N/A	N/A	N/A	N/A	N/A	N/A	N/A	N/A	N/A	N/A	d__Bacteria;p__Pseudomonadota;c__Gammaproteobacteria;o__Arenicellales;f__Arenicellaceae;g__Arenicella;s__	taxonomic classification fully defined by topology	classification based on placement in class-level tree	N/A	16.92	11	0.8963	N/A
SRR22878282_binette_bin68.fasta	d__Bacteria;p__Pseudomonadota;c__Gammaproteobacteria;o__Enterobacterales;f__Alteromonadaceae;g__Paraglaciecola;s__Paraglaciecola chathamensis	GCF_000314955.1	95.0	d__Bacteria;p__Pseudomonadota;c__Gammaproteobacteria;o__Enterobacterales;f__Alteromonadaceae;g__Paraglaciecola;s__Paraglaciecola chathamensis	98.83	0.952	GCF_000314955.1	95.0	d__Bacteria;p__Pseudomonadota;c__Gammaproteobacteria;o__Enterobacterales;f__Alteromonadaceae;g__Paraglaciecola;s__Paraglaciecola chathamensis	98.83	0.952	d__Bacteria;p__Pseudomonadota;c__Gammaproteobacteria;o__Enterobacterales;f__Alteromonadaceae;g__Paraglaciecola;s__	taxonomic classification defined by topology and ANI	topological placement and ANI have congruent species assignments	GCF_009906955.1, s__Paraglaciecola mesophila_A, 95.0, 91.52, 0.652; GCF_000315015.1, s__Paraglaciecola mesophila, 95.0, 87.68, 0.155	10.88	11	N/A	Genome domain questionable ( 11.7% Bacterial, 1.9% Archaeal)
SRR22878282_binette_bin69.fasta	Unclassified Bacteria	N/A	N/A	N/A	N/A	N/A	N/A	N/A	N/A	N/A	N/A	N/A	N/A	N/A	N/A	N/A	N/A	N/A	Insufficient number of amino acids in MSA (1.9%)
SRR22878282_binette_bin7.fasta	d__Bacteria;p__Myxococcota;c__Polyangia;o__Polyangiales;f__Polyangiaceae;g__SZUA-265;s__	N/A	N/A	N/A	N/A	N/A	N/A	N/A	N/A	N/A	N/A	d__Bacteria;p__Myxococcota;c__Polyangia;o__Polyangiales;f__Polyangiaceae;g__SZUA-265;s__	taxonomic classification fully defined by topology	classification based on placement in class-level tree	N/A	92.67	11	0.92046	N/A
SRR22878282_binette_bin71.fasta	d__Bacteria;p__Pseudomonadota;c__Gammaproteobacteria;o__Enterobacterales;f__Alteromonadaceae;g__;s__	N/A	N/A	N/A	N/A	N/A	N/A	N/A	N/A	N/A	N/A	d__Bacteria;p__Pseudomonadota;c__Gammaproteobacteria;o__Enterobacterales;f__Alteromonadaceae;g__;s__	taxonomic classification fully defined by topology	classification based on placement in class-level tree	N/A	13.52	11	0.8151	N/A
SRR22878282_binette_bin72.fasta	d__Bacteria;p__Pseudomonadota;c__Gammaproteobacteria;o__Enterobacterales;f__Vibrionaceae;g__Vibrio;s__	N/A	N/A	N/A	N/A	N/A	N/A	N/A	N/A	N/A	N/A	d__Bacteria;p__Pseudomonadota;c__Gammaproteobacteria;o__Enterobacterales;f__Vibrionaceae;g__Vibrio;s__	taxonomic classification defined by topology and ANI	classification based on placement in class-level tree	GCF_903995485.1, s__Vibrio chagasii_B, 95.09, 98.89, 0.58; GCA_000169995.1, s__Vibrio sp000169995, 95.0, 96.28, 0.445; GCF_024347355.1, s__Vibrio chagasii, 95.0, 96.27, 0.409; GCA_041879415.1, s__Vibrio sp022398115, 95.0, 94.18, 0.317; GCF_002954585.1, s__Vibrio chagasii_A, 95.29, 94.18, 0.302; GCF_001635455.1, s__Vibrio sp001635455, 95.0, 93.73, 0.243; GCF_022397955.1, s__Vibrio sp022397955, 95.0, 93.68, 0.215; GCF_024347595.1, s__Vibrio pomeroyi, 95.0, 93.68, 0.158; GCA_036126475.1, s__Vibrio sp036126475, 95.0, 93.54, 0.203	11.97	11	0.97674	N/A
SRR22878282_binette_bin73.fasta	d__Bacteria;p__Verrucomicrobiota;c__Verrucomicrobiia;o__Opitutales;f__Coraliomargaritaceae;g__UBA7441;s__	N/A	N/A	N/A	N/A	N/A	N/A	N/A	N/A	N/A	N/A	d__Bacteria;p__Verrucomicrobiota;c__Verrucomicrobiia;o__Opitutales;f__Coraliomargaritaceae;g__UBA7441;s__	taxonomic classification fully defined by topology	classification based on placement in class-level tree	N/A	16.02	11	0.9309	N/A
SRR22878282_binette_bin74.fasta	Unclassified Bacteria	N/A	N/A	N/A	N/A	N/A	N/A	N/A	N/A	N/A	N/A	N/A	N/A	N/A	N/A	N/A	N/A	N/A	Insufficient number of amino acids in MSA (7.7%)
SRR22878282_binette_bin75.fasta	d__Bacteria;p__Actinomycetota;c__Acidimicrobiia;o__Acidimicrobiales;f__SHLQ01;g__SHLQ01;s__	N/A	N/A	N/A	N/A	N/A	N/A	N/A	N/A	N/A	N/A	d__Bacteria;p__Actinomycetota;c__Acidimicrobiia;o__Acidimicrobiales;f__SHLQ01;g__SHLQ01;s__	taxonomic classification fully defined by topology	classification based on placement in class-level tree	N/A	13.17	11	0.98429	N/A
SRR22878282_binette_bin76.fasta	Unclassified Bacteria	N/A	N/A	N/A	N/A	N/A	N/A	N/A	N/A	N/A	N/A	N/A	N/A	N/A	N/A	N/A	N/A	N/A	Insufficient number of amino acids in MSA (0.7%)
SRR22878282_binette_bin77.fasta	d__Bacteria;p__Pseudomonadota;c__Alphaproteobacteria;o__Rhodobacterales;f__Rhodobacteraceae;g__Yoonia;s__	N/A	N/A	N/A	N/A	N/A	GCA_025141675.1	95.0	d__Bacteria;p__Pseudomonadota;c__Alphaproteobacteria;o__Rhodobacterales;f__Rhodobacteraceae;g__Yoonia;s__Yoonia sp025141675	97.28	0.194	d__Bacteria;p__Pseudomonadota;c__Alphaproteobacteria;o__Rhodobacterales;f__Rhodobacteraceae;g__Yoonia;s__	taxonomic classification defined by topology and ANI	classification based on placement in class-level tree	N/A	14.71	11	0.99999	N/A
SRR22878282_binette_bin78.fasta	d__Bacteria;p__Pseudomonadota;c__Gammaproteobacteria;o__Enterobacterales;f__Vibrionaceae;g__Vibrio;s__Vibrio coralliirubri	GCF_024347375.1	95.0	d__Bacteria;p__Pseudomonadota;c__Gammaproteobacteria;o__Enterobacterales;f__Vibrionaceae;g__Vibrio;s__Vibrio coralliirubri	97.15	0.73	GCF_024347435.1	95.0	d__Bacteria;p__Pseudomonadota;c__Gammaproteobacteria;o__Enterobacterales;f__Vibrionaceae;g__Vibrio;s__Vibrio cyclitrophicus	96.37	0.506	d__Bacteria;p__Pseudomonadota;c__Gammaproteobacteria;o__Enterobacterales;f__Vibrionaceae;g__Vibrio;s__	taxonomic classification defined by topology and ANI	N/A	GCF_024347335.1, s__Vibrio celticus, 95.0, 96.85, 0.704; GCF_000272045.2, s__Vibrio crassostreae_C, 95.0, 96.76, 0.69; GCF_000272105.2, s__Vibrio splendidus_I, 95.0, 95.89, 0.649; GCF_024347415.1, s__Vibrio crassostreae, 95.0, 95.08, 0.597; GCF_001557875.1, s__Vibrio splendidus_F, 95.0, 95.0, 0.614; GCF_026241515.1, s__Vibrio sp026241515, 95.0, 94.88, 0.629; GCA_023206055.1, s__Vibrio cyclitrophicus_A, 95.0, 94.85, 0.599; GCF_041439375.1, s__Vibrio crassostreae_D, 95.0, 94.84, 0.603; GCF_041504345.1, s__Vibrio sp007858795, 95.0, 94.62, 0.589; GCF_002875705.1, s__Vibrio sp002875705, 95.0, 94.61, 0.572; GCF_023206395.1, s__Vibrio sp000316985, 95.0, 94.4, 0.493; GCF_022397915.1, s__Vibrio sp022397915, 95.0, 94.32, 0.475; GCF_024347595.1, s__Vibrio pomeroyi, 95.0, 94.29, 0.51; GCA_041879425.1, s__Vibrio pomeroyi_A, 95.0, 94.18, 0.509; GCF_024347515.1, s__Vibrio gigantis, 95.0, 94.06, 0.537; GCF_024347615.1, s__Vibrio splendidus, 95.0, 93.94, 0.534; GCA_000272405.3, s__Vibrio tasmaniensis_A, 95.0, 93.94, 0.463; GCF_024347635.1, s__Vibrio tasmaniensis, 95.07, 93.94, 0.461; GCF_041472735.1, s__Vibrio sp041472735, 95.0, 93.94, 0.456; GCF_002873455.1, s__Vibrio splendidus_J, 95.0, 93.84, 0.489; GCF_003345295.1, s__Vibrio splendidus_K, 95.0, 93.81, 0.51; GCF_024347315.1, s__Vibrio atlanticus, 96.47, 93.81, 0.451; GCF_002119525.1, s__Vibrio syngnathi, 95.0, 93.68, 0.464; GCF_030563405.1, s__Vibrio sp030563405, 95.0, 93.68, 0.445; GCF_030409755.1, s__Vibrio lentus, 95.0, 93.68, 0.412; GCF_022397955.1, s__Vibrio sp022397955, 95.0, 93.68, 0.402; GCF_024347535.1, s__Vibrio kanaloae, 95.0, 93.68, 0.4; GCF_030297155.1, s__Vibrio lentus_A, 95.0, 93.54, 0.42; GCF_014879975.1, s__Vibrio bathopelagicus, 95.0, 93.54, 0.405; GCF_024347455.1, s__Vibrio echinoideorum, 95.0, 93.54, 0.403; GCF_024347655.1, s__Vibrio toranzoniae, 95.33, 93.54, 0.374; GCF_001635455.1, s__Vibrio sp001635455, 95.0, 93.26, 0.308; GCA_000169995.1, s__Vibrio sp000169995, 95.0, 93.25, 0.328; GCF_903995485.1, s__Vibrio chagasii_B, 95.09, 93.15, 0.383; GCF_024347355.1, s__Vibrio chagasii, 95.0, 93.12, 0.356; GCF_947488985.1, s__Vibrio sp947488985, 95.0, 93.01, 0.258; GCA_041879415.1, s__Vibrio sp022398115, 95.0, 92.99, 0.355; GCF_024347295.1, s__Vibrio artabrorum, 95.0, 92.99, 0.316; GCF_002954585.1, s__Vibrio chagasii_A, 95.29, 92.77, 0.353; GCA_036126475.1, s__Vibrio sp036126475, 95.0, 92.75, 0.277	29.39	11	N/A	Genome has more than 12.5% of markers with multiple hits
SRR22878282_binette_bin79.fasta	d__Bacteria;p__Pseudomonadota;c__Gammaproteobacteria;o__Enterobacterales;f__Alteromonadaceae;g__Paraglaciecola;s__	N/A	N/A	N/A	N/A	N/A	N/A	N/A	N/A	N/A	N/A	d__Bacteria;p__Pseudomonadota;c__Gammaproteobacteria;o__Enterobacterales;f__Alteromonadaceae;g__Paraglaciecola;s__	taxonomic classification defined by topology and ANI	classification based on placement in class-level tree	GCF_000314955.1, s__Paraglaciecola chathamensis, 95.0, 99.29, 0.268	18.53	11	0.95225	N/A
SRR22878282_binette_bin8.fasta	d__Bacteria;p__Cyanobacteriota;c__Cyanobacteriia;o__Cyanobacteriales;f__Xenococcaceae;g__Waterburya;s__	N/A	N/A	N/A	N/A	N/A	N/A	N/A	N/A	N/A	N/A	d__Bacteria;p__Cyanobacteriota;c__Cyanobacteriia;o__Cyanobacteriales;f__Xenococcaceae;g__Waterburya;s__	taxonomic classification fully defined by topology	classification based on placement in class-level tree	N/A	84.89	11	0.98997	N/A
SRR22878282_binette_bin80.fasta	Unclassified Bacteria	N/A	N/A	N/A	N/A	N/A	N/A	N/A	N/A	N/A	N/A	N/A	N/A	N/A	N/A	N/A	N/A	N/A	Insufficient number of amino acids in MSA (5.8%)
SRR22878282_binette_bin81.fasta	Unclassified Bacteria	N/A	N/A	N/A	N/A	N/A	N/A	N/A	N/A	N/A	N/A	N/A	N/A	N/A	N/A	N/A	N/A	N/A	Insufficient number of amino acids in MSA (7.4%)
SRR22878282_binette_bin82.fasta	d__Bacteria;p__Pseudomonadota;c__Gammaproteobacteria;o__Enterobacterales;f__Kangiellaceae;g__;s__	N/A	N/A	N/A	N/A	N/A	N/A	N/A	N/A	N/A	N/A	d__Bacteria;p__Pseudomonadota;c__Gammaproteobacteria;o__Enterobacterales;f__Kangiellaceae;g__;s__	taxonomic classification fully defined by topology	classification based on placement in class-level tree	N/A	10.56	11	0.82809	Genome domain questionable ( 11.7% Bacterial, 1.9% Archaeal)
SRR22878282_binette_bin83.fasta	Unclassified Bacteria	N/A	N/A	N/A	N/A	N/A	N/A	N/A	N/A	N/A	N/A	N/A	N/A	N/A	N/A	N/A	N/A	N/A	Insufficient number of amino acids in MSA (2.9%)
SRR22878282_binette_bin84.fasta	Unclassified Bacteria	N/A	N/A	N/A	N/A	N/A	N/A	N/A	N/A	N/A	N/A	N/A	N/A	N/A	N/A	N/A	N/A	N/A	Insufficient number of amino acids in MSA (9.6%)
SRR22878282_binette_bin85.fasta	Unclassified	N/A	N/A	N/A	N/A	N/A	N/A	N/A	N/A	N/A	N/A	N/A	N/A	N/A	N/A	N/A	N/A	N/A	No bacterial or archaeal marker
SRR22878282_binette_bin86.fasta	d__Bacteria;p__Pseudomonadota;c__Gammaproteobacteria;o__Enterobacterales;f__Vibrionaceae;g__Vibrio;s__	N/A	N/A	N/A	N/A	N/A	GCF_022397915.1	95.0	d__Bacteria;p__Pseudomonadota;c__Gammaproteobacteria;o__Enterobacterales;f__Vibrionaceae;g__Vibrio;s__Vibrio sp022397915	94.64	0.33	d__Bacteria;p__Pseudomonadota;c__Gammaproteobacteria;o__Enterobacterales;f__Vibrionaceae;g__Vibrio;s__	taxonomic classification defined by topology and ANI	classification based on placement in class-level tree	GCF_903995485.1, s__Vibrio chagasii_B, 95.09, 96.02, 0.242; GCF_024347595.1, s__Vibrio pomeroyi, 95.0, 95.61, 0.358; GCA_000169995.1, s__Vibrio sp000169995, 95.0, 95.49, 0.203; GCF_024347435.1, s__Vibrio cyclitrophicus, 95.0, 95.49, 0.165; GCF_024347375.1, s__Vibrio coralliirubri, 95.0, 95.32, 0.412; GCF_024347335.1, s__Vibrio celticus, 95.0, 95.32, 0.4; GCF_023206395.1, s__Vibrio sp000316985, 95.0, 95.32, 0.332; GCA_041879425.1, s__Vibrio pomeroyi_A, 95.0, 95.31, 0.342; GCF_024347355.1, s__Vibrio chagasii, 95.0, 95.17, 0.213; GCA_023206055.1, s__Vibrio cyclitrophicus_A, 95.0, 95.08, 0.248; GCF_000272105.2, s__Vibrio splendidus_I, 95.0, 94.96, 0.327; GCF_000272045.2, s__Vibrio crassostreae_C, 95.0, 94.88, 0.377; GCA_041879415.1, s__Vibrio sp022398115, 95.0, 94.76, 0.172; GCF_024347615.1, s__Vibrio splendidus, 95.0, 94.73, 0.241; GCF_002875705.1, s__Vibrio sp002875705, 95.0, 94.72, 0.235; GCF_024347515.1, s__Vibrio gigantis, 95.0, 94.68, 0.255; GCF_022397955.1, s__Vibrio sp022397955, 95.0, 94.68, 0.161; GCF_002954585.1, s__Vibrio chagasii_A, 95.29, 94.63, 0.153; GCF_024347535.1, s__Vibrio kanaloae, 95.0, 94.41, 0.16; GCF_041472735.1, s__Vibrio sp041472735, 95.0, 94.39, 0.182; GCF_002119525.1, s__Vibrio syngnathi, 95.0, 94.32, 0.169; GCF_001557875.1, s__Vibrio splendidus_F, 95.0, 94.21, 0.292; GCF_026241515.1, s__Vibrio sp026241515, 95.0, 94.21, 0.288; GCF_024347415.1, s__Vibrio crassostreae, 95.0, 94.18, 0.328; GCF_041439375.1, s__Vibrio crassostreae_D, 95.0, 94.18, 0.28; GCF_030409755.1, s__Vibrio lentus, 95.0, 94.08, 0.175; GCF_003345295.1, s__Vibrio splendidus_K, 95.0, 94.02, 0.219; GCF_024347455.1, s__Vibrio echinoideorum, 95.0, 94.02, 0.151; GCF_041504345.1, s__Vibrio sp007858795, 95.0, 93.94, 0.281; GCF_030297155.1, s__Vibrio lentus_A, 95.0, 93.82, 0.152; GCF_002873455.1, s__Vibrio splendidus_J, 95.0, 93.76, 0.187; GCF_030563405.1, s__Vibrio sp030563405, 95.0, 93.66, 0.166; GCF_024347635.1, s__Vibrio tasmaniensis, 95.07, 93.61, 0.206; GCA_000272405.3, s__Vibrio tasmaniensis_A, 95.0, 93.55, 0.196; GCF_024347315.1, s__Vibrio atlanticus, 96.47, 93.54, 0.193	18.17	11	0.99999	N/A
SRR22878282_binette_bin87.fasta	Unclassified Bacteria	N/A	N/A	N/A	N/A	N/A	N/A	N/A	N/A	N/A	N/A	N/A	N/A	N/A	N/A	N/A	N/A	N/A	Insufficient number of amino acids in MSA (1.4%)
SRR22878282_binette_bin88.fasta	Unclassified Bacteria	N/A	N/A	N/A	N/A	N/A	N/A	N/A	N/A	N/A	N/A	N/A	N/A	N/A	N/A	N/A	N/A	N/A	Insufficient number of amino acids in MSA (7.6%)
SRR22878282_binette_bin9.fasta	d__Bacteria;p__Pseudomonadota;c__Gammaproteobacteria;o__Pseudomonadales;f__GM7GCV1;g__;s__	N/A	N/A	N/A	N/A	N/A	N/A	N/A	N/A	N/A	N/A	d__Bacteria;p__Pseudomonadota;c__Gammaproteobacteria;o__Pseudomonadales;f__GM7GCV1;g__;s__	taxonomic novelty determined using RED	classification based on placement in class-level tree	N/A	94.74	11	0.85457	N/A
SRR22878282_binette_bin90.fasta	Unclassified Bacteria	N/A	N/A	N/A	N/A	N/A	N/A	N/A	N/A	N/A	N/A	N/A	N/A	N/A	N/A	N/A	N/A	N/A	Insufficient number of amino acids in MSA (7.8%)
SRR22878282_binette_bin91.fasta	Unclassified Bacteria	N/A	N/A	N/A	N/A	N/A	N/A	N/A	N/A	N/A	N/A	N/A	N/A	N/A	N/A	N/A	N/A	N/A	Insufficient number of amino acids in MSA (6.9%)
SRR22878282_binette_bin92.fasta	Unclassified Bacteria	N/A	N/A	N/A	N/A	N/A	N/A	N/A	N/A	N/A	N/A	N/A	N/A	N/A	N/A	N/A	N/A	N/A	Insufficient number of amino acids in MSA (7.9%)
SRR22878282_binette_bin93.fasta	Unclassified Bacteria	N/A	N/A	N/A	N/A	N/A	N/A	N/A	N/A	N/A	N/A	N/A	N/A	N/A	N/A	N/A	N/A	N/A	Insufficient number of amino acids in MSA (8.1%)
SRR22878282_binette_bin94.fasta	d__Bacteria;p__Actinomycetota;c__Acidimicrobiia;o__Acidimicrobiales;f__UBA10347;g__UBA10347;s__	N/A	N/A	N/A	N/A	N/A	N/A	N/A	N/A	N/A	N/A	d__Bacteria;p__Actinomycetota;c__Acidimicrobiia;o__Acidimicrobiales;f__UBA10347;g__UBA10347;s__	taxonomic classification fully defined by topology	classification based on placement in class-level tree	N/A	10.66	11	0.95471	Genome domain questionable ( 13.3% Bacterial, 3.8% Archaeal)
SRR22878282_binette_bin95.fasta	Unclassified Bacteria	N/A	N/A	N/A	N/A	N/A	N/A	N/A	N/A	N/A	N/A	N/A	N/A	N/A	N/A	N/A	N/A	N/A	Insufficient number of amino acids in MSA (5.5%)
SRR22878282_binette_bin96.fasta	Unclassified Bacteria	N/A	N/A	N/A	N/A	N/A	N/A	N/A	N/A	N/A	N/A	N/A	N/A	N/A	N/A	N/A	N/A	N/A	Insufficient number of amino acids in MSA (1.2%)
SRR22878282_binette_bin97.fasta	Unclassified Bacteria	N/A	N/A	N/A	N/A	N/A	N/A	N/A	N/A	N/A	N/A	N/A	N/A	N/A	N/A	N/A	N/A	N/A	Insufficient number of amino acids in MSA (0.5%)
SRR22878282_binette_bin98.fasta	d__Bacteria;p__Pseudomonadota;c__Gammaproteobacteria;o__Arenicellales;f__Arenicellaceae;g__Arenicella;s__	N/A	N/A	N/A	N/A	N/A	N/A	N/A	N/A	N/A	N/A	d__Bacteria;p__Pseudomonadota;c__Gammaproteobacteria;o__Arenicellales;f__Arenicellaceae;g__Arenicella;s__	taxonomic classification fully defined by topology	classification based on placement in class-level tree	N/A	10.17	11	0.91843	Genome domain questionable ( 13.3% Bacterial, 3.8% Archaeal)
SRR22878282_binette_bin99.fasta	Unclassified Bacteria	N/A	N/A	N/A	N/A	N/A	N/A	N/A	N/A	N/A	N/A	N/A	N/A	N/A	N/A	N/A	N/A	N/A	Insufficient number of amino acids in MSA (0.6%)
SRR22878283_binette_bin1.fasta	d__Bacteria;p__Pseudomonadota;c__Alphaproteobacteria;o__Rhizobiales;f__Rhizobiaceae;g__JAALLB01;s__	N/A	N/A	N/A	N/A	N/A	N/A	N/A	N/A	N/A	N/A	d__Bacteria;p__Pseudomonadota;c__Alphaproteobacteria;o__Rhizobiales;f__Rhizobiaceae;g__JAALLB01;s__	taxonomic classification fully defined by topology	classification based on placement in class-level tree	N/A	96.7	11	0.92607	N/A
SRR22878283_binette_bin10.fasta	d__Bacteria;p__Pseudomonadota;c__Gammaproteobacteria;o__Enterobacterales;f__Alteromonadaceae;g__Thalassotalea_F;s__	N/A	N/A	N/A	N/A	N/A	N/A	N/A	N/A	N/A	N/A	d__Bacteria;p__Pseudomonadota;c__Gammaproteobacteria;o__Enterobacterales;f__Alteromonadaceae;g__Thalassotalea_F;s__	taxonomic classification fully defined by topology	classification based on placement in class-level tree	N/A	89.18	11	0.95926	N/A
SRR22878283_binette_bin100.fasta	Unclassified Bacteria	N/A	N/A	N/A	N/A	N/A	N/A	N/A	N/A	N/A	N/A	N/A	N/A	N/A	N/A	N/A	N/A	N/A	Insufficient number of amino acids in MSA (1.6%)
SRR22878283_binette_bin101.fasta	Unclassified	N/A	N/A	N/A	N/A	N/A	N/A	N/A	N/A	N/A	N/A	N/A	N/A	N/A	N/A	N/A	N/A	N/A	No bacterial or archaeal marker
SRR22878283_binette_bin102.fasta	Unclassified Bacteria	N/A	N/A	N/A	N/A	N/A	N/A	N/A	N/A	N/A	N/A	N/A	N/A	N/A	N/A	N/A	N/A	N/A	Insufficient number of amino acids in MSA (5.6%)
SRR22878283_binette_bin103.fasta	Unclassified Bacteria	N/A	N/A	N/A	N/A	N/A	N/A	N/A	N/A	N/A	N/A	N/A	N/A	N/A	N/A	N/A	N/A	N/A	Insufficient number of amino acids in MSA (3.7%)
SRR22878283_binette_bin104.fasta	Unclassified Bacteria	N/A	N/A	N/A	N/A	N/A	N/A	N/A	N/A	N/A	N/A	N/A	N/A	N/A	N/A	N/A	N/A	N/A	Insufficient number of amino acids in MSA (4.7%)
SRR22878283_binette_bin105.fasta	Unclassified	N/A	N/A	N/A	N/A	N/A	N/A	N/A	N/A	N/A	N/A	N/A	N/A	N/A	N/A	N/A	N/A	N/A	No bacterial or archaeal marker
SRR22878283_binette_bin106.fasta	Unclassified Bacteria	N/A	N/A	N/A	N/A	N/A	N/A	N/A	N/A	N/A	N/A	N/A	N/A	N/A	N/A	N/A	N/A	N/A	Insufficient number of amino acids in MSA (2.5%)
SRR22878283_binette_bin107.fasta	Unclassified Bacteria	N/A	N/A	N/A	N/A	N/A	N/A	N/A	N/A	N/A	N/A	N/A	N/A	N/A	N/A	N/A	N/A	N/A	Insufficient number of amino acids in MSA (1.7%)
SRR22878283_binette_bin108.fasta	Unclassified Bacteria	N/A	N/A	N/A	N/A	N/A	N/A	N/A	N/A	N/A	N/A	N/A	N/A	N/A	N/A	N/A	N/A	N/A	Insufficient number of amino acids in MSA (5.4%)
SRR22878283_binette_bin109.fasta	Unclassified Bacteria	N/A	N/A	N/A	N/A	N/A	N/A	N/A	N/A	N/A	N/A	N/A	N/A	N/A	N/A	N/A	N/A	N/A	Insufficient number of amino acids in MSA (4.1%)
SRR22878283_binette_bin11.fasta	d__Bacteria;p__Pseudomonadota;c__Gammaproteobacteria;o__Granulosicoccales;f__Granulosicoccaceae;g__CAKZSB01;s__	N/A	N/A	N/A	N/A	N/A	N/A	N/A	N/A	N/A	N/A	d__Bacteria;p__Pseudomonadota;c__Gammaproteobacteria;o__Granulosicoccales;f__Granulosicoccaceae;g__CAKZSB01;s__	taxonomic novelty determined using RED	classification based on placement in class-level tree	N/A	78.02	11	0.92561	N/A
SRR22878283_binette_bin110.fasta	Unclassified Bacteria	N/A	N/A	N/A	N/A	N/A	N/A	N/A	N/A	N/A	N/A	N/A	N/A	N/A	N/A	N/A	N/A	N/A	Insufficient number of amino acids in MSA (4.8%)
SRR22878283_binette_bin111.fasta	Unclassified	N/A	N/A	N/A	N/A	N/A	N/A	N/A	N/A	N/A	N/A	N/A	N/A	N/A	N/A	N/A	N/A	N/A	No bacterial or archaeal marker
SRR22878283_binette_bin112.fasta	Unclassified Bacteria	N/A	N/A	N/A	N/A	N/A	N/A	N/A	N/A	N/A	N/A	N/A	N/A	N/A	N/A	N/A	N/A	N/A	Insufficient number of amino acids in MSA (1.7%)
SRR22878283_binette_bin113.fasta	Unclassified Bacteria	N/A	N/A	N/A	N/A	N/A	N/A	N/A	N/A	N/A	N/A	N/A	N/A	N/A	N/A	N/A	N/A	N/A	Insufficient number of amino acids in MSA (2.7%)
SRR22878283_binette_bin114.fasta	Unclassified Bacteria	N/A	N/A	N/A	N/A	N/A	N/A	N/A	N/A	N/A	N/A	N/A	N/A	N/A	N/A	N/A	N/A	N/A	Insufficient number of amino acids in MSA (5.4%)
SRR22878283_binette_bin115.fasta	Unclassified Bacteria	N/A	N/A	N/A	N/A	N/A	N/A	N/A	N/A	N/A	N/A	N/A	N/A	N/A	N/A	N/A	N/A	N/A	Insufficient number of amino acids in MSA (2.4%)
SRR22878283_binette_bin116.fasta	Unclassified	N/A	N/A	N/A	N/A	N/A	N/A	N/A	N/A	N/A	N/A	N/A	N/A	N/A	N/A	N/A	N/A	N/A	No bacterial or archaeal marker
SRR22878283_binette_bin117.fasta	Unclassified Bacteria	N/A	N/A	N/A	N/A	N/A	N/A	N/A	N/A	N/A	N/A	N/A	N/A	N/A	N/A	N/A	N/A	N/A	Insufficient number of amino acids in MSA (1.2%)
SRR22878283_binette_bin118.fasta	Unclassified Bacteria	N/A	N/A	N/A	N/A	N/A	N/A	N/A	N/A	N/A	N/A	N/A	N/A	N/A	N/A	N/A	N/A	N/A	Insufficient number of amino acids in MSA (4.9%)
SRR22878283_binette_bin119.fasta	Unclassified	N/A	N/A	N/A	N/A	N/A	N/A	N/A	N/A	N/A	N/A	N/A	N/A	N/A	N/A	N/A	N/A	N/A	No bacterial or archaeal marker
SRR22878283_binette_bin12.fasta	d__Bacteria;p__Pseudomonadota;c__Gammaproteobacteria;o__Enterobacterales;f__Alteromonadaceae;g__Psychrosphaera;s__	N/A	N/A	N/A	N/A	N/A	N/A	N/A	N/A	N/A	N/A	d__Bacteria;p__Pseudomonadota;c__Gammaproteobacteria;o__Enterobacterales;f__Alteromonadaceae;g__Psychrosphaera;s__	taxonomic classification fully defined by topology	classification based on placement in class-level tree	N/A	97.93	11	0.9725	N/A
SRR22878283_binette_bin120.fasta	Unclassified Bacteria	N/A	N/A	N/A	N/A	N/A	N/A	N/A	N/A	N/A	N/A	N/A	N/A	N/A	N/A	N/A	N/A	N/A	Insufficient number of amino acids in MSA (1.9%)
SRR22878283_binette_bin121.fasta	Unclassified	N/A	N/A	N/A	N/A	N/A	N/A	N/A	N/A	N/A	N/A	N/A	N/A	N/A	N/A	N/A	N/A	N/A	No bacterial or archaeal marker
SRR22878283_binette_bin122.fasta	Unclassified Bacteria	N/A	N/A	N/A	N/A	N/A	N/A	N/A	N/A	N/A	N/A	N/A	N/A	N/A	N/A	N/A	N/A	N/A	Insufficient number of amino acids in MSA (5.7%)
SRR22878283_binette_bin123.fasta	Unclassified Bacteria	N/A	N/A	N/A	N/A	N/A	N/A	N/A	N/A	N/A	N/A	N/A	N/A	N/A	N/A	N/A	N/A	N/A	Insufficient number of amino acids in MSA (2.5%)
SRR22878283_binette_bin124.fasta	Unclassified Bacteria	N/A	N/A	N/A	N/A	N/A	N/A	N/A	N/A	N/A	N/A	N/A	N/A	N/A	N/A	N/A	N/A	N/A	Insufficient number of amino acids in MSA (1.6%)
SRR22878283_binette_bin125.fasta	Unclassified Bacteria	N/A	N/A	N/A	N/A	N/A	N/A	N/A	N/A	N/A	N/A	N/A	N/A	N/A	N/A	N/A	N/A	N/A	Insufficient number of amino acids in MSA (7.3%)
SRR22878283_binette_bin126.fasta	Unclassified Bacteria	N/A	N/A	N/A	N/A	N/A	N/A	N/A	N/A	N/A	N/A	N/A	N/A	N/A	N/A	N/A	N/A	N/A	Insufficient number of amino acids in MSA (4.6%)
SRR22878283_binette_bin127.fasta	Unclassified Bacteria	N/A	N/A	N/A	N/A	N/A	N/A	N/A	N/A	N/A	N/A	N/A	N/A	N/A	N/A	N/A	N/A	N/A	Insufficient number of amino acids in MSA (3.8%)
SRR22878283_binette_bin128.fasta	Unclassified Bacteria	N/A	N/A	N/A	N/A	N/A	N/A	N/A	N/A	N/A	N/A	N/A	N/A	N/A	N/A	N/A	N/A	N/A	Insufficient number of amino acids in MSA (7.3%)
SRR22878283_binette_bin129.fasta	Unclassified	N/A	N/A	N/A	N/A	N/A	N/A	N/A	N/A	N/A	N/A	N/A	N/A	N/A	N/A	N/A	N/A	N/A	No bacterial or archaeal marker
SRR22878283_binette_bin13.fasta	d__Bacteria;p__Pseudomonadota;c__Gammaproteobacteria;o__Granulosicoccales;f__Granulosicoccaceae;g__GCA-1730015;s__	N/A	N/A	N/A	N/A	N/A	N/A	N/A	N/A	N/A	N/A	d__Bacteria;p__Pseudomonadota;c__Gammaproteobacteria;o__Granulosicoccales;f__Granulosicoccaceae;g__GCA-1730015;s__	taxonomic classification fully defined by topology	classification based on placement in class-level tree	N/A	80.02	11	0.97416	N/A
SRR22878283_binette_bin131.fasta	Unclassified Bacteria	N/A	N/A	N/A	N/A	N/A	N/A	N/A	N/A	N/A	N/A	N/A	N/A	N/A	N/A	N/A	N/A	N/A	Insufficient number of amino acids in MSA (1.7%)
SRR22878283_binette_bin132.fasta	Unclassified Bacteria	N/A	N/A	N/A	N/A	N/A	N/A	N/A	N/A	N/A	N/A	N/A	N/A	N/A	N/A	N/A	N/A	N/A	Insufficient number of amino acids in MSA (1.7%)
SRR22878283_binette_bin133.fasta	d__Bacteria;p__Pseudomonadota;c__Alphaproteobacteria;o__Caulobacterales;f__Maricaulaceae;g__Hellea;s__	N/A	N/A	N/A	N/A	N/A	N/A	N/A	N/A	N/A	N/A	d__Bacteria;p__Pseudomonadota;c__Alphaproteobacteria;o__Caulobacterales;f__Maricaulaceae;g__Hellea;s__	taxonomic classification fully defined by topology	classification based on placement in class-level tree	N/A	12.15	11	0.97414	N/A
SRR22878283_binette_bin134.fasta	Unclassified	N/A	N/A	N/A	N/A	N/A	N/A	N/A	N/A	N/A	N/A	N/A	N/A	N/A	N/A	N/A	N/A	N/A	No bacterial or archaeal marker
SRR22878283_binette_bin135.fasta	Unclassified	N/A	N/A	N/A	N/A	N/A	N/A	N/A	N/A	N/A	N/A	N/A	N/A	N/A	N/A	N/A	N/A	N/A	No bacterial or archaeal marker
SRR22878283_binette_bin136.fasta	Unclassified Bacteria	N/A	N/A	N/A	N/A	N/A	N/A	N/A	N/A	N/A	N/A	N/A	N/A	N/A	N/A	N/A	N/A	N/A	Insufficient number of amino acids in MSA (5.6%)
SRR22878283_binette_bin137.fasta	Unclassified Bacteria	N/A	N/A	N/A	N/A	N/A	N/A	N/A	N/A	N/A	N/A	N/A	N/A	N/A	N/A	N/A	N/A	N/A	Insufficient number of amino acids in MSA (2.3%)
SRR22878283_binette_bin138.fasta	Unclassified Bacteria	N/A	N/A	N/A	N/A	N/A	N/A	N/A	N/A	N/A	N/A	N/A	N/A	N/A	N/A	N/A	N/A	N/A	Insufficient number of amino acids in MSA (4.2%)
SRR22878283_binette_bin139.fasta	Unclassified Bacteria	N/A	N/A	N/A	N/A	N/A	N/A	N/A	N/A	N/A	N/A	N/A	N/A	N/A	N/A	N/A	N/A	N/A	Insufficient number of amino acids in MSA (9.2%)
SRR22878283_binette_bin14.fasta	d__Bacteria;p__Pseudomonadota;c__Alphaproteobacteria;o__Caulobacterales;f__Hyphomonadaceae;g__CALLCD01;s__	N/A	N/A	N/A	N/A	N/A	N/A	N/A	N/A	N/A	N/A	d__Bacteria;p__Pseudomonadota;c__Alphaproteobacteria;o__Caulobacterales;f__Hyphomonadaceae;g__CALLCD01;s__	taxonomic classification fully defined by topology	classification based on placement in class-level tree	N/A	83.48	11	0.95395	N/A
SRR22878283_binette_bin140.fasta	Unclassified Bacteria	N/A	N/A	N/A	N/A	N/A	N/A	N/A	N/A	N/A	N/A	N/A	N/A	N/A	N/A	N/A	N/A	N/A	Insufficient number of amino acids in MSA (0.7%)
SRR22878283_binette_bin141.fasta	Unclassified	N/A	N/A	N/A	N/A	N/A	N/A	N/A	N/A	N/A	N/A	N/A	N/A	N/A	N/A	N/A	N/A	N/A	No bacterial or archaeal marker
SRR22878283_binette_bin142.fasta	Unclassified Bacteria	N/A	N/A	N/A	N/A	N/A	N/A	N/A	N/A	N/A	N/A	N/A	N/A	N/A	N/A	N/A	N/A	N/A	Insufficient number of amino acids in MSA (0.4%)
SRR22878283_binette_bin143.fasta	Unclassified	N/A	N/A	N/A	N/A	N/A	N/A	N/A	N/A	N/A	N/A	N/A	N/A	N/A	N/A	N/A	N/A	N/A	No bacterial or archaeal marker
SRR22878283_binette_bin144.fasta	Unclassified	N/A	N/A	N/A	N/A	N/A	N/A	N/A	N/A	N/A	N/A	N/A	N/A	N/A	N/A	N/A	N/A	N/A	No bacterial or archaeal marker
SRR22878283_binette_bin145.fasta	Unclassified Bacteria	N/A	N/A	N/A	N/A	N/A	N/A	N/A	N/A	N/A	N/A	N/A	N/A	N/A	N/A	N/A	N/A	N/A	Insufficient number of amino acids in MSA (2.6%)
SRR22878283_binette_bin146.fasta	Unclassified Bacteria	N/A	N/A	N/A	N/A	N/A	N/A	N/A	N/A	N/A	N/A	N/A	N/A	N/A	N/A	N/A	N/A	N/A	Insufficient number of amino acids in MSA (3.1%)
SRR22878283_binette_bin147.fasta	Unclassified Bacteria	N/A	N/A	N/A	N/A	N/A	N/A	N/A	N/A	N/A	N/A	N/A	N/A	N/A	N/A	N/A	N/A	N/A	Insufficient number of amino acids in MSA (3.6%)
SRR22878283_binette_bin148.fasta	Unclassified Bacteria	N/A	N/A	N/A	N/A	N/A	N/A	N/A	N/A	N/A	N/A	N/A	N/A	N/A	N/A	N/A	N/A	N/A	Insufficient number of amino acids in MSA (3.4%)
SRR22878283_binette_bin149.fasta	Unclassified Bacteria	N/A	N/A	N/A	N/A	N/A	N/A	N/A	N/A	N/A	N/A	N/A	N/A	N/A	N/A	N/A	N/A	N/A	Insufficient number of amino acids in MSA (5.7%)
SRR22878283_binette_bin15.fasta	d__Bacteria;p__Pseudomonadota;c__Alphaproteobacteria;o__Sphingomonadales;f__Sphingomonadaceae;g__Sphingorhabdus_B;s__	N/A	N/A	N/A	N/A	N/A	GCA_947492905.1	95.0	d__Bacteria;p__Pseudomonadota;c__Alphaproteobacteria;o__Sphingomonadales;f__Sphingomonadaceae;g__Sphingorhabdus_B;s__Sphingorhabdus_B sp947492905	89.9	0.639	d__Bacteria;p__Pseudomonadota;c__Alphaproteobacteria;o__Sphingomonadales;f__Sphingomonadaceae;g__Sphingorhabdus_B;s__	taxonomic classification defined by topology and ANI	classification based on placement in class-level tree	GCA_938050045.1, s__Sphingorhabdus_B sp938050045, 95.0, 81.89, 0.194	94.28	11	0.99587	N/A
SRR22878283_binette_bin150.fasta	Unclassified Bacteria	N/A	N/A	N/A	N/A	N/A	N/A	N/A	N/A	N/A	N/A	N/A	N/A	N/A	N/A	N/A	N/A	N/A	Insufficient number of amino acids in MSA (1.1%)
SRR22878283_binette_bin151.fasta	Unclassified Bacteria	N/A	N/A	N/A	N/A	N/A	N/A	N/A	N/A	N/A	N/A	N/A	N/A	N/A	N/A	N/A	N/A	N/A	Insufficient number of amino acids in MSA (2.4%)
SRR22878283_binette_bin152.fasta	Unclassified Bacteria	N/A	N/A	N/A	N/A	N/A	N/A	N/A	N/A	N/A	N/A	N/A	N/A	N/A	N/A	N/A	N/A	N/A	Insufficient number of amino acids in MSA (2.7%)
SRR22878283_binette_bin153.fasta	Unclassified Bacteria	N/A	N/A	N/A	N/A	N/A	N/A	N/A	N/A	N/A	N/A	N/A	N/A	N/A	N/A	N/A	N/A	N/A	Insufficient number of amino acids in MSA (0.7%)
SRR22878283_binette_bin154.fasta	Unclassified Bacteria	N/A	N/A	N/A	N/A	N/A	N/A	N/A	N/A	N/A	N/A	N/A	N/A	N/A	N/A	N/A	N/A	N/A	Insufficient number of amino acids in MSA (2.5%)
SRR22878283_binette_bin155.fasta	Unclassified Bacteria	N/A	N/A	N/A	N/A	N/A	N/A	N/A	N/A	N/A	N/A	N/A	N/A	N/A	N/A	N/A	N/A	N/A	Insufficient number of amino acids in MSA (4.0%)
SRR22878283_binette_bin156.fasta	Unclassified Bacteria	N/A	N/A	N/A	N/A	N/A	N/A	N/A	N/A	N/A	N/A	N/A	N/A	N/A	N/A	N/A	N/A	N/A	Insufficient number of amino acids in MSA (3.3%)
SRR22878283_binette_bin157.fasta	Unclassified Bacteria	N/A	N/A	N/A	N/A	N/A	N/A	N/A	N/A	N/A	N/A	N/A	N/A	N/A	N/A	N/A	N/A	N/A	Insufficient number of amino acids in MSA (0.6%)
SRR22878283_binette_bin158.fasta	Unclassified	N/A	N/A	N/A	N/A	N/A	N/A	N/A	N/A	N/A	N/A	N/A	N/A	N/A	N/A	N/A	N/A	N/A	No bacterial or archaeal marker
SRR22878283_binette_bin16.fasta	d__Bacteria;p__Pseudomonadota;c__Alphaproteobacteria;o__Geminicoccales;f__Geminicoccaceae;g__;s__	N/A	N/A	N/A	N/A	N/A	N/A	N/A	N/A	N/A	N/A	d__Bacteria;p__Pseudomonadota;c__Alphaproteobacteria;o__Geminicoccales;f__Geminicoccaceae;g__;s__	taxonomic novelty determined using RED	classification based on placement in class-level tree	N/A	58.88	11	0.81262	N/A
SRR22878283_binette_bin17.fasta	d__Bacteria;p__Pseudomonadota;c__Alphaproteobacteria;o__Rhizobiales;f__Rhizobiaceae;g__JAALLB01;s__	N/A	N/A	N/A	N/A	N/A	GCA_937944165.1	95.0	d__Bacteria;p__Pseudomonadota;c__Alphaproteobacteria;o__Rhizobiales;f__Rhizobiaceae;g__JAALLB01;s__JAALLB01 sp937944165	87.6	0.449	d__Bacteria;p__Pseudomonadota;c__Alphaproteobacteria;o__Rhizobiales;f__Rhizobiaceae;g__JAALLB01;s__	taxonomic classification defined by topology and ANI	classification based on placement in class-level tree	N/A	75.22	11	0.98866	N/A
SRR22878283_binette_bin19.fasta	d__Bacteria;p__Bacteroidota;c__Bacteroidia;o__Flavobacteriales;f__Flavobacteriaceae;g__Postechiella;s__	N/A	N/A	N/A	N/A	N/A	GCF_039538365.1	95.0	d__Bacteria;p__Bacteroidota;c__Bacteroidia;o__Flavobacteriales;f__Flavobacteriaceae;g__Postechiella;s__Postechiella marina	90.94	0.76	d__Bacteria;p__Bacteroidota;c__Bacteroidia;o__Flavobacteriales;f__Flavobacteriaceae;g__Postechiella;s__	taxonomic classification defined by topology and ANI	classification based on placement in class-level tree	N/A	85.23	11	0.99531	Genome not assigned to closest species as it falls outside its pre-defined ANI radius
SRR22878283_binette_bin191.fasta	Unclassified Bacteria	N/A	N/A	N/A	N/A	N/A	N/A	N/A	N/A	N/A	N/A	N/A	N/A	N/A	N/A	N/A	N/A	N/A	Insufficient number of amino acids in MSA (0.8%)
SRR22878283_binette_bin193.fasta	Unclassified	N/A	N/A	N/A	N/A	N/A	N/A	N/A	N/A	N/A	N/A	N/A	N/A	N/A	N/A	N/A	N/A	N/A	No bacterial or archaeal marker
SRR22878283_binette_bin195.fasta	Unclassified	N/A	N/A	N/A	N/A	N/A	N/A	N/A	N/A	N/A	N/A	N/A	N/A	N/A	N/A	N/A	N/A	N/A	No bacterial or archaeal marker
SRR22878283_binette_bin2.fasta	d__Bacteria;p__Pseudomonadota;c__Alphaproteobacteria;o__Caulobacterales;f__Maricaulaceae;g__CALFVT01;s__	N/A	N/A	N/A	N/A	N/A	N/A	N/A	N/A	N/A	N/A	d__Bacteria;p__Pseudomonadota;c__Alphaproteobacteria;o__Caulobacterales;f__Maricaulaceae;g__CALFVT01;s__	taxonomic classification fully defined by topology	classification based on placement in class-level tree	N/A	82.35	11	0.98277	N/A
SRR22878283_binette_bin200.fasta	Unclassified Bacteria	N/A	N/A	N/A	N/A	N/A	N/A	N/A	N/A	N/A	N/A	N/A	N/A	N/A	N/A	N/A	N/A	N/A	Insufficient number of amino acids in MSA (3.2%)
SRR22878283_binette_bin201.fasta	Unclassified Bacteria	N/A	N/A	N/A	N/A	N/A	N/A	N/A	N/A	N/A	N/A	N/A	N/A	N/A	N/A	N/A	N/A	N/A	Insufficient number of amino acids in MSA (2.2%)
SRR22878283_binette_bin202.fasta	Unclassified Bacteria	N/A	N/A	N/A	N/A	N/A	N/A	N/A	N/A	N/A	N/A	N/A	N/A	N/A	N/A	N/A	N/A	N/A	Insufficient number of amino acids in MSA (1.3%)
SRR22878283_binette_bin203.fasta	Unclassified Bacteria	N/A	N/A	N/A	N/A	N/A	N/A	N/A	N/A	N/A	N/A	N/A	N/A	N/A	N/A	N/A	N/A	N/A	Insufficient number of amino acids in MSA (2.5%)
SRR22878283_binette_bin204.fasta	Unclassified Bacteria	N/A	N/A	N/A	N/A	N/A	N/A	N/A	N/A	N/A	N/A	N/A	N/A	N/A	N/A	N/A	N/A	N/A	Insufficient number of amino acids in MSA (1.9%)
SRR22878283_binette_bin205.fasta	Unclassified	N/A	N/A	N/A	N/A	N/A	N/A	N/A	N/A	N/A	N/A	N/A	N/A	N/A	N/A	N/A	N/A	N/A	No bacterial or archaeal marker
SRR22878283_binette_bin206.fasta	Unclassified Bacteria	N/A	N/A	N/A	N/A	N/A	N/A	N/A	N/A	N/A	N/A	N/A	N/A	N/A	N/A	N/A	N/A	N/A	Insufficient number of amino acids in MSA (4.6%)
SRR22878283_binette_bin207.fasta	Unclassified	N/A	N/A	N/A	N/A	N/A	N/A	N/A	N/A	N/A	N/A	N/A	N/A	N/A	N/A	N/A	N/A	N/A	No bacterial or archaeal marker
SRR22878283_binette_bin208.fasta	Unclassified	N/A	N/A	N/A	N/A	N/A	N/A	N/A	N/A	N/A	N/A	N/A	N/A	N/A	N/A	N/A	N/A	N/A	No bacterial or archaeal marker
SRR22878283_binette_bin209.fasta	Unclassified	N/A	N/A	N/A	N/A	N/A	N/A	N/A	N/A	N/A	N/A	N/A	N/A	N/A	N/A	N/A	N/A	N/A	No bacterial or archaeal marker
SRR22878283_binette_bin21.fasta	d__Bacteria;p__Bacteroidota;c__Bacteroidia;o__Chitinophagales;f__Saprospiraceae;g__;s__	N/A	N/A	N/A	N/A	N/A	N/A	N/A	N/A	N/A	N/A	d__Bacteria;p__Bacteroidota;c__Bacteroidia;o__Chitinophagales;f__Saprospiraceae;g__;s__	taxonomic novelty determined using RED	classification based on placement in class-level tree	N/A	83.62	11	0.8773	N/A
SRR22878283_binette_bin210.fasta	Unclassified	N/A	N/A	N/A	N/A	N/A	N/A	N/A	N/A	N/A	N/A	N/A	N/A	N/A	N/A	N/A	N/A	N/A	No bacterial or archaeal marker
SRR22878283_binette_bin211.fasta	Unclassified Bacteria	N/A	N/A	N/A	N/A	N/A	N/A	N/A	N/A	N/A	N/A	N/A	N/A	N/A	N/A	N/A	N/A	N/A	Insufficient number of amino acids in MSA (1.6%)
SRR22878283_binette_bin212.fasta	Unclassified Bacteria	N/A	N/A	N/A	N/A	N/A	N/A	N/A	N/A	N/A	N/A	N/A	N/A	N/A	N/A	N/A	N/A	N/A	Insufficient number of amino acids in MSA (6.6%)
SRR22878283_binette_bin213.fasta	Unclassified	N/A	N/A	N/A	N/A	N/A	N/A	N/A	N/A	N/A	N/A	N/A	N/A	N/A	N/A	N/A	N/A	N/A	No bacterial or archaeal marker
SRR22878283_binette_bin214.fasta	Unclassified	N/A	N/A	N/A	N/A	N/A	N/A	N/A	N/A	N/A	N/A	N/A	N/A	N/A	N/A	N/A	N/A	N/A	No bacterial or archaeal marker
SRR22878283_binette_bin216.fasta	Unclassified	N/A	N/A	N/A	N/A	N/A	N/A	N/A	N/A	N/A	N/A	N/A	N/A	N/A	N/A	N/A	N/A	N/A	No bacterial or archaeal marker
SRR22878283_binette_bin217.fasta	Unclassified	N/A	N/A	N/A	N/A	N/A	N/A	N/A	N/A	N/A	N/A	N/A	N/A	N/A	N/A	N/A	N/A	N/A	No bacterial or archaeal marker
SRR22878283_binette_bin218.fasta	Unclassified	N/A	N/A	N/A	N/A	N/A	N/A	N/A	N/A	N/A	N/A	N/A	N/A	N/A	N/A	N/A	N/A	N/A	No bacterial or archaeal marker
SRR22878283_binette_bin22.fasta	d__Bacteria;p__Pseudomonadota;c__Alphaproteobacteria;o__Sphingomonadales;f__Sphingomonadaceae;g__Erythrobacter;s__	N/A	N/A	N/A	N/A	N/A	N/A	N/A	N/A	N/A	N/A	d__Bacteria;p__Pseudomonadota;c__Alphaproteobacteria;o__Sphingomonadales;f__Sphingomonadaceae;g__Erythrobacter;s__	taxonomic classification fully defined by topology	classification based on placement in class-level tree	N/A	88.38	11	0.99159	N/A
SRR22878283_binette_bin220.fasta	Unclassified	N/A	N/A	N/A	N/A	N/A	N/A	N/A	N/A	N/A	N/A	N/A	N/A	N/A	N/A	N/A	N/A	N/A	No bacterial or archaeal marker
SRR22878283_binette_bin221.fasta	Unclassified Bacteria	N/A	N/A	N/A	N/A	N/A	N/A	N/A	N/A	N/A	N/A	N/A	N/A	N/A	N/A	N/A	N/A	N/A	Insufficient number of amino acids in MSA (1.3%)
SRR22878283_binette_bin222.fasta	Unclassified	N/A	N/A	N/A	N/A	N/A	N/A	N/A	N/A	N/A	N/A	N/A	N/A	N/A	N/A	N/A	N/A	N/A	No bacterial or archaeal marker
SRR22878283_binette_bin225.fasta	Unclassified	N/A	N/A	N/A	N/A	N/A	N/A	N/A	N/A	N/A	N/A	N/A	N/A	N/A	N/A	N/A	N/A	N/A	No bacterial or archaeal marker
SRR22878283_binette_bin226.fasta	Unclassified	N/A	N/A	N/A	N/A	N/A	N/A	N/A	N/A	N/A	N/A	N/A	N/A	N/A	N/A	N/A	N/A	N/A	No bacterial or archaeal marker
SRR22878283_binette_bin228.fasta	Unclassified	N/A	N/A	N/A	N/A	N/A	N/A	N/A	N/A	N/A	N/A	N/A	N/A	N/A	N/A	N/A	N/A	N/A	No bacterial or archaeal marker
SRR22878283_binette_bin23.fasta	d__Bacteria;p__Bacteroidota;c__Bacteroidia;o__Flavobacteriales;f__Flavobacteriaceae;g__Wenyingzhuangia;s__	N/A	N/A	N/A	N/A	N/A	N/A	N/A	N/A	N/A	N/A	d__Bacteria;p__Bacteroidota;c__Bacteroidia;o__Flavobacteriales;f__Flavobacteriaceae;g__Wenyingzhuangia;s__	taxonomic classification fully defined by topology	classification based on placement in class-level tree	N/A	82.96	11	0.96793	N/A
SRR22878283_binette_bin231.fasta	Unclassified Bacteria	N/A	N/A	N/A	N/A	N/A	N/A	N/A	N/A	N/A	N/A	N/A	N/A	N/A	N/A	N/A	N/A	N/A	Insufficient number of amino acids in MSA (9.2%)
SRR22878283_binette_bin24.fasta	d__Bacteria;p__Bacteroidota;c__Bacteroidia;o__Flavobacteriales;f__Flavobacteriaceae;g__Aquimarina;s__	N/A	N/A	N/A	N/A	N/A	N/A	N/A	N/A	N/A	N/A	d__Bacteria;p__Bacteroidota;c__Bacteroidia;o__Flavobacteriales;f__Flavobacteriaceae;g__Aquimarina;s__	taxonomic classification fully defined by topology	classification based on placement in class-level tree	N/A	87.23	11	0.96926	N/A
SRR22878283_binette_bin25.fasta	d__Bacteria;p__Bacteroidota;c__Bacteroidia;o__Flavobacteriales;f__Flavobacteriaceae;g__Aquimarina;s__	N/A	N/A	N/A	N/A	N/A	N/A	N/A	N/A	N/A	N/A	d__Bacteria;p__Bacteroidota;c__Bacteroidia;o__Flavobacteriales;f__Flavobacteriaceae;g__Aquimarina;s__	taxonomic classification fully defined by topology	classification based on placement in class-level tree	N/A	73.57	11	0.91584	N/A
SRR22878283_binette_bin26.fasta	d__Bacteria;p__Bacteroidota;c__Bacteroidia;o__Flavobacteriales;f__Flavobacteriaceae;g__Aquimarina;s__	N/A	N/A	N/A	N/A	N/A	N/A	N/A	N/A	N/A	N/A	d__Bacteria;p__Bacteroidota;c__Bacteroidia;o__Flavobacteriales;f__Flavobacteriaceae;g__Aquimarina;s__	taxonomic classification fully defined by topology	classification based on placement in class-level tree	N/A	84.21	11	0.96901	N/A
SRR22878283_binette_bin27.fasta	d__Bacteria;p__Pseudomonadota;c__Gammaproteobacteria;o__Pseudomonadales;f__Cellvibrionaceae;g__Marinagarivorans;s__Marinagarivorans algicola	GCF_001292705.1	95.0	d__Bacteria;p__Pseudomonadota;c__Gammaproteobacteria;o__Pseudomonadales;f__Cellvibrionaceae;g__Marinagarivorans;s__Marinagarivorans algicola	99.16	0.888	GCF_001292705.1	95.0	d__Bacteria;p__Pseudomonadota;c__Gammaproteobacteria;o__Pseudomonadales;f__Cellvibrionaceae;g__Marinagarivorans;s__Marinagarivorans algicola	99.16	0.888	d__Bacteria;p__Pseudomonadota;c__Gammaproteobacteria;o__Pseudomonadales;f__Cellvibrionaceae;g__Marinagarivorans;s__	taxonomic classification defined by topology and ANI	topological placement and ANI have congruent species assignments	GCA_947494095.1, s__Marinagarivorans sp947494095, 95.0, 84.87, 0.255	71.6	11	N/A	N/A
SRR22878283_binette_bin28.fasta	d__Bacteria;p__Pseudomonadota;c__Gammaproteobacteria;o__Pseudomonadales;f__Azotimanducaceae;g__JALZVT01;s__	N/A	N/A	N/A	N/A	N/A	N/A	N/A	N/A	N/A	N/A	d__Bacteria;p__Pseudomonadota;c__Gammaproteobacteria;o__Pseudomonadales;f__Azotimanducaceae;g__JALZVT01;s__	taxonomic classification fully defined by topology	classification based on placement in class-level tree	N/A	74.32	11	0.95144	N/A
SRR22878283_binette_bin29.fasta	d__Bacteria;p__Pseudomonadota;c__Alphaproteobacteria;o__Caulobacterales;f__Maricaulaceae;g__Litorimonas;s__	N/A	N/A	N/A	N/A	N/A	N/A	N/A	N/A	N/A	N/A	d__Bacteria;p__Pseudomonadota;c__Alphaproteobacteria;o__Caulobacterales;f__Maricaulaceae;g__Litorimonas;s__	taxonomic classification fully defined by topology	classification based on placement in class-level tree	N/A	63.26	11	0.98603	N/A
SRR22878283_binette_bin3.fasta	d__Bacteria;p__Pseudomonadota;c__Alphaproteobacteria;o__Sphingomonadales;f__Sphingomonadaceae;g__Sphingorhabdus_B;s__	N/A	N/A	N/A	N/A	N/A	N/A	N/A	N/A	N/A	N/A	d__Bacteria;p__Pseudomonadota;c__Alphaproteobacteria;o__Sphingomonadales;f__Sphingomonadaceae;g__Sphingorhabdus_B;s__	taxonomic classification fully defined by topology	classification based on placement in class-level tree	N/A	90.75	11	0.99243	N/A
SRR22878283_binette_bin30.fasta	d__Bacteria;p__Bacteroidota;c__Bacteroidia;o__Flavobacteriales;f__Flavobacteriaceae;g__;s__	N/A	N/A	N/A	N/A	N/A	N/A	N/A	N/A	N/A	N/A	d__Bacteria;p__Bacteroidota;c__Bacteroidia;o__Flavobacteriales;f__Flavobacteriaceae;g__;s__	taxonomic novelty determined using RED	classification based on placement in class-level tree	N/A	88.58	11	0.87794	N/A
SRR22878283_binette_bin31.fasta	d__Bacteria;p__Bacteroidota;c__Bacteroidia;o__Flavobacteriales;f__Flavobacteriaceae;g__Wenyingzhuangia;s__	N/A	N/A	N/A	N/A	N/A	N/A	N/A	N/A	N/A	N/A	d__Bacteria;p__Bacteroidota;c__Bacteroidia;o__Flavobacteriales;f__Flavobacteriaceae;g__Wenyingzhuangia;s__	taxonomic classification fully defined by topology	classification based on placement in class-level tree	N/A	82.41	11	0.97549	N/A
SRR22878283_binette_bin32.fasta	d__Bacteria;p__Bacteroidota;c__Bacteroidia;o__Flavobacteriales;f__Flavobacteriaceae;g__Tenacibaculum;s__	N/A	N/A	N/A	N/A	N/A	N/A	N/A	N/A	N/A	N/A	d__Bacteria;p__Bacteroidota;c__Bacteroidia;o__Flavobacteriales;f__Flavobacteriaceae;g__Tenacibaculum;s__	taxonomic classification fully defined by topology	classification based on placement in class-level tree	N/A	91.56	11	0.978	N/A
SRR22878283_binette_bin35.fasta	d__Bacteria;p__Pseudomonadota;c__Gammaproteobacteria;o__Pseudomonadales;f__Cellvibrionaceae;g__Marinagarivorans;s__	N/A	N/A	N/A	N/A	N/A	N/A	N/A	N/A	N/A	N/A	d__Bacteria;p__Pseudomonadota;c__Gammaproteobacteria;o__Pseudomonadales;f__Cellvibrionaceae;g__Marinagarivorans;s__	taxonomic classification fully defined by topology	classification based on placement in class-level tree	N/A	78.46	11	0.95376	N/A
SRR22878283_binette_bin36.fasta	d__Bacteria;p__Bacteroidota;c__Bacteroidia;o__Flavobacteriales;f__Flavobacteriaceae;g__Croceitalea;s__Croceitalea vernalis	GCF_031846405.1	95.0	d__Bacteria;p__Bacteroidota;c__Bacteroidia;o__Flavobacteriales;f__Flavobacteriaceae;g__Croceitalea;s__Croceitalea vernalis	98.98	0.958	GCF_031846405.1	95.0	d__Bacteria;p__Bacteroidota;c__Bacteroidia;o__Flavobacteriales;f__Flavobacteriaceae;g__Croceitalea;s__Croceitalea vernalis	98.98	0.958	d__Bacteria;p__Bacteroidota;c__Bacteroidia;o__Flavobacteriales;f__Flavobacteriaceae;g__Croceitalea;s__	taxonomic classification defined by topology and ANI	topological placement and ANI have congruent species assignments	N/A	90.93	11	N/A	N/A
SRR22878283_binette_bin37.fasta	d__Bacteria;p__Chloroflexota;c__Anaerolineae;o__Promineifilales;f__Promineifilaceae;g__WTJY01;s__	N/A	N/A	N/A	N/A	N/A	GCA_020628815.1	95.0	d__Bacteria;p__Chloroflexota;c__Anaerolineae;o__Promineifilales;f__Promineifilaceae;g__WTJY01;s__WTJY01 sp020628815	85.58	0.169	d__Bacteria;p__Chloroflexota;c__Anaerolineae;o__Promineifilales;f__Promineifilaceae;g__WTJY01;s__	taxonomic classification defined by topology and ANI	classification based on placement in class-level tree	N/A	79.07	11	0.99332	N/A
SRR22878283_binette_bin4.fasta	d__Bacteria;p__Pseudomonadota;c__Alphaproteobacteria;o__Geminicoccales;f__Geminicoccaceae;g__;s__	N/A	N/A	N/A	N/A	N/A	N/A	N/A	N/A	N/A	N/A	d__Bacteria;p__Pseudomonadota;c__Alphaproteobacteria;o__Geminicoccales;f__Geminicoccaceae;g__;s__	taxonomic novelty determined using RED	classification based on placement in class-level tree	N/A	95.75	11	0.80851	N/A
SRR22878283_binette_bin40.fasta	d__Bacteria;p__Bdellovibrionota;c__Bacteriovoracia;o__Bacteriovoracales;f__Bacteriovoracaceae;g__;s__	N/A	N/A	N/A	N/A	N/A	N/A	N/A	N/A	N/A	N/A	d__Bacteria;p__Bdellovibrionota;c__Bacteriovoracia;o__Bacteriovoracales;f__Bacteriovoracaceae;g__;s__	taxonomic classification fully defined by topology	classification based on placement in class-level tree	N/A	79.57	11	0.77408	N/A
SRR22878283_binette_bin41.fasta	d__Bacteria;p__Pseudomonadota;c__Alphaproteobacteria;o__Rhodobacterales;f__Rhodobacteraceae;g__Aliishimia;s__	N/A	N/A	N/A	N/A	N/A	N/A	N/A	N/A	N/A	N/A	d__Bacteria;p__Pseudomonadota;c__Alphaproteobacteria;o__Rhodobacterales;f__Rhodobacteraceae;g__Aliishimia;s__	taxonomic classification fully defined by topology	classification based on placement in class-level tree	N/A	52.42	11	0.97692	N/A
SRR22878283_binette_bin43.fasta	d__Bacteria;p__Pseudomonadota;c__Alphaproteobacteria;o__Rhodobacterales;f__Rhodobacteraceae;g__Tateyamaria;s__	N/A	N/A	N/A	N/A	N/A	GCF_947488715.1	95.0	d__Bacteria;p__Pseudomonadota;c__Alphaproteobacteria;o__Rhodobacterales;f__Rhodobacteraceae;g__Tateyamaria;s__Tateyamaria sp947488715	89.18	0.295	d__Bacteria;p__Pseudomonadota;c__Alphaproteobacteria;o__Rhodobacterales;f__Rhodobacteraceae;g__Tateyamaria;s__	taxonomic classification defined by topology and ANI	classification based on placement in class-level tree	GCF_947487805.1, s__Tateyamaria sp947487805, 95.0, 88.09, 0.155	53.0	11	0.98215	N/A
SRR22878283_binette_bin45.fasta	d__Bacteria;p__Bacteroidota;c__Bacteroidia;o__Chitinophagales;f__Saprospiraceae;g__GYS-P2D;s__	N/A	N/A	N/A	N/A	N/A	N/A	N/A	N/A	N/A	N/A	d__Bacteria;p__Bacteroidota;c__Bacteroidia;o__Chitinophagales;f__Saprospiraceae;g__GYS-P2D;s__	taxonomic classification fully defined by topology	classification based on placement in class-level tree	N/A	72.36	11	0.9781	N/A
SRR22878283_binette_bin46.fasta	d__Bacteria;p__Bacteroidota;c__Bacteroidia;o__Flavobacteriales;f__Flavobacteriaceae;g__Ochrovirga;s__	N/A	N/A	N/A	N/A	N/A	N/A	N/A	N/A	N/A	N/A	d__Bacteria;p__Bacteroidota;c__Bacteroidia;o__Flavobacteriales;f__Flavobacteriaceae;g__Ochrovirga;s__	taxonomic novelty determined using RED	classification based on placement in class-level tree	N/A	74.54	11	0.95541	Genome has more than 11.7% of markers with multiple hits
SRR22878283_binette_bin48.fasta	d__Bacteria;p__Patescibacteriota;c__Gracilibacteria;o__UBA4473;f__UBA4473;g__JAHDBZ01;s__	N/A	N/A	N/A	N/A	N/A	N/A	N/A	N/A	N/A	N/A	d__Bacteria;p__Patescibacteriota;c__Gracilibacteria;o__UBA4473;f__UBA4473;g__JAHDBZ01;s__	taxonomic novelty determined using RED	classification based on placement in class-level tree	N/A	43.47	11	0.93909	N/A
SRR22878283_binette_bin49.fasta	d__Bacteria;p__Pseudomonadota;c__Gammaproteobacteria;o__Enterobacterales;f__Alteromonadaceae;g__JALZUE01;s__	N/A	N/A	N/A	N/A	N/A	N/A	N/A	N/A	N/A	N/A	d__Bacteria;p__Pseudomonadota;c__Gammaproteobacteria;o__Enterobacterales;f__Alteromonadaceae;g__JALZUE01;s__	taxonomic novelty determined using RED	classification based on placement in class-level tree	N/A	43.19	11	0.94459	N/A
SRR22878283_binette_bin5.fasta	d__Bacteria;p__Pseudomonadota;c__Gammaproteobacteria;o__Pseudomonadales;f__Cellvibrionaceae;g__CANLBN01;s__	N/A	N/A	N/A	N/A	N/A	N/A	N/A	N/A	N/A	N/A	d__Bacteria;p__Pseudomonadota;c__Gammaproteobacteria;o__Pseudomonadales;f__Cellvibrionaceae;g__CANLBN01;s__	taxonomic classification fully defined by topology	classification based on placement in class-level tree	N/A	97.02	11	0.99015	N/A
SRR22878283_binette_bin50.fasta	d__Bacteria;p__Planctomycetota;c__;o__;f__;g__;s__	N/A	N/A	N/A	N/A	N/A	N/A	N/A	N/A	N/A	N/A	d__Bacteria;p__Planctomycetota;c__;o__;f__;g__;s__	taxonomic novelty determined using RED	classification based on placement in backbone tree	N/A	37.01	4	0.34571	Genome domain questionable ( 40.8% Bacterial, 34.0% Archaeal)
SRR22878283_binette_bin51.fasta	d__Bacteria;p__Pseudomonadota;c__Gammaproteobacteria;o__Arenicellales;f__Arenicellaceae;g__Arenicella;s__	N/A	N/A	N/A	N/A	N/A	N/A	N/A	N/A	N/A	N/A	d__Bacteria;p__Pseudomonadota;c__Gammaproteobacteria;o__Arenicellales;f__Arenicellaceae;g__Arenicella;s__	taxonomic classification fully defined by topology	classification based on placement in class-level tree	N/A	52.76	11	0.98655	N/A
SRR22878283_binette_bin52.fasta	d__Bacteria;p__Pseudomonadota;c__Alphaproteobacteria;o__Caulobacterales;f__Hyphomonadaceae;g__CALLCD01;s__	N/A	N/A	N/A	N/A	N/A	N/A	N/A	N/A	N/A	N/A	d__Bacteria;p__Pseudomonadota;c__Alphaproteobacteria;o__Caulobacterales;f__Hyphomonadaceae;g__CALLCD01;s__	taxonomic classification fully defined by topology	classification based on placement in class-level tree	N/A	47.9	11	0.98056	Genome has more than 10.8% of markers with multiple hits
SRR22878283_binette_bin54.fasta	d__Bacteria;p__Bacteroidota;c__Bacteroidia;o__Flavobacteriales;f__Flavobacteriaceae;g__Tenacibaculum;s__	N/A	N/A	N/A	N/A	N/A	N/A	N/A	N/A	N/A	N/A	d__Bacteria;p__Bacteroidota;c__Bacteroidia;o__Flavobacteriales;f__Flavobacteriaceae;g__Tenacibaculum;s__	taxonomic classification defined by topology and ANI	classification based on placement in class-level tree	GCA_937922085.1, s__Tenacibaculum sp937922085, 95.0, 96.03, 0.586; GCA_938041625.1, s__Tenacibaculum sp938041625, 95.0, 94.82, 0.565; GCA_947498055.1, s__Tenacibaculum sp947498055, 95.0, 87.48, 0.232	56.71	11	0.99401	N/A
SRR22878283_binette_bin56.fasta	d__Bacteria;p__Pseudomonadota;c__Alphaproteobacteria;o__Sphingomonadales;f__Sphingomonadaceae;g__Erythrobacter;s__	N/A	N/A	N/A	N/A	N/A	N/A	N/A	N/A	N/A	N/A	d__Bacteria;p__Pseudomonadota;c__Alphaproteobacteria;o__Sphingomonadales;f__Sphingomonadaceae;g__Erythrobacter;s__	taxonomic classification fully defined by topology	classification based on placement in class-level tree	N/A	36.4	11	0.99177	N/A
SRR22878283_binette_bin57.fasta	d__Bacteria;p__Pseudomonadota;c__Alphaproteobacteria;o__Caulobacterales;f__Maricaulaceae;g__Litorimonas;s__	N/A	N/A	N/A	N/A	N/A	N/A	N/A	N/A	N/A	N/A	d__Bacteria;p__Pseudomonadota;c__Alphaproteobacteria;o__Caulobacterales;f__Maricaulaceae;g__Litorimonas;s__	taxonomic classification fully defined by topology	classification based on placement in class-level tree	N/A	42.79	11	0.99362	N/A
SRR22878283_binette_bin58.fasta	d__Bacteria;p__Pseudomonadota;c__Alphaproteobacteria;o__Sphingomonadales;f__Sphingomonadaceae;g__Erythrobacter;s__	N/A	N/A	N/A	N/A	N/A	N/A	N/A	N/A	N/A	N/A	d__Bacteria;p__Pseudomonadota;c__Alphaproteobacteria;o__Sphingomonadales;f__Sphingomonadaceae;g__Erythrobacter;s__	taxonomic classification fully defined by topology	classification based on placement in class-level tree	N/A	34.71	11	0.99158	N/A
SRR22878283_binette_bin59.fasta	Unclassified	N/A	N/A	N/A	N/A	N/A	N/A	N/A	N/A	N/A	N/A	N/A	N/A	N/A	N/A	N/A	N/A	N/A	No bacterial or archaeal marker
SRR22878283_binette_bin6.fasta	d__Bacteria;p__Pseudomonadota;c__Gammaproteobacteria;o__Granulosicoccales;f__Granulosicoccaceae;g__Granulosicoccus;s__	N/A	N/A	N/A	N/A	N/A	N/A	N/A	N/A	N/A	N/A	d__Bacteria;p__Pseudomonadota;c__Gammaproteobacteria;o__Granulosicoccales;f__Granulosicoccaceae;g__Granulosicoccus;s__	taxonomic classification fully defined by topology	classification based on placement in class-level tree	N/A	98.57	11	0.99106	N/A
SRR22878283_binette_bin60.fasta	d__Bacteria;p__Cyanobacteriota;c__Cyanobacteriia;o__Gloeomargaritales;f__;g__;s__	N/A	N/A	N/A	N/A	N/A	N/A	N/A	N/A	N/A	N/A	d__Bacteria;p__Cyanobacteriota;c__Cyanobacteriia;o__Gloeomargaritales;f__;g__;s__	taxonomic novelty determined using RED	classification based on placement in class-level tree	N/A	29.09	11	0.72164	N/A
SRR22878283_binette_bin61.fasta	d__Bacteria;p__Cyanobacteriota;c__Cyanobacteriia;o__Gloeomargaritales;f__;g__;s__	N/A	N/A	N/A	N/A	N/A	N/A	N/A	N/A	N/A	N/A	d__Bacteria;p__Cyanobacteriota;c__Cyanobacteriia;o__Gloeomargaritales;f__;g__;s__	taxonomic novelty determined using RED	classification based on placement in class-level tree	N/A	28.95	11	0.72034	N/A
SRR22878283_binette_bin62.fasta	d__Bacteria;p__Pseudomonadota;c__Alphaproteobacteria;o__Caulobacterales;f__Hyphomonadaceae;g__CALLCD01;s__	N/A	N/A	N/A	N/A	N/A	N/A	N/A	N/A	N/A	N/A	d__Bacteria;p__Pseudomonadota;c__Alphaproteobacteria;o__Caulobacterales;f__Hyphomonadaceae;g__CALLCD01;s__	taxonomic classification fully defined by topology	classification based on placement in class-level tree	N/A	39.04	11	0.98182	N/A
SRR22878283_binette_bin63.fasta	d__Bacteria;p__Actinomycetota;c__Acidimicrobiia;o__Acidimicrobiales;f__SHLQ01;g__SHLQ01;s__	N/A	N/A	N/A	N/A	N/A	N/A	N/A	N/A	N/A	N/A	d__Bacteria;p__Actinomycetota;c__Acidimicrobiia;o__Acidimicrobiales;f__SHLQ01;g__SHLQ01;s__	taxonomic classification fully defined by topology	classification based on placement in class-level tree	N/A	35.29	11	0.97789	Genome has more than 15.8% of markers with multiple hits
SRR22878283_binette_bin65.fasta	d__Bacteria;p__Pseudomonadota;c__Gammaproteobacteria;o__Enterobacterales;f__Alteromonadaceae;g__Alteromonas;s__	N/A	N/A	N/A	N/A	N/A	N/A	N/A	N/A	N/A	N/A	d__Bacteria;p__Pseudomonadota;c__Gammaproteobacteria;o__Enterobacterales;f__Alteromonadaceae;g__Alteromonas;s__	taxonomic classification fully defined by topology	classification based on placement in class-level tree	N/A	26.49	11	0.98504	N/A
SRR22878283_binette_bin66.fasta	d__Bacteria;p__Pseudomonadota;c__Alphaproteobacteria;o__Rhodobacterales;f__Rhodobacteraceae;g__Yoonia;s__	N/A	N/A	N/A	N/A	N/A	N/A	N/A	N/A	N/A	N/A	d__Bacteria;p__Pseudomonadota;c__Alphaproteobacteria;o__Rhodobacterales;f__Rhodobacteraceae;g__Yoonia;s__	taxonomic classification fully defined by topology	classification based on placement in class-level tree	N/A	18.92	11	0.96211	N/A
SRR22878283_binette_bin67.fasta	d__Bacteria;p__Bacteroidota;c__Bacteroidia;o__Flavobacteriales;f__Flavobacteriaceae;g__Postechiella;s__	N/A	N/A	N/A	N/A	N/A	N/A	N/A	N/A	N/A	N/A	d__Bacteria;p__Bacteroidota;c__Bacteroidia;o__Flavobacteriales;f__Flavobacteriaceae;g__Postechiella;s__	taxonomic classification fully defined by topology	classification based on placement in class-level tree	N/A	27.76	11	0.99271	N/A
SRR22878283_binette_bin68.fasta	d__Bacteria;p__Bacteroidota;c__Bacteroidia;o__Chitinophagales;f__Saprospiraceae;g__JAFMDF01;s__	N/A	N/A	N/A	N/A	N/A	N/A	N/A	N/A	N/A	N/A	d__Bacteria;p__Bacteroidota;c__Bacteroidia;o__Chitinophagales;f__Saprospiraceae;g__JAFMDF01;s__	taxonomic classification fully defined by topology	classification based on placement in class-level tree	N/A	33.42	11	0.95342	N/A
SRR22878283_binette_bin69.fasta	d__Bacteria;p__Planctomycetota;c__Planctomycetia;o__Pirellulales;f__Pirellulaceae;g__;s__	N/A	N/A	N/A	N/A	N/A	N/A	N/A	N/A	N/A	N/A	d__Bacteria;p__Planctomycetota;c__Planctomycetia;o__Pirellulales;f__Pirellulaceae;g__;s__	taxonomic novelty determined using RED	classification based on placement in class-level tree	N/A	17.89	11	0.86607	N/A
SRR22878283_binette_bin7.fasta	d__Bacteria;p__Pseudomonadota;c__Alphaproteobacteria;o__Caulobacterales;f__Maricaulaceae;g__Fretibacter;s__	N/A	N/A	N/A	N/A	N/A	N/A	N/A	N/A	N/A	N/A	d__Bacteria;p__Pseudomonadota;c__Alphaproteobacteria;o__Caulobacterales;f__Maricaulaceae;g__Fretibacter;s__	taxonomic classification fully defined by topology	classification based on placement in class-level tree	N/A	72.02	11	0.96777	N/A
SRR22878283_binette_bin70.fasta	d__Bacteria;p__Pseudomonadota;c__Alphaproteobacteria;o__Rhizobiales;f__Rhizobiaceae;g__JAALLB01;s__	N/A	N/A	N/A	N/A	N/A	N/A	N/A	N/A	N/A	N/A	d__Bacteria;p__Pseudomonadota;c__Alphaproteobacteria;o__Rhizobiales;f__Rhizobiaceae;g__JAALLB01;s__	taxonomic classification fully defined by topology	classification based on placement in class-level tree	N/A	18.86	11	0.98929	N/A
SRR22878283_binette_bin71.fasta	d__Bacteria;p__Pseudomonadota;c__Gammaproteobacteria;o__Granulosicoccales;f__Granulosicoccaceae;g__GCA-1730015;s__	N/A	N/A	N/A	N/A	N/A	N/A	N/A	N/A	N/A	N/A	d__Bacteria;p__Pseudomonadota;c__Gammaproteobacteria;o__Granulosicoccales;f__Granulosicoccaceae;g__GCA-1730015;s__	taxonomic classification fully defined by topology	classification based on placement in class-level tree	N/A	15.69	11	0.98678	N/A
SRR22878283_binette_bin72.fasta	d__Bacteria;p__Pseudomonadota;c__Gammaproteobacteria;o__Enterobacterales;f__Shewanellaceae;g__Shewanella;s__	N/A	N/A	N/A	N/A	N/A	N/A	N/A	N/A	N/A	N/A	d__Bacteria;p__Pseudomonadota;c__Gammaproteobacteria;o__Enterobacterales;f__Shewanellaceae;g__Shewanella;s__	taxonomic classification fully defined by topology	classification based on placement in class-level tree	N/A	16.26	11	0.95694	N/A
SRR22878283_binette_bin73.fasta	d__Bacteria;p__Pseudomonadota;c__Alphaproteobacteria;o__Caulobacterales;f__Maricaulaceae;g__Hellea;s__	N/A	N/A	N/A	N/A	N/A	N/A	N/A	N/A	N/A	N/A	d__Bacteria;p__Pseudomonadota;c__Alphaproteobacteria;o__Caulobacterales;f__Maricaulaceae;g__Hellea;s__	taxonomic classification fully defined by topology	classification based on placement in class-level tree	N/A	20.39	11	0.97632	N/A
SRR22878283_binette_bin74.fasta	d__Bacteria;p__Pseudomonadota;c__Alphaproteobacteria;o__Rhodobacterales;f__Rhodobacteraceae;g__Roseovarius;s__	N/A	N/A	N/A	N/A	N/A	N/A	N/A	N/A	N/A	N/A	d__Bacteria;p__Pseudomonadota;c__Alphaproteobacteria;o__Rhodobacterales;f__Rhodobacteraceae;g__Roseovarius;s__	taxonomic classification fully defined by topology	classification based on placement in class-level tree	N/A	24.48	11	0.92001	N/A
SRR22878283_binette_bin75.fasta	d__Bacteria;p__Patescibacteriota;c__Gracilibacteria;o__UBA4473;f__UBA4473;g__JAHDBZ01;s__	N/A	N/A	N/A	N/A	N/A	N/A	N/A	N/A	N/A	N/A	d__Bacteria;p__Patescibacteriota;c__Gracilibacteria;o__UBA4473;f__UBA4473;g__JAHDBZ01;s__	taxonomic novelty determined using RED	classification based on placement in class-level tree	N/A	18.98	11	0.94356	N/A
SRR22878283_binette_bin76.fasta	d__Bacteria;p__Bacteroidota;c__Bacteroidia;o__Chitinophagales;f__Saprospiraceae;g__CAJQQY01;s__	N/A	N/A	N/A	N/A	N/A	N/A	N/A	N/A	N/A	N/A	d__Bacteria;p__Bacteroidota;c__Bacteroidia;o__Chitinophagales;f__Saprospiraceae;g__CAJQQY01;s__	taxonomic classification fully defined by topology	classification based on placement in class-level tree	N/A	17.91	11	0.98091	N/A
SRR22878283_binette_bin77.fasta	d__Bacteria;p__Pseudomonadota;c__Alphaproteobacteria;o__UBA2136;f__UBA2136;g__;s__	N/A	N/A	N/A	N/A	N/A	N/A	N/A	N/A	N/A	N/A	d__Bacteria;p__Pseudomonadota;c__Alphaproteobacteria;o__UBA2136;f__UBA2136;g__;s__	taxonomic novelty determined using RED	classification based on placement in class-level tree	N/A	23.57	11	0.7372	N/A
SRR22878283_binette_bin78.fasta	d__Bacteria;p__Pseudomonadota;c__Gammaproteobacteria;o__Pseudomonadales;f__Azotimanducaceae;g__JALZVT01;s__	N/A	N/A	N/A	N/A	N/A	N/A	N/A	N/A	N/A	N/A	d__Bacteria;p__Pseudomonadota;c__Gammaproteobacteria;o__Pseudomonadales;f__Azotimanducaceae;g__JALZVT01;s__	taxonomic classification fully defined by topology	classification based on placement in class-level tree	N/A	14.36	11	0.95681	N/A
SRR22878283_binette_bin79.fasta	d__Bacteria;p__Pseudomonadota;c__Gammaproteobacteria;o__Arenicellales;f__Arenicellaceae;g__Arenicella;s__	N/A	N/A	N/A	N/A	N/A	N/A	N/A	N/A	N/A	N/A	d__Bacteria;p__Pseudomonadota;c__Gammaproteobacteria;o__Arenicellales;f__Arenicellaceae;g__Arenicella;s__	taxonomic classification fully defined by topology	classification based on placement in class-level tree	N/A	16.42	11	0.91819	N/A
SRR22878283_binette_bin8.fasta	d__Bacteria;p__Pseudomonadota;c__Alphaproteobacteria;o__Caulobacterales;f__Maricaulaceae;g__CALFVT01;s__	N/A	N/A	N/A	N/A	N/A	GCA_937928165.1	95.0	d__Bacteria;p__Pseudomonadota;c__Alphaproteobacteria;o__Caulobacterales;f__Maricaulaceae;g__CALFVT01;s__CALFVT01 sp937928165	85.37	0.221	d__Bacteria;p__Pseudomonadota;c__Alphaproteobacteria;o__Caulobacterales;f__Maricaulaceae;g__CALFVT01;s__	taxonomic classification defined by topology and ANI	classification based on placement in class-level tree	N/A	82.03	11	0.98701	N/A
SRR22878283_binette_bin80.fasta	d__Bacteria;p__Pseudomonadota;c__Gammaproteobacteria;o__Arenicellales;f__Arenicellaceae;g__Arenicella;s__	N/A	N/A	N/A	N/A	N/A	N/A	N/A	N/A	N/A	N/A	d__Bacteria;p__Pseudomonadota;c__Gammaproteobacteria;o__Arenicellales;f__Arenicellaceae;g__Arenicella;s__	taxonomic classification fully defined by topology	classification based on placement in class-level tree	N/A	10.39	11	0.98883	N/A
SRR22878283_binette_bin81.fasta	d__Bacteria;p__Bdellovibrionota;c__Bdellovibrionia;o__Bdellovibrionales;f__JAMLIO01;g__JALZUR01;s__	N/A	N/A	N/A	N/A	N/A	N/A	N/A	N/A	N/A	N/A	d__Bacteria;p__Bdellovibrionota;c__Bdellovibrionia;o__Bdellovibrionales;f__JAMLIO01;g__JALZUR01;s__	taxonomic classification fully defined by topology	classification based on placement in class-level tree	N/A	25.56	11	0.87807	N/A
SRR22878283_binette_bin82.fasta	d__Bacteria;p__Cyanobacteriota;c__Cyanobacteriia;o__;f__;g__;s__	N/A	N/A	N/A	N/A	N/A	N/A	N/A	N/A	N/A	N/A	d__Bacteria;p__Cyanobacteriota;c__Cyanobacteriia;o__;f__;g__;s__	taxonomic novelty determined using RED	classification based on placement in class-level tree	N/A	35.58	11	0.4282	N/A
SRR22878283_binette_bin85.fasta	Unclassified Bacteria	N/A	N/A	N/A	N/A	N/A	N/A	N/A	N/A	N/A	N/A	N/A	N/A	N/A	N/A	N/A	N/A	N/A	Insufficient number of amino acids in MSA (5.0%)
SRR22878283_binette_bin86.fasta	Unclassified Bacteria	N/A	N/A	N/A	N/A	N/A	N/A	N/A	N/A	N/A	N/A	N/A	N/A	N/A	N/A	N/A	N/A	N/A	Insufficient number of amino acids in MSA (7.6%)
SRR22878283_binette_bin87.fasta	d__Bacteria;p__Pseudomonadota;c__Alphaproteobacteria;o__Caulobacterales;f__Hyphomonadaceae;g__CALLCD01;s__	N/A	N/A	N/A	N/A	N/A	N/A	N/A	N/A	N/A	N/A	d__Bacteria;p__Pseudomonadota;c__Alphaproteobacteria;o__Caulobacterales;f__Hyphomonadaceae;g__CALLCD01;s__	taxonomic classification fully defined by topology	classification based on placement in class-level tree	N/A	11.7	11	0.99278	N/A
SRR22878283_binette_bin88.fasta	d__Bacteria;p__Pseudomonadota;c__Alphaproteobacteria;o__Rhodobacterales;f__Rhodobacteraceae;g__Yoonia;s__	N/A	N/A	N/A	N/A	N/A	N/A	N/A	N/A	N/A	N/A	d__Bacteria;p__Pseudomonadota;c__Alphaproteobacteria;o__Rhodobacterales;f__Rhodobacteraceae;g__Yoonia;s__	taxonomic classification fully defined by topology	classification based on placement in class-level tree	N/A	21.47	11	0.98729	N/A
SRR22878283_binette_bin89.fasta	Unclassified Bacteria	N/A	N/A	N/A	N/A	N/A	N/A	N/A	N/A	N/A	N/A	N/A	N/A	N/A	N/A	N/A	N/A	N/A	Insufficient number of amino acids in MSA (0.8%)
SRR22878283_binette_bin9.fasta	d__Bacteria;p__Bdellovibrionota;c__Bacteriovoracia;o__Bacteriovoracales;f__Bacteriovoracaceae;g__CAKZJW01;s__	N/A	N/A	N/A	N/A	N/A	N/A	N/A	N/A	N/A	N/A	d__Bacteria;p__Bdellovibrionota;c__Bacteriovoracia;o__Bacteriovoracales;f__Bacteriovoracaceae;g__CAKZJW01;s__	taxonomic classification fully defined by topology	classification based on placement in class-level tree	N/A	86.08	11	0.9259	N/A
SRR22878283_binette_bin90.fasta	Unclassified Bacteria	N/A	N/A	N/A	N/A	N/A	N/A	N/A	N/A	N/A	N/A	N/A	N/A	N/A	N/A	N/A	N/A	N/A	Insufficient number of amino acids in MSA (8.0%)
SRR22878283_binette_bin91.fasta	Unclassified	N/A	N/A	N/A	N/A	N/A	N/A	N/A	N/A	N/A	N/A	N/A	N/A	N/A	N/A	N/A	N/A	N/A	No bacterial or archaeal marker
SRR22878283_binette_bin92.fasta	d__Bacteria;p__Bacteroidota;c__Bacteroidia;o__Flavobacteriales;f__Flavobacteriaceae;g__;s__	N/A	N/A	N/A	N/A	N/A	N/A	N/A	N/A	N/A	N/A	d__Bacteria;p__Bacteroidota;c__Bacteroidia;o__Flavobacteriales;f__Flavobacteriaceae;g__;s__	taxonomic classification fully defined by topology	classification based on placement in class-level tree	N/A	13.24	11	0.90828	N/A
SRR22878283_binette_bin93.fasta	d__Bacteria;p__Pseudomonadota;c__Alphaproteobacteria;o__Caulobacterales;f__Maricaulaceae;g__Litorimonas;s__	N/A	N/A	N/A	N/A	N/A	N/A	N/A	N/A	N/A	N/A	d__Bacteria;p__Pseudomonadota;c__Alphaproteobacteria;o__Caulobacterales;f__Maricaulaceae;g__Litorimonas;s__	taxonomic classification fully defined by topology	classification based on placement in class-level tree	N/A	16.3	11	0.96453	N/A
SRR22878283_binette_bin94.fasta	Unclassified Bacteria	N/A	N/A	N/A	N/A	N/A	N/A	N/A	N/A	N/A	N/A	N/A	N/A	N/A	N/A	N/A	N/A	N/A	Insufficient number of amino acids in MSA (9.5%)
SRR22878283_binette_bin95.fasta	Unclassified Bacteria	N/A	N/A	N/A	N/A	N/A	N/A	N/A	N/A	N/A	N/A	N/A	N/A	N/A	N/A	N/A	N/A	N/A	Insufficient number of amino acids in MSA (9.2%)
SRR22878283_binette_bin96.fasta	Unclassified	N/A	N/A	N/A	N/A	N/A	N/A	N/A	N/A	N/A	N/A	N/A	N/A	N/A	N/A	N/A	N/A	N/A	No bacterial or archaeal marker
SRR22878283_binette_bin97.fasta	Unclassified Bacteria	N/A	N/A	N/A	N/A	N/A	N/A	N/A	N/A	N/A	N/A	N/A	N/A	N/A	N/A	N/A	N/A	N/A	Insufficient number of amino acids in MSA (5.7%)
SRR22878283_binette_bin98.fasta	Unclassified	N/A	N/A	N/A	N/A	N/A	N/A	N/A	N/A	N/A	N/A	N/A	N/A	N/A	N/A	N/A	N/A	N/A	No bacterial or archaeal marker
SRR22878283_binette_bin99.fasta	d__Bacteria;p__Bacteroidota;c__Bacteroidia;o__Flavobacteriales;f__Flavobacteriaceae;g__Winogradskyella;s__	N/A	N/A	N/A	N/A	N/A	GCF_002163855.1	95.0	d__Bacteria;p__Bacteroidota;c__Bacteroidia;o__Flavobacteriales;f__Flavobacteriaceae;g__Winogradskyella;s__Winogradskyella sp002163855	96.01	0.368	d__Bacteria;p__Bacteroidota;c__Bacteroidia;o__Flavobacteriales;f__Flavobacteriaceae;g__Winogradskyella;s__	taxonomic classification defined by topology and ANI	classification based on placement in class-level tree	N/A	11.66	11	0.99197	N/A
