SRR22878281_binette_bin10.fasta	integron_01	k141_602683	k141_602683_3	1188	1547	-1	NA	protein	protein	NA	CALIN	No	NA	lin
SRR22878281_binette_bin10.fasta	integron_01	k141_602683	attc_001	1574	1636	-1	4.5e-05	attC	attC	attc_4	CALIN	No	NA	lin
SRR22878281_binette_bin10.fasta	integron_01	k141_602683	k141_602683_4	1624	2067	-1	NA	protein	protein	NA	CALIN	No	NA	lin
SRR22878281_binette_bin10.fasta	integron_01	k141_602683	k141_602683_5	2206	2694	-1	NA	protein	protein	NA	CALIN	No	NA	lin
SRR22878281_binette_bin10.fasta	integron_01	k141_602683	attc_002	2824	2890	-1	6.5e-06	attC	attC	attc_4	CALIN	No	1188.0	lin
SRR22878281_binette_bin10.fasta	integron_01	k141_602683	k141_602683_6	2928	3326	-1	NA	protein	protein	NA	CALIN	No	NA	lin
SRR22878281_binette_bin10.fasta	integron_01	k141_811630	k141_811630_4	2481	2831	-1	NA	protein	protein	NA	complete	No	NA	lin
SRR22878281_binette_bin10.fasta	integron_01	k141_811630	attc_001	2862	2954	-1	0.024	attC	attC	attc_4	complete	No	NA	lin
SRR22878281_binette_bin10.fasta	integron_01	k141_811630	k141_811630_5	2980	3399	-1	NA	protein	protein	NA	complete	No	NA	lin
SRR22878281_binette_bin10.fasta	integron_01	k141_811630	attc_002	3322	3397	-1	0.00073	attC	attC	attc_4	complete	No	368.0	lin
SRR22878281_binette_bin10.fasta	integron_01	k141_811630	k141_811630_6	3392	3832	-1	NA	protein	protein	NA	complete	No	NA	lin
SRR22878281_binette_bin10.fasta	integron_01	k141_811630	attc_003	3778	3849	-1	0.015	attC	attC	attc_4	complete	No	381.0	lin
SRR22878281_binette_bin10.fasta	integron_01	k141_811630	k141_811630_7	3851	4291	-1	NA	protein	protein	NA	complete	No	NA	lin
SRR22878281_binette_bin10.fasta	integron_01	k141_811630	attc_004	4297	4410	-1	0.001	attC	attC	attc_4	complete	No	448.0	lin
SRR22878281_binette_bin10.fasta	integron_01	k141_811630	k141_811630_8	4405	4755	-1	NA	protein	protein	NA	complete	No	NA	lin
SRR22878281_binette_bin10.fasta	integron_01	k141_811630	k141_811630_9	5086	6072	1	2.9e-28	protein	intI	intersection_tyr_intI	complete	No	NA	lin
SRR22878281_binette_bin10.fasta	integron_02	k141_811630	k141_811630_10	6836	9145	1	NA	protein	protein	NA	CALIN	No	NA	lin
SRR22878281_binette_bin10.fasta	integron_02	k141_811630	attc_001	8797	8849	-1	0.28	attC	attC	attc_4	CALIN	No	NA	lin
SRR22878281_binette_bin10.fasta	integron_02	k141_811630	k141_811630_11	9154	9549	-1	NA	protein	protein	NA	CALIN	No	NA	lin
SRR22878281_binette_bin10.fasta	integron_02	k141_811630	k141_811630_12	9803	9994	-1	NA	protein	protein	NA	CALIN	No	NA	lin
SRR22878281_binette_bin10.fasta	integron_02	k141_811630	k141_811630_13	10124	10474	-1	NA	protein	protein	NA	CALIN	No	NA	lin
SRR22878281_binette_bin10.fasta	integron_02	k141_811630	attc_002	10477	10613	-1	0.24	attC	attC	attc_4	CALIN	No	1628.0	lin
SRR22878281_binette_bin10.fasta	integron_02	k141_811630	k141_811630_14	10608	10994	-1	NA	protein	protein	NA	CALIN	No	NA	lin
SRR22878281_binette_bin10.fasta	integron_02	k141_811630	attc_003	11008	11086	-1	0.00033	attC	attC	attc_4	CALIN	No	395.0	lin
SRR22878281_binette_bin10.fasta	integron_02	k141_811630	k141_811630_15	11095	11502	-1	NA	protein	protein	NA	CALIN	No	NA	lin
SRR22878281_binette_bin10.fasta	integron_02	k141_811630	k141_811630_16	11723	11974	1	NA	protein	protein	NA	CALIN	No	NA	lin
SRR22878281_binette_bin10.fasta	integron_02	k141_811630	k141_811630_17	12003	12404	-1	NA	protein	protein	NA	CALIN	No	NA	lin
SRR22878281_binette_bin10.fasta	integron_02	k141_811630	attc_004	12434	12513	-1	0.00014	attC	attC	attc_4	CALIN	No	1348.0	lin
SRR22878281_binette_bin10.fasta	integron_02	k141_811630	k141_811630_18	12508	12876	-1	NA	protein	protein	NA	CALIN	No	NA	lin
SRR22878281_binette_bin10.fasta	integron_02	k141_811630	k141_811630_19	13034	13258	1	NA	protein	protein	NA	CALIN	No	NA	lin
SRR22878281_binette_bin10.fasta	integron_02	k141_811630	k141_811630_20	13255	13644	1	NA	protein	protein	NA	CALIN	No	NA	lin
SRR22878281_binette_bin10.fasta	integron_02	k141_811630	attc_005	13639	13733	-1	0.36	attC	attC	attc_4	CALIN	No	1126.0	lin
SRR22878281_binette_bin10.fasta	integron_02	k141_811630	k141_811630_21	13813	14079	1	NA	protein	protein	NA	CALIN	No	NA	lin
SRR22878281_binette_bin10.fasta	integron_02	k141_811630	k141_811630_22	14146	14382	1	NA	protein	protein	NA	CALIN	No	NA	lin
SRR22878281_binette_bin10.fasta	integron_02	k141_811630	k141_811630_23	14671	15033	1	NA	protein	protein	NA	CALIN	No	NA	lin
SRR22878281_binette_bin10.fasta	integron_02	k141_811630	attc_006	15246	15335	-1	0.054	attC	attC	attc_4	CALIN	No	1513.0	lin
SRR22878281_binette_bin10.fasta	integron_02	k141_811630	k141_811630_24	15330	15911	-1	NA	protein	protein	NA	CALIN	No	NA	lin
SRR22878281_binette_bin10.fasta	integron_02	k141_811630	attc_007	15941	16044	-1	0.00015	attC	attC	attc_4	CALIN	No	606.0	lin
SRR22878281_binette_bin10.fasta	integron_01	k141_919530	k141_919530_1	2	226	-1	NA	protein	protein	NA	CALIN	No	NA	lin
SRR22878281_binette_bin10.fasta	integron_01	k141_919530	attc_001	231	326	-1	2.9e-06	attC	attC	attc_4	CALIN	No	NA	lin
SRR22878281_binette_bin10.fasta	integron_01	k141_919530	k141_919530_2	321	1055	-1	NA	protein	protein	NA	CALIN	No	NA	lin
SRR22878281_binette_bin10.fasta	integron_01	k141_919530	attc_002	1064	1135	-1	0.00093	attC	attC	attc_4	CALIN	No	738.0	lin
SRR22878281_binette_bin10.fasta	integron_01	k141_919530	k141_919530_3	1136	2728	-1	NA	protein	protein	NA	CALIN	No	NA	lin
SRR22878281_binette_bin100.fasta	integron_01	k141_391327	k141_391327_1	1	459	1	NA	protein	protein	NA	CALIN	No	NA	lin
SRR22878281_binette_bin100.fasta	integron_01	k141_391327	k141_391327_2	587	1048	1	NA	protein	protein	NA	CALIN	No	NA	lin
SRR22878281_binette_bin100.fasta	integron_01	k141_391327	attc_001	627	758	1	0.32	attC	attC	attc_4	CALIN	No	NA	lin
SRR22878281_binette_bin100.fasta	integron_01	k141_391327	k141_391327_3	1065	1472	1	NA	protein	protein	NA	CALIN	No	NA	lin
SRR22878281_binette_bin100.fasta	integron_01	k141_391327	attc_002	1090	1185	1	0.0055	attC	attC	attc_4	CALIN	No	332.0	lin
SRR22878281_binette_bin100.fasta	integron_01	k141_905538	k141_905538_1	2	133	1	NA	protein	protein	NA	CALIN	No	NA	lin
SRR22878281_binette_bin100.fasta	integron_01	k141_905538	attc_001	52	135	-1	0.016	attC	attC	attc_4	CALIN	No	NA	lin
SRR22878281_binette_bin100.fasta	integron_01	k141_905538	k141_905538_2	453	2996	1	NA	protein	protein	NA	CALIN	No	NA	lin
SRR22878281_binette_bin100.fasta	integron_01	k141_905538	attc_002	1426	1488	-1	0.066	attC	attC	attc_4	CALIN	No	1291.0	lin
SRR22878281_binette_bin102.fasta	integron_01	k141_684576	k141_684576_2	1257	1895	-1	NA	protein	protein	NA	CALIN	No	NA	lin
SRR22878281_binette_bin102.fasta	integron_01	k141_684576	attc_001	1752	1893	1	0.028	attC	attC	attc_4	CALIN	No	NA	lin
SRR22878281_binette_bin102.fasta	integron_01	k141_684576	k141_684576_3	1967	2476	-1	NA	protein	protein	NA	CALIN	No	NA	lin
SRR22878281_binette_bin102.fasta	integron_01	k141_684576	attc_002	2608	2701	1	0.73	attC	attC	attc_4	CALIN	No	715.0	lin
SRR22878281_binette_bin102.fasta	integron_01	k141_684576	k141_684576_4	2738	3124	-1	NA	protein	protein	NA	CALIN	No	NA	lin
SRR22878281_binette_bin102.fasta	integron_01	k141_429651	k141_429651_2	368	1237	1	1.1e-32	protein	intI	intersection_tyr_intI	complete	No	NA	lin
SRR22878281_binette_bin102.fasta	integron_01	k141_429651	attc_001	373	425	1	0.03	attC	attC	attc_4	complete	No	NA	lin
SRR22878281_binette_bin102.fasta	integron_01	k141_47107	k141_47107_6	3636	4832	-1	NA	protein	protein	NA	CALIN	No	NA	lin
SRR22878281_binette_bin102.fasta	integron_01	k141_47107	attc_001	4746	4858	1	0.013	attC	attC	attc_4	CALIN	No	NA	lin
SRR22878281_binette_bin102.fasta	integron_01	k141_47107	k141_47107_7	4853	5548	-1	NA	protein	protein	NA	CALIN	No	NA	lin
SRR22878281_binette_bin102.fasta	integron_01	k141_47107	attc_002	5368	5447	1	0.16	attC	attC	attc_4	CALIN	No	510.0	lin
SRR22878281_binette_bin102.fasta	integron_01	k141_850507	k141_850507_1	1	1092	-1	NA	protein	protein	NA	CALIN	No	NA	lin
SRR22878281_binette_bin102.fasta	integron_01	k141_850507	attc_001	7	106	1	5.5e-05	attC	attC	attc_4	CALIN	No	NA	lin
SRR22878281_binette_bin102.fasta	integron_01	k141_850507	attc_002	817	896	1	0.12	attC	attC	attc_4	CALIN	No	711.0	lin
SRR22878281_binette_bin104.fasta	integron_01	k141_697841	k141_697841_6	5280	5804	1	NA	protein	protein	NA	CALIN	No	NA	lin
SRR22878281_binette_bin104.fasta	integron_01	k141_697841	k141_697841_7	5875	6729	1	NA	protein	protein	NA	CALIN	No	NA	lin
SRR22878281_binette_bin104.fasta	integron_01	k141_697841	attc_001	5912	5974	1	0.22	attC	attC	attc_4	CALIN	No	NA	lin
SRR22878281_binette_bin104.fasta	integron_01	k141_697841	k141_697841_8	6735	8807	1	NA	protein	protein	NA	CALIN	No	NA	lin
SRR22878281_binette_bin104.fasta	integron_01	k141_697841	k141_697841_9	8822	9268	1	NA	protein	protein	NA	CALIN	No	NA	lin
SRR22878281_binette_bin104.fasta	integron_01	k141_697841	attc_002	9047	9110	1	0.037	attC	attC	attc_4	CALIN	No	3073.0	lin
SRR22878281_binette_bin104.fasta	integron_01	k141_697841	k141_697841_10	9271	10590	1	NA	protein	protein	NA	CALIN	No	NA	lin
SRR22878281_binette_bin104.fasta	integron_01	k141_697841	k141_697841_11	10682	14065	1	NA	protein	protein	NA	CALIN	No	NA	lin
SRR22878281_binette_bin104.fasta	integron_01	k141_697841	attc_003	10924	11002	1	0.91	attC	attC	attc_4	CALIN	No	1814.0	lin
SRR22878281_binette_bin105.fasta	integron_01	k141_490556	k141_490556_1	1	1164	-1	NA	protein	protein	NA	CALIN	No	NA	lin
SRR22878281_binette_bin105.fasta	integron_01	k141_490556	attc_001	1176	1244	1	0.41	attC	attC	attc_4	CALIN	No	NA	lin
SRR22878281_binette_bin105.fasta	integron_01	k141_490556	k141_490556_2	1360	3021	-1	NA	protein	protein	NA	CALIN	No	NA	lin
SRR22878281_binette_bin105.fasta	integron_01	k141_490556	k141_490556_3	3144	4319	1	NA	protein	protein	NA	CALIN	No	NA	lin
SRR22878281_binette_bin105.fasta	integron_01	k141_490556	attc_002	3151	3197	1	0.013	attC	attC	attc_4	CALIN	No	1907.0	lin
SRR22878281_binette_bin105.fasta	integron_01	k141_11975	k141_11975_2	888	1346	1	NA	protein	protein	NA	CALIN	No	NA	lin
SRR22878281_binette_bin105.fasta	integron_01	k141_11975	attc_001	1396	1485	1	0.015	attC	attC	attc_4	CALIN	No	NA	lin
SRR22878281_binette_bin105.fasta	integron_01	k141_11975	k141_11975_3	1513	1989	1	NA	protein	protein	NA	CALIN	No	NA	lin
SRR22878281_binette_bin105.fasta	integron_01	k141_11975	attc_002	2101	2193	1	2.4e-06	attC	attC	attc_4	CALIN	No	616.0	lin
SRR22878281_binette_bin105.fasta	integron_01	k141_11975	k141_11975_4	2227	2403	1	NA	protein	protein	NA	CALIN	No	NA	lin
SRR22878281_binette_bin105.fasta	integron_01	k141_584672	k141_584672_1	64	393	-1	NA	protein	protein	NA	CALIN	No	NA	lin
SRR22878281_binette_bin105.fasta	integron_01	k141_584672	attc_001	474	560	1	0.15	attC	attC	attc_4	CALIN	No	NA	lin
SRR22878281_binette_bin105.fasta	integron_01	k141_584672	k141_584672_2	636	1418	1	NA	protein	protein	NA	CALIN	No	NA	lin
SRR22878281_binette_bin105.fasta	integron_01	k141_584672	attc_002	1413	1500	1	0.0041	attC	attC	attc_4	CALIN	No	853.0	lin
SRR22878281_binette_bin105.fasta	integron_01	k141_584672	k141_584672_3	1520	1993	1	NA	protein	protein	NA	CALIN	No	NA	lin
SRR22878281_binette_bin105.fasta	integron_01	k141_584672	k141_584672_4	1938	2240	1	NA	protein	protein	NA	CALIN	No	NA	lin
SRR22878281_binette_bin105.fasta	integron_01	k141_584672	attc_003	2414	2501	1	6.1e-05	attC	attC	attc_4	CALIN	No	914.0	lin
SRR22878281_binette_bin105.fasta	integron_01	k141_584672	k141_584672_5	2566	2634	1	NA	protein	protein	NA	CALIN	No	NA	lin
SRR22878281_binette_bin105.fasta	integron_01	k141_588177	attc_001	111	173	1	0.018	attC	attC	attc_4	CALIN	No	NA	lin
SRR22878281_binette_bin105.fasta	integron_01	k141_588177	k141_588177_1	178	690	1	NA	protein	protein	NA	CALIN	No	NA	lin
SRR22878281_binette_bin105.fasta	integron_01	k141_588177	attc_002	1123	1200	1	0.00062	attC	attC	attc_4	CALIN	No	950.0	lin
SRR22878281_binette_bin105.fasta	integron_01	k141_306707	k141_306707_2	1941	2792	-1	1.2000000000000001e-30	protein	intI	intersection_tyr_intI	In0	No	NA	lin
SRR22878281_binette_bin105.fasta	integron_01	k141_593888	k141_593888_1	160	699	-1	NA	protein	protein	NA	CALIN	No	NA	lin
SRR22878281_binette_bin105.fasta	integron_01	k141_593888	attc_001	724	811	-1	3.1e-05	attC	attC	attc_4	CALIN	No	NA	lin
SRR22878281_binette_bin105.fasta	integron_01	k141_593888	k141_593888_2	831	1007	-1	NA	protein	protein	NA	CALIN	No	NA	lin
SRR22878281_binette_bin105.fasta	integron_01	k141_593888	k141_593888_3	1118	2794	-1	NA	protein	protein	NA	CALIN	No	NA	lin
SRR22878281_binette_bin105.fasta	integron_01	k141_593888	attc_002	1403	1461	-1	0.62	attC	attC	attc_4	CALIN	No	592.0	lin
SRR22878281_binette_bin105.fasta	integron_01	k141_593888	attc_003	2736	2785	-1	0.36	attC	attC	attc_4	CALIN	No	1275.0	lin
SRR22878281_binette_bin105.fasta	integron_01	k141_313157	attc_001	53	144	1	0.16	attC	attC	attc_4	CALIN	No	NA	lin
SRR22878281_binette_bin105.fasta	integron_01	k141_313157	k141_313157_1	217	666	1	NA	protein	protein	NA	CALIN	No	NA	lin
SRR22878281_binette_bin105.fasta	integron_01	k141_313157	attc_002	661	746	1	0.00031	attC	attC	attc_4	CALIN	No	517.0	lin
SRR22878281_binette_bin105.fasta	integron_01	k141_313157	k141_313157_2	772	1293	1	NA	protein	protein	NA	CALIN	No	NA	lin
SRR22878281_binette_bin105.fasta	integron_01	k141_313157	k141_313157_3	1242	1700	-1	NA	protein	protein	NA	CALIN	No	NA	lin
SRR22878281_binette_bin105.fasta	integron_01	k141_313157	attc_003	1702	1789	1	0.004	attC	attC	attc_4	CALIN	No	956.0	lin
SRR22878281_binette_bin105.fasta	integron_01	k141_313157	k141_313157_4	1813	2421	1	NA	protein	protein	NA	CALIN	No	NA	lin
SRR22878281_binette_bin105.fasta	integron_01	k141_23876	k141_23876_3	1988	2374	1	NA	protein	protein	NA	CALIN	No	NA	lin
SRR22878281_binette_bin105.fasta	integron_01	k141_23876	k141_23876_4	2376	2531	-1	NA	protein	protein	NA	CALIN	No	NA	lin
SRR22878281_binette_bin105.fasta	integron_01	k141_23876	attc_001	2451	2544	-1	0.013	attC	attC	attc_4	CALIN	No	NA	lin
SRR22878281_binette_bin105.fasta	integron_01	k141_23876	k141_23876_5	2568	3176	-1	NA	protein	protein	NA	CALIN	No	NA	lin
SRR22878281_binette_bin105.fasta	integron_01	k141_23876	k141_23876_6	3710	3913	-1	NA	protein	protein	NA	CALIN	No	NA	lin
SRR22878281_binette_bin105.fasta	integron_01	k141_23876	attc_002	3944	4034	-1	0.02	attC	attC	attc_4	CALIN	No	1400.0	lin
SRR22878281_binette_bin105.fasta	integron_01	k141_23876	k141_23876_7	4178	4780	-1	NA	protein	protein	NA	CALIN	No	NA	lin
SRR22878281_binette_bin105.fasta	integron_01	k141_745260	attc_001	552	639	1	1.7e-05	attC	attC	attc_4	CALIN	No	NA	lin
SRR22878281_binette_bin105.fasta	integron_01	k141_745260	k141_745260_1	660	1265	1	NA	protein	protein	NA	CALIN	No	NA	lin
SRR22878281_binette_bin105.fasta	integron_01	k141_745260	attc_002	1290	1381	1	8.6e-05	attC	attC	attc_4	CALIN	No	651.0	lin
SRR22878281_binette_bin105.fasta	integron_01	k141_745260	k141_745260_2	1386	1691	1	NA	protein	protein	NA	CALIN	No	NA	lin
SRR22878281_binette_bin106.fasta	integron_01	k141_15727	k141_15727_1	3	491	1	1.5e-25	protein	intI	intersection_tyr_intI	In0	No	NA	lin
SRR22878281_binette_bin107.fasta	integron_01	k141_624172	k141_624172_1	2	1120	-1	NA	protein	protein	NA	CALIN	No	NA	lin
SRR22878281_binette_bin107.fasta	integron_01	k141_624172	attc_001	938	979	1	0.001	attC	attC	attc_4	CALIN	No	NA	lin
SRR22878281_binette_bin107.fasta	integron_01	k141_624172	attc_002	1003	1082	1	0.096	attC	attC	attc_4	CALIN	No	24.0	lin
SRR22878281_binette_bin107.fasta	integron_01	k141_840964	k141_840964_1	1	876	-1	NA	protein	protein	NA	CALIN	No	NA	lin
SRR22878281_binette_bin107.fasta	integron_01	k141_840964	attc_001	1071	1253	-1	0.53	attC	attC	attc_4	CALIN	No	NA	lin
SRR22878281_binette_bin107.fasta	integron_01	k141_840964	k141_840964_2	1223	1708	1	NA	protein	protein	NA	CALIN	No	NA	lin
SRR22878281_binette_bin107.fasta	integron_01	k141_840964	attc_002	1288	1352	-1	0.017	attC	attC	attc_4	CALIN	No	35.0	lin
SRR22878281_binette_bin109.fasta	integron_01	k141_58394	k141_58394_2	102	533	1	NA	protein	protein	NA	CALIN	No	NA	lin
SRR22878281_binette_bin109.fasta	integron_01	k141_58394	attc_001	528	608	1	0.01	attC	attC	attc_4	CALIN	No	NA	lin
SRR22878281_binette_bin109.fasta	integron_01	k141_58394	k141_58394_3	624	1052	1	NA	protein	protein	NA	CALIN	No	NA	lin
SRR22878281_binette_bin109.fasta	integron_01	k141_58394	attc_002	1052	1144	1	8.5e-07	attC	attC	attc_4	CALIN	No	444.0	lin
SRR22878281_binette_bin109.fasta	integron_01	k141_923387	k141_923387_1	2	262	1	NA	protein	protein	NA	CALIN	No	NA	lin
SRR22878281_binette_bin109.fasta	integron_01	k141_923387	attc_001	262	328	1	0.0001	attC	attC	attc_4	CALIN	No	NA	lin
SRR22878281_binette_bin109.fasta	integron_01	k141_923387	k141_923387_2	348	818	1	NA	protein	protein	NA	CALIN	No	NA	lin
SRR22878281_binette_bin109.fasta	integron_01	k141_923387	attc_002	813	896	1	0.00054	attC	attC	attc_4	CALIN	No	485.0	lin
SRR22878281_binette_bin109.fasta	integron_01	k141_923387	k141_923387_3	912	1190	1	NA	protein	protein	NA	CALIN	No	NA	lin
SRR22878281_binette_bin109.fasta	integron_01	k141_923387	attc_003	1192	1284	1	0.00084	attC	attC	attc_4	CALIN	No	296.0	lin
SRR22878281_binette_bin109.fasta	integron_01	k141_923387	k141_923387_4	1299	1826	1	NA	protein	protein	NA	CALIN	No	NA	lin
SRR22878281_binette_bin109.fasta	integron_01	k141_761029	k141_761029_1	1	207	1	NA	protein	protein	NA	CALIN	No	NA	lin
SRR22878281_binette_bin109.fasta	integron_01	k141_761029	attc_001	210	309	1	0.0026	attC	attC	attc_4	CALIN	No	NA	lin
SRR22878281_binette_bin109.fasta	integron_01	k141_761029	k141_761029_2	340	1344	1	NA	protein	protein	NA	CALIN	No	NA	lin
SRR22878281_binette_bin109.fasta	integron_01	k141_761029	attc_002	1089	1147	1	0.81	attC	attC	attc_4	CALIN	No	780.0	lin
SRR22878281_binette_bin11.fasta	integron_01	k141_97444	k141_97444_13	15037	15435	-1	5.6e-27	protein	intI	intersection_tyr_intI	In0	No	NA	lin
SRR22878281_binette_bin11.fasta	integron_01	k141_391979	k141_391979_2	887	1726	-1	NA	protein	protein	NA	CALIN	No	NA	lin
SRR22878281_binette_bin11.fasta	integron_01	k141_391979	attc_001	1555	1616	1	0.039	attC	attC	attc_4	CALIN	No	NA	lin
SRR22878281_binette_bin11.fasta	integron_01	k141_391979	k141_391979_3	1743	3026	-1	NA	protein	protein	NA	CALIN	No	NA	lin
SRR22878281_binette_bin11.fasta	integron_01	k141_391979	attc_002	2908	2975	1	0.43	attC	attC	attc_4	CALIN	No	1292.0	lin
SRR22878281_binette_bin11.fasta	integron_01	k141_391979	k141_391979_4	3132	4100	1	NA	protein	protein	NA	CALIN	No	NA	lin
SRR22878281_binette_bin11.fasta	integron_01	k141_112492	k141_112492_1	3	572	1	NA	protein	protein	NA	CALIN	No	NA	lin
SRR22878281_binette_bin11.fasta	integron_01	k141_112492	attc_001	576	651	1	0.1	attC	attC	attc_4	CALIN	No	NA	lin
SRR22878281_binette_bin11.fasta	integron_01	k141_112492	k141_112492_2	661	1092	1	NA	protein	protein	NA	CALIN	No	NA	lin
SRR22878281_binette_bin11.fasta	integron_01	k141_112492	attc_002	1061	1116	1	0.014	attC	attC	attc_4	CALIN	No	410.0	lin
SRR22878281_binette_bin11.fasta	integron_01	k141_112492	k141_112492_3	1137	1577	1	NA	protein	protein	NA	CALIN	No	NA	lin
SRR22878281_binette_bin11.fasta	integron_01	k141_112492	attc_003	1572	1649	1	0.00016	attC	attC	attc_4	CALIN	No	456.0	lin
SRR22878281_binette_bin11.fasta	integron_01	k141_242171	k141_242171_1	1	66	-1	NA	protein	protein	NA	CALIN	No	NA	lin
SRR22878281_binette_bin11.fasta	integron_01	k141_242171	attc_001	72	152	-1	0.3	attC	attC	attc_4	CALIN	No	NA	lin
SRR22878281_binette_bin11.fasta	integron_01	k141_242171	k141_242171_2	157	507	-1	NA	protein	protein	NA	CALIN	No	NA	lin
SRR22878281_binette_bin11.fasta	integron_01	k141_242171	k141_242171_3	747	872	1	NA	protein	protein	NA	CALIN	No	NA	lin
SRR22878281_binette_bin11.fasta	integron_01	k141_242171	k141_242171_4	948	1907	-1	NA	protein	protein	NA	CALIN	No	NA	lin
SRR22878281_binette_bin11.fasta	integron_01	k141_242171	attc_002	957	1035	-1	0.21	attC	attC	attc_4	CALIN	No	805.0	lin
SRR22878281_binette_bin11.fasta	integron_01	k141_750693	k141_750693_5	5502	6767	-1	NA	protein	protein	NA	CALIN	No	NA	lin
SRR22878281_binette_bin11.fasta	integron_01	k141_750693	attc_001	5738	5781	1	0.097	attC	attC	attc_4	CALIN	No	NA	lin
SRR22878281_binette_bin11.fasta	integron_01	k141_750693	k141_750693_6	6962	7306	-1	NA	protein	protein	NA	CALIN	No	NA	lin
SRR22878281_binette_bin11.fasta	integron_01	k141_750693	attc_002	7270	7382	1	0.77	attC	attC	attc_4	CALIN	No	1489.0	lin
SRR22878281_binette_bin11.fasta	integron_01	k141_750693	k141_750693_7	7382	8044	-1	NA	protein	protein	NA	CALIN	No	NA	lin
SRR22878281_binette_bin11.fasta	integron_01	k141_750693	k141_750693_8	8059	8184	1	NA	protein	protein	NA	CALIN	No	NA	lin
SRR22878281_binette_bin11.fasta	integron_01	k141_750693	k141_750693_9	8181	9497	-1	NA	protein	protein	NA	CALIN	No	NA	lin
SRR22878281_binette_bin11.fasta	integron_01	k141_750693	attc_003	8613	8688	1	0.086	attC	attC	attc_4	CALIN	No	1231.0	lin
SRR22878281_binette_bin11.fasta	integron_01	k141_183900	k141_183900_2	433	1398	1	3.2e-20	protein	intI	intersection_tyr_intI	In0	No	NA	lin
SRR22878281_binette_bin111.fasta	integron_01	k141_374637	k141_374637_1	3	509	1	NA	protein	protein	NA	CALIN	No	NA	lin
SRR22878281_binette_bin111.fasta	integron_01	k141_374637	attc_001	160	262	1	0.047	attC	attC	attc_4	CALIN	No	NA	lin
SRR22878281_binette_bin111.fasta	integron_01	k141_374637	attc_002	610	683	1	0.63	attC	attC	attc_4	CALIN	No	348.0	lin
SRR22878281_binette_bin111.fasta	integron_01	k141_374637	k141_374637_2	705	1247	1	NA	protein	protein	NA	CALIN	No	NA	lin
SRR22878281_binette_bin117.fasta	integron_01	k141_396901	k141_396901_1	2	1156	-1	NA	protein	protein	NA	CALIN	No	NA	lin
SRR22878281_binette_bin117.fasta	integron_01	k141_396901	attc_001	868	914	-1	0.75	attC	attC	attc_4	CALIN	No	NA	lin
SRR22878281_binette_bin117.fasta	integron_01	k141_396901	attc_002	1049	1187	-1	0.046	attC	attC	attc_4	CALIN	No	135.0	lin
SRR22878281_binette_bin117.fasta	integron_01	k141_396901	k141_396901_2	1302	1577	-1	NA	protein	protein	NA	CALIN	No	NA	lin
SRR22878281_binette_bin117.fasta	integron_01	k141_886563	k141_886563_1	1	693	-1	NA	protein	protein	NA	CALIN	No	NA	lin
SRR22878281_binette_bin117.fasta	integron_01	k141_886563	attc_001	118	226	-1	0.86	attC	attC	attc_4	CALIN	No	NA	lin
SRR22878281_binette_bin117.fasta	integron_01	k141_886563	attc_002	297	348	-1	0.0014	attC	attC	attc_4	CALIN	No	71.0	lin
SRR22878281_binette_bin118.fasta	integron_01	k141_948422	k141_948422_1	3	866	-1	NA	protein	protein	NA	CALIN	No	NA	lin
SRR22878281_binette_bin118.fasta	integron_01	k141_948422	attc_001	244	326	1	0.35	attC	attC	attc_4	CALIN	No	NA	lin
SRR22878281_binette_bin118.fasta	integron_01	k141_948422	k141_948422_2	930	2840	1	NA	protein	protein	NA	CALIN	No	NA	lin
SRR22878281_binette_bin118.fasta	integron_01	k141_948422	attc_002	2615	2672	1	0.015	attC	attC	attc_4	CALIN	No	2289.0	lin
SRR22878281_binette_bin119.fasta	integron_01	k141_670316	k141_670316_1	1	1578	-1	NA	protein	protein	NA	CALIN	No	NA	lin
SRR22878281_binette_bin119.fasta	integron_01	k141_670316	attc_001	108	201	-1	0.094	attC	attC	attc_4	CALIN	No	NA	lin
SRR22878281_binette_bin119.fasta	integron_01	k141_670316	attc_002	1205	1319	-1	0.94	attC	attC	attc_4	CALIN	No	1004.0	lin
SRR22878281_binette_bin119.fasta	integron_01	k141_670316	k141_670316_2	1612	3006	-1	NA	protein	protein	NA	CALIN	No	NA	lin
SRR22878281_binette_bin119.fasta	integron_01	k141_670316	attc_003	2569	2683	-1	0.04	attC	attC	attc_4	CALIN	No	1250.0	lin
SRR22878281_binette_bin12.fasta	integron_01	k141_337876	k141_337876_28	23851	25110	-1	3.3e-28	protein	intI	intersection_tyr_intI	In0	No	NA	lin
SRR22878281_binette_bin121.fasta	integron_01	k141_617959	k141_617959_1	1	753	-1	NA	protein	protein	NA	CALIN	No	NA	lin
SRR22878281_binette_bin121.fasta	integron_01	k141_617959	attc_001	235	298	-1	0.059	attC	attC	attc_4	CALIN	No	NA	lin
SRR22878281_binette_bin121.fasta	integron_01	k141_617959	attc_002	631	711	-1	0.00083	attC	attC	attc_4	CALIN	No	333.0	lin
SRR22878281_binette_bin121.fasta	integron_01	k141_617959	k141_617959_2	781	1164	-1	NA	protein	protein	NA	CALIN	No	NA	lin
SRR22878281_binette_bin123.fasta	integron_01	k141_710672	k141_710672_1	1	198	1	NA	protein	protein	NA	CALIN	No	NA	lin
SRR22878281_binette_bin123.fasta	integron_01	k141_710672	attc_001	193	285	1	0.00036	attC	attC	attc_4	CALIN	No	NA	lin
SRR22878281_binette_bin123.fasta	integron_01	k141_710672	k141_710672_2	294	623	1	NA	protein	protein	NA	CALIN	No	NA	lin
SRR22878281_binette_bin123.fasta	integron_01	k141_710672	attc_002	618	698	1	1.6e-07	attC	attC	attc_4	CALIN	No	333.0	lin
SRR22878281_binette_bin123.fasta	integron_01	k141_710672	k141_710672_3	711	1052	1	NA	protein	protein	NA	CALIN	No	NA	lin
SRR22878281_binette_bin123.fasta	integron_01	k141_710672	attc_003	1047	1136	1	0.00027	attC	attC	attc_4	CALIN	No	349.0	lin
SRR22878281_binette_bin124.fasta	integron_01	k141_130139	k141_130139_3	1074	1784	-1	NA	protein	protein	NA	CALIN	No	NA	lin
SRR22878281_binette_bin124.fasta	integron_01	k141_130139	attc_001	1549	1643	-1	0.013	attC	attC	attc_4	CALIN	No	NA	lin
SRR22878281_binette_bin124.fasta	integron_01	k141_130139	attc_002	1637	1689	-1	0.44	attC	attC	attc_4	CALIN	No	1778.0	lin
SRR22878281_binette_bin126.fasta	integron_01	k141_877400	k141_877400_1	3	1406	1	NA	protein	protein	NA	CALIN	No	NA	lin
SRR22878281_binette_bin126.fasta	integron_01	k141_877400	attc_001	163	234	1	0.77	attC	attC	attc_4	CALIN	No	NA	lin
SRR22878281_binette_bin126.fasta	integron_01	k141_877400	attc_002	1209	1301	1	0.00039	attC	attC	attc_4	CALIN	No	975.0	lin
SRR22878281_binette_bin127.fasta	integron_01	k141_476352	k141_476352_1	110	1042	-1	NA	protein	protein	NA	CALIN	No	NA	lin
SRR22878281_binette_bin127.fasta	integron_01	k141_476352	attc_001	811	914	-1	0.92	attC	attC	attc_4	CALIN	No	NA	lin
SRR22878281_binette_bin127.fasta	integron_01	k141_476352	attc_002	1034	1120	-1	0.041	attC	attC	attc_4	CALIN	No	120.0	lin
SRR22878281_binette_bin127.fasta	integron_01	k141_476352	k141_476352_2	1115	2173	-1	NA	protein	protein	NA	CALIN	No	NA	lin
SRR22878281_binette_bin127.fasta	integron_01	k141_476352	k141_476352_3	2170	3225	-1	NA	protein	protein	NA	CALIN	No	NA	lin
SRR22878281_binette_bin127.fasta	integron_01	k141_476352	attc_003	3273	3357	-1	0.023	attC	attC	attc_4	CALIN	No	2153.0	lin
SRR22878281_binette_bin127.fasta	integron_01	k141_476352	k141_476352_4	3373	3981	-1	NA	protein	protein	NA	CALIN	No	NA	lin
SRR22878281_binette_bin127.fasta	integron_01	k141_476352	attc_004	4122	4207	-1	0.8	attC	attC	attc_4	CALIN	No	765.0	lin
SRR22878281_binette_bin127.fasta	integron_01	k141_476352	k141_476352_5	4714	5997	1	NA	protein	protein	NA	CALIN	No	NA	lin
SRR22878281_binette_bin127.fasta	integron_01	k141_476352	k141_476352_6	6556	7005	-1	NA	protein	protein	NA	CALIN	No	NA	lin
SRR22878281_binette_bin127.fasta	integron_01	k141_476352	attc_005	7193	7278	-1	0.9	attC	attC	attc_4	CALIN	No	2986.0	lin
SRR22878281_binette_bin127.fasta	integron_01	k141_476352	k141_476352_7	7389	7763	-1	NA	protein	protein	NA	CALIN	No	NA	lin
SRR22878281_binette_bin127.fasta	integron_01	k141_292315	k141_292315_5	6569	6814	1	NA	protein	protein	NA	CALIN	No	NA	lin
SRR22878281_binette_bin127.fasta	integron_01	k141_292315	attc_001	6729	6816	1	0.0036	attC	attC	attc_4	CALIN	No	NA	lin
SRR22878281_binette_bin127.fasta	integron_01	k141_292315	k141_292315_6	6823	7047	1	NA	protein	protein	NA	CALIN	No	NA	lin
SRR22878281_binette_bin127.fasta	integron_01	k141_292315	k141_292315_7	7064	7273	1	NA	protein	protein	NA	CALIN	No	NA	lin
SRR22878281_binette_bin127.fasta	integron_01	k141_292315	attc_002	7268	7347	1	0.0037	attC	attC	attc_4	CALIN	No	452.0	lin
SRR22878281_binette_bin127.fasta	integron_01	k141_292315	k141_292315_8	7309	8247	1	NA	protein	protein	NA	CALIN	No	NA	lin
SRR22878281_binette_bin127.fasta	integron_01	k141_292315	attc_003	8255	8325	1	0.00012	attC	attC	attc_4	CALIN	No	908.0	lin
SRR22878281_binette_bin127.fasta	integron_01	k141_292315	k141_292315_9	8281	8520	1	NA	protein	protein	NA	CALIN	No	NA	lin
SRR22878281_binette_bin127.fasta	integron_01	k141_6477	k141_6477_1	2	211	1	NA	protein	protein	NA	CALIN	No	NA	lin
SRR22878281_binette_bin127.fasta	integron_01	k141_6477	attc_001	52	144	1	6.4e-06	attC	attC	attc_4	CALIN	No	NA	lin
SRR22878281_binette_bin127.fasta	integron_01	k141_6477	k141_6477_2	250	720	1	NA	protein	protein	NA	CALIN	No	NA	lin
SRR22878281_binette_bin127.fasta	integron_01	k141_6477	k141_6477_3	717	1340	1	NA	protein	protein	NA	CALIN	No	NA	lin
SRR22878281_binette_bin127.fasta	integron_01	k141_6477	attc_002	1335	1421	1	4.5e-09	attC	attC	attc_4	CALIN	No	1191.0	lin
SRR22878281_binette_bin127.fasta	integron_01	k141_6477	k141_6477_4	1486	2250	1	NA	protein	protein	NA	CALIN	No	NA	lin
SRR22878281_binette_bin127.fasta	integron_01	k141_6477	attc_003	2263	2358	1	1.1e-05	attC	attC	attc_4	CALIN	No	842.0	lin
SRR22878281_binette_bin127.fasta	integron_01	k141_6477	k141_6477_5	2378	2782	1	NA	protein	protein	NA	CALIN	No	NA	lin
SRR22878281_binette_bin127.fasta	integron_01	k141_6477	attc_004	3060	3155	1	0.71	attC	attC	attc_4	CALIN	No	702.0	lin
SRR22878281_binette_bin127.fasta	integron_01	k141_6554	attc_001	52	144	1	1.8e-05	attC	attC	attc_4	CALIN	No	NA	lin
SRR22878281_binette_bin127.fasta	integron_01	k141_6554	k141_6554_1	305	1117	1	NA	protein	protein	NA	CALIN	No	NA	lin
SRR22878281_binette_bin127.fasta	integron_01	k141_6554	attc_002	714	763	1	0.25	attC	attC	attc_4	CALIN	No	570.0	lin
SRR22878281_binette_bin127.fasta	integron_01	k141_6554	attc_003	1396	1488	1	0.004	attC	attC	attc_4	CALIN	No	633.0	lin
SRR22878281_binette_bin127.fasta	integron_01	k141_6554	k141_6554_2	1585	2139	1	NA	protein	protein	NA	CALIN	No	NA	lin
SRR22878281_binette_bin127.fasta	integron_01	k141_6554	attc_004	2134	2224	1	0.0034	attC	attC	attc_4	CALIN	No	646.0	lin
SRR22878281_binette_bin127.fasta	integron_01	k141_6554	k141_6554_3	2365	3420	1	NA	protein	protein	NA	CALIN	No	NA	lin
SRR22878281_binette_bin127.fasta	integron_01	k141_6554	attc_005	3566	3657	1	0.77	attC	attC	attc_4	CALIN	No	1342.0	lin
SRR22878281_binette_bin127.fasta	integron_01	k141_6554	k141_6554_4	3980	4756	1	NA	protein	protein	NA	CALIN	No	NA	lin
SRR22878281_binette_bin127.fasta	integron_01	k141_6554	k141_6554_5	5074	6330	-1	NA	protein	protein	NA	CALIN	No	NA	lin
SRR22878281_binette_bin127.fasta	integron_01	k141_6554	k141_6554_6	6601	7065	1	NA	protein	protein	NA	CALIN	No	NA	lin
SRR22878281_binette_bin127.fasta	integron_01	k141_6554	attc_006	7060	7161	1	0.3	attC	attC	attc_4	CALIN	No	3403.0	lin
SRR22878281_binette_bin127.fasta	integron_01	k141_6554	k141_6554_7	7226	8203	1	NA	protein	protein	NA	CALIN	No	NA	lin
SRR22878281_binette_bin127.fasta	integron_01	k141_6554	attc_007	8189	8274	1	0.017	attC	attC	attc_4	CALIN	No	1028.0	lin
SRR22878281_binette_bin127.fasta	integron_01	k141_6554	k141_6554_8	8308	8808	1	NA	protein	protein	NA	CALIN	No	NA	lin
SRR22878281_binette_bin127.fasta	integron_01	k141_6554	attc_008	8803	8889	1	0.91	attC	attC	attc_4	CALIN	No	529.0	lin
SRR22878281_binette_bin127.fasta	integron_01	k141_488576	k141_488576_1	1	243	1	NA	protein	protein	NA	CALIN	No	NA	lin
SRR22878281_binette_bin127.fasta	integron_01	k141_488576	attc_001	413	500	1	0.00015	attC	attC	attc_4	CALIN	No	NA	lin
SRR22878281_binette_bin127.fasta	integron_01	k141_488576	k141_488576_2	513	992	1	NA	protein	protein	NA	CALIN	No	NA	lin
SRR22878281_binette_bin127.fasta	integron_01	k141_488576	attc_002	998	1089	1	0.00045	attC	attC	attc_4	CALIN	No	498.0	lin
SRR22878281_binette_bin127.fasta	integron_01	k141_488576	k141_488576_3	1171	1539	1	NA	protein	protein	NA	CALIN	No	NA	lin
SRR22878281_binette_bin127.fasta	integron_01	k141_488576	attc_003	1748	1839	1	0.0023	attC	attC	attc_4	CALIN	No	659.0	lin
SRR22878281_binette_bin127.fasta	integron_01	k141_488576	k141_488576_4	1859	2494	1	NA	protein	protein	NA	CALIN	No	NA	lin
SRR22878281_binette_bin127.fasta	integron_01	k141_488576	attc_004	2599	2691	1	7.3e-05	attC	attC	attc_4	CALIN	No	760.0	lin
SRR22878281_binette_bin127.fasta	integron_01	k141_489595	k141_489595_2	385	741	1	NA	protein	protein	NA	CALIN	No	NA	lin
SRR22878281_binette_bin127.fasta	integron_01	k141_489595	attc_001	807	896	-1	0.077	attC	attC	attc_4	CALIN	No	NA	lin
SRR22878281_binette_bin127.fasta	integron_01	k141_489595	attc_002	1207	1297	-1	0.0014	attC	attC	attc_4	CALIN	No	311.0	lin
SRR22878281_binette_bin127.fasta	integron_01	k141_489595	k141_489595_3	1329	1472	-1	NA	protein	protein	NA	CALIN	No	NA	lin
SRR22878281_binette_bin127.fasta	integron_01	k141_491846	attc_001	192	285	-1	0.085	attC	attC	attc_4	CALIN	No	NA	lin
SRR22878281_binette_bin127.fasta	integron_01	k141_491846	k141_491846_1	362	799	-1	NA	protein	protein	NA	CALIN	No	NA	lin
SRR22878281_binette_bin127.fasta	integron_01	k141_491846	attc_002	809	901	-1	1.3e-06	attC	attC	attc_4	CALIN	No	524.0	lin
SRR22878281_binette_bin127.fasta	integron_01	k141_491846	attc_003	1109	1203	-1	0.0018	attC	attC	attc_4	CALIN	No	208.0	lin
SRR22878281_binette_bin127.fasta	integron_01	k141_491846	k141_491846_2	1393	1791	-1	NA	protein	protein	NA	CALIN	No	NA	lin
SRR22878281_binette_bin127.fasta	integron_01	k141_491846	attc_004	1828	1915	-1	0.00046	attC	attC	attc_4	CALIN	No	625.0	lin
SRR22878281_binette_bin127.fasta	integron_01	k141_306672	k141_306672_2	1983	2834	-1	8.8e-31	protein	intI	intersection_tyr_intI	In0	No	NA	lin
SRR22878281_binette_bin127.fasta	integron_01	k141_504889	k141_504889_1	286	681	1	NA	protein	protein	NA	CALIN	No	NA	lin
SRR22878281_binette_bin127.fasta	integron_01	k141_504889	attc_001	717	819	1	0.00025	attC	attC	attc_4	CALIN	No	NA	lin
SRR22878281_binette_bin127.fasta	integron_01	k141_504889	k141_504889_2	996	1445	1	NA	protein	protein	NA	CALIN	No	NA	lin
SRR22878281_binette_bin127.fasta	integron_01	k141_504889	attc_002	1440	1517	1	0.038	attC	attC	attc_4	CALIN	No	621.0	lin
SRR22878281_binette_bin127.fasta	integron_01	k141_504889	k141_504889_3	1544	2023	1	NA	protein	protein	NA	CALIN	No	NA	lin
SRR22878281_binette_bin127.fasta	integron_01	k141_504889	attc_003	2651	2738	1	0.17	attC	attC	attc_4	CALIN	No	1134.0	lin
SRR22878281_binette_bin127.fasta	integron_01	k141_504889	k141_504889_4	2746	3015	1	NA	protein	protein	NA	CALIN	No	NA	lin
SRR22878281_binette_bin127.fasta	integron_01	k141_508112	k141_508112_1	3	110	-1	NA	protein	protein	NA	CALIN	No	NA	lin
SRR22878281_binette_bin127.fasta	integron_01	k141_508112	attc_001	133	226	-1	0.01	attC	attC	attc_4	CALIN	No	NA	lin
SRR22878281_binette_bin127.fasta	integron_01	k141_508112	k141_508112_2	266	535	-1	NA	protein	protein	NA	CALIN	No	NA	lin
SRR22878281_binette_bin127.fasta	integron_01	k141_508112	attc_002	543	633	-1	0.00024	attC	attC	attc_4	CALIN	No	317.0	lin
SRR22878281_binette_bin127.fasta	integron_01	k141_508112	k141_508112_3	696	1160	-1	NA	protein	protein	NA	CALIN	No	NA	lin
SRR22878281_binette_bin127.fasta	integron_01	k141_32074	k141_32074_1	598	1332	1	NA	protein	protein	NA	CALIN	No	NA	lin
SRR22878281_binette_bin127.fasta	integron_01	k141_32074	attc_001	683	770	1	0.021	attC	attC	attc_4	CALIN	No	NA	lin
SRR22878281_binette_bin127.fasta	integron_01	k141_32074	attc_002	1327	1417	1	0.0009	attC	attC	attc_4	CALIN	No	557.0	lin
SRR22878281_binette_bin127.fasta	integron_01	k141_32074	k141_32074_2	1448	2050	1	NA	protein	protein	NA	CALIN	No	NA	lin
SRR22878281_binette_bin127.fasta	integron_01	k141_32074	k141_32074_3	2128	2487	-1	NA	protein	protein	NA	CALIN	No	NA	lin
SRR22878281_binette_bin127.fasta	integron_01	k141_32074	k141_32074_4	2674	2880	-1	NA	protein	protein	NA	CALIN	No	NA	lin
SRR22878281_binette_bin127.fasta	integron_01	k141_32074	attc_003	3076	3163	1	0.023	attC	attC	attc_4	CALIN	No	1659.0	lin
SRR22878281_binette_bin127.fasta	integron_01	k141_32074	k141_32074_5	3191	3463	1	NA	protein	protein	NA	CALIN	No	NA	lin
SRR22878281_binette_bin127.fasta	integron_02	k141_32074	attc_001	8376	8465	1	9.3e-05	attC	attC	attc_4	CALIN	No	NA	lin
SRR22878281_binette_bin127.fasta	integron_02	k141_32074	k141_32074_15	8474	9031	1	NA	protein	protein	NA	CALIN	No	NA	lin
SRR22878281_binette_bin127.fasta	integron_02	k141_32074	attc_002	9042	9098	1	0.63	attC	attC	attc_4	CALIN	No	577.0	lin
SRR22878281_binette_bin127.fasta	integron_01	k141_804088	k141_804088_2	229	1200	-1	9.999999999999999e-33	protein	intI	intersection_tyr_intI	complete	No	NA	lin
SRR22878281_binette_bin127.fasta	integron_01	k141_804088	k141_804088_3	1458	1790	1	NA	protein	protein	NA	complete	No	NA	lin
SRR22878281_binette_bin127.fasta	integron_01	k141_804088	attc_001	2196	2285	1	0.0045	attC	attC	attc_4	complete	No	NA	lin
SRR22878281_binette_bin127.fasta	integron_01	k141_804088	k141_804088_4	2329	2772	1	NA	protein	protein	NA	complete	No	NA	lin
SRR22878281_binette_bin127.fasta	integron_01	k141_804088	attc_002	2815	2908	1	0.00065	attC	attC	attc_4	complete	No	530.0	lin
SRR22878281_binette_bin127.fasta	integron_01	k141_804088	k141_804088_5	2925	3140	1	NA	protein	protein	NA	complete	No	NA	lin
SRR22878281_binette_bin127.fasta	integron_01	k141_804088	attc_003	3404	3494	1	0.0046	attC	attC	attc_4	complete	No	496.0	lin
SRR22878281_binette_bin127.fasta	integron_01	k141_804088	k141_804088_6	3504	3935	1	NA	protein	protein	NA	complete	No	NA	lin
SRR22878281_binette_bin127.fasta	integron_01	k141_804088	attc_004	3930	4019	1	0.0012	attC	attC	attc_4	complete	No	436.0	lin
SRR22878281_binette_bin127.fasta	integron_01	k141_518442	k141_518442_1	2	979	1	6.299999999999999e-31	protein	intI	intersection_tyr_intI	complete	No	NA	lin
SRR22878281_binette_bin127.fasta	integron_01	k141_518442	attc_001	299	343	1	0.51	attC	attC	attc_4	complete	No	NA	lin
SRR22878281_binette_bin127.fasta	integron_01	k141_450375	k141_450375_2	345	974	-1	NA	protein	protein	NA	CALIN	No	NA	lin
SRR22878281_binette_bin127.fasta	integron_01	k141_450375	attc_001	746	793	-1	0.24	attC	attC	attc_4	CALIN	No	NA	lin
SRR22878281_binette_bin127.fasta	integron_01	k141_450375	attc_002	1064	1151	-1	6.5e-05	attC	attC	attc_4	CALIN	No	271.0	lin
SRR22878281_binette_bin127.fasta	integron_01	k141_451301	k141_451301_1	1	798	1	8.000000000000001e-34	protein	intI	intersection_tyr_intI	In0	No	NA	lin
SRR22878281_binette_bin127.fasta	integron_01	k141_749807	k141_749807_2	57	335	-1	NA	protein	protein	NA	CALIN	No	NA	lin
SRR22878281_binette_bin127.fasta	integron_01	k141_749807	attc_001	418	505	-1	0.038	attC	attC	attc_4	CALIN	No	NA	lin
SRR22878281_binette_bin127.fasta	integron_01	k141_749807	k141_749807_3	636	929	1	NA	protein	protein	NA	CALIN	No	NA	lin
SRR22878281_binette_bin127.fasta	integron_01	k141_749807	k141_749807_4	975	1829	-1	NA	protein	protein	NA	CALIN	No	NA	lin
SRR22878281_binette_bin127.fasta	integron_01	k141_749807	k141_749807_5	1863	2105	-1	NA	protein	protein	NA	CALIN	No	NA	lin
SRR22878281_binette_bin127.fasta	integron_01	k141_749807	k141_749807_6	2272	2826	-1	NA	protein	protein	NA	CALIN	No	NA	lin
SRR22878281_binette_bin127.fasta	integron_01	k141_749807	attc_002	2843	2930	-1	7.7e-05	attC	attC	attc_4	CALIN	No	2338.0	lin
SRR22878281_binette_bin127.fasta	integron_01	k141_376849	k141_376849_1	221	679	-1	NA	protein	protein	NA	CALIN	No	NA	lin
SRR22878281_binette_bin127.fasta	integron_01	k141_376849	attc_001	706	790	-1	3.2e-05	attC	attC	attc_4	CALIN	No	NA	lin
SRR22878281_binette_bin127.fasta	integron_01	k141_376849	k141_376849_2	922	1683	-1	NA	protein	protein	NA	CALIN	No	NA	lin
SRR22878281_binette_bin127.fasta	integron_01	k141_376849	attc_002	1713	1803	-1	1.1e-05	attC	attC	attc_4	CALIN	No	923.0	lin
SRR22878281_binette_bin127.fasta	integron_01	k141_760842	k141_760842_1	1	333	1	NA	protein	protein	NA	CALIN	No	NA	lin
SRR22878281_binette_bin127.fasta	integron_01	k141_760842	attc_001	338	400	1	0.0093	attC	attC	attc_4	CALIN	No	NA	lin
SRR22878281_binette_bin127.fasta	integron_01	k141_760842	k141_760842_2	405	917	1	NA	protein	protein	NA	CALIN	No	NA	lin
SRR22878281_binette_bin127.fasta	integron_01	k141_760842	attc_002	1350	1427	1	0.00072	attC	attC	attc_4	CALIN	No	950.0	lin
SRR22878281_binette_bin127.fasta	integron_01	k141_854359	k141_854359_1	1	153	1	NA	protein	protein	NA	CALIN	No	NA	lin
SRR22878281_binette_bin127.fasta	integron_01	k141_854359	attc_001	109	195	1	0.013	attC	attC	attc_4	CALIN	No	NA	lin
SRR22878281_binette_bin127.fasta	integron_01	k141_854359	k141_854359_2	292	1218	1	NA	protein	protein	NA	CALIN	No	NA	lin
SRR22878281_binette_bin127.fasta	integron_01	k141_854359	attc_002	1243	1333	1	2.4e-05	attC	attC	attc_4	CALIN	No	1048.0	lin
SRR22878281_binette_bin127.fasta	integron_01	k141_854359	k141_854359_3	1270	1398	1	NA	protein	protein	NA	CALIN	No	NA	lin
SRR22878281_binette_bin127.fasta	integron_01	k141_854359	k141_854359_4	1383	1967	-1	NA	protein	protein	NA	CALIN	No	NA	lin
SRR22878281_binette_bin127.fasta	integron_01	k141_854359	k141_854359_5	2115	2594	1	NA	protein	protein	NA	CALIN	No	NA	lin
SRR22878281_binette_bin127.fasta	integron_01	k141_854359	attc_003	2589	2675	1	0.00017	attC	attC	attc_4	CALIN	No	1256.0	lin
SRR22878281_binette_bin127.fasta	integron_01	k141_854359	k141_854359_6	2776	3045	1	NA	protein	protein	NA	CALIN	No	NA	lin
SRR22878281_binette_bin127.fasta	integron_01	k141_854359	k141_854359_7	3164	3376	-1	NA	protein	protein	NA	CALIN	No	NA	lin
SRR22878281_binette_bin127.fasta	integron_01	k141_854359	k141_854359_8	3525	3941	1	NA	protein	protein	NA	CALIN	No	NA	lin
SRR22878281_binette_bin127.fasta	integron_01	k141_854359	attc_004	4042	4132	1	0.43	attC	attC	attc_4	CALIN	No	1367.0	lin
SRR22878281_binette_bin127.fasta	integron_01	k141_854359	k141_854359_9	4142	4591	1	NA	protein	protein	NA	CALIN	No	NA	lin
SRR22878281_binette_bin128.fasta	integron_01	k141_736280	k141_736280_1	2	907	1	NA	protein	protein	NA	CALIN	No	NA	lin
SRR22878281_binette_bin128.fasta	integron_01	k141_736280	attc_001	7	113	1	0.43	attC	attC	attc_4	CALIN	No	NA	lin
SRR22878281_binette_bin128.fasta	integron_01	k141_736280	k141_736280_2	1021	1647	1	NA	protein	protein	NA	CALIN	No	NA	lin
SRR22878281_binette_bin128.fasta	integron_01	k141_736280	attc_002	1219	1306	1	0.071	attC	attC	attc_4	CALIN	No	1106.0	lin
SRR22878281_binette_bin133.fasta	integron_01	k141_498558	k141_498558_1	1	168	-1	NA	protein	protein	NA	CALIN	No	NA	lin
SRR22878281_binette_bin133.fasta	integron_01	k141_498558	attc_001	186	237	-1	0.013	attC	attC	attc_4	CALIN	No	NA	lin
SRR22878281_binette_bin133.fasta	integron_01	k141_498558	k141_498558_2	243	839	-1	NA	protein	protein	NA	CALIN	No	NA	lin
SRR22878281_binette_bin133.fasta	integron_01	k141_498558	attc_002	652	694	-1	0.36	attC	attC	attc_4	CALIN	No	415.0	lin
SRR22878281_binette_bin133.fasta	integron_01	k141_498558	attc_003	857	911	-1	2.3e-05	attC	attC	attc_4	CALIN	No	163.0	lin
SRR22878281_binette_bin133.fasta	integron_01	k141_498558	k141_498558_3	964	1188	1	NA	protein	protein	NA	CALIN	No	NA	lin
SRR22878281_binette_bin133.fasta	integron_01	k141_116069	k141_116069_1	2	283	1	NA	protein	protein	NA	CALIN	No	NA	lin
SRR22878281_binette_bin133.fasta	integron_01	k141_116069	attc_001	340	399	1	1.1e-05	attC	attC	attc_4	CALIN	No	NA	lin
SRR22878281_binette_bin133.fasta	integron_01	k141_116069	k141_116069_2	415	762	1	NA	protein	protein	NA	CALIN	No	NA	lin
SRR22878281_binette_bin133.fasta	integron_01	k141_116069	attc_002	773	862	1	0.0016	attC	attC	attc_4	CALIN	No	374.0	lin
SRR22878281_binette_bin133.fasta	integron_01	k141_116069	k141_116069_3	873	1097	1	NA	protein	protein	NA	CALIN	No	NA	lin
SRR22878281_binette_bin133.fasta	integron_01	k141_502310	k141_502310_1	1	78	-1	NA	protein	protein	NA	CALIN	No	NA	lin
SRR22878281_binette_bin133.fasta	integron_01	k141_502310	attc_001	128	183	-1	7.3e-05	attC	attC	attc_4	CALIN	No	NA	lin
SRR22878281_binette_bin133.fasta	integron_01	k141_502310	k141_502310_2	138	1106	-1	NA	protein	protein	NA	CALIN	No	NA	lin
SRR22878281_binette_bin133.fasta	integron_01	k141_502310	attc_002	1120	1221	-1	2.7e-05	attC	attC	attc_4	CALIN	No	937.0	lin
SRR22878281_binette_bin133.fasta	integron_01	k141_502310	k141_502310_3	1227	1331	-1	NA	protein	protein	NA	CALIN	No	NA	lin
SRR22878281_binette_bin133.fasta	integron_01	k141_736657	attc_001	122	211	-1	0.00083	attC	attC	attc_4	CALIN	No	NA	lin
SRR22878281_binette_bin133.fasta	integron_01	k141_736657	k141_736657_1	206	625	-1	NA	protein	protein	NA	CALIN	No	NA	lin
SRR22878281_binette_bin133.fasta	integron_01	k141_736657	attc_002	637	726	-1	0.00021	attC	attC	attc_4	CALIN	No	426.0	lin
SRR22878281_binette_bin133.fasta	integron_01	k141_736657	k141_736657_2	721	1206	-1	NA	protein	protein	NA	CALIN	No	NA	lin
SRR22878281_binette_bin136.fasta	integron_01	k141_381195	k141_381195_1	133	837	-1	NA	protein	protein	NA	CALIN	No	NA	lin
SRR22878281_binette_bin136.fasta	integron_01	k141_381195	attc_001	456	499	-1	0.71	attC	attC	attc_4	CALIN	No	NA	lin
SRR22878281_binette_bin136.fasta	integron_01	k141_381195	attc_002	874	961	-1	0.34	attC	attC	attc_4	CALIN	No	375.0	lin
SRR22878281_binette_bin136.fasta	integron_01	k141_381195	k141_381195_2	977	1855	-1	NA	protein	protein	NA	CALIN	No	NA	lin
SRR22878281_binette_bin136.fasta	integron_01	k141_381195	k141_381195_3	2022	2285	-1	NA	protein	protein	NA	CALIN	No	NA	lin
SRR22878281_binette_bin136.fasta	integron_01	k141_381195	attc_003	2295	2388	-1	0.0076	attC	attC	attc_4	CALIN	No	1334.0	lin
SRR22878281_binette_bin136.fasta	integron_01	k141_381195	k141_381195_4	2503	3114	-1	NA	protein	protein	NA	CALIN	No	NA	lin
SRR22878281_binette_bin136.fasta	integron_01	k141_381195	attc_004	3122	3213	-1	0.0015	attC	attC	attc_4	CALIN	No	734.0	lin
SRR22878281_binette_bin136.fasta	integron_01	k141_381195	k141_381195_5	3403	4389	-1	NA	protein	protein	NA	CALIN	No	NA	lin
SRR22878281_binette_bin136.fasta	integron_01	k141_381195	attc_005	4060	4147	-1	0.0018	attC	attC	attc_4	CALIN	No	847.0	lin
SRR22878281_binette_bin136.fasta	integron_01	k141_796707	attc_001	53	143	1	3.9e-05	attC	attC	attc_4	CALIN	No	NA	lin
SRR22878281_binette_bin136.fasta	integron_01	k141_796707	k141_796707_1	160	750	1	NA	protein	protein	NA	CALIN	No	NA	lin
SRR22878281_binette_bin136.fasta	integron_01	k141_796707	attc_002	745	837	1	0.00083	attC	attC	attc_4	CALIN	No	602.0	lin
SRR22878281_binette_bin136.fasta	integron_01	k141_796707	k141_796707_2	859	1569	1	NA	protein	protein	NA	CALIN	No	NA	lin
SRR22878281_binette_bin136.fasta	integron_01	k141_796707	attc_003	1588	1679	1	0.43	attC	attC	attc_4	CALIN	No	751.0	lin
SRR22878281_binette_bin136.fasta	integron_01	k141_796707	k141_796707_3	1751	2590	1	NA	protein	protein	NA	CALIN	No	NA	lin
SRR22878281_binette_bin136.fasta	integron_01	k141_796707	attc_004	2565	2620	1	0.98	attC	attC	attc_4	CALIN	No	886.0	lin
SRR22878281_binette_bin136.fasta	integron_01	k141_796707	attc_005	2712	2804	1	6e-05	attC	attC	attc_4	CALIN	No	92.0	lin
SRR22878281_binette_bin136.fasta	integron_01	k141_796707	k141_796707_4	2850	2936	1	NA	protein	protein	NA	CALIN	No	NA	lin
SRR22878281_binette_bin136.fasta	integron_01	k141_263416	k141_263416_1	321	602	-1	NA	protein	protein	NA	CALIN	No	NA	lin
SRR22878281_binette_bin136.fasta	integron_01	k141_263416	attc_001	543	586	-1	0.74	attC	attC	attc_4	CALIN	No	NA	lin
SRR22878281_binette_bin136.fasta	integron_01	k141_263416	attc_002	613	704	-1	0.0057	attC	attC	attc_4	CALIN	No	27.0	lin
SRR22878281_binette_bin136.fasta	integron_01	k141_263416	k141_263416_2	734	1105	-1	NA	protein	protein	NA	CALIN	No	NA	lin
SRR22878281_binette_bin136.fasta	integron_01	k141_263416	attc_003	1131	1219	-1	2.2e-08	attC	attC	attc_4	CALIN	No	427.0	lin
SRR22878281_binette_bin136.fasta	integron_01	k141_263416	k141_263416_3	1245	1934	-1	NA	protein	protein	NA	CALIN	No	NA	lin
SRR22878281_binette_bin136.fasta	integron_01	k141_263416	attc_004	1969	2056	-1	0.00041	attC	attC	attc_4	CALIN	No	750.0	lin
SRR22878281_binette_bin140.fasta	integron_01	k141_290014	k141_290014_4	820	993	1	NA	protein	protein	NA	CALIN	No	NA	lin
SRR22878281_binette_bin140.fasta	integron_01	k141_290014	attc_001	988	1067	-1	2.2e-05	attC	attC	attc_4	CALIN	No	NA	lin
SRR22878281_binette_bin140.fasta	integron_01	k141_290014	k141_290014_5	1010	1231	1	NA	protein	protein	NA	CALIN	No	NA	lin
SRR22878281_binette_bin140.fasta	integron_01	k141_290014	attc_002	1226	1297	-1	0.033	attC	attC	attc_4	CALIN	No	159.0	lin
SRR22878281_binette_bin140.fasta	integron_01	k141_290014	k141_290014_6	1269	1640	1	NA	protein	protein	NA	CALIN	No	NA	lin
SRR22878281_binette_bin140.fasta	integron_01	k141_321110	k141_321110_1	1	240	1	NA	protein	protein	NA	CALIN	No	NA	lin
SRR22878281_binette_bin140.fasta	integron_01	k141_321110	attc_001	322	378	1	0.72	attC	attC	attc_4	CALIN	No	NA	lin
SRR22878281_binette_bin140.fasta	integron_01	k141_321110	k141_321110_2	365	940	-1	NA	protein	protein	NA	CALIN	No	NA	lin
SRR22878281_binette_bin140.fasta	integron_01	k141_321110	attc_002	605	680	1	0.019	attC	attC	attc_4	CALIN	No	227.0	lin
SRR22878281_binette_bin140.fasta	integron_02	k141_321110	k141_321110_1	1	240	1	NA	protein	protein	NA	CALIN	No	NA	lin
SRR22878281_binette_bin140.fasta	integron_02	k141_321110	attc_001	101	166	-1	0.38	attC	attC	attc_4	CALIN	No	NA	lin
SRR22878281_binette_bin140.fasta	integron_02	k141_321110	k141_321110_2	365	940	-1	NA	protein	protein	NA	CALIN	No	NA	lin
SRR22878281_binette_bin140.fasta	integron_02	k141_321110	k141_321110_3	1153	2061	1	NA	protein	protein	NA	CALIN	No	NA	lin
SRR22878281_binette_bin140.fasta	integron_02	k141_321110	attc_002	1896	1954	-1	0.48	attC	attC	attc_4	CALIN	No	1730.0	lin
SRR22878281_binette_bin140.fasta	integron_01	k141_28753	attc_001	411	475	-1	0.69	attC	attC	attc_4	CALIN	No	NA	lin
SRR22878281_binette_bin140.fasta	integron_01	k141_28753	attc_002	600	647	-1	0.0038	attC	attC	attc_4	CALIN	No	125.0	lin
SRR22878281_binette_bin145.fasta	integron_01	k141_777263	k141_777263_3	2621	4729	1	NA	protein	protein	NA	CALIN	No	NA	lin
SRR22878281_binette_bin145.fasta	integron_01	k141_777263	attc_001	4655	4834	1	0.22	attC	attC	attc_4	CALIN	No	NA	lin
SRR22878281_binette_bin145.fasta	integron_01	k141_777263	k141_777263_4	4741	4971	1	NA	protein	protein	NA	CALIN	No	NA	lin
SRR22878281_binette_bin145.fasta	integron_01	k141_777263	k141_777263_5	4971	5150	1	NA	protein	protein	NA	CALIN	No	NA	lin
SRR22878281_binette_bin145.fasta	integron_01	k141_777263	attc_002	5093	5140	1	0.56	attC	attC	attc_4	CALIN	No	259.0	lin
SRR22878281_binette_bin145.fasta	integron_01	k141_777263	k141_777263_6	5223	5576	1	NA	protein	protein	NA	CALIN	No	NA	lin
SRR22878281_binette_bin149.fasta	integron_01	k141_892271	attc_001	3036	3102	1	0.0098	attC	attC	attc_4	CALIN	No	NA	lin
SRR22878281_binette_bin149.fasta	integron_01	k141_892271	attc_002	3698	3756	1	0.96	attC	attC	attc_4	CALIN	No	596.0	lin
SRR22878281_binette_bin151.fasta	integron_01	k141_419918	attc_001	249	296	1	0.69	attC	attC	attc_4	CALIN	No	NA	lin
SRR22878281_binette_bin151.fasta	integron_01	k141_419918	k141_419918_1	349	534	1	NA	protein	protein	NA	CALIN	No	NA	lin
SRR22878281_binette_bin151.fasta	integron_01	k141_419918	attc_002	696	891	1	0.0056	attC	attC	attc_4	CALIN	No	400.0	lin
SRR22878281_binette_bin151.fasta	integron_01	k141_419918	k141_419918_2	942	2021	1	NA	protein	protein	NA	CALIN	No	NA	lin
SRR22878281_binette_bin151.fasta	integron_01	k141_419918	k141_419918_3	2119	2997	1	NA	protein	protein	NA	CALIN	No	NA	lin
SRR22878281_binette_bin151.fasta	integron_01	k141_419918	attc_003	3128	3211	1	0.25	attC	attC	attc_4	CALIN	No	2237.0	lin
SRR22878281_binette_bin151.fasta	integron_01	k141_334321	k141_334321_1	3	809	1	NA	protein	protein	NA	CALIN	No	NA	lin
SRR22878281_binette_bin151.fasta	integron_01	k141_334321	attc_001	818	948	1	0.0018	attC	attC	attc_4	CALIN	No	NA	lin
SRR22878281_binette_bin151.fasta	integron_01	k141_334321	k141_334321_2	1039	1407	1	NA	protein	protein	NA	CALIN	No	NA	lin
SRR22878281_binette_bin151.fasta	integron_01	k141_334321	attc_002	1503	1585	1	0.75	attC	attC	attc_4	CALIN	No	555.0	lin
SRR22878281_binette_bin151.fasta	integron_01	k141_334321	k141_334321_3	1611	2078	1	NA	protein	protein	NA	CALIN	No	NA	lin
SRR22878281_binette_bin151.fasta	integron_01	k141_158554	k141_158554_1	2	736	-1	NA	protein	protein	NA	CALIN	No	NA	lin
SRR22878281_binette_bin151.fasta	integron_01	k141_158554	attc_001	754	838	-1	0.13	attC	attC	attc_4	CALIN	No	NA	lin
SRR22878281_binette_bin151.fasta	integron_01	k141_158554	k141_158554_2	933	1679	-1	NA	protein	protein	NA	CALIN	No	NA	lin
SRR22878281_binette_bin151.fasta	integron_01	k141_158554	attc_002	1619	1813	-1	0.11	attC	attC	attc_4	CALIN	No	781.0	lin
SRR22878281_binette_bin151.fasta	integron_01	k141_165679	k141_165679_1	479	1012	1	NA	protein	protein	NA	CALIN	No	NA	lin
SRR22878281_binette_bin151.fasta	integron_01	k141_165679	attc_001	1134	1216	1	0.44	attC	attC	attc_4	CALIN	No	NA	lin
SRR22878281_binette_bin151.fasta	integron_01	k141_165679	k141_165679_2	1496	1945	1	NA	protein	protein	NA	CALIN	No	NA	lin
SRR22878281_binette_bin151.fasta	integron_01	k141_165679	k141_165679_3	2063	2575	1	NA	protein	protein	NA	CALIN	No	NA	lin
SRR22878281_binette_bin151.fasta	integron_01	k141_165679	attc_002	2788	2872	1	0.041	attC	attC	attc_4	CALIN	No	1572.0	lin
SRR22878281_binette_bin151.fasta	integron_01	k141_83734	k141_83734_2	113	745	-1	NA	protein	protein	NA	CALIN	No	NA	lin
SRR22878281_binette_bin151.fasta	integron_01	k141_83734	attc_001	821	887	-1	0.0011	attC	attC	attc_4	CALIN	No	NA	lin
SRR22878281_binette_bin151.fasta	integron_01	k141_83734	k141_83734_3	901	1791	-1	NA	protein	protein	NA	CALIN	No	NA	lin
SRR22878281_binette_bin151.fasta	integron_01	k141_83734	k141_83734_4	1895	2662	-1	NA	protein	protein	NA	CALIN	No	NA	lin
SRR22878281_binette_bin151.fasta	integron_01	k141_83734	attc_002	2681	2758	-1	0.033	attC	attC	attc_4	CALIN	No	1794.0	lin
SRR22878281_binette_bin151.fasta	integron_01	k141_83734	k141_83734_5	2733	2822	-1	NA	protein	protein	NA	CALIN	No	NA	lin
SRR22878281_binette_bin160.fasta	integron_01	k141_4389	k141_4389_1	3	371	-1	NA	protein	protein	NA	CALIN	No	NA	lin
SRR22878281_binette_bin160.fasta	integron_01	k141_4389	attc_001	357	456	-1	0.00059	attC	attC	attc_4	CALIN	No	NA	lin
SRR22878281_binette_bin160.fasta	integron_01	k141_4389	k141_4389_2	488	892	-1	NA	protein	protein	NA	CALIN	No	NA	lin
SRR22878281_binette_bin160.fasta	integron_01	k141_4389	attc_002	949	1041	-1	8.5e-05	attC	attC	attc_4	CALIN	No	493.0	lin
SRR22878281_binette_bin160.fasta	integron_01	k141_4389	k141_4389_3	1036	1539	-1	NA	protein	protein	NA	CALIN	No	NA	lin
SRR22878281_binette_bin160.fasta	integron_01	k141_4389	attc_003	1563	1638	-1	0.031	attC	attC	attc_4	CALIN	No	522.0	lin
SRR22878281_binette_bin160.fasta	integron_01	k141_4389	k141_4389_4	1674	1799	-1	NA	protein	protein	NA	CALIN	No	NA	lin
SRR22878281_binette_bin160.fasta	integron_01	k141_308732	k141_308732_1	2	124	-1	NA	protein	protein	NA	CALIN	No	NA	lin
SRR22878281_binette_bin160.fasta	integron_01	k141_308732	attc_001	121	245	-1	0.9	attC	attC	attc_4	CALIN	No	NA	lin
SRR22878281_binette_bin160.fasta	integron_01	k141_308732	k141_308732_2	240	1178	-1	NA	protein	protein	NA	CALIN	No	NA	lin
SRR22878281_binette_bin160.fasta	integron_01	k141_308732	attc_002	468	516	-1	0.00033	attC	attC	attc_4	CALIN	No	223.0	lin
SRR22878281_binette_bin160.fasta	integron_01	k141_315771	attc_001	2158	2287	-1	0.73	attC	attC	attc_4	CALIN	No	NA	lin
SRR22878281_binette_bin160.fasta	integron_01	k141_315771	k141_315771_3	2395	2748	1	NA	protein	protein	NA	CALIN	No	NA	lin
SRR22878281_binette_bin160.fasta	integron_01	k141_315771	attc_002	2861	2960	-1	0.00031	attC	attC	attc_4	CALIN	No	574.0	lin
SRR22878281_binette_bin160.fasta	integron_01	k141_315771	k141_315771_4	2962	3264	-1	NA	protein	protein	NA	CALIN	No	NA	lin
SRR22878281_binette_bin160.fasta	integron_01	k141_315771	k141_315771_5	3435	4001	-1	NA	protein	protein	NA	CALIN	No	NA	lin
SRR22878281_binette_bin160.fasta	integron_01	k141_315771	attc_003	4016	4114	-1	0.00079	attC	attC	attc_4	CALIN	No	1056.0	lin
SRR22878281_binette_bin160.fasta	integron_01	k141_315771	k141_315771_6	4115	4219	-1	NA	protein	protein	NA	CALIN	No	NA	lin
SRR22878281_binette_bin160.fasta	integron_01	k141_619203	attc_001	136	253	-1	0.002	attC	attC	attc_4	CALIN	No	NA	lin
SRR22878281_binette_bin160.fasta	integron_01	k141_619203	k141_619203_1	301	573	1	NA	protein	protein	NA	CALIN	No	NA	lin
SRR22878281_binette_bin160.fasta	integron_01	k141_619203	k141_619203_2	542	823	1	NA	protein	protein	NA	CALIN	No	NA	lin
SRR22878281_binette_bin160.fasta	integron_01	k141_619203	attc_002	834	890	-1	0.0015	attC	attC	attc_4	CALIN	No	581.0	lin
SRR22878281_binette_bin160.fasta	integron_01	k141_619203	k141_619203_3	860	1345	-1	NA	protein	protein	NA	CALIN	No	NA	lin
SRR22878281_binette_bin160.fasta	integron_01	k141_355868	attc_001	12	78	-1	0.14	attC	attC	attc_4	CALIN	No	NA	lin
SRR22878281_binette_bin160.fasta	integron_01	k141_355868	k141_355868_1	73	552	-1	NA	protein	protein	NA	CALIN	No	NA	lin
SRR22878281_binette_bin160.fasta	integron_01	k141_355868	attc_002	570	659	-1	6.9e-06	attC	attC	attc_4	CALIN	No	492.0	lin
SRR22878281_binette_bin160.fasta	integron_01	k141_355868	k141_355868_2	661	1143	-1	NA	protein	protein	NA	CALIN	No	NA	lin
SRR22878281_binette_bin160.fasta	integron_01	k141_168020	k141_168020_1	1	183	1	NA	protein	protein	NA	CALIN	No	NA	lin
SRR22878281_binette_bin160.fasta	integron_01	k141_168020	attc_001	187	246	1	3.7e-05	attC	attC	attc_4	CALIN	No	NA	lin
SRR22878281_binette_bin160.fasta	integron_01	k141_168020	k141_168020_2	255	635	1	NA	protein	protein	NA	CALIN	No	NA	lin
SRR22878281_binette_bin160.fasta	integron_01	k141_168020	attc_002	641	746	1	3.9e-05	attC	attC	attc_4	CALIN	No	395.0	lin
SRR22878281_binette_bin160.fasta	integron_01	k141_168020	k141_168020_3	766	1086	1	NA	protein	protein	NA	CALIN	No	NA	lin
SRR22878281_binette_bin160.fasta	integron_01	k141_168020	attc_003	1081	1149	1	0.0015	attC	attC	attc_4	CALIN	No	335.0	lin
SRR22878281_binette_bin160.fasta	integron_01	k141_168020	k141_168020_4	1170	1565	1	NA	protein	protein	NA	CALIN	No	NA	lin
SRR22878281_binette_bin160.fasta	integron_01	k141_168020	attc_004	1573	1647	1	0.012	attC	attC	attc_4	CALIN	No	424.0	lin
SRR22878281_binette_bin160.fasta	integron_01	k141_168020	k141_168020_5	1654	2115	1	NA	protein	protein	NA	CALIN	No	NA	lin
SRR22878281_binette_bin160.fasta	integron_01	k141_168020	attc_005	2093	2161	1	0.0008	attC	attC	attc_4	CALIN	No	446.0	lin
SRR22878281_binette_bin160.fasta	integron_01	k141_168020	k141_168020_6	2182	2346	1	NA	protein	protein	NA	CALIN	No	NA	lin
SRR22878281_binette_bin160.fasta	integron_01	k141_545277	k141_545277_1	1	66	1	NA	protein	protein	NA	CALIN	No	NA	lin
SRR22878281_binette_bin160.fasta	integron_01	k141_545277	attc_001	61	141	1	0.0058	attC	attC	attc_4	CALIN	No	NA	lin
SRR22878281_binette_bin160.fasta	integron_01	k141_545277	k141_545277_2	161	511	1	NA	protein	protein	NA	CALIN	No	NA	lin
SRR22878281_binette_bin160.fasta	integron_01	k141_545277	attc_002	506	595	1	1.3e-05	attC	attC	attc_4	CALIN	No	365.0	lin
SRR22878281_binette_bin160.fasta	integron_01	k141_545277	k141_545277_3	617	1147	1	NA	protein	protein	NA	CALIN	No	NA	lin
SRR22878281_binette_bin160.fasta	integron_01	k141_843322	k141_843322_1	3	182	1	NA	protein	protein	NA	CALIN	No	NA	lin
SRR22878281_binette_bin160.fasta	integron_01	k141_843322	attc_001	177	275	1	9.5e-09	attC	attC	attc_4	CALIN	No	NA	lin
SRR22878281_binette_bin160.fasta	integron_01	k141_843322	k141_843322_2	280	717	1	NA	protein	protein	NA	CALIN	No	NA	lin
SRR22878281_binette_bin160.fasta	integron_01	k141_843322	attc_002	699	803	1	7.1e-05	attC	attC	attc_4	CALIN	No	424.0	lin
SRR22878281_binette_bin160.fasta	integron_01	k141_843322	k141_843322_3	820	1245	1	NA	protein	protein	NA	CALIN	No	NA	lin
SRR22878281_binette_bin160.fasta	integron_01	k141_843322	attc_003	1218	1313	1	1e-06	attC	attC	attc_4	CALIN	No	415.0	lin
SRR22878281_binette_bin162.fasta	integron_01	k141_758217	k141_758217_1	1	138	1	NA	protein	protein	NA	CALIN	No	NA	lin
SRR22878281_binette_bin162.fasta	integron_01	k141_758217	attc_001	257	303	1	0.78	attC	attC	attc_4	CALIN	No	NA	lin
SRR22878281_binette_bin162.fasta	integron_01	k141_758217	k141_758217_2	323	1462	1	NA	protein	protein	NA	CALIN	No	NA	lin
SRR22878281_binette_bin162.fasta	integron_01	k141_758217	attc_002	665	833	1	0.0016	attC	attC	attc_4	CALIN	No	362.0	lin
SRR22878281_binette_bin162.fasta	integron_01	k141_461827	k141_461827_1	2	181	-1	NA	protein	protein	NA	CALIN	No	NA	lin
SRR22878281_binette_bin162.fasta	integron_01	k141_461827	attc_001	188	256	-1	0.013	attC	attC	attc_4	CALIN	No	NA	lin
SRR22878281_binette_bin162.fasta	integron_01	k141_461827	k141_461827_2	259	1080	-1	NA	protein	protein	NA	CALIN	No	NA	lin
SRR22878281_binette_bin162.fasta	integron_01	k141_461827	attc_002	1097	1159	-1	1.8e-07	attC	attC	attc_4	CALIN	No	841.0	lin
SRR22878281_binette_bin162.fasta	integron_01	k141_461827	k141_461827_3	1160	1309	-1	NA	protein	protein	NA	CALIN	No	NA	lin
SRR22878281_binette_bin165.fasta	integron_01	k141_282586	k141_282586_1	2	259	-1	NA	protein	protein	NA	CALIN	No	NA	lin
SRR22878281_binette_bin165.fasta	integron_01	k141_282586	attc_001	310	487	1	0.027	attC	attC	attc_4	CALIN	No	NA	lin
SRR22878281_binette_bin165.fasta	integron_01	k141_282586	k141_282586_2	471	848	-1	NA	protein	protein	NA	CALIN	No	NA	lin
SRR22878281_binette_bin165.fasta	integron_01	k141_282586	k141_282586_3	851	1084	-1	NA	protein	protein	NA	CALIN	No	NA	lin
SRR22878281_binette_bin165.fasta	integron_01	k141_282586	attc_002	1170	1230	1	0.62	attC	attC	attc_4	CALIN	No	683.0	lin
SRR22878281_binette_bin166.fasta	integron_01	k141_10160	k141_10160_3	1395	2831	-1	3.4000000000000005e-28	protein	intI	intersection_tyr_intI	complete	No	NA	lin
SRR22878281_binette_bin166.fasta	integron_01	k141_10160	attc_001	3277	3366	1	0.00015	attC	attC	attc_4	complete	No	NA	lin
SRR22878281_binette_bin168.fasta	integron_01	k141_196855	attc_001	8	109	1	0.26	attC	attC	attc_4	CALIN	No	NA	lin
SRR22878281_binette_bin168.fasta	integron_01	k141_196855	k141_196855_1	152	451	1	NA	protein	protein	NA	CALIN	No	NA	lin
SRR22878281_binette_bin168.fasta	integron_01	k141_196855	k141_196855_2	444	704	1	NA	protein	protein	NA	CALIN	No	NA	lin
SRR22878281_binette_bin168.fasta	integron_01	k141_196855	attc_002	738	835	1	2.9e-07	attC	attC	attc_4	CALIN	No	629.0	lin
SRR22878281_binette_bin168.fasta	integron_01	k141_196855	attc_003	1272	1372	1	2.6e-06	attC	attC	attc_4	CALIN	No	437.0	lin
SRR22878281_binette_bin168.fasta	integron_01	k141_196855	k141_196855_3	1426	1692	1	NA	protein	protein	NA	CALIN	No	NA	lin
SRR22878281_binette_bin168.fasta	integron_01	k141_196855	k141_196855_4	1702	1962	1	NA	protein	protein	NA	CALIN	No	NA	lin
SRR22878281_binette_bin168.fasta	integron_01	k141_196855	attc_004	2023	2123	1	0.0029	attC	attC	attc_4	CALIN	No	651.0	lin
SRR22878281_binette_bin168.fasta	integron_01	k141_196855	k141_196855_5	2337	2669	1	NA	protein	protein	NA	CALIN	No	NA	lin
SRR22878281_binette_bin168.fasta	integron_01	k141_196855	k141_196855_6	2666	2884	1	NA	protein	protein	NA	CALIN	No	NA	lin
SRR22878281_binette_bin168.fasta	integron_01	k141_196855	attc_005	2946	3046	1	1.3e-05	attC	attC	attc_4	CALIN	No	823.0	lin
SRR22878281_binette_bin168.fasta	integron_01	k141_196855	k141_196855_7	3165	3503	1	NA	protein	protein	NA	CALIN	No	NA	lin
SRR22878281_binette_bin168.fasta	integron_01	k141_196855	k141_196855_8	3507	4055	1	NA	protein	protein	NA	CALIN	No	NA	lin
SRR22878281_binette_bin168.fasta	integron_01	k141_196855	attc_006	4062	4162	1	0.00044	attC	attC	attc_4	CALIN	No	1016.0	lin
SRR22878281_binette_bin168.fasta	integron_01	k141_774809	attc_001	1442	1544	1	1.4e-05	attC	attC	attc_4	CALIN	No	NA	lin
SRR22878281_binette_bin168.fasta	integron_01	k141_774809	k141_774809_2	1566	1880	1	NA	protein	protein	NA	CALIN	No	NA	lin
SRR22878281_binette_bin168.fasta	integron_01	k141_774809	attc_002	2022	2117	1	9.2e-06	attC	attC	attc_4	CALIN	No	478.0	lin
SRR22878281_binette_bin168.fasta	integron_01	k141_774809	k141_774809_3	2216	3130	1	NA	protein	protein	NA	CALIN	No	NA	lin
SRR22878281_binette_bin168.fasta	integron_01	k141_774809	attc_003	3145	3260	1	0.00028	attC	attC	attc_4	CALIN	No	1028.0	lin
SRR22878281_binette_bin168.fasta	integron_01	k141_198425	k141_198425_1	3	182	-1	NA	protein	protein	NA	CALIN	No	NA	lin
SRR22878281_binette_bin168.fasta	integron_01	k141_198425	attc_001	196	268	-1	3.5e-06	attC	attC	attc_4	CALIN	No	NA	lin
SRR22878281_binette_bin168.fasta	integron_01	k141_198425	k141_198425_2	340	1431	-1	NA	protein	protein	NA	CALIN	No	NA	lin
SRR22878281_binette_bin168.fasta	integron_01	k141_198425	attc_002	1498	1587	-1	3.5e-05	attC	attC	attc_4	CALIN	No	1230.0	lin
SRR22878281_binette_bin168.fasta	integron_01	k141_198425	k141_198425_3	1592	2023	-1	NA	protein	protein	NA	CALIN	No	NA	lin
SRR22878281_binette_bin168.fasta	integron_01	k141_198425	k141_198425_4	2105	2974	-1	NA	protein	protein	NA	CALIN	No	NA	lin
SRR22878281_binette_bin168.fasta	integron_01	k141_198425	k141_198425_5	2971	3288	-1	NA	protein	protein	NA	CALIN	No	NA	lin
SRR22878281_binette_bin168.fasta	integron_01	k141_198425	attc_003	3346	3441	-1	0.00052	attC	attC	attc_4	CALIN	No	1759.0	lin
SRR22878281_binette_bin168.fasta	integron_01	k141_198425	k141_198425_6	3524	4228	-1	NA	protein	protein	NA	CALIN	No	NA	lin
SRR22878281_binette_bin168.fasta	integron_01	k141_20269	k141_20269_5	1108	1329	1	NA	protein	protein	NA	CALIN	No	NA	lin
SRR22878281_binette_bin168.fasta	integron_01	k141_20269	attc_001	1324	1419	1	0.029	attC	attC	attc_4	CALIN	No	NA	lin
SRR22878281_binette_bin168.fasta	integron_01	k141_20269	k141_20269_6	1426	1716	1	NA	protein	protein	NA	CALIN	No	NA	lin
SRR22878281_binette_bin168.fasta	integron_01	k141_20269	attc_002	1711	1797	1	1.1e-05	attC	attC	attc_4	CALIN	No	292.0	lin
SRR22878281_binette_bin168.fasta	integron_01	k141_20269	k141_20269_7	1804	2016	1	NA	protein	protein	NA	CALIN	No	NA	lin
SRR22878281_binette_bin168.fasta	integron_01	k141_503018	k141_503018_1	84	545	-1	NA	protein	protein	NA	CALIN	No	NA	lin
SRR22878281_binette_bin168.fasta	integron_01	k141_503018	attc_001	566	674	-1	0.014	attC	attC	attc_4	CALIN	No	NA	lin
SRR22878281_binette_bin168.fasta	integron_01	k141_503018	k141_503018_2	709	1179	-1	NA	protein	protein	NA	CALIN	No	NA	lin
SRR22878281_binette_bin168.fasta	integron_01	k141_503018	k141_503018_3	1284	1397	-1	NA	protein	protein	NA	CALIN	No	NA	lin
SRR22878281_binette_bin168.fasta	integron_01	k141_503018	k141_503018_4	1394	1528	-1	NA	protein	protein	NA	CALIN	No	NA	lin
SRR22878281_binette_bin168.fasta	integron_01	k141_503018	attc_002	1534	1601	-1	4.4e-05	attC	attC	attc_4	CALIN	No	860.0	lin
SRR22878281_binette_bin168.fasta	integron_01	k141_503018	k141_503018_5	1596	1874	-1	NA	protein	protein	NA	CALIN	No	NA	lin
SRR22878281_binette_bin168.fasta	integron_01	k141_420703	k141_420703_1	53	547	1	NA	protein	protein	NA	CALIN	No	NA	lin
SRR22878281_binette_bin168.fasta	integron_01	k141_420703	attc_001	568	669	1	0.00029	attC	attC	attc_4	CALIN	No	NA	lin
SRR22878281_binette_bin168.fasta	integron_01	k141_420703	k141_420703_2	687	1325	1	NA	protein	protein	NA	CALIN	No	NA	lin
SRR22878281_binette_bin168.fasta	integron_01	k141_420703	attc_002	1325	1436	1	0.093	attC	attC	attc_4	CALIN	No	656.0	lin
SRR22878281_binette_bin168.fasta	integron_01	k141_420703	k141_420703_3	1450	1914	1	NA	protein	protein	NA	CALIN	No	NA	lin
SRR22878281_binette_bin168.fasta	integron_01	k141_420703	attc_003	1927	2024	1	0.00043	attC	attC	attc_4	CALIN	No	491.0	lin
SRR22878281_binette_bin168.fasta	integron_01	k141_420703	k141_420703_4	2039	2449	1	NA	protein	protein	NA	CALIN	No	NA	lin
SRR22878281_binette_bin168.fasta	integron_01	k141_420703	attc_004	2452	2541	1	0.92	attC	attC	attc_4	CALIN	No	428.0	lin
SRR22878281_binette_bin168.fasta	integron_01	k141_420703	k141_420703_5	2578	3420	1	NA	protein	protein	NA	CALIN	No	NA	lin
SRR22878281_binette_bin168.fasta	integron_01	k141_420997	attc_001	32	148	1	1.3e-06	attC	attC	attc_4	CALIN	No	NA	lin
SRR22878281_binette_bin168.fasta	integron_01	k141_420997	k141_420997_1	143	448	-1	NA	protein	protein	NA	CALIN	No	NA	lin
SRR22878281_binette_bin168.fasta	integron_01	k141_420997	k141_420997_2	438	662	-1	NA	protein	protein	NA	CALIN	No	NA	lin
SRR22878281_binette_bin168.fasta	integron_01	k141_420997	attc_002	798	914	1	0.00093	attC	attC	attc_4	CALIN	No	650.0	lin
SRR22878281_binette_bin168.fasta	integron_01	k141_420997	k141_420997_3	976	1254	1	NA	protein	protein	NA	CALIN	No	NA	lin
SRR22878281_binette_bin168.fasta	integron_01	k141_420997	k141_420997_4	1254	1547	1	NA	protein	protein	NA	CALIN	No	NA	lin
SRR22878281_binette_bin168.fasta	integron_01	k141_420997	attc_003	1542	1658	1	8.1e-08	attC	attC	attc_4	CALIN	No	628.0	lin
SRR22878281_binette_bin168.fasta	integron_01	k141_420997	k141_420997_5	1692	2075	-1	NA	protein	protein	NA	CALIN	No	NA	lin
SRR22878281_binette_bin168.fasta	integron_01	k141_420997	k141_420997_6	2072	2296	-1	NA	protein	protein	NA	CALIN	No	NA	lin
SRR22878281_binette_bin168.fasta	integron_01	k141_420997	attc_004	2348	2467	1	0.37	attC	attC	attc_4	CALIN	No	690.0	lin
SRR22878281_binette_bin168.fasta	integron_01	k141_420997	k141_420997_7	2508	2879	1	NA	protein	protein	NA	CALIN	No	NA	lin
SRR22878281_binette_bin168.fasta	integron_01	k141_420997	k141_420997_8	3340	3555	1	NA	protein	protein	NA	CALIN	No	NA	lin
SRR22878281_binette_bin168.fasta	integron_01	k141_420997	attc_005	3555	3597	1	0.15	attC	attC	attc_4	CALIN	No	1088.0	lin
SRR22878281_binette_bin168.fasta	integron_01	k141_420997	k141_420997_9	3623	4108	1	NA	protein	protein	NA	CALIN	No	NA	lin
SRR22878281_binette_bin168.fasta	integron_01	k141_420997	attc_006	4140	4206	1	0.00028	attC	attC	attc_4	CALIN	No	543.0	lin
SRR22878281_binette_bin168.fasta	integron_01	k141_420997	k141_420997_10	4221	4541	1	NA	protein	protein	NA	CALIN	No	NA	lin
SRR22878281_binette_bin168.fasta	integron_01	k141_356251	k141_356251_1	2	391	1	NA	protein	protein	NA	CALIN	No	NA	lin
SRR22878281_binette_bin168.fasta	integron_01	k141_356251	attc_001	386	486	1	0.0016	attC	attC	attc_4	CALIN	No	NA	lin
SRR22878281_binette_bin168.fasta	integron_01	k141_356251	attc_002	617	672	1	0.47	attC	attC	attc_4	CALIN	No	131.0	lin
SRR22878281_binette_bin168.fasta	integron_01	k141_356251	k141_356251_2	713	1132	1	NA	protein	protein	NA	CALIN	No	NA	lin
SRR22878281_binette_bin168.fasta	integron_01	k141_356251	k141_356251_3	1132	1371	1	NA	protein	protein	NA	CALIN	No	NA	lin
SRR22878281_binette_bin168.fasta	integron_01	k141_356251	k141_356251_4	1588	1800	1	NA	protein	protein	NA	CALIN	No	NA	lin
SRR22878281_binette_bin168.fasta	integron_01	k141_356251	attc_003	2128	2223	1	0.00067	attC	attC	attc_4	CALIN	No	1456.0	lin
SRR22878281_binette_bin168.fasta	integron_01	k141_356251	k141_356251_5	2347	2802	1	NA	protein	protein	NA	CALIN	No	NA	lin
SRR22878281_binette_bin168.fasta	integron_01	k141_356251	k141_356251_6	3318	4535	1	NA	protein	protein	NA	CALIN	No	NA	lin
SRR22878281_binette_bin168.fasta	integron_01	k141_356251	attc_004	4642	4741	1	0.0078	attC	attC	attc_4	CALIN	No	2419.0	lin
SRR22878281_binette_bin168.fasta	integron_01	k141_356251	k141_356251_7	4844	5035	-1	NA	protein	protein	NA	CALIN	No	NA	lin
SRR22878281_binette_bin168.fasta	integron_01	k141_358256	k141_358256_3	2111	2422	1	NA	protein	protein	NA	CALIN	No	NA	lin
SRR22878281_binette_bin168.fasta	integron_01	k141_358256	attc_001	2426	2525	1	0.00016	attC	attC	attc_4	CALIN	No	NA	lin
SRR22878281_binette_bin168.fasta	integron_01	k141_358256	k141_358256_4	2627	3208	1	NA	protein	protein	NA	CALIN	No	NA	lin
SRR22878281_binette_bin168.fasta	integron_01	k141_358256	attc_002	3266	3349	1	0.0088	attC	attC	attc_4	CALIN	No	741.0	lin
SRR22878281_binette_bin168.fasta	integron_01	k141_358256	k141_358256_5	3446	3865	1	NA	protein	protein	NA	CALIN	No	NA	lin
SRR22878281_binette_bin168.fasta	integron_01	k141_358256	attc_003	3964	4064	1	0.25	attC	attC	attc_4	CALIN	No	615.0	lin
SRR22878281_binette_bin168.fasta	integron_01	k141_358256	k141_358256_6	4194	4607	1	NA	protein	protein	NA	CALIN	No	NA	lin
SRR22878281_binette_bin168.fasta	integron_01	k141_358256	attc_004	4709	4772	1	0.41	attC	attC	attc_4	CALIN	No	645.0	lin
SRR22878281_binette_bin168.fasta	integron_01	k141_358256	k141_358256_7	4781	5305	1	NA	protein	protein	NA	CALIN	No	NA	lin
SRR22878281_binette_bin168.fasta	integron_01	k141_358256	attc_005	5300	5373	1	0.015	attC	attC	attc_4	CALIN	No	528.0	lin
SRR22878281_binette_bin168.fasta	integron_01	k141_358256	k141_358256_8	5431	5721	-1	NA	protein	protein	NA	CALIN	No	NA	lin
SRR22878281_binette_bin168.fasta	integron_01	k141_358256	k141_358256_9	5714	5974	-1	NA	protein	protein	NA	CALIN	No	NA	lin
SRR22878281_binette_bin168.fasta	integron_01	k141_358256	attc_006	6065	6165	1	2.1e-06	attC	attC	attc_4	CALIN	No	692.0	lin
SRR22878281_binette_bin168.fasta	integron_01	k141_358256	k141_358256_10	6248	6535	1	NA	protein	protein	NA	CALIN	No	NA	lin
SRR22878281_binette_bin168.fasta	integron_01	k141_358256	k141_358256_11	6532	6762	1	NA	protein	protein	NA	CALIN	No	NA	lin
SRR22878281_binette_bin168.fasta	integron_01	k141_358256	attc_007	6757	6852	1	0.00014	attC	attC	attc_4	CALIN	No	592.0	lin
SRR22878281_binette_bin168.fasta	integron_01	k141_358256	k141_358256_12	6869	7180	1	NA	protein	protein	NA	CALIN	No	NA	lin
SRR22878281_binette_bin168.fasta	integron_01	k141_358256	k141_358256_13	7195	7359	-1	NA	protein	protein	NA	CALIN	No	NA	lin
SRR22878281_binette_bin168.fasta	integron_01	k141_358256	attc_008	7754	7828	1	0.16	attC	attC	attc_4	CALIN	No	902.0	lin
SRR22878281_binette_bin168.fasta	integron_01	k141_637436	k141_637436_1	206	1015	1	NA	protein	protein	NA	CALIN	No	NA	lin
SRR22878281_binette_bin168.fasta	integron_01	k141_637436	attc_001	883	964	-1	0.088	attC	attC	attc_4	CALIN	No	NA	lin
SRR22878281_binette_bin168.fasta	integron_01	k141_637436	k141_637436_2	969	1139	1	NA	protein	protein	NA	CALIN	No	NA	lin
SRR22878281_binette_bin168.fasta	integron_01	k141_637436	k141_637436_3	1170	1487	-1	NA	protein	protein	NA	CALIN	No	NA	lin
SRR22878281_binette_bin168.fasta	integron_01	k141_637436	k141_637436_4	1489	1782	-1	NA	protein	protein	NA	CALIN	No	NA	lin
SRR22878281_binette_bin168.fasta	integron_01	k141_637436	k141_637436_5	2252	2482	1	NA	protein	protein	NA	CALIN	No	NA	lin
SRR22878281_binette_bin168.fasta	integron_01	k141_637436	k141_637436_6	2479	2841	1	NA	protein	protein	NA	CALIN	No	NA	lin
SRR22878281_binette_bin168.fasta	integron_01	k141_637436	k141_637436_7	3294	3632	1	NA	protein	protein	NA	CALIN	No	NA	lin
SRR22878281_binette_bin168.fasta	integron_01	k141_637436	k141_637436_8	3650	4558	-1	NA	protein	protein	NA	CALIN	No	NA	lin
SRR22878281_binette_bin168.fasta	integron_01	k141_637436	attc_002	3716	3775	-1	0.66	attC	attC	attc_4	CALIN	No	2752.0	lin
SRR22878281_binette_bin168.fasta	integron_01	k141_644601	k141_644601_3	875	1150	1	NA	protein	protein	NA	CALIN	No	NA	lin
SRR22878281_binette_bin168.fasta	integron_01	k141_644601	attc_001	1181	1281	1	0.011	attC	attC	attc_4	CALIN	No	NA	lin
SRR22878281_binette_bin168.fasta	integron_01	k141_644601	k141_644601_4	1547	1786	1	NA	protein	protein	NA	CALIN	No	NA	lin
SRR22878281_binette_bin168.fasta	integron_01	k141_644601	k141_644601_5	1790	2197	1	NA	protein	protein	NA	CALIN	No	NA	lin
SRR22878281_binette_bin168.fasta	integron_01	k141_644601	attc_002	2225	2325	1	0.016	attC	attC	attc_4	CALIN	No	944.0	lin
SRR22878281_binette_bin168.fasta	integron_01	k141_644601	k141_644601_6	2271	2591	1	NA	protein	protein	NA	CALIN	No	NA	lin
SRR22878281_binette_bin168.fasta	integron_01	k141_644601	attc_003	2708	2824	1	0.0029	attC	attC	attc_4	CALIN	No	383.0	lin
SRR22878281_binette_bin168.fasta	integron_01	k141_644601	k141_644601_7	2846	3355	1	NA	protein	protein	NA	CALIN	No	NA	lin
SRR22878281_binette_bin168.fasta	integron_01	k141_644601	attc_004	3350	3466	1	2.4e-05	attC	attC	attc_4	CALIN	No	526.0	lin
SRR22878281_binette_bin168.fasta	integron_01	k141_644601	k141_644601_8	3528	3785	1	NA	protein	protein	NA	CALIN	No	NA	lin
SRR22878281_binette_bin168.fasta	integron_01	k141_644601	k141_644601_9	3792	4052	1	NA	protein	protein	NA	CALIN	No	NA	lin
SRR22878281_binette_bin168.fasta	integron_01	k141_644601	attc_005	4112	4208	1	6.1e-05	attC	attC	attc_4	CALIN	No	646.0	lin
SRR22878281_binette_bin168.fasta	integron_01	k141_644601	k141_644601_10	4337	4651	1	NA	protein	protein	NA	CALIN	No	NA	lin
SRR22878281_binette_bin168.fasta	integron_01	k141_644601	k141_644601_11	4681	4839	-1	NA	protein	protein	NA	CALIN	No	NA	lin
SRR22878281_binette_bin168.fasta	integron_01	k141_644601	attc_006	5003	5104	1	7.7e-05	attC	attC	attc_4	CALIN	No	795.0	lin
SRR22878281_binette_bin168.fasta	integron_01	k141_644601	k141_644601_12	5441	5701	1	NA	protein	protein	NA	CALIN	No	NA	lin
SRR22878281_binette_bin168.fasta	integron_01	k141_644601	attc_007	5735	5835	1	7.2e-05	attC	attC	attc_4	CALIN	No	631.0	lin
SRR22878281_binette_bin168.fasta	integron_01	k141_644601	k141_644601_13	5908	6228	1	NA	protein	protein	NA	CALIN	No	NA	lin
SRR22878281_binette_bin168.fasta	integron_01	k141_470092	attc_001	144	259	1	9.9e-06	attC	attC	attc_4	CALIN	No	NA	lin
SRR22878281_binette_bin168.fasta	integron_01	k141_470092	k141_470092_1	370	1119	1	NA	protein	protein	NA	CALIN	No	NA	lin
SRR22878281_binette_bin168.fasta	integron_01	k141_470092	attc_002	1186	1286	1	0.0034	attC	attC	attc_4	CALIN	No	927.0	lin
SRR22878281_binette_bin168.fasta	integron_01	k141_470092	k141_470092_2	1345	1563	1	NA	protein	protein	NA	CALIN	No	NA	lin
SRR22878281_binette_bin17.fasta	integron_01	k141_938790	k141_938790_1	1	906	-1	1.8000000000000002e-28	protein	intI	intersection_tyr_intI	In0	No	NA	lin
SRR22878281_binette_bin171.fasta	integron_01	k141_879724	k141_879724_3	1139	4129	1	NA	protein	protein	NA	CALIN	No	NA	lin
SRR22878281_binette_bin171.fasta	integron_01	k141_879724	attc_001	1578	1678	-1	0.058	attC	attC	attc_4	CALIN	No	NA	lin
SRR22878281_binette_bin171.fasta	integron_01	k141_879724	attc_002	3910	3952	-1	0.045	attC	attC	attc_4	CALIN	No	2232.0	lin
SRR22878281_binette_bin173.fasta	integron_01	k141_777080	attc_001	8148	8235	1	0.011	attC	attC	attc_4	CALIN	No	NA	lin
SRR22878281_binette_bin173.fasta	integron_01	k141_777080	k141_777080_8	8251	9078	1	NA	protein	protein	NA	CALIN	No	NA	lin
SRR22878281_binette_bin173.fasta	integron_01	k141_777080	attc_002	9073	9165	1	0.018	attC	attC	attc_4	CALIN	No	838.0	lin
SRR22878281_binette_bin173.fasta	integron_01	k141_777080	k141_777080_9	9202	9942	1	NA	protein	protein	NA	CALIN	No	NA	lin
SRR22878281_binette_bin173.fasta	integron_01	k141_777080	attc_003	10066	10158	1	4.8e-05	attC	attC	attc_4	CALIN	No	901.0	lin
SRR22878281_binette_bin173.fasta	integron_01	k141_777080	k141_777080_10	10257	10967	1	NA	protein	protein	NA	CALIN	No	NA	lin
SRR22878281_binette_bin173.fasta	integron_01	k141_29766	k141_29766_1	2	1120	1	NA	protein	protein	NA	CALIN	No	NA	lin
SRR22878281_binette_bin173.fasta	integron_01	k141_29766	attc_001	1255	1343	1	1.2e-05	attC	attC	attc_4	CALIN	No	NA	lin
SRR22878281_binette_bin173.fasta	integron_01	k141_29766	k141_29766_2	1642	1935	1	NA	protein	protein	NA	CALIN	No	NA	lin
SRR22878281_binette_bin173.fasta	integron_01	k141_29766	attc_002	1975	2068	1	0.028	attC	attC	attc_4	CALIN	No	632.0	lin
SRR22878281_binette_bin173.fasta	integron_01	k141_570626	attc_001	575	662	1	0.11	attC	attC	attc_4	CALIN	No	NA	lin
SRR22878281_binette_bin173.fasta	integron_01	k141_570626	k141_570626_1	730	1392	1	NA	protein	protein	NA	CALIN	No	NA	lin
SRR22878281_binette_bin173.fasta	integron_01	k141_570626	k141_570626_2	1397	2929	-1	NA	protein	protein	NA	CALIN	No	NA	lin
SRR22878281_binette_bin173.fasta	integron_01	k141_570626	k141_570626_3	3126	3308	-1	NA	protein	protein	NA	CALIN	No	NA	lin
SRR22878281_binette_bin173.fasta	integron_01	k141_570626	attc_002	3366	3459	1	0.012	attC	attC	attc_4	CALIN	No	2704.0	lin
SRR22878281_binette_bin173.fasta	integron_01	k141_570626	k141_570626_4	3584	3817	1	NA	protein	protein	NA	CALIN	No	NA	lin
SRR22878281_binette_bin175.fasta	integron_01	k141_503105	k141_503105_1	3	1073	1	NA	protein	protein	NA	CALIN	No	NA	lin
SRR22878281_binette_bin175.fasta	integron_01	k141_503105	attc_001	74	137	-1	0.53	attC	attC	attc_4	CALIN	No	NA	lin
SRR22878281_binette_bin175.fasta	integron_01	k141_503105	attc_002	967	1075	-1	0.36	attC	attC	attc_4	CALIN	No	830.0	lin
SRR22878281_binette_bin179.fasta	integron_01	k141_786907	k141_786907_3	548	880	1	NA	protein	protein	NA	CALIN	No	NA	lin
SRR22878281_binette_bin179.fasta	integron_01	k141_786907	attc_001	865	995	1	0.00052	attC	attC	attc_4	CALIN	No	NA	lin
SRR22878281_binette_bin179.fasta	integron_01	k141_786907	k141_786907_4	1040	1222	1	NA	protein	protein	NA	CALIN	No	NA	lin
SRR22878281_binette_bin179.fasta	integron_01	k141_786907	attc_002	1451	1512	1	0.19	attC	attC	attc_4	CALIN	No	456.0	lin
SRR22878281_binette_bin179.fasta	integron_01	k141_786907	k141_786907_5	1605	2081	1	NA	protein	protein	NA	CALIN	No	NA	lin
SRR22878281_binette_bin179.fasta	integron_01	k141_786907	attc_003	2097	2293	1	0.051	attC	attC	attc_4	CALIN	No	585.0	lin
SRR22878281_binette_bin179.fasta	integron_01	k141_786907	k141_786907_6	2309	2995	1	NA	protein	protein	NA	CALIN	No	NA	lin
SRR22878281_binette_bin179.fasta	integron_01	k141_786907	attc_004	2688	2761	1	0.93	attC	attC	attc_4	CALIN	No	395.0	lin
SRR22878281_binette_bin18.fasta	integron_01	k141_409847	k141_409847_11	12411	12854	-1	NA	protein	protein	NA	CALIN	No	NA	lin
SRR22878281_binette_bin18.fasta	integron_01	k141_409847	attc_001	12581	12672	1	0.33	attC	attC	attc_4	CALIN	No	NA	lin
SRR22878281_binette_bin18.fasta	integron_01	k141_409847	k141_409847_12	12870	13700	-1	NA	protein	protein	NA	CALIN	No	NA	lin
SRR22878281_binette_bin18.fasta	integron_01	k141_409847	attc_002	13762	13872	1	0.084	attC	attC	attc_4	CALIN	No	1090.0	lin
SRR22878281_binette_bin18.fasta	integron_01	k141_409847	k141_409847_13	13973	15148	-1	NA	protein	protein	NA	CALIN	No	NA	lin
SRR22878281_binette_bin184.fasta	integron_01	k141_413104	attc_001	100	229	1	1.1e-06	attC	attC	attc_4	CALIN	No	NA	lin
SRR22878281_binette_bin184.fasta	integron_01	k141_413104	k141_413104_1	238	672	1	NA	protein	protein	NA	CALIN	No	NA	lin
SRR22878281_binette_bin184.fasta	integron_01	k141_413104	attc_002	678	806	1	1.4e-06	attC	attC	attc_4	CALIN	No	449.0	lin
SRR22878281_binette_bin184.fasta	integron_01	k141_413104	k141_413104_2	870	1517	1	NA	protein	protein	NA	CALIN	No	NA	lin
SRR22878281_binette_bin184.fasta	integron_01	k141_549588	attc_001	489	618	1	9.6e-07	attC	attC	attc_4	CALIN	No	NA	lin
SRR22878281_binette_bin184.fasta	integron_01	k141_549588	k141_549588_1	627	1151	1	NA	protein	protein	NA	CALIN	No	NA	lin
SRR22878281_binette_bin184.fasta	integron_01	k141_549588	attc_002	1107	1153	1	0.059	attC	attC	attc_4	CALIN	No	489.0	lin
SRR22878281_binette_bin184.fasta	integron_01	k141_79850	k141_79850_1	3	71	-1	NA	protein	protein	NA	CALIN	No	NA	lin
SRR22878281_binette_bin184.fasta	integron_01	k141_79850	k141_79850_2	233	745	-1	NA	protein	protein	NA	CALIN	No	NA	lin
SRR22878281_binette_bin184.fasta	integron_01	k141_79850	attc_001	262	311	-1	0.045	attC	attC	attc_4	CALIN	No	NA	lin
SRR22878281_binette_bin184.fasta	integron_01	k141_79850	k141_79850_3	747	2135	-1	NA	protein	protein	NA	CALIN	No	NA	lin
SRR22878281_binette_bin184.fasta	integron_01	k141_79850	attc_002	1406	1493	-1	0.61	attC	attC	attc_4	CALIN	No	1095.0	lin
SRR22878281_binette_bin184.fasta	integron_01	k141_464516	attc_001	157	286	1	6.2e-05	attC	attC	attc_4	CALIN	No	NA	lin
SRR22878281_binette_bin184.fasta	integron_01	k141_464516	k141_464516_1	295	696	1	NA	protein	protein	NA	CALIN	No	NA	lin
SRR22878281_binette_bin184.fasta	integron_01	k141_464516	attc_002	726	855	1	3.6e-05	attC	attC	attc_4	CALIN	No	440.0	lin
SRR22878281_binette_bin184.fasta	integron_01	k141_464516	k141_464516_2	855	1118	1	NA	protein	protein	NA	CALIN	No	NA	lin
SRR22878281_binette_bin186.fasta	integron_01	k141_765764	k141_765764_1	2	748	1	NA	protein	protein	NA	CALIN	No	NA	lin
SRR22878281_binette_bin186.fasta	integron_01	k141_765764	attc_001	791	833	-1	0.62	attC	attC	attc_4	CALIN	No	NA	lin
SRR22878281_binette_bin186.fasta	integron_01	k141_765764	attc_002	950	1079	-1	0.011	attC	attC	attc_4	CALIN	No	117.0	lin
SRR22878281_binette_bin186.fasta	integron_01	k141_765764	k141_765764_2	1083	1385	1	NA	protein	protein	NA	CALIN	No	NA	lin
SRR22878281_binette_bin187.fasta	integron_01	k141_561278	attc_001	53	143	1	8.3e-05	attC	attC	attc_4	CALIN	No	NA	lin
SRR22878281_binette_bin187.fasta	integron_01	k141_561278	k141_561278_1	211	804	1	NA	protein	protein	NA	CALIN	No	NA	lin
SRR22878281_binette_bin187.fasta	integron_01	k141_561278	attc_002	841	931	1	0.035	attC	attC	attc_4	CALIN	No	698.0	lin
SRR22878281_binette_bin187.fasta	integron_01	k141_561278	k141_561278_2	1048	1356	1	NA	protein	protein	NA	CALIN	No	NA	lin
SRR22878281_binette_bin187.fasta	integron_01	k141_561278	attc_003	1422	1513	1	6.2e-05	attC	attC	attc_4	CALIN	No	491.0	lin
SRR22878281_binette_bin187.fasta	integron_01	k141_561278	k141_561278_3	1521	1991	1	NA	protein	protein	NA	CALIN	No	NA	lin
SRR22878281_binette_bin191.fasta	integron_01	k141_505541	k141_505541_6	5271	5732	-1	NA	protein	protein	NA	CALIN	No	NA	lin
SRR22878281_binette_bin191.fasta	integron_01	k141_505541	attc_001	5688	5806	-1	0.18	attC	attC	attc_4	CALIN	No	NA	lin
SRR22878281_binette_bin191.fasta	integron_01	k141_505541	k141_505541_7	6086	6469	-1	NA	protein	protein	NA	CALIN	No	NA	lin
SRR22878281_binette_bin191.fasta	integron_01	k141_505541	k141_505541_8	6470	6697	-1	NA	protein	protein	NA	CALIN	No	NA	lin
SRR22878281_binette_bin191.fasta	integron_01	k141_505541	attc_002	6863	6952	-1	0.053	attC	attC	attc_4	CALIN	No	1057.0	lin
SRR22878281_binette_bin191.fasta	integron_01	k141_505541	k141_505541_9	6954	7268	-1	NA	protein	protein	NA	CALIN	No	NA	lin
SRR22878281_binette_bin191.fasta	integron_01	k141_505541	attc_003	7086	7277	-1	0.68	attC	attC	attc_4	CALIN	No	134.0	lin
SRR22878281_binette_bin191.fasta	integron_01	k141_505541	attc_004	7291	7394	-1	2.6e-05	attC	attC	attc_4	CALIN	No	14.0	lin
SRR22878281_binette_bin191.fasta	integron_01	k141_505541	k141_505541_10	7397	8080	-1	NA	protein	protein	NA	CALIN	No	NA	lin
SRR22878281_binette_bin191.fasta	integron_01	k141_604300	attc_001	40	135	-1	6.6e-05	attC	attC	attc_4	CALIN	No	NA	lin
SRR22878281_binette_bin191.fasta	integron_01	k141_604300	attc_002	509	627	-1	4.7e-06	attC	attC	attc_4	CALIN	No	374.0	lin
SRR22878281_binette_bin191.fasta	integron_01	k141_604300	k141_604300_1	648	1277	-1	NA	protein	protein	NA	CALIN	No	NA	lin
SRR22878281_binette_bin191.fasta	integron_01	k141_604300	attc_003	1320	1421	-1	0.0048	attC	attC	attc_4	CALIN	No	693.0	lin
SRR22878281_binette_bin191.fasta	integron_01	k141_604300	k141_604300_2	1453	1731	-1	NA	protein	protein	NA	CALIN	No	NA	lin
SRR22878281_binette_bin191.fasta	integron_01	k141_604300	attc_004	1832	1933	-1	0.00069	attC	attC	attc_4	CALIN	No	411.0	lin
SRR22878281_binette_bin191.fasta	integron_01	k141_711967	attc_001	778	865	1	0.019	attC	attC	attc_4	CALIN	No	NA	lin
SRR22878281_binette_bin191.fasta	integron_01	k141_711967	k141_711967_2	1041	1853	1	NA	protein	protein	NA	CALIN	No	NA	lin
SRR22878281_binette_bin191.fasta	integron_01	k141_711967	attc_002	1872	1959	1	0.00029	attC	attC	attc_4	CALIN	No	1007.0	lin
SRR22878281_binette_bin191.fasta	integron_01	k141_711967	k141_711967_3	1981	2922	1	NA	protein	protein	NA	CALIN	No	NA	lin
SRR22878281_binette_bin191.fasta	integron_01	k141_711967	attc_003	3488	3575	1	0.0029	attC	attC	attc_4	CALIN	No	1529.0	lin
SRR22878281_binette_bin191.fasta	integron_01	k141_711967	k141_711967_4	3634	3903	1	NA	protein	protein	NA	CALIN	No	NA	lin
SRR22878281_binette_bin191.fasta	integron_01	k141_711967	attc_004	4067	4159	1	0.0028	attC	attC	attc_4	CALIN	No	492.0	lin
SRR22878281_binette_bin191.fasta	integron_01	k141_711967	k141_711967_5	4080	4577	1	NA	protein	protein	NA	CALIN	No	NA	lin
SRR22878281_binette_bin191.fasta	integron_01	k141_711967	attc_005	4635	4724	1	2e-06	attC	attC	attc_4	CALIN	No	476.0	lin
SRR22878281_binette_bin191.fasta	integron_01	k141_711967	k141_711967_6	4764	5225	1	NA	protein	protein	NA	CALIN	No	NA	lin
SRR22878281_binette_bin191.fasta	integron_01	k141_711967	attc_006	5662	5749	1	0.00015	attC	attC	attc_4	CALIN	No	938.0	lin
SRR22878281_binette_bin191.fasta	integron_01	k141_914071	k141_914071_1	1	630	-1	NA	protein	protein	NA	CALIN	No	NA	lin
SRR22878281_binette_bin191.fasta	integron_01	k141_914071	attc_001	696	761	1	0.37	attC	attC	attc_4	CALIN	No	NA	lin
SRR22878281_binette_bin191.fasta	integron_01	k141_914071	attc_002	834	896	1	0.0015	attC	attC	attc_4	CALIN	No	73.0	lin
SRR22878281_binette_bin191.fasta	integron_01	k141_914071	k141_914071_2	916	1323	1	NA	protein	protein	NA	CALIN	No	NA	lin
SRR22878281_binette_bin191.fasta	integron_01	k141_914071	attc_003	1330	1422	1	0.00013	attC	attC	attc_4	CALIN	No	434.0	lin
SRR22878281_binette_bin191.fasta	integron_01	k141_914071	k141_914071_3	1434	1646	1	NA	protein	protein	NA	CALIN	No	NA	lin
SRR22878281_binette_bin191.fasta	integron_01	k141_914071	k141_914071_4	1580	2407	-1	NA	protein	protein	NA	CALIN	No	NA	lin
SRR22878281_binette_bin195.fasta	integron_01	k141_383347	k141_383347_2	293	754	1	NA	protein	protein	NA	CALIN	No	NA	lin
SRR22878281_binette_bin195.fasta	integron_01	k141_383347	attc_001	924	1015	1	0.0097	attC	attC	attc_4	CALIN	No	NA	lin
SRR22878281_binette_bin195.fasta	integron_01	k141_383347	k141_383347_3	972	2150	1	NA	protein	protein	NA	CALIN	No	NA	lin
SRR22878281_binette_bin195.fasta	integron_01	k141_383347	k141_383347_4	2277	3086	-1	NA	protein	protein	NA	CALIN	No	NA	lin
SRR22878281_binette_bin195.fasta	integron_01	k141_383347	attc_002	2421	2473	1	0.83	attC	attC	attc_4	CALIN	No	1406.0	lin
SRR22878281_binette_bin202.fasta	integron_01	k141_382737	k141_382737_1	2	280	1	NA	protein	protein	NA	CALIN	No	NA	lin
SRR22878281_binette_bin202.fasta	integron_01	k141_382737	k141_382737_2	281	433	1	NA	protein	protein	NA	CALIN	No	NA	lin
SRR22878281_binette_bin202.fasta	integron_01	k141_382737	k141_382737_3	411	812	-1	NA	protein	protein	NA	CALIN	No	NA	lin
SRR22878281_binette_bin202.fasta	integron_01	k141_382737	attc_001	428	544	1	3.7e-05	attC	attC	attc_4	CALIN	No	NA	lin
SRR22878281_binette_bin202.fasta	integron_01	k141_382737	attc_002	1004	1106	1	0.26	attC	attC	attc_4	CALIN	No	460.0	lin
SRR22878281_binette_bin202.fasta	integron_01	k141_382737	k141_382737_4	1116	1724	1	NA	protein	protein	NA	CALIN	No	NA	lin
SRR22878281_binette_bin202.fasta	integron_01	k141_819082	k141_819082_1	241	1182	-1	1.4e-13	protein	intI	intersection_tyr_intI	complete	No	NA	lin
SRR22878281_binette_bin202.fasta	integron_01	k141_819082	attc_001	834	887	1	0.15	attC	attC	attc_4	complete	No	NA	lin
SRR22878281_binette_bin202.fasta	integron_01	k141_161348	k141_161348_1	38	463	-1	NA	protein	protein	NA	CALIN	No	NA	lin
SRR22878281_binette_bin202.fasta	integron_01	k141_161348	attc_001	64	125	1	0.68	attC	attC	attc_4	CALIN	No	NA	lin
SRR22878281_binette_bin202.fasta	integron_01	k141_161348	attc_002	504	619	1	0.00011	attC	attC	attc_4	CALIN	No	379.0	lin
SRR22878281_binette_bin203.fasta	integron_01	k141_864036	attc_001	227	293	1	0.091	attC	attC	attc_4	CALIN	No	NA	lin
SRR22878281_binette_bin203.fasta	integron_01	k141_864036	attc_002	431	477	1	0.8	attC	attC	attc_4	CALIN	No	138.0	lin
SRR22878281_binette_bin203.fasta	integron_01	k141_864036	k141_864036_1	465	914	-1	NA	protein	protein	NA	CALIN	No	NA	lin
SRR22878281_binette_bin203.fasta	integron_01	k141_864036	attc_003	600	643	1	0.0069	attC	attC	attc_4	CALIN	No	123.0	lin
SRR22878281_binette_bin205.fasta	integron_01	k141_808188	k141_808188_1	1	1179	-1	NA	protein	protein	NA	CALIN	No	NA	lin
SRR22878281_binette_bin205.fasta	integron_01	k141_808188	attc_001	33	130	1	0.0085	attC	attC	attc_4	CALIN	No	NA	lin
SRR22878281_binette_bin205.fasta	integron_01	k141_808188	attc_002	1066	1108	1	0.3	attC	attC	attc_4	CALIN	No	936.0	lin
SRR22878281_binette_bin206.fasta	integron_01	k141_668774	k141_668774_5	4443	5000	-1	1.4e-20	protein	intI	intersection_tyr_intI	In0	No	NA	lin
SRR22878281_binette_bin206.fasta	integron_01	k141_4100	k141_4100_2	488	994	-1	NA	protein	protein	NA	CALIN	No	NA	lin
SRR22878281_binette_bin206.fasta	integron_01	k141_4100	attc_001	1003	1128	-1	0.0006	attC	attC	attc_4	CALIN	No	NA	lin
SRR22878281_binette_bin206.fasta	integron_01	k141_4100	k141_4100_3	1099	1551	-1	NA	protein	protein	NA	CALIN	No	NA	lin
SRR22878281_binette_bin206.fasta	integron_01	k141_4100	attc_002	1558	1684	-1	5.5e-06	attC	attC	attc_4	CALIN	No	430.0	lin
SRR22878281_binette_bin206.fasta	integron_01	k141_4100	attc_003	1998	2127	-1	4.5e-05	attC	attC	attc_4	CALIN	No	314.0	lin
SRR22878281_binette_bin206.fasta	integron_01	k141_4100	k141_4100_4	2122	2478	-1	NA	protein	protein	NA	CALIN	No	NA	lin
SRR22878281_binette_bin206.fasta	integron_01	k141_4100	attc_004	2489	2616	-1	3.6e-05	attC	attC	attc_4	CALIN	No	362.0	lin
SRR22878281_binette_bin206.fasta	integron_01	k141_4100	k141_4100_5	2611	3222	-1	NA	protein	protein	NA	CALIN	No	NA	lin
SRR22878281_binette_bin206.fasta	integron_01	k141_4100	attc_005	3245	3370	-1	2.4e-06	attC	attC	attc_4	CALIN	No	629.0	lin
SRR22878281_binette_bin206.fasta	integron_01	k141_4100	k141_4100_6	3341	3661	-1	NA	protein	protein	NA	CALIN	No	NA	lin
SRR22878281_binette_bin206.fasta	integron_01	k141_102349	attc_001	40	166	1	8.1e-06	attC	attC	attc_4	CALIN	No	NA	lin
SRR22878281_binette_bin206.fasta	integron_01	k141_102349	k141_102349_1	183	833	1	NA	protein	protein	NA	CALIN	No	NA	lin
SRR22878281_binette_bin206.fasta	integron_01	k141_102349	attc_002	735	859	1	0.0013	attC	attC	attc_4	CALIN	No	569.0	lin
SRR22878281_binette_bin206.fasta	integron_01	k141_102349	k141_102349_2	868	1401	1	NA	protein	protein	NA	CALIN	No	NA	lin
SRR22878281_binette_bin206.fasta	integron_01	k141_102349	attc_003	1372	1496	1	0.018	attC	attC	attc_4	CALIN	No	513.0	lin
SRR22878281_binette_bin206.fasta	integron_01	k141_389029	k141_389029_1	231	977	1	NA	protein	protein	NA	CALIN	No	NA	lin
SRR22878281_binette_bin206.fasta	integron_01	k141_389029	attc_001	936	1076	1	0.058	attC	attC	attc_4	CALIN	No	NA	lin
SRR22878281_binette_bin206.fasta	integron_01	k141_389029	k141_389029_2	1087	1659	1	NA	protein	protein	NA	CALIN	No	NA	lin
SRR22878281_binette_bin206.fasta	integron_01	k141_389029	k141_389029_3	1809	2252	1	NA	protein	protein	NA	CALIN	No	NA	lin
SRR22878281_binette_bin206.fasta	integron_01	k141_389029	k141_389029_4	2364	2591	1	NA	protein	protein	NA	CALIN	No	NA	lin
SRR22878281_binette_bin206.fasta	integron_01	k141_389029	k141_389029_5	2591	2794	1	NA	protein	protein	NA	CALIN	No	NA	lin
SRR22878281_binette_bin206.fasta	integron_01	k141_389029	k141_389029_6	2923	3189	1	NA	protein	protein	NA	CALIN	No	NA	lin
SRR22878281_binette_bin206.fasta	integron_01	k141_389029	k141_389029_7	3397	3861	1	NA	protein	protein	NA	CALIN	No	NA	lin
SRR22878281_binette_bin206.fasta	integron_01	k141_389029	attc_002	3821	3949	1	0.00098	attC	attC	attc_4	CALIN	No	2745.0	lin
SRR22878281_binette_bin206.fasta	integron_01	k141_389029	k141_389029_8	4023	4184	-1	NA	protein	protein	NA	CALIN	No	NA	lin
SRR22878281_binette_bin206.fasta	integron_01	k141_394089	k141_394089_1	2	88	-1	NA	protein	protein	NA	CALIN	No	NA	lin
SRR22878281_binette_bin206.fasta	integron_01	k141_394089	attc_001	274	401	1	8.5e-06	attC	attC	attc_4	CALIN	No	NA	lin
SRR22878281_binette_bin206.fasta	integron_01	k141_394089	k141_394089_2	416	832	1	NA	protein	protein	NA	CALIN	No	NA	lin
SRR22878281_binette_bin206.fasta	integron_01	k141_394089	attc_002	842	968	1	3.1e-07	attC	attC	attc_4	CALIN	No	441.0	lin
SRR22878281_binette_bin206.fasta	integron_01	k141_394089	k141_394089_3	976	1080	1	NA	protein	protein	NA	CALIN	No	NA	lin
SRR22878281_binette_bin206.fasta	integron_01	k141_409208	k141_409208_1	2	394	-1	NA	protein	protein	NA	CALIN	No	NA	lin
SRR22878281_binette_bin206.fasta	integron_01	k141_409208	attc_001	551	671	-1	0.0019	attC	attC	attc_4	CALIN	No	NA	lin
SRR22878281_binette_bin206.fasta	integron_01	k141_409208	k141_409208_2	590	1000	1	NA	protein	protein	NA	CALIN	No	NA	lin
SRR22878281_binette_bin206.fasta	integron_01	k141_409208	attc_002	1028	1154	-1	2.4e-08	attC	attC	attc_4	CALIN	No	357.0	lin
SRR22878281_binette_bin206.fasta	integron_01	k141_409208	k141_409208_3	1160	1432	-1	NA	protein	protein	NA	CALIN	No	NA	lin
SRR22878281_binette_bin206.fasta	integron_01	k141_509013	k141_509013_2	511	1029	1	NA	protein	protein	NA	CALIN	No	NA	lin
SRR22878281_binette_bin206.fasta	integron_01	k141_509013	attc_001	1038	1164	1	2.2e-06	attC	attC	attc_4	CALIN	No	NA	lin
SRR22878281_binette_bin206.fasta	integron_01	k141_509013	k141_509013_3	1133	1555	1	NA	protein	protein	NA	CALIN	No	NA	lin
SRR22878281_binette_bin206.fasta	integron_01	k141_509013	attc_002	1564	1690	1	5.8e-05	attC	attC	attc_4	CALIN	No	400.0	lin
SRR22878281_binette_bin206.fasta	integron_01	k141_509013	k141_509013_4	1692	2342	1	NA	protein	protein	NA	CALIN	No	NA	lin
SRR22878281_binette_bin206.fasta	integron_01	k141_509013	attc_003	2354	2479	1	3.6e-07	attC	attC	attc_4	CALIN	No	664.0	lin
SRR22878281_binette_bin206.fasta	integron_01	k141_509013	k141_509013_5	2480	2674	1	NA	protein	protein	NA	CALIN	No	NA	lin
SRR22878281_binette_bin206.fasta	integron_01	k141_901339	attc_001	449	574	-1	2.3e-05	attC	attC	attc_4	CALIN	No	NA	lin
SRR22878281_binette_bin206.fasta	integron_01	k141_901339	k141_901339_1	518	1030	-1	NA	protein	protein	NA	CALIN	No	NA	lin
SRR22878281_binette_bin206.fasta	integron_01	k141_901339	attc_002	1055	1180	-1	8.1e-06	attC	attC	attc_4	CALIN	No	481.0	lin
SRR22878281_binette_bin206.fasta	integron_01	k141_901339	k141_901339_2	1197	1709	-1	NA	protein	protein	NA	CALIN	No	NA	lin
SRR22878281_binette_bin206.fasta	integron_01	k141_901339	attc_003	1721	1847	-1	7.5e-07	attC	attC	attc_4	CALIN	No	541.0	lin
SRR22878281_binette_bin206.fasta	integron_01	k141_933296	attc_001	176	304	-1	0.00025	attC	attC	attc_4	CALIN	No	NA	lin
SRR22878281_binette_bin206.fasta	integron_01	k141_933296	attc_002	689	816	-1	9.9e-05	attC	attC	attc_4	CALIN	No	385.0	lin
SRR22878281_binette_bin206.fasta	integron_01	k141_933296	k141_933296_1	775	1272	-1	NA	protein	protein	NA	CALIN	No	NA	lin
SRR22878281_binette_bin206.fasta	integron_01	k141_933296	attc_003	1328	1455	-1	0.00015	attC	attC	attc_4	CALIN	No	512.0	lin
SRR22878281_binette_bin206.fasta	integron_01	k141_73327	k141_73327_1	3	203	-1	NA	protein	protein	NA	CALIN	No	NA	lin
SRR22878281_binette_bin206.fasta	integron_01	k141_73327	attc_001	209	338	-1	2.1e-08	attC	attC	attc_4	CALIN	No	NA	lin
SRR22878281_binette_bin206.fasta	integron_01	k141_73327	k141_73327_2	479	715	1	NA	protein	protein	NA	CALIN	No	NA	lin
SRR22878281_binette_bin206.fasta	integron_01	k141_73327	attc_002	803	928	-1	0.00091	attC	attC	attc_4	CALIN	No	465.0	lin
SRR22878281_binette_bin206.fasta	integron_01	k141_948900	k141_948900_1	2	253	1	NA	protein	protein	NA	CALIN	No	NA	lin
SRR22878281_binette_bin206.fasta	integron_01	k141_948900	attc_001	200	294	-1	0.91	attC	attC	attc_4	CALIN	No	NA	lin
SRR22878281_binette_bin206.fasta	integron_01	k141_948900	k141_948900_2	289	1059	-1	NA	protein	protein	NA	CALIN	No	NA	lin
SRR22878281_binette_bin206.fasta	integron_01	k141_948900	attc_002	1062	1192	-1	3.1e-06	attC	attC	attc_4	CALIN	No	768.0	lin
SRR22878281_binette_bin207.fasta	integron_01	k141_337580	k141_337580_1	3	1454	1	NA	protein	protein	NA	CALIN	No	NA	lin
SRR22878281_binette_bin207.fasta	integron_01	k141_337580	attc_001	899	968	-1	0.016	attC	attC	attc_4	CALIN	No	NA	lin
SRR22878281_binette_bin207.fasta	integron_01	k141_337580	attc_002	1356	1406	-1	0.52	attC	attC	attc_4	CALIN	No	388.0	lin
SRR22878281_binette_bin221.fasta	integron_01	k141_99082	k141_99082_1	3	371	1	NA	protein	protein	NA	CALIN	No	NA	lin
SRR22878281_binette_bin221.fasta	integron_01	k141_99082	attc_001	206	257	1	0.41	attC	attC	attc_4	CALIN	No	NA	lin
SRR22878281_binette_bin221.fasta	integron_01	k141_99082	attc_002	381	477	1	7.9e-06	attC	attC	attc_4	CALIN	No	124.0	lin
SRR22878281_binette_bin221.fasta	integron_01	k141_99082	k141_99082_2	496	1011	1	NA	protein	protein	NA	CALIN	No	NA	lin
SRR22878281_binette_bin221.fasta	integron_01	k141_487902	k141_487902_1	3	272	1	NA	protein	protein	NA	CALIN	No	NA	lin
SRR22878281_binette_bin221.fasta	integron_01	k141_487902	attc_001	267	371	1	0.00033	attC	attC	attc_4	CALIN	No	NA	lin
SRR22878281_binette_bin221.fasta	integron_01	k141_487902	k141_487902_2	396	590	1	NA	protein	protein	NA	CALIN	No	NA	lin
SRR22878281_binette_bin221.fasta	integron_01	k141_487902	k141_487902_3	607	2199	-1	NA	protein	protein	NA	CALIN	No	NA	lin
SRR22878281_binette_bin221.fasta	integron_01	k141_487902	k141_487902_4	2199	2774	-1	NA	protein	protein	NA	CALIN	No	NA	lin
SRR22878281_binette_bin221.fasta	integron_01	k141_487902	attc_002	2751	2802	1	0.24	attC	attC	attc_4	CALIN	No	2380.0	lin
SRR22878281_binette_bin221.fasta	integron_01	k141_487902	k141_487902_5	2797	2952	-1	NA	protein	protein	NA	CALIN	No	NA	lin
SRR22878281_binette_bin221.fasta	integron_01	k141_882564	attc_001	136	219	-1	0.55	attC	attC	attc_4	CALIN	No	NA	lin
SRR22878281_binette_bin221.fasta	integron_01	k141_882564	k141_882564_1	221	847	1	NA	protein	protein	NA	CALIN	No	NA	lin
SRR22878281_binette_bin221.fasta	integron_01	k141_882564	attc_002	842	908	-1	3.5e-06	attC	attC	attc_4	CALIN	No	623.0	lin
SRR22878281_binette_bin221.fasta	integron_01	k141_882564	k141_882564_2	926	1186	1	NA	protein	protein	NA	CALIN	No	NA	lin
SRR22878281_binette_bin221.fasta	integron_01	k141_705479	k141_705479_1	2	73	1	NA	protein	protein	NA	CALIN	No	NA	lin
SRR22878281_binette_bin221.fasta	integron_01	k141_705479	attc_001	76	129	-1	0.056	attC	attC	attc_4	CALIN	No	NA	lin
SRR22878281_binette_bin221.fasta	integron_01	k141_705479	k141_705479_2	147	425	1	NA	protein	protein	NA	CALIN	No	NA	lin
SRR22878281_binette_bin221.fasta	integron_01	k141_705479	k141_705479_3	511	687	1	NA	protein	protein	NA	CALIN	No	NA	lin
SRR22878281_binette_bin221.fasta	integron_01	k141_705479	attc_002	682	744	-1	0.62	attC	attC	attc_4	CALIN	No	553.0	lin
SRR22878281_binette_bin221.fasta	integron_01	k141_705479	k141_705479_4	761	994	1	NA	protein	protein	NA	CALIN	No	NA	lin
SRR22878281_binette_bin221.fasta	integron_01	k141_705479	attc_003	989	1053	-1	0.0029	attC	attC	attc_4	CALIN	No	245.0	lin
SRR22878281_binette_bin221.fasta	integron_01	k141_705479	k141_705479_5	1071	1301	1	NA	protein	protein	NA	CALIN	No	NA	lin
SRR22878281_binette_bin221.fasta	integron_01	k141_705479	attc_004	1304	1423	-1	0.014	attC	attC	attc_4	CALIN	No	251.0	lin
SRR22878281_binette_bin221.fasta	integron_01	k141_705479	k141_705479_6	1367	1606	1	NA	protein	protein	NA	CALIN	No	NA	lin
SRR22878281_binette_bin221.fasta	integron_01	k141_253808	attc_001	159	267	1	0.00098	attC	attC	attc_4	CALIN	No	NA	lin
SRR22878281_binette_bin221.fasta	integron_01	k141_253808	k141_253808_1	291	941	1	NA	protein	protein	NA	CALIN	No	NA	lin
SRR22878281_binette_bin221.fasta	integron_01	k141_253808	k141_253808_2	935	1111	1	NA	protein	protein	NA	CALIN	No	NA	lin
SRR22878281_binette_bin221.fasta	integron_01	k141_253808	attc_002	936	1046	1	0.015	attC	attC	attc_4	CALIN	No	669.0	lin
SRR22878281_binette_bin221.fasta	integron_01	k141_253808	attc_003	1341	1457	1	0.00046	attC	attC	attc_4	CALIN	No	295.0	lin
SRR22878281_binette_bin221.fasta	integron_01	k141_253808	k141_253808_3	1681	2160	1	NA	protein	protein	NA	CALIN	No	NA	lin
SRR22878281_binette_bin221.fasta	integron_01	k141_253808	attc_004	1710	1818	1	0.00034	attC	attC	attc_4	CALIN	No	253.0	lin
SRR22878281_binette_bin221.fasta	integron_01	k141_253808	attc_005	2171	2284	1	4.7e-07	attC	attC	attc_4	CALIN	No	353.0	lin
SRR22878281_binette_bin224.fasta	integron_01	k141_201090	k141_201090_1	3	167	1	NA	protein	protein	NA	CALIN	No	NA	lin
SRR22878281_binette_bin224.fasta	integron_01	k141_201090	attc_001	192	313	1	8.4e-07	attC	attC	attc_4	CALIN	No	NA	lin
SRR22878281_binette_bin224.fasta	integron_01	k141_201090	k141_201090_2	265	678	1	NA	protein	protein	NA	CALIN	No	NA	lin
SRR22878281_binette_bin224.fasta	integron_01	k141_201090	attc_002	673	747	1	0.0029	attC	attC	attc_4	CALIN	No	360.0	lin
SRR22878281_binette_bin226.fasta	integron_01	k141_763752	attc_001	16	123	1	0.00041	attC	attC	attc_4	CALIN	No	NA	lin
SRR22878281_binette_bin226.fasta	integron_01	k141_763752	k141_763752_1	138	812	1	NA	protein	protein	NA	CALIN	No	NA	lin
SRR22878281_binette_bin226.fasta	integron_01	k141_763752	attc_002	807	913	1	8.5e-06	attC	attC	attc_4	CALIN	No	684.0	lin
SRR22878281_binette_bin226.fasta	integron_01	k141_763752	k141_763752_2	931	1809	1	NA	protein	protein	NA	CALIN	No	NA	lin
SRR22878281_binette_bin226.fasta	integron_01	k141_862455	k141_862455_1	404	808	1	NA	protein	protein	NA	CALIN	No	NA	lin
SRR22878281_binette_bin226.fasta	integron_01	k141_862455	attc_001	882	996	1	1.8e-07	attC	attC	attc_4	CALIN	No	NA	lin
SRR22878281_binette_bin226.fasta	integron_01	k141_862455	k141_862455_2	1018	1470	1	NA	protein	protein	NA	CALIN	No	NA	lin
SRR22878281_binette_bin226.fasta	integron_01	k141_862455	attc_002	1553	1667	1	4e-09	attC	attC	attc_4	CALIN	No	557.0	lin
SRR22878281_binette_bin226.fasta	integron_01	k141_862455	k141_862455_3	1673	2020	1	NA	protein	protein	NA	CALIN	No	NA	lin
SRR22878281_binette_bin226.fasta	integron_01	k141_862455	attc_003	1813	1856	1	0.032	attC	attC	attc_4	CALIN	No	146.0	lin
SRR22878281_binette_bin226.fasta	integron_01	k141_862455	attc_004	2149	2260	1	6.7e-05	attC	attC	attc_4	CALIN	No	293.0	lin
SRR22878281_binette_bin226.fasta	integron_01	k141_779854	attc_001	110	217	1	0.0003	attC	attC	attc_4	CALIN	No	NA	lin
SRR22878281_binette_bin226.fasta	integron_01	k141_779854	k141_779854_1	239	775	1	NA	protein	protein	NA	CALIN	No	NA	lin
SRR22878281_binette_bin226.fasta	integron_01	k141_779854	attc_002	780	885	1	3.9e-05	attC	attC	attc_4	CALIN	No	563.0	lin
SRR22878281_binette_bin226.fasta	integron_01	k141_779854	k141_779854_2	880	1599	-1	NA	protein	protein	NA	CALIN	No	NA	lin
SRR22878281_binette_bin226.fasta	integron_01	k141_779854	attc_003	1518	1623	1	0.0011	attC	attC	attc_4	CALIN	No	633.0	lin
SRR22878281_binette_bin226.fasta	integron_01	k141_779854	k141_779854_3	1719	2012	1	NA	protein	protein	NA	CALIN	No	NA	lin
SRR22878281_binette_bin226.fasta	integron_01	k141_779854	attc_004	2029	2134	1	0.094	attC	attC	attc_4	CALIN	No	406.0	lin
SRR22878281_binette_bin226.fasta	integron_01	k141_779854	k141_779854_4	2197	2445	1	NA	protein	protein	NA	CALIN	No	NA	lin
SRR22878281_binette_bin226.fasta	integron_01	k141_779854	k141_779854_5	2589	3164	1	NA	protein	protein	NA	CALIN	No	NA	lin
SRR22878281_binette_bin226.fasta	integron_01	k141_779854	attc_005	3168	3265	1	0.00018	attC	attC	attc_4	CALIN	No	1034.0	lin
SRR22878281_binette_bin226.fasta	integron_01	k141_779854	k141_779854_6	3309	3863	1	NA	protein	protein	NA	CALIN	No	NA	lin
SRR22878281_binette_bin226.fasta	integron_01	k141_308200	k141_308200_1	1	162	1	NA	protein	protein	NA	CALIN	No	NA	lin
SRR22878281_binette_bin226.fasta	integron_01	k141_308200	attc_001	36	150	-1	7.3e-10	attC	attC	attc_4	CALIN	No	NA	lin
SRR22878281_binette_bin226.fasta	integron_01	k141_308200	k141_308200_2	145	738	-1	NA	protein	protein	NA	CALIN	No	NA	lin
SRR22878281_binette_bin226.fasta	integron_01	k141_308200	attc_002	743	861	-1	0.0017	attC	attC	attc_4	CALIN	No	593.0	lin
SRR22878281_binette_bin226.fasta	integron_01	k141_695326	k141_695326_3	639	1109	-1	NA	protein	protein	NA	CALIN	No	NA	lin
SRR22878281_binette_bin226.fasta	integron_01	k141_695326	attc_001	1120	1234	1	0.012	attC	attC	attc_4	CALIN	No	NA	lin
SRR22878281_binette_bin226.fasta	integron_01	k141_695326	k141_695326_4	1229	1663	-1	NA	protein	protein	NA	CALIN	No	NA	lin
SRR22878281_binette_bin226.fasta	integron_01	k141_695326	attc_002	1689	1803	1	0.012	attC	attC	attc_4	CALIN	No	455.0	lin
SRR22878281_binette_bin226.fasta	integron_01	k141_695326	k141_695326_5	1890	2303	-1	NA	protein	protein	NA	CALIN	No	NA	lin
SRR22878281_binette_bin226.fasta	integron_01	k141_695326	attc_003	2366	2430	1	0.79	attC	attC	attc_4	CALIN	No	563.0	lin
SRR22878281_binette_bin226.fasta	integron_01	k141_695326	k141_695326_6	2438	2866	-1	NA	protein	protein	NA	CALIN	No	NA	lin
SRR22878281_binette_bin226.fasta	integron_01	k141_319655	k141_319655_1	111	482	1	NA	protein	protein	NA	CALIN	No	NA	lin
SRR22878281_binette_bin226.fasta	integron_01	k141_319655	attc_001	500	610	1	0.018	attC	attC	attc_4	CALIN	No	NA	lin
SRR22878281_binette_bin226.fasta	integron_01	k141_319655	k141_319655_2	635	1147	1	NA	protein	protein	NA	CALIN	No	NA	lin
SRR22878281_binette_bin226.fasta	integron_01	k141_319655	attc_002	1161	1266	1	1.2e-06	attC	attC	attc_4	CALIN	No	551.0	lin
SRR22878281_binette_bin226.fasta	integron_01	k141_319655	k141_319655_3	1295	1648	1	NA	protein	protein	NA	CALIN	No	NA	lin
SRR22878281_binette_bin226.fasta	integron_01	k141_319655	attc_003	1653	1758	1	0.00028	attC	attC	attc_4	CALIN	No	387.0	lin
SRR22878281_binette_bin226.fasta	integron_01	k141_319655	k141_319655_4	1851	2144	1	NA	protein	protein	NA	CALIN	No	NA	lin
SRR22878281_binette_bin226.fasta	integron_01	k141_319655	attc_004	2183	2291	1	0.0066	attC	attC	attc_4	CALIN	No	425.0	lin
SRR22878281_binette_bin226.fasta	integron_01	k141_319655	k141_319655_5	2321	2632	1	NA	protein	protein	NA	CALIN	No	NA	lin
SRR22878281_binette_bin226.fasta	integron_01	k141_319655	k141_319655_6	2825	3169	1	NA	protein	protein	NA	CALIN	No	NA	lin
SRR22878281_binette_bin226.fasta	integron_01	k141_319655	k141_319655_7	3233	3916	1	NA	protein	protein	NA	CALIN	No	NA	lin
SRR22878281_binette_bin226.fasta	integron_01	k141_319655	attc_005	3911	4016	1	0.00061	attC	attC	attc_4	CALIN	No	1620.0	lin
SRR22878281_binette_bin226.fasta	integron_01	k141_319655	attc_006	4332	4436	1	9.8e-05	attC	attC	attc_4	CALIN	No	316.0	lin
SRR22878281_binette_bin226.fasta	integron_01	k141_319655	k141_319655_8	4617	5012	1	NA	protein	protein	NA	CALIN	No	NA	lin
SRR22878281_binette_bin226.fasta	integron_01	k141_319655	attc_007	5028	5133	1	1.5e-05	attC	attC	attc_4	CALIN	No	592.0	lin
SRR22878281_binette_bin226.fasta	integron_01	k141_319655	k141_319655_9	5128	6087	-1	NA	protein	protein	NA	CALIN	No	NA	lin
SRR22878281_binette_bin226.fasta	integron_01	k141_319655	attc_008	6127	6238	1	0.0034	attC	attC	attc_4	CALIN	No	994.0	lin
SRR22878281_binette_bin226.fasta	integron_01	k141_319655	k141_319655_10	6301	6642	1	NA	protein	protein	NA	CALIN	No	NA	lin
SRR22878281_binette_bin226.fasta	integron_01	k141_319655	attc_009	6680	6786	1	0.00055	attC	attC	attc_4	CALIN	No	442.0	lin
SRR22878281_binette_bin226.fasta	integron_01	k141_319655	k141_319655_11	6816	6902	1	NA	protein	protein	NA	CALIN	No	NA	lin
SRR22878281_binette_bin226.fasta	integron_01	k141_217966	k141_217966_1	3	176	-1	NA	protein	protein	NA	CALIN	No	NA	lin
SRR22878281_binette_bin226.fasta	integron_01	k141_217966	attc_001	201	310	-1	3.1e-05	attC	attC	attc_4	CALIN	No	NA	lin
SRR22878281_binette_bin226.fasta	integron_01	k141_217966	k141_217966_2	382	612	-1	NA	protein	protein	NA	CALIN	No	NA	lin
SRR22878281_binette_bin226.fasta	integron_01	k141_217966	k141_217966_3	845	1336	-1	NA	protein	protein	NA	CALIN	No	NA	lin
SRR22878281_binette_bin226.fasta	integron_01	k141_217966	attc_002	1257	1362	-1	0.00059	attC	attC	attc_4	CALIN	No	947.0	lin
SRR22878281_binette_bin226.fasta	integron_01	k141_217966	k141_217966_4	1357	1665	-1	NA	protein	protein	NA	CALIN	No	NA	lin
SRR22878281_binette_bin226.fasta	integron_01	k141_530212	attc_001	140	258	1	0.0019	attC	attC	attc_4	CALIN	No	NA	lin
SRR22878281_binette_bin226.fasta	integron_01	k141_530212	k141_530212_1	404	607	1	NA	protein	protein	NA	CALIN	No	NA	lin
SRR22878281_binette_bin226.fasta	integron_01	k141_530212	attc_002	615	712	1	0.55	attC	attC	attc_4	CALIN	No	357.0	lin
SRR22878281_binette_bin226.fasta	integron_01	k141_530212	k141_530212_2	723	1169	1	NA	protein	protein	NA	CALIN	No	NA	lin
SRR22878281_binette_bin226.fasta	integron_01	k141_530212	attc_003	1182	1296	1	4.5e-06	attC	attC	attc_4	CALIN	No	470.0	lin
SRR22878281_binette_bin226.fasta	integron_01	k141_724972	attc_001	1	113	-1	0.0026	attC	attC	attc_4	CALIN	No	NA	lin
SRR22878281_binette_bin226.fasta	integron_01	k141_724972	k141_724972_1	143	538	-1	NA	protein	protein	NA	CALIN	No	NA	lin
SRR22878281_binette_bin226.fasta	integron_01	k141_724972	k141_724972_2	545	763	-1	NA	protein	protein	NA	CALIN	No	NA	lin
SRR22878281_binette_bin226.fasta	integron_01	k141_724972	attc_002	1427	1524	-1	0.003	attC	attC	attc_4	CALIN	No	1314.0	lin
SRR22878281_binette_bin226.fasta	integron_01	k141_724972	k141_724972_3	1581	1772	-1	NA	protein	protein	NA	CALIN	No	NA	lin
SRR22878281_binette_bin226.fasta	integron_01	k141_931517	k141_931517_1	3	131	1	NA	protein	protein	NA	CALIN	No	NA	lin
SRR22878281_binette_bin226.fasta	integron_01	k141_931517	attc_001	190	304	-1	2.3e-07	attC	attC	attc_4	CALIN	No	NA	lin
SRR22878281_binette_bin226.fasta	integron_01	k141_931517	attc_002	858	972	-1	1.5e-09	attC	attC	attc_4	CALIN	No	554.0	lin
SRR22878281_binette_bin226.fasta	integron_01	k141_931517	k141_931517_2	1360	1725	-1	NA	protein	protein	NA	CALIN	No	NA	lin
SRR22878281_binette_bin226.fasta	integron_01	k141_931517	attc_003	1738	1852	-1	1.5e-09	attC	attC	attc_4	CALIN	No	766.0	lin
SRR22878281_binette_bin226.fasta	integron_01	k141_931517	k141_931517_3	1865	2302	-1	NA	protein	protein	NA	CALIN	No	NA	lin
SRR22878281_binette_bin226.fasta	integron_01	k141_451377	attc_001	11	125	1	1.4e-09	attC	attC	attc_4	CALIN	No	NA	lin
SRR22878281_binette_bin226.fasta	integron_01	k141_451377	k141_451377_1	145	579	1	NA	protein	protein	NA	CALIN	No	NA	lin
SRR22878281_binette_bin226.fasta	integron_01	k141_451377	attc_002	625	739	1	9.1e-09	attC	attC	attc_4	CALIN	No	500.0	lin
SRR22878281_binette_bin226.fasta	integron_01	k141_451377	attc_003	1143	1257	1	9.1e-09	attC	attC	attc_4	CALIN	No	404.0	lin
SRR22878281_binette_bin226.fasta	integron_01	k141_451377	k141_451377_2	1340	1873	1	NA	protein	protein	NA	CALIN	No	NA	lin
SRR22878281_binette_bin226.fasta	integron_01	k141_451377	attc_004	1889	2003	1	3.8e-05	attC	attC	attc_4	CALIN	No	632.0	lin
SRR22878281_binette_bin228.fasta	integron_01	k141_330050	attc_001	1	179	-1	0.018	attC	attC	attc_4	CALIN	No	NA	lin
SRR22878281_binette_bin228.fasta	integron_01	k141_330050	attc_002	116	179	-1	0.036	attC	attC	attc_4	CALIN	No	1252.0	lin
SRR22878281_binette_bin228.fasta	integron_01	k141_330050	k141_330050_1	163	483	-1	NA	protein	protein	NA	CALIN	No	NA	lin
SRR22878281_binette_bin228.fasta	integron_01	k141_330050	attc_003	550	601	-1	0.087	attC	attC	attc_4	CALIN	No	371.0	lin
SRR22878281_binette_bin228.fasta	integron_01	k141_330050	k141_330050_2	646	972	-1	NA	protein	protein	NA	CALIN	No	NA	lin
SRR22878281_binette_bin229.fasta	integron_01	k141_13066	attc_001	2491	2534	1	0.52	attC	attC	attc_4	CALIN	No	NA	lin
SRR22878281_binette_bin229.fasta	integron_01	k141_13066	k141_13066_4	2564	3091	1	NA	protein	protein	NA	CALIN	No	NA	lin
SRR22878281_binette_bin229.fasta	integron_01	k141_13066	k141_13066_5	3321	3911	1	NA	protein	protein	NA	CALIN	No	NA	lin
SRR22878281_binette_bin229.fasta	integron_01	k141_13066	k141_13066_6	4245	5783	1	NA	protein	protein	NA	CALIN	No	NA	lin
SRR22878281_binette_bin229.fasta	integron_01	k141_13066	attc_002	5835	5924	1	0.14	attC	attC	attc_4	CALIN	No	3301.0	lin
SRR22878281_binette_bin229.fasta	integron_01	k141_13066	k141_13066_7	6045	6278	1	NA	protein	protein	NA	CALIN	No	NA	lin
SRR22878281_binette_bin23.fasta	integron_01	k141_770985	attc_001	72	188	-1	1.8e-05	attC	attC	attc_4	complete	No	NA	lin
SRR22878281_binette_bin23.fasta	integron_01	k141_770985	k141_770985_1	320	1078	-1	NA	protein	protein	NA	complete	No	NA	lin
SRR22878281_binette_bin23.fasta	integron_01	k141_770985	k141_770985_2	1332	2321	1	1.2e-14	protein	intI	intersection_tyr_intI	complete	No	NA	lin
SRR22878281_binette_bin231.fasta	integron_01	k141_2424	attc_001	97	184	1	0.00035	attC	attC	attc_4	CALIN	No	NA	lin
SRR22878281_binette_bin231.fasta	integron_01	k141_2424	k141_2424_1	127	609	1	NA	protein	protein	NA	CALIN	No	NA	lin
SRR22878281_binette_bin231.fasta	integron_01	k141_2424	k141_2424_2	554	1147	-1	NA	protein	protein	NA	CALIN	No	NA	lin
SRR22878281_binette_bin231.fasta	integron_01	k141_2424	attc_002	621	710	1	0.0012	attC	attC	attc_4	CALIN	No	437.0	lin
SRR22878281_binette_bin231.fasta	integron_01	k141_189089	k141_189089_1	2	454	-1	3.5000000000000004e-28	protein	intI	intersection_tyr_intI	complete	No	NA	lin
SRR22878281_binette_bin231.fasta	integron_01	k141_189089	k141_189089_2	644	1156	1	NA	protein	protein	NA	complete	No	NA	lin
SRR22878281_binette_bin231.fasta	integron_01	k141_189089	k141_189089_3	1434	1622	-1	NA	protein	protein	NA	complete	No	NA	lin
SRR22878281_binette_bin231.fasta	integron_01	k141_189089	k141_189089_4	2183	2812	-1	NA	protein	protein	NA	complete	No	NA	lin
SRR22878281_binette_bin231.fasta	integron_01	k141_189089	attc_001	2436	2526	1	0.09	attC	attC	attc_4	complete	No	NA	lin
SRR22878281_binette_bin234.fasta	integron_01	k141_860586	k141_860586_3	518	1552	-1	1.4e-26	protein	intI	intersection_tyr_intI	In0	No	NA	lin
SRR22878281_binette_bin235.fasta	integron_01	k141_763231	k141_763231_1	2	112	-1	NA	protein	protein	NA	CALIN	No	NA	lin
SRR22878281_binette_bin235.fasta	integron_01	k141_763231	attc_001	134	190	-1	0.14	attC	attC	attc_4	CALIN	No	NA	lin
SRR22878281_binette_bin235.fasta	integron_01	k141_763231	k141_763231_2	178	1017	-1	NA	protein	protein	NA	CALIN	No	NA	lin
SRR22878281_binette_bin235.fasta	integron_01	k141_763231	k141_763231_3	1143	1688	-1	NA	protein	protein	NA	CALIN	No	NA	lin
SRR22878281_binette_bin235.fasta	integron_01	k141_763231	attc_002	1704	1751	-1	0.00033	attC	attC	attc_4	CALIN	No	1514.0	lin
SRR22878281_binette_bin235.fasta	integron_01	k141_763231	k141_763231_4	1718	2449	-1	NA	protein	protein	NA	CALIN	No	NA	lin
SRR22878281_binette_bin235.fasta	integron_01	k141_763231	attc_003	2474	2549	-1	0.061	attC	attC	attc_4	CALIN	No	723.0	lin
SRR22878281_binette_bin235.fasta	integron_01	k141_763231	k141_763231_5	2564	2890	-1	NA	protein	protein	NA	CALIN	No	NA	lin
SRR22878281_binette_bin235.fasta	integron_01	k141_763231	k141_763231_6	2887	3111	-1	NA	protein	protein	NA	CALIN	No	NA	lin
SRR22878281_binette_bin235.fasta	integron_01	k141_763231	attc_004	3183	3293	-1	0.01	attC	attC	attc_4	CALIN	No	634.0	lin
SRR22878281_binette_bin235.fasta	integron_01	k141_763231	k141_763231_7	3293	3598	-1	NA	protein	protein	NA	CALIN	No	NA	lin
SRR22878281_binette_bin235.fasta	integron_01	k141_763231	attc_005	3623	3736	-1	0.00024	attC	attC	attc_4	CALIN	No	330.0	lin
SRR22878281_binette_bin235.fasta	integron_01	k141_763231	k141_763231_8	3738	4085	-1	NA	protein	protein	NA	CALIN	No	NA	lin
SRR22878281_binette_bin235.fasta	integron_01	k141_763231	attc_006	4110	4193	-1	0.011	attC	attC	attc_4	CALIN	No	374.0	lin
SRR22878281_binette_bin235.fasta	integron_01	k141_763231	k141_763231_9	4188	4535	-1	NA	protein	protein	NA	CALIN	No	NA	lin
SRR22878281_binette_bin235.fasta	integron_01	k141_763231	attc_007	4539	4652	-1	0.014	attC	attC	attc_4	CALIN	No	346.0	lin
SRR22878281_binette_bin235.fasta	integron_01	k141_763231	k141_763231_10	4660	5328	-1	NA	protein	protein	NA	CALIN	No	NA	lin
SRR22878281_binette_bin235.fasta	integron_01	k141_763231	attc_008	5369	5458	-1	0.18	attC	attC	attc_4	CALIN	No	717.0	lin
SRR22878281_binette_bin235.fasta	integron_01	k141_763231	k141_763231_11	5453	5842	-1	NA	protein	protein	NA	CALIN	No	NA	lin
SRR22878281_binette_bin235.fasta	integron_01	k141_217396	k141_217396_1	133	1176	-1	NA	protein	protein	NA	CALIN	No	NA	lin
SRR22878281_binette_bin235.fasta	integron_01	k141_217396	attc_001	1262	1360	1	0.55	attC	attC	attc_4	CALIN	No	NA	lin
SRR22878281_binette_bin235.fasta	integron_01	k141_217396	k141_217396_2	1625	3442	-1	NA	protein	protein	NA	CALIN	No	NA	lin
SRR22878281_binette_bin235.fasta	integron_01	k141_217396	attc_002	3118	3290	1	0.3	attC	attC	attc_4	CALIN	No	1758.0	lin
SRR22878281_binette_bin235.fasta	integron_02	k141_217396	k141_217396_3	3698	3931	1	NA	protein	protein	NA	complete	No	NA	lin
SRR22878281_binette_bin235.fasta	integron_02	k141_217396	attc_001	3903	3965	-1	0.32	attC	attC	attc_4	complete	No	NA	lin
SRR22878281_binette_bin235.fasta	integron_02	k141_217396	k141_217396_4	4012	4410	-1	1.7000000000000002e-27	protein	intI	intersection_tyr_intI	complete	No	NA	lin
SRR22878281_binette_bin235.fasta	integron_01	k141_818039	k141_818039_7	3102	3374	-1	NA	protein	protein	NA	CALIN	No	NA	lin
SRR22878281_binette_bin235.fasta	integron_01	k141_818039	attc_001	3443	3535	-1	3e-06	attC	attC	attc_4	CALIN	No	NA	lin
SRR22878281_binette_bin235.fasta	integron_01	k141_818039	k141_818039_8	3538	3867	-1	NA	protein	protein	NA	CALIN	No	NA	lin
SRR22878281_binette_bin235.fasta	integron_01	k141_818039	attc_002	3829	3998	-1	0.73	attC	attC	attc_4	CALIN	No	294.0	lin
SRR22878281_binette_bin235.fasta	integron_01	k141_818039	k141_818039_9	4002	4376	-1	NA	protein	protein	NA	CALIN	No	NA	lin
SRR22878281_binette_bin235.fasta	integron_01	k141_254496	k141_254496_2	390	1286	-1	NA	protein	protein	NA	CALIN	No	NA	lin
SRR22878281_binette_bin235.fasta	integron_01	k141_254496	attc_001	1301	1429	-1	0.00016	attC	attC	attc_4	CALIN	No	NA	lin
SRR22878281_binette_bin235.fasta	integron_01	k141_254496	k141_254496_3	1399	1770	-1	NA	protein	protein	NA	CALIN	No	NA	lin
SRR22878281_binette_bin235.fasta	integron_01	k141_254496	attc_002	1786	1859	-1	0.00011	attC	attC	attc_4	CALIN	No	357.0	lin
SRR22878281_binette_bin235.fasta	integron_01	k141_254496	k141_254496_4	1854	2333	-1	NA	protein	protein	NA	CALIN	No	NA	lin
SRR22878281_binette_bin235.fasta	integron_01	k141_254496	attc_003	2359	2433	-1	0.088	attC	attC	attc_4	CALIN	No	500.0	lin
SRR22878281_binette_bin235.fasta	integron_01	k141_254496	k141_254496_5	2428	2748	-1	NA	protein	protein	NA	CALIN	No	NA	lin
SRR22878281_binette_bin235.fasta	integron_01	k141_254496	attc_004	2756	2817	-1	0.079	attC	attC	attc_4	CALIN	No	323.0	lin
SRR22878281_binette_bin235.fasta	integron_01	k141_254496	k141_254496_6	2821	3108	-1	NA	protein	protein	NA	CALIN	No	NA	lin
SRR22878281_binette_bin235.fasta	integron_01	k141_254496	attc_005	3124	3207	-1	1.2e-05	attC	attC	attc_4	CALIN	No	307.0	lin
SRR22878281_binette_bin235.fasta	integron_01	k141_254496	k141_254496_7	3202	3603	-1	NA	protein	protein	NA	CALIN	No	NA	lin
SRR22878281_binette_bin235.fasta	integron_01	k141_254496	attc_006	3619	3717	-1	8.9e-05	attC	attC	attc_4	CALIN	No	412.0	lin
SRR22878281_binette_bin235.fasta	integron_01	k141_254496	k141_254496_8	3712	4230	-1	NA	protein	protein	NA	CALIN	No	NA	lin
SRR22878281_binette_bin235.fasta	integron_01	k141_254496	attc_007	4246	4347	-1	0.00028	attC	attC	attc_4	CALIN	No	529.0	lin
SRR22878281_binette_bin235.fasta	integron_01	k141_254496	k141_254496_9	4351	4989	-1	NA	protein	protein	NA	CALIN	No	NA	lin
SRR22878281_binette_bin235.fasta	integron_01	k141_254496	attc_008	5007	5081	-1	0.044	attC	attC	attc_4	CALIN	No	660.0	lin
SRR22878281_binette_bin235.fasta	integron_01	k141_254496	k141_254496_10	5076	5381	-1	NA	protein	protein	NA	CALIN	No	NA	lin
SRR22878281_binette_bin235.fasta	integron_01	k141_254496	attc_009	5412	5471	-1	0.092	attC	attC	attc_4	CALIN	No	331.0	lin
SRR22878281_binette_bin235.fasta	integron_01	k141_254496	k141_254496_11	5466	5762	-1	NA	protein	protein	NA	CALIN	No	NA	lin
SRR22878281_binette_bin24.fasta	integron_01	k141_147726	k141_147726_1	3	767	1	NA	protein	protein	NA	CALIN	No	NA	lin
SRR22878281_binette_bin24.fasta	integron_01	k141_147726	k141_147726_2	869	1570	1	NA	protein	protein	NA	CALIN	No	NA	lin
SRR22878281_binette_bin24.fasta	integron_01	k141_147726	attc_001	922	1031	1	0.9	attC	attC	attc_4	CALIN	No	NA	lin
SRR22878281_binette_bin24.fasta	integron_01	k141_147726	k141_147726_3	1895	3370	1	NA	protein	protein	NA	CALIN	No	NA	lin
SRR22878281_binette_bin24.fasta	integron_01	k141_147726	attc_002	3077	3215	1	0.058	attC	attC	attc_4	CALIN	No	2046.0	lin
SRR22878281_binette_bin246.fasta	integron_01	k141_498845	k141_498845_2	1599	3317	-1	NA	protein	protein	NA	CALIN	No	NA	lin
SRR22878281_binette_bin246.fasta	integron_01	k141_498845	attc_001	2643	2685	1	0.18	attC	attC	attc_4	CALIN	No	NA	lin
SRR22878281_binette_bin246.fasta	integron_01	k141_498845	k141_498845_3	3319	3861	-1	NA	protein	protein	NA	CALIN	No	NA	lin
SRR22878281_binette_bin246.fasta	integron_01	k141_498845	attc_002	4133	4282	1	0.13	attC	attC	attc_4	CALIN	No	1448.0	lin
SRR22878281_binette_bin246.fasta	integron_01	k141_498845	k141_498845_4	4231	4830	1	NA	protein	protein	NA	CALIN	No	NA	lin
SRR22878281_binette_bin251.fasta	integron_01	k141_859938	attc_001	432	558	-1	2.8e-06	attC	attC	attc_4	CALIN	No	NA	lin
SRR22878281_binette_bin251.fasta	integron_01	k141_859938	k141_859938_1	564	1019	-1	NA	protein	protein	NA	CALIN	No	NA	lin
SRR22878281_binette_bin251.fasta	integron_01	k141_859938	attc_002	1050	1180	-1	1.3e-07	attC	attC	attc_4	CALIN	No	492.0	lin
SRR22878281_binette_bin251.fasta	integron_01	k141_859938	k141_859938_2	1193	1603	-1	NA	protein	protein	NA	CALIN	No	NA	lin
SRR22878281_binette_bin251.fasta	integron_01	k141_859938	attc_003	1613	1796	-1	0.00014	attC	attC	attc_4	CALIN	No	433.0	lin
SRR22878281_binette_bin251.fasta	integron_01	k141_859938	k141_859938_3	1742	1996	-1	NA	protein	protein	NA	CALIN	No	NA	lin
SRR22878281_binette_bin251.fasta	integron_01	k141_764909	k141_764909_2	57	341	-1	NA	protein	protein	NA	CALIN	No	NA	lin
SRR22878281_binette_bin251.fasta	integron_01	k141_764909	attc_001	394	573	1	0.00013	attC	attC	attc_4	CALIN	No	NA	lin
SRR22878281_binette_bin251.fasta	integron_01	k141_764909	k141_764909_3	598	1071	1	NA	protein	protein	NA	CALIN	No	NA	lin
SRR22878281_binette_bin251.fasta	integron_01	k141_764909	attc_002	1105	1175	1	0.12	attC	attC	attc_4	CALIN	No	532.0	lin
SRR22878281_binette_bin251.fasta	integron_01	k141_289266	k141_289266_1	2	355	1	NA	protein	protein	NA	CALIN	No	NA	lin
SRR22878281_binette_bin251.fasta	integron_01	k141_289266	attc_001	544	724	-1	0.00024	attC	attC	attc_4	CALIN	No	NA	lin
SRR22878281_binette_bin251.fasta	integron_01	k141_289266	k141_289266_2	763	1395	-1	NA	protein	protein	NA	CALIN	No	NA	lin
SRR22878281_binette_bin251.fasta	integron_01	k141_289266	attc_002	862	911	-1	0.13	attC	attC	attc_4	CALIN	No	138.0	lin
SRR22878281_binette_bin251.fasta	integron_01	k141_672332	k141_672332_1	2	526	1	NA	protein	protein	NA	CALIN	No	NA	lin
SRR22878281_binette_bin251.fasta	integron_01	k141_672332	attc_001	521	700	1	0.00056	attC	attC	attc_4	CALIN	No	NA	lin
SRR22878281_binette_bin251.fasta	integron_01	k141_672332	k141_672332_2	729	1484	1	NA	protein	protein	NA	CALIN	No	NA	lin
SRR22878281_binette_bin251.fasta	integron_01	k141_672332	attc_002	1479	1659	1	0.0012	attC	attC	attc_4	CALIN	No	779.0	lin
SRR22878281_binette_bin251.fasta	integron_01	k141_672332	k141_672332_3	1682	2182	1	NA	protein	protein	NA	CALIN	No	NA	lin
SRR22878281_binette_bin251.fasta	integron_01	k141_672332	attc_003	2196	2374	1	0.0076	attC	attC	attc_4	CALIN	No	537.0	lin
SRR22878281_binette_bin251.fasta	integron_01	k141_672332	attc_004	2779	2827	1	0.64	attC	attC	attc_4	CALIN	No	405.0	lin
SRR22878281_binette_bin251.fasta	integron_01	k141_672332	k141_672332_4	2863	3369	1	NA	protein	protein	NA	CALIN	No	NA	lin
SRR22878281_binette_bin251.fasta	integron_01	k141_580931	attc_001	1	116	-1	0.18	attC	attC	attc_4	CALIN	No	NA	lin
SRR22878281_binette_bin251.fasta	integron_01	k141_580931	k141_580931_1	83	586	-1	NA	protein	protein	NA	CALIN	No	NA	lin
SRR22878281_binette_bin251.fasta	integron_01	k141_580931	k141_580931_2	805	1308	-1	NA	protein	protein	NA	CALIN	No	NA	lin
SRR22878281_binette_bin251.fasta	integron_01	k141_580931	k141_580931_3	1338	1829	-1	NA	protein	protein	NA	CALIN	No	NA	lin
SRR22878281_binette_bin251.fasta	integron_01	k141_580931	k141_580931_4	2036	2641	-1	NA	protein	protein	NA	CALIN	No	NA	lin
SRR22878281_binette_bin251.fasta	integron_01	k141_580931	k141_580931_5	2856	3167	-1	NA	protein	protein	NA	CALIN	No	NA	lin
SRR22878281_binette_bin251.fasta	integron_01	k141_580931	attc_002	3185	3365	-1	0.12	attC	attC	attc_4	CALIN	No	3069.0	lin
SRR22878281_binette_bin251.fasta	integron_01	k141_580931	k141_580931_6	3360	3953	-1	NA	protein	protein	NA	CALIN	No	NA	lin
SRR22878281_binette_bin251.fasta	integron_01	k141_580931	attc_003	3970	4149	-1	0.89	attC	attC	attc_4	CALIN	No	605.0	lin
SRR22878281_binette_bin251.fasta	integron_01	k141_580931	k141_580931_7	4144	4554	-1	NA	protein	protein	NA	CALIN	No	NA	lin
SRR22878281_binette_bin251.fasta	integron_01	k141_580931	k141_580931_8	4571	4735	-1	NA	protein	protein	NA	CALIN	No	NA	lin
SRR22878281_binette_bin251.fasta	integron_01	k141_580931	k141_580931_9	4765	5115	-1	NA	protein	protein	NA	CALIN	No	NA	lin
SRR22878281_binette_bin251.fasta	integron_01	k141_580931	attc_004	5224	5402	-1	0.51	attC	attC	attc_4	CALIN	No	1075.0	lin
SRR22878281_binette_bin251.fasta	integron_01	k141_580931	k141_580931_10	5397	5918	-1	NA	protein	protein	NA	CALIN	No	NA	lin
SRR22878281_binette_bin251.fasta	integron_01	k141_580931	k141_580931_11	6130	6465	-1	NA	protein	protein	NA	CALIN	No	NA	lin
SRR22878281_binette_bin251.fasta	integron_01	k141_580931	attc_005	6487	6665	-1	0.52	attC	attC	attc_4	CALIN	No	1085.0	lin
SRR22878281_binette_bin251.fasta	integron_01	k141_580931	k141_580931_12	6660	7259	-1	NA	protein	protein	NA	CALIN	No	NA	lin
SRR22878281_binette_bin251.fasta	integron_01	k141_580931	attc_006	7256	7434	-1	0.097	attC	attC	attc_4	CALIN	No	591.0	lin
SRR22878281_binette_bin251.fasta	integron_01	k141_580931	k141_580931_13	7429	7755	-1	NA	protein	protein	NA	CALIN	No	NA	lin
SRR22878281_binette_bin251.fasta	integron_01	k141_580931	attc_007	7772	7952	-1	0.0075	attC	attC	attc_4	CALIN	No	338.0	lin
SRR22878281_binette_bin251.fasta	integron_01	k141_580931	k141_580931_14	7936	8721	-1	NA	protein	protein	NA	CALIN	No	NA	lin
SRR22878281_binette_bin251.fasta	integron_01	k141_580931	attc_008	8746	8927	-1	0.0038	attC	attC	attc_4	CALIN	No	794.0	lin
SRR22878281_binette_bin251.fasta	integron_01	k141_580931	k141_580931_15	8940	9392	-1	NA	protein	protein	NA	CALIN	No	NA	lin
SRR22878281_binette_bin251.fasta	integron_01	k141_580931	k141_580931_16	9616	10239	-1	NA	protein	protein	NA	CALIN	No	NA	lin
SRR22878281_binette_bin251.fasta	integron_01	k141_580931	k141_580931_17	10299	10919	-1	NA	protein	protein	NA	CALIN	No	NA	lin
SRR22878281_binette_bin251.fasta	integron_01	k141_580931	attc_009	10982	11163	-1	0.64	attC	attC	attc_4	CALIN	No	2055.0	lin
SRR22878281_binette_bin251.fasta	integron_01	k141_580931	k141_580931_18	11158	11760	-1	NA	protein	protein	NA	CALIN	No	NA	lin
SRR22878281_binette_bin251.fasta	integron_01	k141_580931	k141_580931_19	11764	12393	1	NA	protein	protein	NA	CALIN	No	NA	lin
SRR22878281_binette_bin251.fasta	integron_01	k141_580931	attc_010	11769	11946	-1	0.0044	attC	attC	attc_4	CALIN	No	606.0	lin
SRR22878281_binette_bin251.fasta	integron_01	k141_580931	k141_580931_20	12524	12766	-1	NA	protein	protein	NA	CALIN	No	NA	lin
SRR22878281_binette_bin251.fasta	integron_01	k141_580931	k141_580931_21	13016	13531	-1	NA	protein	protein	NA	CALIN	No	NA	lin
SRR22878281_binette_bin251.fasta	integron_01	k141_580931	attc_011	13411	13591	-1	0.061	attC	attC	attc_4	CALIN	No	1465.0	lin
SRR22878281_binette_bin251.fasta	integron_01	k141_580931	k141_580931_22	13575	13946	-1	NA	protein	protein	NA	CALIN	No	NA	lin
SRR22878281_binette_bin251.fasta	integron_01	k141_580931	attc_012	13966	14144	-1	0.034	attC	attC	attc_4	CALIN	No	375.0	lin
SRR22878281_binette_bin251.fasta	integron_01	k141_580931	k141_580931_23	14174	14587	-1	NA	protein	protein	NA	CALIN	No	NA	lin
SRR22878281_binette_bin251.fasta	integron_01	k141_8855	k141_8855_1	39	518	-1	NA	protein	protein	NA	CALIN	No	NA	lin
SRR22878281_binette_bin251.fasta	integron_01	k141_8855	attc_001	406	586	-1	0.006	attC	attC	attc_4	CALIN	No	NA	lin
SRR22878281_binette_bin251.fasta	integron_01	k141_8855	k141_8855_2	603	1022	-1	NA	protein	protein	NA	CALIN	No	NA	lin
SRR22878281_binette_bin251.fasta	integron_01	k141_8855	attc_002	821	923	-1	0.27	attC	attC	attc_4	CALIN	No	235.0	lin
SRR22878281_binette_bin251.fasta	integron_01	k141_8855	attc_003	1033	1212	-1	0.00045	attC	attC	attc_4	CALIN	No	110.0	lin
SRR22878281_binette_bin251.fasta	integron_01	k141_682623	k141_682623_1	3	236	-1	NA	protein	protein	NA	CALIN	No	NA	lin
SRR22878281_binette_bin251.fasta	integron_01	k141_682623	attc_001	245	373	-1	2.4e-06	attC	attC	attc_4	CALIN	No	NA	lin
SRR22878281_binette_bin251.fasta	integron_01	k141_682623	k141_682623_2	427	1374	-1	NA	protein	protein	NA	CALIN	No	NA	lin
SRR22878281_binette_bin251.fasta	integron_01	k141_682623	attc_002	1389	1523	-1	0.0044	attC	attC	attc_4	CALIN	No	1016.0	lin
SRR22878281_binette_bin251.fasta	integron_01	k141_682623	k141_682623_3	1518	2669	-1	NA	protein	protein	NA	CALIN	No	NA	lin
SRR22878281_binette_bin251.fasta	integron_01	k141_682623	attc_003	2681	2810	-1	0.012	attC	attC	attc_4	CALIN	No	1158.0	lin
SRR22878281_binette_bin251.fasta	integron_01	k141_682623	k141_682623_4	2818	3297	-1	NA	protein	protein	NA	CALIN	No	NA	lin
SRR22878281_binette_bin251.fasta	integron_01	k141_682623	attc_004	3312	3442	-1	6.6e-06	attC	attC	attc_4	CALIN	No	502.0	lin
SRR22878281_binette_bin251.fasta	integron_01	k141_302782	attc_001	106	287	1	0.0014	attC	attC	attc_4	CALIN	No	NA	lin
SRR22878281_binette_bin251.fasta	integron_01	k141_302782	k141_302782_1	284	841	1	NA	protein	protein	NA	CALIN	No	NA	lin
SRR22878281_binette_bin251.fasta	integron_01	k141_302782	attc_002	872	1050	1	0.00045	attC	attC	attc_4	CALIN	No	585.0	lin
SRR22878281_binette_bin251.fasta	integron_01	k141_302782	k141_302782_2	1066	1293	1	NA	protein	protein	NA	CALIN	No	NA	lin
SRR22878281_binette_bin251.fasta	integron_01	k141_879038	k141_879038_1	3	284	-1	NA	protein	protein	NA	CALIN	No	NA	lin
SRR22878281_binette_bin251.fasta	integron_01	k141_879038	attc_001	294	474	-1	0.0027	attC	attC	attc_4	CALIN	No	NA	lin
SRR22878281_binette_bin251.fasta	integron_01	k141_879038	k141_879038_2	458	931	-1	NA	protein	protein	NA	CALIN	No	NA	lin
SRR22878281_binette_bin251.fasta	integron_01	k141_879038	attc_002	944	1123	-1	0.0046	attC	attC	attc_4	CALIN	No	470.0	lin
SRR22878281_binette_bin251.fasta	integron_01	k141_883158	k141_883158_1	89	691	1	NA	protein	protein	NA	CALIN	No	NA	lin
SRR22878281_binette_bin251.fasta	integron_01	k141_883158	attc_001	686	865	1	0.012	attC	attC	attc_4	CALIN	No	NA	lin
SRR22878281_binette_bin251.fasta	integron_01	k141_883158	k141_883158_2	847	1254	1	NA	protein	protein	NA	CALIN	No	NA	lin
SRR22878281_binette_bin251.fasta	integron_01	k141_883158	attc_002	1268	1448	1	0.00049	attC	attC	attc_4	CALIN	No	403.0	lin
SRR22878281_binette_bin251.fasta	integron_01	k141_883158	k141_883158_3	1443	2486	-1	NA	protein	protein	NA	CALIN	No	NA	lin
SRR22878281_binette_bin251.fasta	integron_01	k141_883158	attc_003	2415	2596	1	0.00094	attC	attC	attc_4	CALIN	No	967.0	lin
SRR22878281_binette_bin251.fasta	integron_01	k141_883158	k141_883158_4	2609	2815	1	NA	protein	protein	NA	CALIN	No	NA	lin
SRR22878281_binette_bin251.fasta	integron_01	k141_883158	attc_004	2858	3040	1	0.002	attC	attC	attc_4	CALIN	No	262.0	lin
SRR22878281_binette_bin251.fasta	integron_01	k141_883158	attc_005	3570	3748	1	0.00014	attC	attC	attc_4	CALIN	No	530.0	lin
SRR22878281_binette_bin251.fasta	integron_01	k141_883158	k141_883158_5	3762	4283	1	NA	protein	protein	NA	CALIN	No	NA	lin
SRR22878281_binette_bin251.fasta	integron_01	k141_883158	attc_006	4335	4515	1	0.51	attC	attC	attc_4	CALIN	No	587.0	lin
SRR22878281_binette_bin251.fasta	integron_01	k141_883158	k141_883158_6	4526	4864	1	NA	protein	protein	NA	CALIN	No	NA	lin
SRR22878281_binette_bin251.fasta	integron_01	k141_883158	attc_007	4872	5051	1	0.0029	attC	attC	attc_4	CALIN	No	357.0	lin
SRR22878281_binette_bin251.fasta	integron_01	k141_883158	k141_883158_7	5048	5401	1	NA	protein	protein	NA	CALIN	No	NA	lin
SRR22878281_binette_bin251.fasta	integron_01	k141_697003	k141_697003_1	43	327	1	NA	protein	protein	NA	CALIN	No	NA	lin
SRR22878281_binette_bin251.fasta	integron_01	k141_697003	attc_001	405	534	1	7e-06	attC	attC	attc_4	CALIN	No	NA	lin
SRR22878281_binette_bin251.fasta	integron_01	k141_697003	k141_697003_2	546	1298	1	NA	protein	protein	NA	CALIN	No	NA	lin
SRR22878281_binette_bin251.fasta	integron_01	k141_697003	attc_002	1281	1410	1	7.8e-06	attC	attC	attc_4	CALIN	No	747.0	lin
SRR22878281_binette_bin251.fasta	integron_01	k141_697003	k141_697003_3	1420	1881	1	NA	protein	protein	NA	CALIN	No	NA	lin
SRR22878281_binette_bin251.fasta	integron_01	k141_697003	attc_003	1892	2021	1	5.4e-07	attC	attC	attc_4	CALIN	No	482.0	lin
SRR22878281_binette_bin251.fasta	integron_01	k141_697003	k141_697003_4	2016	2270	1	NA	protein	protein	NA	CALIN	No	NA	lin
SRR22878281_binette_bin251.fasta	integron_01	k141_697003	attc_004	2287	2416	1	5.4e-07	attC	attC	attc_4	CALIN	No	266.0	lin
SRR22878281_binette_bin251.fasta	integron_01	k141_697904	k141_697904_1	192	710	1	NA	protein	protein	NA	CALIN	No	NA	lin
SRR22878281_binette_bin251.fasta	integron_01	k141_697904	attc_001	728	857	1	1.9e-07	attC	attC	attc_4	CALIN	No	NA	lin
SRR22878281_binette_bin251.fasta	integron_01	k141_697904	k141_697904_2	979	1251	1	NA	protein	protein	NA	CALIN	No	NA	lin
SRR22878281_binette_bin251.fasta	integron_01	k141_697904	attc_002	1259	1314	1	0.0049	attC	attC	attc_4	CALIN	No	402.0	lin
SRR22878281_binette_bin251.fasta	integron_01	k141_697904	attc_003	1375	1506	1	7.1e-06	attC	attC	attc_4	CALIN	No	61.0	lin
SRR22878281_binette_bin251.fasta	integron_01	k141_697904	k141_697904_3	1520	1966	1	NA	protein	protein	NA	CALIN	No	NA	lin
SRR22878281_binette_bin251.fasta	integron_01	k141_697904	attc_004	1973	2132	1	1e-05	attC	attC	attc_4	CALIN	No	467.0	lin
SRR22878281_binette_bin251.fasta	integron_01	k141_698144	attc_001	472	650	-1	0.0033	attC	attC	attc_4	CALIN	No	NA	lin
SRR22878281_binette_bin251.fasta	integron_01	k141_698144	k141_698144_2	665	1135	-1	NA	protein	protein	NA	CALIN	No	NA	lin
SRR22878281_binette_bin251.fasta	integron_01	k141_698144	attc_002	1149	1327	-1	2.7e-06	attC	attC	attc_4	CALIN	No	499.0	lin
SRR22878281_binette_bin251.fasta	integron_01	k141_413220	k141_413220_1	2	676	1	NA	protein	protein	NA	CALIN	No	NA	lin
SRR22878281_binette_bin251.fasta	integron_01	k141_413220	attc_001	643	821	1	0.00027	attC	attC	attc_4	CALIN	No	NA	lin
SRR22878281_binette_bin251.fasta	integron_01	k141_413220	k141_413220_2	818	1357	1	NA	protein	protein	NA	CALIN	No	NA	lin
SRR22878281_binette_bin251.fasta	integron_01	k141_413220	attc_002	1341	1520	1	0.00057	attC	attC	attc_4	CALIN	No	520.0	lin
SRR22878281_binette_bin251.fasta	integron_01	k141_413220	k141_413220_3	1517	1615	1	NA	protein	protein	NA	CALIN	No	NA	lin
SRR22878281_binette_bin251.fasta	integron_01	k141_323034	k141_323034_1	1	345	-1	NA	protein	protein	NA	CALIN	No	NA	lin
SRR22878281_binette_bin251.fasta	integron_01	k141_323034	attc_001	187	316	-1	2.6e-07	attC	attC	attc_4	CALIN	No	NA	lin
SRR22878281_binette_bin251.fasta	integron_01	k141_323034	k141_323034_2	366	632	1	NA	protein	protein	NA	CALIN	No	NA	lin
SRR22878281_binette_bin251.fasta	integron_01	k141_323034	k141_323034_3	629	940	1	NA	protein	protein	NA	CALIN	No	NA	lin
SRR22878281_binette_bin251.fasta	integron_01	k141_323034	attc_002	953	1083	-1	8e-07	attC	attC	attc_4	CALIN	No	637.0	lin
SRR22878281_binette_bin251.fasta	integron_01	k141_323034	attc_003	1026	1083	-1	0.13	attC	attC	attc_4	CALIN	No	1107.0	lin
SRR22878281_binette_bin251.fasta	integron_01	k141_799120	attc_001	44	223	-1	0.0077	attC	attC	attc_4	CALIN	No	NA	lin
SRR22878281_binette_bin251.fasta	integron_01	k141_799120	k141_799120_1	233	886	-1	NA	protein	protein	NA	CALIN	No	NA	lin
SRR22878281_binette_bin251.fasta	integron_01	k141_799120	attc_002	883	1063	-1	0.00055	attC	attC	attc_4	CALIN	No	660.0	lin
SRR22878281_binette_bin251.fasta	integron_01	k141_799120	attc_003	1337	1516	-1	0.0012	attC	attC	attc_4	CALIN	No	274.0	lin
SRR22878281_binette_bin251.fasta	integron_01	k141_799120	k141_799120_2	1500	1979	-1	NA	protein	protein	NA	CALIN	No	NA	lin
SRR22878281_binette_bin251.fasta	integron_01	k141_799120	attc_004	2043	2213	-1	0.0011	attC	attC	attc_4	CALIN	No	527.0	lin
SRR22878281_binette_bin251.fasta	integron_01	k141_799120	k141_799120_3	2240	2479	1	NA	protein	protein	NA	CALIN	No	NA	lin
SRR22878281_binette_bin251.fasta	integron_01	k141_799120	attc_005	2474	2652	-1	0.0071	attC	attC	attc_4	CALIN	No	261.0	lin
SRR22878281_binette_bin251.fasta	integron_01	k141_799120	k141_799120_4	2647	3249	-1	NA	protein	protein	NA	CALIN	No	NA	lin
SRR22878281_binette_bin251.fasta	integron_01	k141_31312	k141_31312_1	3	275	-1	NA	protein	protein	NA	CALIN	No	NA	lin
SRR22878281_binette_bin251.fasta	integron_01	k141_31312	attc_001	60	189	-1	2.3e-07	attC	attC	attc_4	CALIN	No	NA	lin
SRR22878281_binette_bin251.fasta	integron_01	k141_31312	k141_31312_2	238	639	-1	NA	protein	protein	NA	CALIN	No	NA	lin
SRR22878281_binette_bin251.fasta	integron_01	k141_31312	attc_002	560	689	-1	0.0025	attC	attC	attc_4	CALIN	No	371.0	lin
SRR22878281_binette_bin251.fasta	integron_01	k141_31312	k141_31312_3	698	1048	-1	NA	protein	protein	NA	CALIN	No	NA	lin
SRR22878281_binette_bin251.fasta	integron_01	k141_607711	attc_001	85	215	1	3.2e-06	attC	attC	attc_4	CALIN	No	NA	lin
SRR22878281_binette_bin251.fasta	integron_01	k141_607711	k141_607711_1	228	701	1	NA	protein	protein	NA	CALIN	No	NA	lin
SRR22878281_binette_bin251.fasta	integron_01	k141_607711	attc_002	696	824	1	1.3e-05	attC	attC	attc_4	CALIN	No	481.0	lin
SRR22878281_binette_bin251.fasta	integron_01	k141_607711	k141_607711_2	911	1222	1	NA	protein	protein	NA	CALIN	No	NA	lin
SRR22878281_binette_bin251.fasta	integron_01	k141_607711	attc_003	1254	1344	1	0.11	attC	attC	attc_4	CALIN	No	430.0	lin
SRR22878281_binette_bin251.fasta	integron_01	k141_514559	attc_001	121	303	-1	0.001	attC	attC	attc_4	CALIN	No	NA	lin
SRR22878281_binette_bin251.fasta	integron_01	k141_514559	k141_514559_1	319	822	-1	NA	protein	protein	NA	CALIN	No	NA	lin
SRR22878281_binette_bin251.fasta	integron_01	k141_514559	attc_002	819	997	-1	0.00051	attC	attC	attc_4	CALIN	No	516.0	lin
SRR22878281_binette_bin251.fasta	integron_01	k141_514559	attc_003	1330	1508	-1	0.0035	attC	attC	attc_4	CALIN	No	333.0	lin
SRR22878281_binette_bin251.fasta	integron_01	k141_514559	k141_514559_2	1446	1568	1	NA	protein	protein	NA	CALIN	No	NA	lin
SRR22878281_binette_bin251.fasta	integron_01	k141_37609	attc_001	88	217	1	0.069	attC	attC	attc_4	CALIN	No	NA	lin
SRR22878281_binette_bin251.fasta	integron_01	k141_37609	k141_37609_1	267	662	1	NA	protein	protein	NA	CALIN	No	NA	lin
SRR22878281_binette_bin251.fasta	integron_01	k141_37609	attc_002	716	845	1	3.7e-06	attC	attC	attc_4	CALIN	No	499.0	lin
SRR22878281_binette_bin251.fasta	integron_01	k141_37609	attc_003	1151	1280	1	7.9e-07	attC	attC	attc_4	CALIN	No	306.0	lin
SRR22878281_binette_bin251.fasta	integron_01	k141_613015	attc_001	15	197	-1	0.003	attC	attC	attc_4	CALIN	No	NA	lin
SRR22878281_binette_bin251.fasta	integron_01	k141_613015	k141_613015_1	219	659	-1	NA	protein	protein	NA	CALIN	No	NA	lin
SRR22878281_binette_bin251.fasta	integron_01	k141_613015	attc_002	656	836	-1	0.00094	attC	attC	attc_4	CALIN	No	459.0	lin
SRR22878281_binette_bin251.fasta	integron_01	k141_613015	k141_613015_2	831	1286	-1	NA	protein	protein	NA	CALIN	No	NA	lin
SRR22878281_binette_bin251.fasta	integron_01	k141_613015	k141_613015_3	1524	2045	-1	NA	protein	protein	NA	CALIN	No	NA	lin
SRR22878281_binette_bin251.fasta	integron_01	k141_613015	attc_003	2077	2256	-1	0.00044	attC	attC	attc_4	CALIN	No	1241.0	lin
SRR22878281_binette_bin251.fasta	integron_01	k141_613015	k141_613015_4	2251	2625	-1	NA	protein	protein	NA	CALIN	No	NA	lin
SRR22878281_binette_bin251.fasta	integron_01	k141_712082	attc_001	153	324	-1	0.00094	attC	attC	attc_4	CALIN	No	NA	lin
SRR22878281_binette_bin251.fasta	integron_01	k141_712082	k141_712082_1	349	735	-1	NA	protein	protein	NA	CALIN	No	NA	lin
SRR22878281_binette_bin251.fasta	integron_01	k141_712082	attc_002	732	910	-1	0.0019	attC	attC	attc_4	CALIN	No	408.0	lin
SRR22878281_binette_bin251.fasta	integron_01	k141_712082	attc_003	1205	1384	-1	0.0044	attC	attC	attc_4	CALIN	No	295.0	lin
SRR22878281_binette_bin251.fasta	integron_01	k141_712082	k141_712082_2	1277	1519	1	NA	protein	protein	NA	CALIN	No	NA	lin
SRR22878281_binette_bin251.fasta	integron_01	k141_712082	k141_712082_3	1414	1752	-1	NA	protein	protein	NA	CALIN	No	NA	lin
SRR22878281_binette_bin251.fasta	integron_01	k141_521919	k141_521919_1	2	463	1	NA	protein	protein	NA	CALIN	No	NA	lin
SRR22878281_binette_bin251.fasta	integron_01	k141_521919	attc_001	458	637	1	0.00048	attC	attC	attc_4	CALIN	No	NA	lin
SRR22878281_binette_bin251.fasta	integron_01	k141_521919	k141_521919_2	634	1155	1	NA	protein	protein	NA	CALIN	No	NA	lin
SRR22878281_binette_bin251.fasta	integron_01	k141_521919	k141_521919_3	973	1356	-1	NA	protein	protein	NA	CALIN	No	NA	lin
SRR22878281_binette_bin251.fasta	integron_01	k141_521919	attc_002	1139	1318	1	0.0015	attC	attC	attc_4	CALIN	No	502.0	lin
SRR22878281_binette_bin251.fasta	integron_01	k141_42212	attc_001	104	234	-1	2.5e-07	attC	attC	attc_4	CALIN	No	NA	lin
SRR22878281_binette_bin251.fasta	integron_01	k141_42212	k141_42212_1	247	873	1	NA	protein	protein	NA	CALIN	No	NA	lin
SRR22878281_binette_bin251.fasta	integron_01	k141_42212	attc_002	881	1010	-1	2.4e-07	attC	attC	attc_4	CALIN	No	647.0	lin
SRR22878281_binette_bin251.fasta	integron_01	k141_618376	attc_001	20	198	-1	0.00044	attC	attC	attc_4	CALIN	No	NA	lin
SRR22878281_binette_bin251.fasta	integron_01	k141_618376	k141_618376_1	201	806	-1	NA	protein	protein	NA	CALIN	No	NA	lin
SRR22878281_binette_bin251.fasta	integron_01	k141_618376	attc_002	855	1033	-1	0.0037	attC	attC	attc_4	CALIN	No	657.0	lin
SRR22878281_binette_bin251.fasta	integron_01	k141_618376	k141_618376_2	1152	1253	-1	NA	protein	protein	NA	CALIN	No	NA	lin
SRR22878281_binette_bin251.fasta	integron_01	k141_721716	attc_001	17	195	1	0.0013	attC	attC	attc_4	CALIN	No	NA	lin
SRR22878281_binette_bin251.fasta	integron_01	k141_721716	k141_721716_1	212	754	1	NA	protein	protein	NA	CALIN	No	NA	lin
SRR22878281_binette_bin251.fasta	integron_01	k141_721716	attc_002	762	941	1	0.33	attC	attC	attc_4	CALIN	No	567.0	lin
SRR22878281_binette_bin251.fasta	integron_01	k141_721716	k141_721716_2	938	1294	1	NA	protein	protein	NA	CALIN	No	NA	lin
SRR22878281_binette_bin251.fasta	integron_01	k141_721716	attc_003	1322	1504	1	0.00066	attC	attC	attc_4	CALIN	No	381.0	lin
SRR22878281_binette_bin251.fasta	integron_01	k141_721716	k141_721716_3	1529	1768	-1	NA	protein	protein	NA	CALIN	No	NA	lin
SRR22878281_binette_bin251.fasta	integron_01	k141_623523	k141_623523_1	2	241	1	NA	protein	protein	NA	CALIN	No	NA	lin
SRR22878281_binette_bin251.fasta	integron_01	k141_623523	attc_001	236	415	1	0.0002	attC	attC	attc_4	CALIN	No	NA	lin
SRR22878281_binette_bin251.fasta	integron_01	k141_623523	k141_623523_2	438	896	1	NA	protein	protein	NA	CALIN	No	NA	lin
SRR22878281_binette_bin251.fasta	integron_01	k141_623523	attc_002	891	1070	1	0.0001	attC	attC	attc_4	CALIN	No	476.0	lin
SRR22878281_binette_bin251.fasta	integron_01	k141_344161	attc_001	9	138	-1	4.3e-05	attC	attC	attc_4	CALIN	No	NA	lin
SRR22878281_binette_bin251.fasta	integron_01	k141_344161	k141_344161_1	192	512	1	NA	protein	protein	NA	CALIN	No	NA	lin
SRR22878281_binette_bin251.fasta	integron_01	k141_344161	attc_002	476	605	-1	3.5e-06	attC	attC	attc_4	CALIN	No	338.0	lin
SRR22878281_binette_bin251.fasta	integron_01	k141_344161	attc_003	932	1061	-1	0.00055	attC	attC	attc_4	CALIN	No	327.0	lin
SRR22878281_binette_bin251.fasta	integron_01	k141_536538	k141_536538_1	2	298	1	NA	protein	protein	NA	CALIN	No	NA	lin
SRR22878281_binette_bin251.fasta	integron_01	k141_536538	k141_536538_2	151	459	-1	NA	protein	protein	NA	CALIN	No	NA	lin
SRR22878281_binette_bin251.fasta	integron_01	k141_536538	attc_001	456	633	-1	0.00046	attC	attC	attc_4	CALIN	No	NA	lin
SRR22878281_binette_bin251.fasta	integron_01	k141_536538	k141_536538_3	646	1122	-1	NA	protein	protein	NA	CALIN	No	NA	lin
SRR22878281_binette_bin251.fasta	integron_01	k141_536538	attc_002	1136	1315	-1	0.00048	attC	attC	attc_4	CALIN	No	503.0	lin
SRR22878281_binette_bin251.fasta	integron_01	k141_536538	k141_536538_4	1208	1348	1	NA	protein	protein	NA	CALIN	No	NA	lin
SRR22878281_binette_bin251.fasta	integron_01	k141_160227	attc_001	5	181	1	0.0035	attC	attC	attc_4	CALIN	No	NA	lin
SRR22878281_binette_bin251.fasta	integron_01	k141_160227	k141_160227_1	163	645	1	NA	protein	protein	NA	CALIN	No	NA	lin
SRR22878281_binette_bin251.fasta	integron_01	k141_160227	attc_002	629	808	1	0.0017	attC	attC	attc_4	CALIN	No	448.0	lin
SRR22878281_binette_bin251.fasta	integron_01	k141_160227	k141_160227_2	805	1221	1	NA	protein	protein	NA	CALIN	No	NA	lin
SRR22878281_binette_bin251.fasta	integron_01	k141_160227	attc_003	1230	1411	1	0.00058	attC	attC	attc_4	CALIN	No	422.0	lin
SRR22878281_binette_bin251.fasta	integron_01	k141_160227	k141_160227_3	1415	1582	1	NA	protein	protein	NA	CALIN	No	NA	lin
SRR22878281_binette_bin251.fasta	integron_01	k141_539284	attc_001	43	172	-1	2.3e-07	attC	attC	attc_4	CALIN	No	NA	lin
SRR22878281_binette_bin251.fasta	integron_01	k141_539284	k141_539284_1	180	548	-1	NA	protein	protein	NA	CALIN	No	NA	lin
SRR22878281_binette_bin251.fasta	integron_01	k141_539284	attc_002	552	681	-1	2.3e-07	attC	attC	attc_4	CALIN	No	380.0	lin
SRR22878281_binette_bin251.fasta	integron_01	k141_736934	attc_001	116	297	1	0.0033	attC	attC	attc_4	CALIN	No	NA	lin
SRR22878281_binette_bin251.fasta	integron_01	k141_736934	k141_736934_1	346	717	1	NA	protein	protein	NA	CALIN	No	NA	lin
SRR22878281_binette_bin251.fasta	integron_01	k141_736934	k141_736934_2	641	1453	-1	NA	protein	protein	NA	CALIN	No	NA	lin
SRR22878281_binette_bin251.fasta	integron_01	k141_736934	attc_002	754	936	1	0.016	attC	attC	attc_4	CALIN	No	457.0	lin
SRR22878281_binette_bin251.fasta	integron_01	k141_736934	attc_003	1266	1443	1	0.00048	attC	attC	attc_4	CALIN	No	330.0	lin
SRR22878281_binette_bin251.fasta	integron_01	k141_359277	k141_359277_1	2	448	-1	NA	protein	protein	NA	CALIN	No	NA	lin
SRR22878281_binette_bin251.fasta	integron_01	k141_359277	attc_001	484	613	-1	4.2e-06	attC	attC	attc_4	CALIN	No	NA	lin
SRR22878281_binette_bin251.fasta	integron_01	k141_359277	k141_359277_2	608	1033	-1	NA	protein	protein	NA	CALIN	No	NA	lin
SRR22878281_binette_bin251.fasta	integron_01	k141_359277	attc_002	1040	1170	-1	3.5e-05	attC	attC	attc_4	CALIN	No	427.0	lin
SRR22878281_binette_bin251.fasta	integron_01	k141_359277	attc_003	1472	1601	-1	6.5e-07	attC	attC	attc_4	CALIN	No	302.0	lin
SRR22878281_binette_bin251.fasta	integron_01	k141_359277	k141_359277_3	1609	1998	-1	NA	protein	protein	NA	CALIN	No	NA	lin
SRR22878281_binette_bin251.fasta	integron_01	k141_359277	k141_359277_4	2002	2196	-1	NA	protein	protein	NA	CALIN	No	NA	lin
SRR22878281_binette_bin251.fasta	integron_01	k141_359277	attc_004	2236	2365	-1	6.5e-07	attC	attC	attc_4	CALIN	No	635.0	lin
SRR22878281_binette_bin251.fasta	integron_01	k141_359277	k141_359277_5	2380	2733	-1	NA	protein	protein	NA	CALIN	No	NA	lin
SRR22878281_binette_bin251.fasta	integron_01	k141_359277	attc_005	2742	2871	-1	2e-06	attC	attC	attc_4	CALIN	No	377.0	lin
SRR22878281_binette_bin251.fasta	integron_01	k141_66745	attc_001	78	207	-1	6.1e-05	attC	attC	attc_4	CALIN	No	NA	lin
SRR22878281_binette_bin251.fasta	integron_01	k141_66745	k141_66745_1	336	962	-1	NA	protein	protein	NA	CALIN	No	NA	lin
SRR22878281_binette_bin251.fasta	integron_01	k141_66745	attc_002	809	939	-1	7.6e-07	attC	attC	attc_4	CALIN	No	602.0	lin
SRR22878281_binette_bin251.fasta	integron_01	k141_66745	attc_003	1023	1079	-1	0.48	attC	attC	attc_4	CALIN	No	84.0	lin
SRR22878281_binette_bin251.fasta	integron_01	k141_262871	attc_001	229	358	1	2.7e-07	attC	attC	attc_4	CALIN	No	NA	lin
SRR22878281_binette_bin251.fasta	integron_01	k141_262871	k141_262871_1	400	1011	1	NA	protein	protein	NA	CALIN	No	NA	lin
SRR22878281_binette_bin251.fasta	integron_01	k141_262871	attc_002	1016	1145	1	1.1e-07	attC	attC	attc_4	CALIN	No	658.0	lin
SRR22878281_binette_bin251.fasta	integron_01	k141_262871	k141_262871_2	1154	1246	1	NA	protein	protein	NA	CALIN	No	NA	lin
SRR22878281_binette_bin251.fasta	integron_01	k141_178557	k141_178557_1	3	104	-1	NA	protein	protein	NA	CALIN	No	NA	lin
SRR22878281_binette_bin251.fasta	integron_01	k141_178557	k141_178557_2	155	538	1	NA	protein	protein	NA	CALIN	No	NA	lin
SRR22878281_binette_bin251.fasta	integron_01	k141_178557	attc_001	234	412	-1	0.0015	attC	attC	attc_4	CALIN	No	NA	lin
SRR22878281_binette_bin251.fasta	integron_01	k141_178557	k141_178557_3	407	961	-1	NA	protein	protein	NA	CALIN	No	NA	lin
SRR22878281_binette_bin251.fasta	integron_01	k141_178557	attc_002	818	996	-1	0.00025	attC	attC	attc_4	CALIN	No	406.0	lin
SRR22878281_binette_bin251.fasta	integron_01	k141_178557	k141_178557_4	1008	1424	-1	NA	protein	protein	NA	CALIN	No	NA	lin
SRR22878281_binette_bin251.fasta	integron_01	k141_270441	attc_001	28	210	-1	0.0062	attC	attC	attc_4	CALIN	No	NA	lin
SRR22878281_binette_bin251.fasta	integron_01	k141_270441	k141_270441_1	194	673	-1	NA	protein	protein	NA	CALIN	No	NA	lin
SRR22878281_binette_bin251.fasta	integron_01	k141_270441	k141_270441_2	732	968	1	NA	protein	protein	NA	CALIN	No	NA	lin
SRR22878281_binette_bin251.fasta	integron_01	k141_270441	attc_002	737	917	-1	0.00022	attC	attC	attc_4	CALIN	No	527.0	lin
SRR22878281_binette_bin251.fasta	integron_01	k141_270441	k141_270441_3	912	1166	-1	NA	protein	protein	NA	CALIN	No	NA	lin
SRR22878281_binette_bin251.fasta	integron_01	k141_270441	attc_003	1183	1362	-1	0.00019	attC	attC	attc_4	CALIN	No	266.0	lin
SRR22878281_binette_bin251.fasta	integron_01	k141_270441	k141_270441_4	1357	1962	-1	NA	protein	protein	NA	CALIN	No	NA	lin
SRR22878281_binette_bin251.fasta	integron_01	k141_270441	attc_004	1875	2054	-1	0.00044	attC	attC	attc_4	CALIN	No	513.0	lin
SRR22878281_binette_bin251.fasta	integron_01	k141_270441	k141_270441_5	2066	2605	-1	NA	protein	protein	NA	CALIN	No	NA	lin
SRR22878281_binette_bin251.fasta	integron_01	k141_186268	attc_001	108	285	-1	0.0033	attC	attC	attc_4	CALIN	No	NA	lin
SRR22878281_binette_bin251.fasta	integron_01	k141_186268	k141_186268_1	280	762	-1	NA	protein	protein	NA	CALIN	No	NA	lin
SRR22878281_binette_bin251.fasta	integron_01	k141_186268	attc_002	681	850	-1	0.0038	attC	attC	attc_4	CALIN	No	396.0	lin
SRR22878281_binette_bin251.fasta	integron_01	k141_186268	attc_003	1112	1295	-1	0.0045	attC	attC	attc_4	CALIN	No	262.0	lin
SRR22878281_binette_bin251.fasta	integron_01	k141_853411	k141_853411_1	1	207	-1	NA	protein	protein	NA	CALIN	No	NA	lin
SRR22878281_binette_bin251.fasta	integron_01	k141_853411	attc_001	252	432	-1	0.0038	attC	attC	attc_4	CALIN	No	NA	lin
SRR22878281_binette_bin251.fasta	integron_01	k141_853411	k141_853411_2	489	776	1	NA	protein	protein	NA	CALIN	No	NA	lin
SRR22878281_binette_bin251.fasta	integron_01	k141_853411	k141_853411_3	730	1086	1	NA	protein	protein	NA	CALIN	No	NA	lin
SRR22878281_binette_bin251.fasta	integron_01	k141_853411	attc_002	1097	1272	-1	0.0017	attC	attC	attc_4	CALIN	No	665.0	lin
SRR22878281_binette_bin251.fasta	integron_01	k141_853411	k141_853411_4	1305	1658	-1	NA	protein	protein	NA	CALIN	No	NA	lin
SRR22878281_binette_bin251.fasta	integron_01	k141_660452	k141_660452_1	3	98	-1	NA	protein	protein	NA	CALIN	No	NA	lin
SRR22878281_binette_bin251.fasta	integron_01	k141_660452	attc_001	210	339	1	0.0033	attC	attC	attc_4	CALIN	No	NA	lin
SRR22878281_binette_bin251.fasta	integron_01	k141_660452	k141_660452_2	224	682	1	NA	protein	protein	NA	CALIN	No	NA	lin
SRR22878281_binette_bin251.fasta	integron_01	k141_660452	k141_660452_3	510	1307	-1	NA	protein	protein	NA	CALIN	No	NA	lin
SRR22878281_binette_bin251.fasta	integron_01	k141_660452	attc_002	756	887	1	4.3e-05	attC	attC	attc_4	CALIN	No	417.0	lin
SRR22878281_binette_bin251.fasta	integron_01	k141_660452	attc_003	1347	1476	1	3.5e-07	attC	attC	attc_4	CALIN	No	460.0	lin
SRR22878281_binette_bin251.fasta	integron_01	k141_660452	k141_660452_4	1496	1573	1	NA	protein	protein	NA	CALIN	No	NA	lin
SRR22878281_binette_bin251.fasta	integron_01	k141_660492	k141_660492_1	2	349	1	NA	protein	protein	NA	CALIN	No	NA	lin
SRR22878281_binette_bin251.fasta	integron_01	k141_660492	attc_001	370	499	1	5.8e-06	attC	attC	attc_4	CALIN	No	NA	lin
SRR22878281_binette_bin251.fasta	integron_01	k141_660492	k141_660492_2	513	1007	1	NA	protein	protein	NA	CALIN	No	NA	lin
SRR22878281_binette_bin251.fasta	integron_01	k141_660492	attc_002	1002	1132	1	6.3e-06	attC	attC	attc_4	CALIN	No	503.0	lin
SRR22878281_binette_bin251.fasta	integron_01	k141_660492	k141_660492_3	1144	1542	1	NA	protein	protein	NA	CALIN	No	NA	lin
SRR22878281_binette_bin251.fasta	integron_01	k141_660492	k141_660492_4	1486	1650	-1	NA	protein	protein	NA	CALIN	No	NA	lin
SRR22878281_binette_bin251.fasta	integron_01	k141_660492	attc_003	1662	1792	1	1.7e-07	attC	attC	attc_4	CALIN	No	530.0	lin
SRR22878281_binette_bin251.fasta	integron_01	k141_87725	attc_001	108	237	1	6.5e-06	attC	attC	attc_4	CALIN	No	NA	lin
SRR22878281_binette_bin251.fasta	integron_01	k141_87725	k141_87725_1	194	655	1	NA	protein	protein	NA	CALIN	No	NA	lin
SRR22878281_binette_bin251.fasta	integron_01	k141_87725	attc_002	679	808	1	7.2e-06	attC	attC	attc_4	CALIN	No	442.0	lin
SRR22878281_binette_bin251.fasta	integron_01	k141_87725	k141_87725_2	817	1203	1	NA	protein	protein	NA	CALIN	No	NA	lin
SRR22878281_binette_bin251.fasta	integron_01	k141_87725	attc_003	1213	1342	1	4.2e-07	attC	attC	attc_4	CALIN	No	405.0	lin
SRR22878281_binette_bin251.fasta	integron_01	k141_87725	k141_87725_3	1263	1781	1	NA	protein	protein	NA	CALIN	No	NA	lin
SRR22878281_binette_bin251.fasta	integron_01	k141_87725	attc_004	1793	1923	1	5.1e-07	attC	attC	attc_4	CALIN	No	451.0	lin
SRR22878281_binette_bin251.fasta	integron_01	k141_87725	k141_87725_4	1932	2270	1	NA	protein	protein	NA	CALIN	No	NA	lin
SRR22878281_binette_bin251.fasta	integron_01	k141_569235	attc_001	122	251	-1	3.2e-07	attC	attC	attc_4	CALIN	No	NA	lin
SRR22878281_binette_bin251.fasta	integron_01	k141_569235	k141_569235_1	392	1096	-1	NA	protein	protein	NA	CALIN	No	NA	lin
SRR22878281_binette_bin251.fasta	integron_01	k141_569235	attc_002	809	939	-1	9.8e-07	attC	attC	attc_4	CALIN	No	558.0	lin
SRR22878281_binette_bin251.fasta	integron_01	k141_569235	attc_003	1249	1378	-1	4.5e-06	attC	attC	attc_4	CALIN	No	310.0	lin
SRR22878281_binette_bin255.fasta	integron_01	k141_777802	attc_001	237	299	1	4.2e-06	attC	attC	attc_4	CALIN	No	NA	lin
SRR22878281_binette_bin255.fasta	integron_01	k141_777802	k141_777802_1	368	796	1	NA	protein	protein	NA	CALIN	No	NA	lin
SRR22878281_binette_bin255.fasta	integron_01	k141_777802	attc_002	848	954	1	7.2e-06	attC	attC	attc_4	CALIN	No	549.0	lin
SRR22878281_binette_bin26.fasta	integron_01	k141_748445	k141_748445_1	2	283	-1	NA	protein	protein	NA	CALIN	No	NA	lin
SRR22878281_binette_bin26.fasta	integron_01	k141_748445	attc_001	61	172	1	0.018	attC	attC	attc_4	CALIN	No	NA	lin
SRR22878281_binette_bin26.fasta	integron_01	k141_748445	k141_748445_2	406	1647	1	NA	protein	protein	NA	CALIN	No	NA	lin
SRR22878281_binette_bin26.fasta	integron_01	k141_748445	k141_748445_3	1799	2986	1	NA	protein	protein	NA	CALIN	No	NA	lin
SRR22878281_binette_bin26.fasta	integron_01	k141_748445	attc_002	2505	2548	1	0.92	attC	attC	attc_4	CALIN	No	2333.0	lin
SRR22878281_binette_bin26.fasta	integron_01	k141_748445	k141_748445_4	2987	3835	1	NA	protein	protein	NA	CALIN	No	NA	lin
SRR22878281_binette_bin26.fasta	integron_01	k141_748445	k141_748445_5	3837	4643	1	NA	protein	protein	NA	CALIN	No	NA	lin
SRR22878281_binette_bin26.fasta	integron_01	k141_748445	attc_003	4518	4559	1	0.3	attC	attC	attc_4	CALIN	No	1970.0	lin
SRR22878281_binette_bin260.fasta	integron_01	k141_655550	k141_655550_1	115	621	1	NA	protein	protein	NA	CALIN	No	NA	lin
SRR22878281_binette_bin260.fasta	integron_01	k141_655550	attc_001	655	750	1	1.7e-05	attC	attC	attc_4	CALIN	No	NA	lin
SRR22878281_binette_bin260.fasta	integron_01	k141_655550	k141_655550_2	858	1352	1	NA	protein	protein	NA	CALIN	No	NA	lin
SRR22878281_binette_bin260.fasta	integron_01	k141_655550	attc_002	1417	1512	1	2e-07	attC	attC	attc_4	CALIN	No	667.0	lin
SRR22878281_binette_bin260.fasta	integron_01	k141_655550	k141_655550_3	1639	1989	1	NA	protein	protein	NA	CALIN	No	NA	lin
SRR22878281_binette_bin263.fasta	integron_01	k141_111333	k141_111333_1	507	1088	-1	NA	protein	protein	NA	CALIN	No	NA	lin
SRR22878281_binette_bin263.fasta	integron_01	k141_111333	attc_001	537	625	-1	0.00081	attC	attC	attc_4	CALIN	No	NA	lin
SRR22878281_binette_bin263.fasta	integron_01	k141_111333	k141_111333_2	1326	1670	-1	NA	protein	protein	NA	CALIN	No	NA	lin
SRR22878281_binette_bin263.fasta	integron_01	k141_111333	attc_002	1755	1843	-1	9.5e-05	attC	attC	attc_4	CALIN	No	1130.0	lin
SRR22878281_binette_bin27.fasta	integron_01	k141_763840	k141_763840_25	28150	28521	1	NA	protein	protein	NA	CALIN	No	NA	lin
SRR22878281_binette_bin27.fasta	integron_01	k141_763840	attc_001	28539	28643	1	0.091	attC	attC	attc_4	CALIN	No	NA	lin
SRR22878281_binette_bin27.fasta	integron_01	k141_763840	k141_763840_26	28716	29111	1	NA	protein	protein	NA	CALIN	No	NA	lin
SRR22878281_binette_bin27.fasta	integron_01	k141_763840	attc_002	29106	29211	1	0.0026	attC	attC	attc_4	CALIN	No	463.0	lin
SRR22878281_binette_bin27.fasta	integron_01	k141_763840	k141_763840_27	29246	29905	1	NA	protein	protein	NA	CALIN	No	NA	lin
SRR22878281_binette_bin27.fasta	integron_01	k141_763840	attc_003	29900	30005	1	0.0087	attC	attC	attc_4	CALIN	No	689.0	lin
SRR22878281_binette_bin27.fasta	integron_01	k141_763840	k141_763840_28	30031	30918	1	NA	protein	protein	NA	CALIN	No	NA	lin
SRR22878281_binette_bin27.fasta	integron_01	k141_284090	k141_284090_5	2118	3323	-1	9.6e-29	protein	intI	intersection_tyr_intI	In0	No	NA	lin
SRR22878281_binette_bin276.fasta	integron_01	k141_477054	k141_477054_3	960	1784	-1	NA	protein	protein	NA	CALIN	No	NA	lin
SRR22878281_binette_bin276.fasta	integron_01	k141_477054	attc_001	1795	1885	-1	3.8e-08	attC	attC	attc_4	CALIN	No	NA	lin
SRR22878281_binette_bin276.fasta	integron_01	k141_477054	k141_477054_4	1869	2114	-1	NA	protein	protein	NA	CALIN	No	NA	lin
SRR22878281_binette_bin276.fasta	integron_01	k141_477054	attc_002	2214	2307	-1	0.91	attC	attC	attc_4	CALIN	No	329.0	lin
SRR22878281_binette_bin276.fasta	integron_01	k141_477054	k141_477054_5	2431	2508	1	NA	protein	protein	NA	CALIN	No	NA	lin
SRR22878281_binette_bin276.fasta	integron_01	k141_477543	attc_001	59	150	-1	0.004	attC	attC	attc_4	CALIN	No	NA	lin
SRR22878281_binette_bin276.fasta	integron_01	k141_477543	k141_477543_1	145	1017	-1	NA	protein	protein	NA	CALIN	No	NA	lin
SRR22878281_binette_bin276.fasta	integron_01	k141_477543	attc_002	153	205	-1	0.89	attC	attC	attc_4	CALIN	No	3.0	lin
SRR22878281_binette_bin276.fasta	integron_01	k141_477543	attc_003	1030	1119	-1	4.8e-06	attC	attC	attc_4	CALIN	No	825.0	lin
SRR22878281_binette_bin276.fasta	integron_01	k141_477543	k141_477543_2	1122	1583	-1	NA	protein	protein	NA	CALIN	No	NA	lin
SRR22878281_binette_bin276.fasta	integron_01	k141_477543	attc_004	1593	1685	-1	4.1e-09	attC	attC	attc_4	CALIN	No	474.0	lin
SRR22878281_binette_bin276.fasta	integron_01	k141_288007	k141_288007_1	2	331	1	NA	protein	protein	NA	CALIN	No	NA	lin
SRR22878281_binette_bin276.fasta	integron_01	k141_288007	attc_001	326	420	1	1.4e-05	attC	attC	attc_4	CALIN	No	NA	lin
SRR22878281_binette_bin276.fasta	integron_01	k141_288007	k141_288007_2	455	937	1	NA	protein	protein	NA	CALIN	No	NA	lin
SRR22878281_binette_bin276.fasta	integron_01	k141_288007	attc_002	921	1016	1	0.00072	attC	attC	attc_4	CALIN	No	501.0	lin
SRR22878281_binette_bin276.fasta	integron_01	k141_768544	k141_768544_1	106	549	1	NA	protein	protein	NA	CALIN	No	NA	lin
SRR22878281_binette_bin276.fasta	integron_01	k141_768544	attc_001	650	739	1	0.015	attC	attC	attc_4	CALIN	No	NA	lin
SRR22878281_binette_bin276.fasta	integron_01	k141_768544	k141_768544_2	773	1294	1	NA	protein	protein	NA	CALIN	No	NA	lin
SRR22878281_binette_bin276.fasta	integron_01	k141_768544	attc_002	1267	1353	1	0.64	attC	attC	attc_4	CALIN	No	528.0	lin
SRR22878281_binette_bin276.fasta	integron_01	k141_768544	k141_768544_3	1370	1801	1	NA	protein	protein	NA	CALIN	No	NA	lin
SRR22878281_binette_bin276.fasta	integron_01	k141_768544	attc_003	1796	1885	1	5.4e-05	attC	attC	attc_4	CALIN	No	443.0	lin
SRR22878281_binette_bin276.fasta	integron_01	k141_768544	k141_768544_4	1899	2111	1	NA	protein	protein	NA	CALIN	No	NA	lin
SRR22878281_binette_bin276.fasta	integron_01	k141_4024	k141_4024_1	2	235	-1	NA	protein	protein	NA	CALIN	No	NA	lin
SRR22878281_binette_bin276.fasta	integron_01	k141_4024	attc_001	157	248	-1	0.00012	attC	attC	attc_4	CALIN	No	NA	lin
SRR22878281_binette_bin276.fasta	integron_01	k141_4024	k141_4024_2	269	667	-1	NA	protein	protein	NA	CALIN	No	NA	lin
SRR22878281_binette_bin276.fasta	integron_01	k141_4024	attc_002	673	774	-1	0.0048	attC	attC	attc_4	CALIN	No	425.0	lin
SRR22878281_binette_bin276.fasta	integron_01	k141_4024	k141_4024_3	769	1221	-1	NA	protein	protein	NA	CALIN	No	NA	lin
SRR22878281_binette_bin276.fasta	integron_01	k141_4024	attc_003	1230	1322	-1	7.5e-08	attC	attC	attc_4	CALIN	No	456.0	lin
SRR22878281_binette_bin276.fasta	integron_01	k141_4024	k141_4024_4	1348	1872	-1	NA	protein	protein	NA	CALIN	No	NA	lin
SRR22878281_binette_bin276.fasta	integron_01	k141_4024	attc_004	1829	1919	-1	0.27	attC	attC	attc_4	CALIN	No	507.0	lin
SRR22878281_binette_bin276.fasta	integron_01	k141_676227	k141_676227_1	28	612	-1	NA	protein	protein	NA	CALIN	No	NA	lin
SRR22878281_binette_bin276.fasta	integron_01	k141_676227	attc_001	698	790	-1	1.6e-06	attC	attC	attc_4	CALIN	No	NA	lin
SRR22878281_binette_bin276.fasta	integron_01	k141_676227	k141_676227_2	785	1114	-1	NA	protein	protein	NA	CALIN	No	NA	lin
SRR22878281_binette_bin276.fasta	integron_01	k141_676227	attc_002	1193	1285	-1	0.00021	attC	attC	attc_4	CALIN	No	403.0	lin
SRR22878281_binette_bin276.fasta	integron_01	k141_676354	k141_676354_2	344	649	1	NA	protein	protein	NA	CALIN	No	NA	lin
SRR22878281_binette_bin276.fasta	integron_01	k141_676354	attc_001	644	734	1	0.0012	attC	attC	attc_4	CALIN	No	NA	lin
SRR22878281_binette_bin276.fasta	integron_01	k141_676354	k141_676354_3	750	1184	1	NA	protein	protein	NA	CALIN	No	NA	lin
SRR22878281_binette_bin276.fasta	integron_01	k141_676354	attc_002	1179	1270	1	3.8e-07	attC	attC	attc_4	CALIN	No	445.0	lin
SRR22878281_binette_bin276.fasta	integron_01	k141_677921	k141_677921_1	2	106	1	NA	protein	protein	NA	CALIN	No	NA	lin
SRR22878281_binette_bin276.fasta	integron_01	k141_677921	attc_001	50	103	-1	0.12	attC	attC	attc_4	CALIN	No	NA	lin
SRR22878281_binette_bin276.fasta	integron_01	k141_677921	k141_677921_2	243	638	-1	NA	protein	protein	NA	CALIN	No	NA	lin
SRR22878281_binette_bin276.fasta	integron_01	k141_677921	attc_002	644	734	-1	0.00019	attC	attC	attc_4	CALIN	No	541.0	lin
SRR22878281_binette_bin276.fasta	integron_01	k141_677921	k141_677921_3	793	1359	-1	NA	protein	protein	NA	CALIN	No	NA	lin
SRR22878281_binette_bin276.fasta	integron_01	k141_870007	k141_870007_1	2	214	1	NA	protein	protein	NA	CALIN	No	NA	lin
SRR22878281_binette_bin276.fasta	integron_01	k141_870007	attc_001	209	348	1	6e-07	attC	attC	attc_4	CALIN	No	NA	lin
SRR22878281_binette_bin276.fasta	integron_01	k141_870007	k141_870007_2	265	825	1	NA	protein	protein	NA	CALIN	No	NA	lin
SRR22878281_binette_bin276.fasta	integron_01	k141_870007	k141_870007_3	791	1186	1	NA	protein	protein	NA	CALIN	No	NA	lin
SRR22878281_binette_bin276.fasta	integron_01	k141_870007	attc_002	1181	1271	1	2.3e-05	attC	attC	attc_4	CALIN	No	833.0	lin
SRR22878281_binette_bin276.fasta	integron_01	k141_490308	attc_001	346	437	1	2.2e-06	attC	attC	attc_4	CALIN	No	NA	lin
SRR22878281_binette_bin276.fasta	integron_01	k141_490308	k141_490308_1	465	896	1	NA	protein	protein	NA	CALIN	No	NA	lin
SRR22878281_binette_bin276.fasta	integron_01	k141_490308	attc_002	891	982	1	2.2e-05	attC	attC	attc_4	CALIN	No	454.0	lin
SRR22878281_binette_bin276.fasta	integron_01	k141_490308	k141_490308_2	998	1420	1	NA	protein	protein	NA	CALIN	No	NA	lin
SRR22878281_binette_bin276.fasta	integron_01	k141_109583	k141_109583_1	3	173	1	NA	protein	protein	NA	CALIN	No	NA	lin
SRR22878281_binette_bin276.fasta	integron_01	k141_109583	attc_001	168	262	1	7.8e-05	attC	attC	attc_4	CALIN	No	NA	lin
SRR22878281_binette_bin276.fasta	integron_01	k141_109583	k141_109583_2	290	916	-1	NA	protein	protein	NA	CALIN	No	NA	lin
SRR22878281_binette_bin276.fasta	integron_01	k141_109583	attc_002	1013	1105	1	2.8e-05	attC	attC	attc_4	CALIN	No	751.0	lin
SRR22878281_binette_bin276.fasta	integron_01	k141_110844	attc_001	1	138	-1	1.1e-06	attC	attC	attc_4	CALIN	No	NA	lin
SRR22878281_binette_bin276.fasta	integron_01	k141_110844	k141_110844_1	133	585	-1	NA	protein	protein	NA	CALIN	No	NA	lin
SRR22878281_binette_bin276.fasta	integron_01	k141_110844	attc_002	605	744	-1	8.6e-10	attC	attC	attc_4	CALIN	No	467.0	lin
SRR22878281_binette_bin276.fasta	integron_01	k141_110844	k141_110844_2	829	1089	-1	NA	protein	protein	NA	CALIN	No	NA	lin
SRR22878281_binette_bin276.fasta	integron_01	k141_880779	attc_001	99	193	-1	0.00038	attC	attC	attc_4	CALIN	No	NA	lin
SRR22878281_binette_bin276.fasta	integron_01	k141_880779	attc_002	562	656	-1	9.3e-05	attC	attC	attc_4	CALIN	No	369.0	lin
SRR22878281_binette_bin276.fasta	integron_01	k141_880779	k141_880779_1	800	1108	-1	NA	protein	protein	NA	CALIN	No	NA	lin
SRR22878281_binette_bin276.fasta	integron_01	k141_880779	attc_003	1230	1324	-1	1.7e-05	attC	attC	attc_4	CALIN	No	574.0	lin
SRR22878281_binette_bin276.fasta	integron_01	k141_787504	attc_001	3	96	-1	9.1e-05	attC	attC	attc_4	CALIN	No	NA	lin
SRR22878281_binette_bin276.fasta	integron_01	k141_787504	k141_787504_1	105	581	-1	NA	protein	protein	NA	CALIN	No	NA	lin
SRR22878281_binette_bin276.fasta	integron_01	k141_787504	attc_002	522	614	-1	6.4e-07	attC	attC	attc_4	CALIN	No	426.0	lin
SRR22878281_binette_bin276.fasta	integron_01	k141_787504	attc_003	653	705	-1	0.14	attC	attC	attc_4	CALIN	No	39.0	lin
SRR22878281_binette_bin276.fasta	integron_01	k141_787504	k141_787504_2	655	1008	-1	NA	protein	protein	NA	CALIN	No	NA	lin
SRR22878281_binette_bin276.fasta	integron_01	k141_787504	attc_004	1037	1130	-1	0.00057	attC	attC	attc_4	CALIN	No	332.0	lin
SRR22878281_binette_bin276.fasta	integron_01	k141_787504	attc_005	1541	1632	-1	8.8e-05	attC	attC	attc_4	CALIN	No	411.0	lin
SRR22878281_binette_bin276.fasta	integron_01	k141_211755	attc_001	78	169	-1	2.7e-07	attC	attC	attc_4	CALIN	No	NA	lin
SRR22878281_binette_bin276.fasta	integron_01	k141_211755	k141_211755_1	225	626	-1	NA	protein	protein	NA	CALIN	No	NA	lin
SRR22878281_binette_bin276.fasta	integron_01	k141_211755	attc_002	646	739	-1	2.8e-07	attC	attC	attc_4	CALIN	No	477.0	lin
SRR22878281_binette_bin276.fasta	integron_01	k141_211755	k141_211755_2	808	1113	-1	NA	protein	protein	NA	CALIN	No	NA	lin
SRR22878281_binette_bin276.fasta	integron_01	k141_211755	attc_003	1146	1240	-1	0.0021	attC	attC	attc_4	CALIN	No	407.0	lin
SRR22878281_binette_bin276.fasta	integron_01	k141_789908	k141_789908_1	53	637	1	NA	protein	protein	NA	CALIN	No	NA	lin
SRR22878281_binette_bin276.fasta	integron_01	k141_789908	attc_001	632	768	1	1.7e-06	attC	attC	attc_4	CALIN	No	NA	lin
SRR22878281_binette_bin276.fasta	integron_01	k141_789908	attc_002	1076	1166	1	7.9e-06	attC	attC	attc_4	CALIN	No	308.0	lin
SRR22878281_binette_bin276.fasta	integron_01	k141_317473	attc_001	325	467	1	1.5e-06	attC	attC	attc_4	CALIN	No	NA	lin
SRR22878281_binette_bin276.fasta	integron_01	k141_317473	k141_317473_1	480	947	1	NA	protein	protein	NA	CALIN	No	NA	lin
SRR22878281_binette_bin276.fasta	integron_01	k141_317473	attc_002	957	1048	1	5.3e-06	attC	attC	attc_4	CALIN	No	490.0	lin
SRR22878281_binette_bin276.fasta	integron_01	k141_794930	attc_001	1	71	-1	0.85	attC	attC	attc_4	CALIN	No	NA	lin
SRR22878281_binette_bin276.fasta	integron_01	k141_794930	attc_002	492	631	-1	1.4e-09	attC	attC	attc_4	CALIN	No	421.0	lin
SRR22878281_binette_bin276.fasta	integron_01	k141_794930	k141_794930_1	695	1084	-1	NA	protein	protein	NA	CALIN	No	NA	lin
SRR22878281_binette_bin276.fasta	integron_01	k141_794930	attc_003	1098	1236	-1	9.8e-10	attC	attC	attc_4	CALIN	No	467.0	lin
SRR22878281_binette_bin276.fasta	integron_01	k141_798160	k141_798160_1	2	457	-1	NA	protein	protein	NA	CALIN	No	NA	lin
SRR22878281_binette_bin276.fasta	integron_01	k141_798160	attc_001	470	564	-1	2.8e-05	attC	attC	attc_4	CALIN	No	NA	lin
SRR22878281_binette_bin276.fasta	integron_01	k141_798160	attc_002	941	1035	-1	7.2e-05	attC	attC	attc_4	CALIN	No	377.0	lin
SRR22878281_binette_bin276.fasta	integron_01	k141_798160	k141_798160_2	1030	1260	-1	NA	protein	protein	NA	CALIN	No	NA	lin
SRR22878281_binette_bin276.fasta	integron_01	k141_798160	k141_798160_3	1257	1595	-1	NA	protein	protein	NA	CALIN	No	NA	lin
SRR22878281_binette_bin276.fasta	integron_01	k141_798160	attc_003	1732	1825	-1	8.6e-05	attC	attC	attc_4	CALIN	No	697.0	lin
SRR22878281_binette_bin276.fasta	integron_01	k141_414501	attc_001	114	201	1	0.00019	attC	attC	attc_4	CALIN	No	NA	lin
SRR22878281_binette_bin276.fasta	integron_01	k141_414501	k141_414501_1	226	891	1	NA	protein	protein	NA	CALIN	No	NA	lin
SRR22878281_binette_bin276.fasta	integron_01	k141_414501	attc_002	889	981	1	0.0053	attC	attC	attc_4	CALIN	No	688.0	lin
SRR22878281_binette_bin276.fasta	integron_01	k141_414501	k141_414501_2	995	1507	1	NA	protein	protein	NA	CALIN	No	NA	lin
SRR22878281_binette_bin276.fasta	integron_01	k141_132500	attc_001	103	195	-1	6.7e-05	attC	attC	attc_4	CALIN	No	NA	lin
SRR22878281_binette_bin276.fasta	integron_01	k141_132500	k141_132500_1	207	845	-1	NA	protein	protein	NA	CALIN	No	NA	lin
SRR22878281_binette_bin276.fasta	integron_01	k141_132500	attc_002	864	1010	-1	1.2e-05	attC	attC	attc_4	CALIN	No	669.0	lin
SRR22878281_binette_bin276.fasta	integron_01	k141_514696	attc_001	1	85	1	0.046	attC	attC	attc_4	CALIN	No	NA	lin
SRR22878281_binette_bin276.fasta	integron_01	k141_514696	k141_514696_1	279	566	1	NA	protein	protein	NA	CALIN	No	NA	lin
SRR22878281_binette_bin276.fasta	integron_01	k141_514696	attc_002	581	673	1	1.7e-06	attC	attC	attc_4	CALIN	No	496.0	lin
SRR22878281_binette_bin276.fasta	integron_01	k141_514696	k141_514696_2	688	1230	1	NA	protein	protein	NA	CALIN	No	NA	lin
SRR22878281_binette_bin276.fasta	integron_01	k141_514696	attc_003	1225	1316	1	5.3e-06	attC	attC	attc_4	CALIN	No	552.0	lin
SRR22878281_binette_bin276.fasta	integron_01	k141_903909	k141_903909_2	164	655	1	NA	protein	protein	NA	CALIN	No	NA	lin
SRR22878281_binette_bin276.fasta	integron_01	k141_903909	attc_001	650	742	1	9e-06	attC	attC	attc_4	CALIN	No	NA	lin
SRR22878281_binette_bin276.fasta	integron_01	k141_903909	k141_903909_3	776	1246	1	NA	protein	protein	NA	CALIN	No	NA	lin
SRR22878281_binette_bin276.fasta	integron_01	k141_903909	attc_002	1241	1333	1	5.7e-07	attC	attC	attc_4	CALIN	No	499.0	lin
SRR22878281_binette_bin276.fasta	integron_01	k141_903909	k141_903909_4	1347	2078	1	NA	protein	protein	NA	CALIN	No	NA	lin
SRR22878281_binette_bin276.fasta	integron_01	k141_142323	attc_001	39	130	1	3.7e-07	attC	attC	attc_4	CALIN	No	NA	lin
SRR22878281_binette_bin276.fasta	integron_01	k141_142323	attc_002	538	628	1	2.6e-05	attC	attC	attc_4	CALIN	No	408.0	lin
SRR22878281_binette_bin276.fasta	integron_01	k141_142323	k141_142323_1	610	1029	1	NA	protein	protein	NA	CALIN	No	NA	lin
SRR22878281_binette_bin276.fasta	integron_01	k141_142323	attc_003	1110	1202	1	4.9e-05	attC	attC	attc_4	CALIN	No	482.0	lin
SRR22878281_binette_bin276.fasta	integron_01	k141_812245	attc_001	12	104	1	6.8e-06	attC	attC	attc_4	CALIN	No	NA	lin
SRR22878281_binette_bin276.fasta	integron_01	k141_812245	k141_812245_1	467	625	1	NA	protein	protein	NA	CALIN	No	NA	lin
SRR22878281_binette_bin276.fasta	integron_01	k141_812245	attc_002	647	738	1	0.00051	attC	attC	attc_4	CALIN	No	543.0	lin
SRR22878281_binette_bin276.fasta	integron_01	k141_812245	k141_812245_2	840	1100	-1	NA	protein	protein	NA	CALIN	No	NA	lin
SRR22878281_binette_bin276.fasta	integron_01	k141_909222	attc_001	81	172	1	2.4e-07	attC	attC	attc_4	CALIN	No	NA	lin
SRR22878281_binette_bin276.fasta	integron_01	k141_909222	k141_909222_1	206	805	1	NA	protein	protein	NA	CALIN	No	NA	lin
SRR22878281_binette_bin276.fasta	integron_01	k141_909222	attc_002	820	966	1	4.8e-05	attC	attC	attc_4	CALIN	No	648.0	lin
SRR22878281_binette_bin276.fasta	integron_01	k141_909222	k141_909222_2	833	1426	1	NA	protein	protein	NA	CALIN	No	NA	lin
SRR22878281_binette_bin276.fasta	integron_01	k141_909222	attc_003	1421	1512	1	5.7e-06	attC	attC	attc_4	CALIN	No	455.0	lin
SRR22878281_binette_bin276.fasta	integron_01	k141_622762	attc_001	143	232	1	6.9e-07	attC	attC	attc_4	CALIN	No	NA	lin
SRR22878281_binette_bin276.fasta	integron_01	k141_622762	k141_622762_1	249	1217	1	NA	protein	protein	NA	CALIN	No	NA	lin
SRR22878281_binette_bin276.fasta	integron_01	k141_622762	attc_002	1227	1317	1	0.00017	attC	attC	attc_4	CALIN	No	995.0	lin
SRR22878281_binette_bin276.fasta	integron_01	k141_622762	k141_622762_2	1337	1879	1	NA	protein	protein	NA	CALIN	No	NA	lin
SRR22878281_binette_bin276.fasta	integron_01	k141_622762	attc_003	1899	1990	1	2.1e-05	attC	attC	attc_4	CALIN	No	582.0	lin
SRR22878281_binette_bin276.fasta	integron_01	k141_622762	k141_622762_3	2003	2122	1	NA	protein	protein	NA	CALIN	No	NA	lin
SRR22878281_binette_bin276.fasta	integron_01	k141_723162	attc_001	26	119	1	0.002	attC	attC	attc_4	CALIN	No	NA	lin
SRR22878281_binette_bin276.fasta	integron_01	k141_723162	k141_723162_1	130	594	1	NA	protein	protein	NA	CALIN	No	NA	lin
SRR22878281_binette_bin276.fasta	integron_01	k141_723162	attc_002	589	678	1	2.9e-06	attC	attC	attc_4	CALIN	No	470.0	lin
SRR22878281_binette_bin276.fasta	integron_01	k141_723162	k141_723162_2	660	1040	1	NA	protein	protein	NA	CALIN	No	NA	lin
SRR22878281_binette_bin276.fasta	integron_01	k141_439286	attc_001	287	378	1	9.7e-06	attC	attC	attc_4	CALIN	No	NA	lin
SRR22878281_binette_bin276.fasta	integron_01	k141_439286	k141_439286_1	394	855	1	NA	protein	protein	NA	CALIN	No	NA	lin
SRR22878281_binette_bin276.fasta	integron_01	k141_439286	attc_002	850	940	1	1.5e-07	attC	attC	attc_4	CALIN	No	472.0	lin
SRR22878281_binette_bin276.fasta	integron_01	k141_735038	attc_001	341	432	-1	2e-07	attC	attC	attc_4	CALIN	No	NA	lin
SRR22878281_binette_bin276.fasta	integron_01	k141_735038	attc_002	441	485	-1	0.023	attC	attC	attc_4	CALIN	No	9.0	lin
SRR22878281_binette_bin276.fasta	integron_01	k141_735038	k141_735038_1	684	1274	-1	NA	protein	protein	NA	CALIN	No	NA	lin
SRR22878281_binette_bin276.fasta	integron_01	k141_165684	k141_165684_1	1	117	1	NA	protein	protein	NA	CALIN	No	NA	lin
SRR22878281_binette_bin276.fasta	integron_01	k141_165684	attc_001	3	94	-1	1.3e-07	attC	attC	attc_4	CALIN	No	NA	lin
SRR22878281_binette_bin276.fasta	integron_01	k141_165684	k141_165684_2	89	532	-1	NA	protein	protein	NA	CALIN	No	NA	lin
SRR22878281_binette_bin276.fasta	integron_01	k141_165684	attc_002	591	683	-1	2.7e-06	attC	attC	attc_4	CALIN	No	497.0	lin
SRR22878281_binette_bin276.fasta	integron_01	k141_165684	k141_165684_3	678	1436	-1	NA	protein	protein	NA	CALIN	No	NA	lin
SRR22878281_binette_bin276.fasta	integron_01	k141_165684	attc_003	1455	1548	-1	0.013	attC	attC	attc_4	CALIN	No	772.0	lin
SRR22878281_binette_bin276.fasta	integron_01	k141_835584	attc_001	64	157	-1	2.2e-06	attC	attC	attc_4	CALIN	No	NA	lin
SRR22878281_binette_bin276.fasta	integron_01	k141_835584	k141_835584_1	152	589	-1	NA	protein	protein	NA	CALIN	No	NA	lin
SRR22878281_binette_bin276.fasta	integron_01	k141_835584	attc_002	571	663	-1	1.7e-07	attC	attC	attc_4	CALIN	No	414.0	lin
SRR22878281_binette_bin276.fasta	integron_01	k141_835584	k141_835584_2	669	1115	-1	NA	protein	protein	NA	CALIN	No	NA	lin
SRR22878281_binette_bin276.fasta	integron_01	k141_549420	attc_001	18	109	1	1.3e-06	attC	attC	attc_4	CALIN	No	NA	lin
SRR22878281_binette_bin276.fasta	integron_01	k141_549420	k141_549420_1	136	984	1	NA	protein	protein	NA	CALIN	No	NA	lin
SRR22878281_binette_bin276.fasta	integron_01	k141_549420	attc_002	992	1124	1	1.6e-09	attC	attC	attc_4	CALIN	No	883.0	lin
SRR22878281_binette_bin276.fasta	integron_01	k141_549420	k141_549420_2	1158	1628	1	NA	protein	protein	NA	CALIN	No	NA	lin
SRR22878281_binette_bin276.fasta	integron_01	k141_549420	attc_003	1690	1781	1	2.3e-06	attC	attC	attc_4	CALIN	No	566.0	lin
SRR22878281_binette_bin276.fasta	integron_01	k141_549420	k141_549420_3	1776	1883	-1	NA	protein	protein	NA	CALIN	No	NA	lin
SRR22878281_binette_bin276.fasta	integron_01	k141_745375	attc_001	290	380	-1	4e-07	attC	attC	attc_4	CALIN	No	NA	lin
SRR22878281_binette_bin276.fasta	integron_01	k141_745375	k141_745375_1	385	978	-1	NA	protein	protein	NA	CALIN	No	NA	lin
SRR22878281_binette_bin276.fasta	integron_01	k141_745375	attc_002	992	1130	-1	1.3e-09	attC	attC	attc_4	CALIN	No	612.0	lin
SRR22878281_binette_bin276.fasta	integron_01	k141_745375	k141_745375_2	1157	1666	-1	NA	protein	protein	NA	CALIN	No	NA	lin
SRR22878281_binette_bin276.fasta	integron_01	k141_366535	k141_366535_1	1	135	-1	NA	protein	protein	NA	CALIN	No	NA	lin
SRR22878281_binette_bin276.fasta	integron_01	k141_366535	attc_001	63	201	1	8.5e-10	attC	attC	attc_4	CALIN	No	NA	lin
SRR22878281_binette_bin276.fasta	integron_01	k141_366535	k141_366535_2	437	823	1	NA	protein	protein	NA	CALIN	No	NA	lin
SRR22878281_binette_bin276.fasta	integron_01	k141_366535	attc_002	832	971	1	1.2e-09	attC	attC	attc_4	CALIN	No	631.0	lin
SRR22878281_binette_bin276.fasta	integron_01	k141_647200	k141_647200_1	104	547	1	NA	protein	protein	NA	CALIN	No	NA	lin
SRR22878281_binette_bin276.fasta	integron_01	k141_647200	attc_001	576	714	1	1.3e-09	attC	attC	attc_4	CALIN	No	NA	lin
SRR22878281_binette_bin276.fasta	integron_01	k141_647200	k141_647200_2	731	1471	1	NA	protein	protein	NA	CALIN	No	NA	lin
SRR22878281_binette_bin276.fasta	integron_01	k141_647200	attc_002	1466	1604	1	1.3e-09	attC	attC	attc_4	CALIN	No	752.0	lin
SRR22878281_binette_bin276.fasta	integron_01	k141_74156	attc_001	94	187	-1	0.001	attC	attC	attc_4	CALIN	No	NA	lin
SRR22878281_binette_bin276.fasta	integron_01	k141_74156	k141_74156_1	194	364	-1	NA	protein	protein	NA	CALIN	No	NA	lin
SRR22878281_binette_bin276.fasta	integron_01	k141_74156	k141_74156_2	342	830	-1	NA	protein	protein	NA	CALIN	No	NA	lin
SRR22878281_binette_bin276.fasta	integron_01	k141_74156	attc_002	946	1040	-1	0.00022	attC	attC	attc_4	CALIN	No	759.0	lin
SRR22878281_binette_bin276.fasta	integron_01	k141_74156	k141_74156_3	1185	1493	1	NA	protein	protein	NA	CALIN	No	NA	lin
SRR22878281_binette_bin276.fasta	integron_01	k141_74156	attc_003	1596	1689	-1	4.9e-05	attC	attC	attc_4	CALIN	No	556.0	lin
SRR22878281_binette_bin276.fasta	integron_01	k141_74156	k141_74156_4	1785	1886	-1	NA	protein	protein	NA	CALIN	No	NA	lin
SRR22878281_binette_bin276.fasta	integron_01	k141_938178	k141_938178_1	1	291	-1	NA	protein	protein	NA	CALIN	No	NA	lin
SRR22878281_binette_bin276.fasta	integron_01	k141_938178	attc_001	42	133	1	7.1e-07	attC	attC	attc_4	CALIN	No	NA	lin
SRR22878281_binette_bin276.fasta	integron_01	k141_938178	attc_002	702	793	1	6.6e-08	attC	attC	attc_4	CALIN	No	569.0	lin
SRR22878281_binette_bin276.fasta	integron_01	k141_938178	attc_003	945	1068	1	0.8	attC	attC	attc_4	CALIN	No	152.0	lin
SRR22878281_binette_bin276.fasta	integron_01	k141_938178	attc_004	1222	1314	1	0.00012	attC	attC	attc_4	CALIN	No	154.0	lin
SRR22878281_binette_bin276.fasta	integron_01	k141_938178	k141_938178_2	1320	1652	1	NA	protein	protein	NA	CALIN	No	NA	lin
SRR22878281_binette_bin276.fasta	integron_01	k141_178264	attc_001	292	383	1	1.7e-07	attC	attC	attc_4	CALIN	No	NA	lin
SRR22878281_binette_bin276.fasta	integron_01	k141_178264	k141_178264_1	396	851	1	NA	protein	protein	NA	CALIN	No	NA	lin
SRR22878281_binette_bin276.fasta	integron_01	k141_178264	attc_002	846	937	1	1.4e-06	attC	attC	attc_4	CALIN	No	463.0	lin
SRR22878281_binette_bin276.fasta	integron_01	k141_273276	attc_001	166	253	-1	9.1e-05	attC	attC	attc_4	CALIN	No	NA	lin
SRR22878281_binette_bin276.fasta	integron_01	k141_273276	k141_273276_1	268	732	-1	NA	protein	protein	NA	CALIN	No	NA	lin
SRR22878281_binette_bin276.fasta	integron_01	k141_273276	attc_002	395	471	-1	0.73	attC	attC	attc_4	CALIN	No	142.0	lin
SRR22878281_binette_bin276.fasta	integron_01	k141_273337	k141_273337_2	420	896	-1	NA	protein	protein	NA	CALIN	No	NA	lin
SRR22878281_binette_bin276.fasta	integron_01	k141_273337	attc_001	916	1008	-1	4.7e-07	attC	attC	attc_4	CALIN	No	NA	lin
SRR22878281_binette_bin276.fasta	integron_01	k141_273337	k141_273337_3	1021	1542	-1	NA	protein	protein	NA	CALIN	No	NA	lin
SRR22878281_binette_bin276.fasta	integron_01	k141_273337	attc_002	1666	1757	-1	4.6e-07	attC	attC	attc_4	CALIN	No	658.0	lin
SRR22878281_binette_bin276.fasta	integron_01	k141_273337	k141_273337_4	1752	2234	-1	NA	protein	protein	NA	CALIN	No	NA	lin
SRR22878281_binette_bin276.fasta	integron_01	k141_273337	attc_003	2306	2398	-1	1e-06	attC	attC	attc_4	CALIN	No	549.0	lin
SRR22878281_binette_bin276.fasta	integron_01	k141_273337	attc_004	2408	2453	-1	0.85	attC	attC	attc_4	CALIN	No	10.0	lin
SRR22878281_binette_bin276.fasta	integron_01	k141_273337	k141_273337_5	2425	3009	-1	NA	protein	protein	NA	CALIN	No	NA	lin
SRR22878281_binette_bin276.fasta	integron_01	k141_82205	attc_001	35	126	1	2.8e-05	attC	attC	attc_4	CALIN	No	NA	lin
SRR22878281_binette_bin276.fasta	integron_01	k141_82205	k141_82205_1	108	641	1	NA	protein	protein	NA	CALIN	No	NA	lin
SRR22878281_binette_bin276.fasta	integron_01	k141_82205	attc_002	636	729	1	6.4e-05	attC	attC	attc_4	CALIN	No	510.0	lin
SRR22878281_binette_bin276.fasta	integron_01	k141_82205	attc_003	1037	1127	1	6.1e-07	attC	attC	attc_4	CALIN	No	308.0	lin
SRR22878281_binette_bin276.fasta	integron_01	k141_379226	attc_001	87	177	-1	5e-06	attC	attC	attc_4	CALIN	No	NA	lin
SRR22878281_binette_bin276.fasta	integron_01	k141_379226	k141_379226_1	172	825	-1	NA	protein	protein	NA	CALIN	No	NA	lin
SRR22878281_binette_bin276.fasta	integron_01	k141_379226	attc_002	844	934	-1	0.00028	attC	attC	attc_4	CALIN	No	667.0	lin
SRR22878281_binette_bin276.fasta	integron_01	k141_379226	attc_003	1435	1525	-1	0.00098	attC	attC	attc_4	CALIN	No	501.0	lin
SRR22878281_binette_bin276.fasta	integron_01	k141_379226	k141_379226_2	1520	2158	-1	NA	protein	protein	NA	CALIN	No	NA	lin
SRR22878281_binette_bin276.fasta	integron_01	k141_379226	attc_004	2165	2256	-1	4.5e-06	attC	attC	attc_4	CALIN	No	640.0	lin
SRR22878281_binette_bin276.fasta	integron_01	k141_661506	k141_661506_1	2	361	-1	NA	protein	protein	NA	CALIN	No	NA	lin
SRR22878281_binette_bin276.fasta	integron_01	k141_661506	attc_001	373	464	-1	0.00013	attC	attC	attc_4	CALIN	No	NA	lin
SRR22878281_binette_bin276.fasta	integron_01	k141_661506	k141_661506_2	488	1828	-1	NA	protein	protein	NA	CALIN	No	NA	lin
SRR22878281_binette_bin276.fasta	integron_01	k141_661506	attc_002	1785	1877	-1	1.3e-06	attC	attC	attc_4	CALIN	No	1321.0	lin
SRR22878281_binette_bin276.fasta	integron_01	k141_281470	attc_001	40	186	1	0.00023	attC	attC	attc_4	CALIN	No	NA	lin
SRR22878281_binette_bin276.fasta	integron_01	k141_281470	k141_281470_1	168	716	1	NA	protein	protein	NA	CALIN	No	NA	lin
SRR22878281_binette_bin276.fasta	integron_01	k141_281470	attc_002	726	818	1	3.9e-07	attC	attC	attc_4	CALIN	No	540.0	lin
SRR22878281_binette_bin276.fasta	integron_01	k141_281470	k141_281470_2	1013	1216	1	NA	protein	protein	NA	CALIN	No	NA	lin
SRR22878281_binette_bin276.fasta	integron_01	k141_281470	attc_003	1236	1328	1	4e-05	attC	attC	attc_4	CALIN	No	418.0	lin
SRR22878281_binette_bin276.fasta	integron_01	k141_281470	k141_281470_3	1347	2408	1	NA	protein	protein	NA	CALIN	No	NA	lin
SRR22878281_binette_bin279.fasta	integron_01	k141_517409	k141_517409_2	411	1715	1	NA	protein	protein	NA	CALIN	No	NA	lin
SRR22878281_binette_bin279.fasta	integron_01	k141_517409	attc_001	588	657	-1	0.0061	attC	attC	attc_4	CALIN	No	NA	lin
SRR22878281_binette_bin279.fasta	integron_01	k141_517409	attc_002	1473	1536	-1	0.43	attC	attC	attc_4	CALIN	No	816.0	lin
SRR22878281_binette_bin28.fasta	integron_01	k141_132224	k141_132224_20	21536	22489	-1	2.5e-25	protein	intI	intersection_tyr_intI	In0	No	NA	lin
SRR22878281_binette_bin283.fasta	integron_01	k141_371442	k141_371442_3	1816	2160	1	NA	protein	protein	NA	CALIN	No	NA	lin
SRR22878281_binette_bin283.fasta	integron_01	k141_371442	attc_001	2177	2233	1	0.012	attC	attC	attc_4	CALIN	No	NA	lin
SRR22878281_binette_bin283.fasta	integron_01	k141_371442	k141_371442_4	2237	2806	1	NA	protein	protein	NA	CALIN	No	NA	lin
SRR22878281_binette_bin283.fasta	integron_01	k141_371442	attc_002	2801	2888	1	0.081	attC	attC	attc_4	CALIN	No	568.0	lin
SRR22878281_binette_bin283.fasta	integron_01	k141_371442	k141_371442_5	2935	3363	1	NA	protein	protein	NA	CALIN	No	NA	lin
SRR22878281_binette_bin283.fasta	integron_01	k141_371442	attc_003	3430	3476	1	0.13	attC	attC	attc_4	CALIN	No	542.0	lin
SRR22878281_binette_bin29.fasta	integron_01	k141_775724	attc_001	1	130	-1	4e-05	attC	attC	attc_4	complete	No	NA	lin
SRR22878281_binette_bin29.fasta	integron_01	k141_775724	k141_775724_1	342	719	1	NA	protein	protein	NA	complete	No	NA	lin
SRR22878281_binette_bin29.fasta	integron_01	k141_775724	attc_002	468	593	-1	2e-05	attC	attC	attc_4	complete	No	338.0	lin
SRR22878281_binette_bin29.fasta	integron_01	k141_775724	k141_775724_2	576	992	-1	NA	protein	protein	NA	complete	No	NA	lin
SRR22878281_binette_bin29.fasta	integron_01	k141_775724	attc_003	1002	1131	-1	9.6e-05	attC	attC	attc_4	complete	No	409.0	lin
SRR22878281_binette_bin29.fasta	integron_01	k141_775724	k141_775724_3	1145	1606	-1	NA	protein	protein	NA	complete	No	NA	lin
SRR22878281_binette_bin29.fasta	integron_01	k141_775724	k141_775724_4	1925	2899	-1	1.0000000000000001e-24	protein	intI	intersection_tyr_intI	complete	No	NA	lin
SRR22878281_binette_bin29.fasta	integron_01	k141_209987	k141_209987_1	1221	1601	-1	NA	protein	protein	NA	CALIN	No	NA	lin
SRR22878281_binette_bin29.fasta	integron_01	k141_209987	attc_001	1623	1802	-1	0.002	attC	attC	attc_4	CALIN	No	NA	lin
SRR22878281_binette_bin29.fasta	integron_01	k141_209987	k141_209987_2	1838	2035	-1	NA	protein	protein	NA	CALIN	No	NA	lin
SRR22878281_binette_bin29.fasta	integron_01	k141_209987	attc_002	2039	2198	-1	0.00079	attC	attC	attc_4	CALIN	No	237.0	lin
SRR22878281_binette_bin29.fasta	integron_01	k141_209987	k141_209987_3	2224	2538	-1	NA	protein	protein	NA	CALIN	No	NA	lin
SRR22878281_binette_bin29.fasta	integron_01	k141_209987	attc_003	2555	2684	-1	2.5e-07	attC	attC	attc_4	CALIN	No	357.0	lin
SRR22878281_binette_bin29.fasta	integron_01	k141_822296	k141_822296_2	270	563	1	NA	protein	protein	NA	CALIN	No	NA	lin
SRR22878281_binette_bin29.fasta	integron_01	k141_822296	attc_001	571	695	1	0.0018	attC	attC	attc_4	CALIN	No	NA	lin
SRR22878281_binette_bin29.fasta	integron_01	k141_822296	k141_822296_3	703	1161	1	NA	protein	protein	NA	CALIN	No	NA	lin
SRR22878281_binette_bin29.fasta	integron_01	k141_822296	attc_002	1238	1296	1	0.7	attC	attC	attc_4	CALIN	No	543.0	lin
SRR22878281_binette_bin29.fasta	integron_01	k141_822296	k141_822296_4	1328	1699	1	NA	protein	protein	NA	CALIN	No	NA	lin
SRR22878281_binette_bin29.fasta	integron_01	k141_66298	k141_66298_185	203139	203762	-1	NA	protein	protein	NA	CALIN	No	NA	lin
SRR22878281_binette_bin29.fasta	integron_01	k141_66298	attc_001	203808	203939	-1	0.25	attC	attC	attc_4	CALIN	No	NA	lin
SRR22878281_binette_bin29.fasta	integron_01	k141_66298	k141_66298_186	203986	204282	1	NA	protein	protein	NA	CALIN	No	NA	lin
SRR22878281_binette_bin29.fasta	integron_01	k141_66298	k141_66298_187	204279	204497	1	NA	protein	protein	NA	CALIN	No	NA	lin
SRR22878281_binette_bin29.fasta	integron_01	k141_66298	attc_002	204513	204642	-1	0.011	attC	attC	attc_4	CALIN	No	574.0	lin
SRR22878281_binette_bin29.fasta	integron_01	k141_66298	k141_66298_188	204648	205286	-1	NA	protein	protein	NA	CALIN	No	NA	lin
SRR22878281_binette_bin29.fasta	integron_01	k141_66298	attc_003	205091	205221	-1	0.041	attC	attC	attc_4	CALIN	No	449.0	lin
SRR22878281_binette_bin29.fasta	integron_01	k141_66298	k141_66298_189	205231	205482	-1	NA	protein	protein	NA	CALIN	No	NA	lin
SRR22878281_binette_bin29.fasta	integron_01	k141_66298	k141_66298_190	205762	206157	-1	NA	protein	protein	NA	CALIN	No	NA	lin
SRR22878281_binette_bin29.fasta	integron_01	k141_66298	attc_004	206170	206300	-1	0.0021	attC	attC	attc_4	CALIN	No	949.0	lin
SRR22878281_binette_bin29.fasta	integron_01	k141_66298	k141_66298_191	206295	206744	-1	NA	protein	protein	NA	CALIN	No	NA	lin
SRR22878281_binette_bin29.fasta	integron_01	k141_66298	attc_005	206732	206865	-1	0.06	attC	attC	attc_4	CALIN	No	432.0	lin
SRR22878281_binette_bin29.fasta	integron_01	k141_66298	k141_66298_192	206860	207585	-1	NA	protein	protein	NA	CALIN	No	NA	lin
SRR22878281_binette_bin29.fasta	integron_01	k141_66298	attc_006	207451	207580	-1	2.1e-06	attC	attC	attc_4	CALIN	No	586.0	lin
SRR22878281_binette_bin29.fasta	integron_01	k141_66298	k141_66298_193	207587	207976	-1	NA	protein	protein	NA	CALIN	No	NA	lin
SRR22878281_binette_bin29.fasta	integron_01	k141_66298	attc_007	207986	208117	-1	0.00016	attC	attC	attc_4	CALIN	No	406.0	lin
SRR22878281_binette_bin29.fasta	integron_01	k141_66298	k141_66298_194	208161	208652	-1	NA	protein	protein	NA	CALIN	No	NA	lin
SRR22878281_binette_bin29.fasta	integron_01	k141_66298	attc_008	208518	208647	-1	0.018	attC	attC	attc_4	CALIN	No	401.0	lin
SRR22878281_binette_bin33.fasta	integron_01	k141_657406	k141_657406_43	46418	47626	1	NA	protein	protein	NA	CALIN	No	NA	lin
SRR22878281_binette_bin33.fasta	integron_01	k141_657406	attc_001	47457	47514	-1	0.14	attC	attC	attc_4	CALIN	No	NA	lin
SRR22878281_binette_bin33.fasta	integron_01	k141_657406	k141_657406_44	47631	47840	1	NA	protein	protein	NA	CALIN	No	NA	lin
SRR22878281_binette_bin33.fasta	integron_01	k141_657406	k141_657406_45	47865	48737	1	NA	protein	protein	NA	CALIN	No	NA	lin
SRR22878281_binette_bin33.fasta	integron_01	k141_657406	attc_002	48186	48275	-1	0.74	attC	attC	attc_4	CALIN	No	672.0	lin
SRR22878281_binette_bin34.fasta	integron_01	k141_346331	k141_346331_2	750	1235	1	NA	protein	protein	NA	CALIN	No	NA	lin
SRR22878281_binette_bin34.fasta	integron_01	k141_346331	attc_001	1113	1188	1	0.26	attC	attC	attc_4	CALIN	No	NA	lin
SRR22878281_binette_bin34.fasta	integron_01	k141_346331	k141_346331_3	1509	1712	1	NA	protein	protein	NA	CALIN	No	NA	lin
SRR22878281_binette_bin34.fasta	integron_01	k141_346331	k141_346331_4	1812	2981	1	NA	protein	protein	NA	CALIN	No	NA	lin
SRR22878281_binette_bin34.fasta	integron_01	k141_346331	attc_002	3033	3078	1	0.052	attC	attC	attc_4	CALIN	No	1845.0	lin
SRR22878281_binette_bin34.fasta	integron_01	k141_346331	k141_346331_5	3042	3965	1	NA	protein	protein	NA	CALIN	No	NA	lin
SRR22878281_binette_bin35.fasta	integron_01	k141_674560	k141_674560_19	19186	19797	-1	6.1e-29	protein	intI	intersection_tyr_intI	complete	No	NA	lin
SRR22878281_binette_bin35.fasta	integron_01	k141_674560	k141_674560_20	19748	20182	-1	NA	protein	protein	NA	complete	No	NA	lin
SRR22878281_binette_bin35.fasta	integron_01	k141_674560	k141_674560_21	20481	20909	1	NA	protein	protein	NA	complete	No	NA	lin
SRR22878281_binette_bin35.fasta	integron_01	k141_674560	attc_001	20963	21045	1	1.5e-05	attC	attC	attc_4	complete	No	NA	lin
SRR22878281_binette_bin35.fasta	integron_01	k141_674560	k141_674560_22	21124	21696	1	NA	protein	protein	NA	complete	No	NA	lin
SRR22878281_binette_bin35.fasta	integron_01	k141_189655	k141_189655_10	7523	7786	1	NA	protein	protein	NA	CALIN	No	NA	lin
SRR22878281_binette_bin35.fasta	integron_01	k141_189655	attc_001	7958	8048	1	0.024	attC	attC	attc_4	CALIN	No	NA	lin
SRR22878281_binette_bin35.fasta	integron_01	k141_189655	k141_189655_11	8256	8510	1	NA	protein	protein	NA	CALIN	No	NA	lin
SRR22878281_binette_bin35.fasta	integron_01	k141_189655	attc_002	8515	8587	1	2.1e-05	attC	attC	attc_4	CALIN	No	467.0	lin
SRR22878281_binette_bin35.fasta	integron_01	k141_189655	k141_189655_12	8739	8915	1	NA	protein	protein	NA	CALIN	No	NA	lin
SRR22878281_binette_bin38.fasta	integron_01	k141_857630	k141_857630_12	7435	7878	-1	NA	protein	protein	NA	CALIN	No	NA	lin
SRR22878281_binette_bin38.fasta	integron_01	k141_857630	attc_001	7887	8001	-1	5.8e-09	attC	attC	attc_4	CALIN	No	NA	lin
SRR22878281_binette_bin38.fasta	integron_01	k141_857630	k141_857630_13	8134	8586	-1	NA	protein	protein	NA	CALIN	No	NA	lin
SRR22878281_binette_bin38.fasta	integron_01	k141_857630	attc_002	8514	8612	-1	6.6e-05	attC	attC	attc_4	CALIN	No	513.0	lin
SRR22878281_binette_bin38.fasta	integron_01	k141_857630	k141_857630_14	8645	9406	-1	NA	protein	protein	NA	CALIN	No	NA	lin
SRR22878281_binette_bin38.fasta	integron_01	k141_857630	attc_003	9263	9377	-1	0.00059	attC	attC	attc_4	CALIN	No	651.0	lin
SRR22878281_binette_bin38.fasta	integron_01	k141_106184	k141_106184_4	2628	3698	-1	NA	protein	protein	NA	CALIN	No	NA	lin
SRR22878281_binette_bin38.fasta	integron_01	k141_106184	attc_001	3152	3216	-1	0.09	attC	attC	attc_4	CALIN	No	NA	lin
SRR22878281_binette_bin38.fasta	integron_01	k141_106184	k141_106184_5	3801	4517	1	NA	protein	protein	NA	CALIN	No	NA	lin
SRR22878281_binette_bin38.fasta	integron_01	k141_106184	k141_106184_6	4510	5526	1	NA	protein	protein	NA	CALIN	No	NA	lin
SRR22878281_binette_bin38.fasta	integron_01	k141_106184	attc_002	5185	5230	-1	0.043	attC	attC	attc_4	CALIN	No	1969.0	lin
SRR22878281_binette_bin38.fasta	integron_01	k141_106184	k141_106184_7	5578	6873	-1	NA	protein	protein	NA	CALIN	No	NA	lin
SRR22878281_binette_bin38.fasta	integron_01	k141_106184	attc_003	6097	6170	-1	0.45	attC	attC	attc_4	CALIN	No	867.0	lin
SRR22878281_binette_bin38.fasta	integron_01	k141_109078	k141_109078_8	6893	8575	1	NA	protein	protein	NA	CALIN	No	NA	lin
SRR22878281_binette_bin38.fasta	integron_01	k141_109078	attc_001	8537	8631	-1	0.092	attC	attC	attc_4	CALIN	No	NA	lin
SRR22878281_binette_bin38.fasta	integron_01	k141_109078	k141_109078_9	8575	8961	1	NA	protein	protein	NA	CALIN	No	NA	lin
SRR22878281_binette_bin38.fasta	integron_01	k141_109078	attc_002	8687	8761	-1	0.68	attC	attC	attc_4	CALIN	No	56.0	lin
SRR22878281_binette_bin38.fasta	integron_01	k141_400082	k141_400082_5	4939	5688	1	NA	protein	protein	NA	complete	No	NA	lin
SRR22878281_binette_bin38.fasta	integron_01	k141_400082	k141_400082_6	5685	7061	1	NA	protein	protein	NA	complete	No	NA	lin
SRR22878281_binette_bin38.fasta	integron_01	k141_400082	attc_001	5695	5792	-1	0.19	attC	attC	attc_4	complete	No	NA	lin
SRR22878281_binette_bin38.fasta	integron_01	k141_400082	k141_400082_7	7063	8028	-1	NA	protein	protein	NA	complete	No	NA	lin
SRR22878281_binette_bin38.fasta	integron_01	k141_400082	k141_400082_8	8139	8507	1	NA	protein	protein	NA	complete	No	NA	lin
SRR22878281_binette_bin38.fasta	integron_01	k141_400082	k141_400082_9	8621	9589	-1	6.5e-23	protein	intI	intersection_tyr_intI	complete	No	NA	lin
SRR22878281_binette_bin38.fasta	integron_01	k141_74216	k141_74216_1	80	700	1	NA	protein	protein	NA	CALIN	No	NA	lin
SRR22878281_binette_bin38.fasta	integron_01	k141_74216	attc_001	695	809	1	2.1e-09	attC	attC	attc_4	CALIN	No	NA	lin
SRR22878281_binette_bin38.fasta	integron_01	k141_74216	k141_74216_2	829	1329	1	NA	protein	protein	NA	CALIN	No	NA	lin
SRR22878281_binette_bin38.fasta	integron_01	k141_74216	attc_002	1331	1376	1	0.72	attC	attC	attc_4	CALIN	No	522.0	lin
SRR22878281_binette_bin38.fasta	integron_01	k141_74216	k141_74216_3	1411	1767	1	NA	protein	protein	NA	CALIN	No	NA	lin
SRR22878281_binette_bin38.fasta	integron_01	k141_74216	k141_74216_4	1773	2573	1	NA	protein	protein	NA	CALIN	No	NA	lin
SRR22878281_binette_bin38.fasta	integron_01	k141_74216	attc_003	2568	2697	1	0.053	attC	attC	attc_4	CALIN	No	1192.0	lin
SRR22878281_binette_bin38.fasta	integron_01	k141_74216	k141_74216_5	2779	3012	-1	NA	protein	protein	NA	CALIN	No	NA	lin
SRR22878281_binette_bin38.fasta	integron_01	k141_74216	attc_004	3111	3225	1	2.2e-08	attC	attC	attc_4	CALIN	No	414.0	lin
SRR22878281_binette_bin38.fasta	integron_01	k141_74216	k141_74216_6	3237	3356	1	NA	protein	protein	NA	CALIN	No	NA	lin
SRR22878281_binette_bin4.fasta	integron_01	k141_483297	k141_483297_6	6400	7389	-1	NA	protein	protein	NA	CALIN	No	NA	lin
SRR22878281_binette_bin4.fasta	integron_01	k141_483297	k141_483297_7	7393	9057	-1	NA	protein	protein	NA	CALIN	No	NA	lin
SRR22878281_binette_bin4.fasta	integron_01	k141_483297	attc_001	7456	7567	-1	0.13	attC	attC	attc_4	CALIN	No	NA	lin
SRR22878281_binette_bin4.fasta	integron_01	k141_483297	attc_002	8518	8560	-1	0.13	attC	attC	attc_4	CALIN	No	951.0	lin
SRR22878281_binette_bin4.fasta	integron_01	k141_428573	k141_428573_7	4966	7419	1	NA	protein	protein	NA	CALIN	No	NA	lin
SRR22878281_binette_bin4.fasta	integron_01	k141_428573	attc_001	5661	5724	-1	0.0031	attC	attC	attc_4	CALIN	No	NA	lin
SRR22878281_binette_bin4.fasta	integron_01	k141_428573	k141_428573_8	7604	8353	1	NA	protein	protein	NA	CALIN	No	NA	lin
SRR22878281_binette_bin4.fasta	integron_01	k141_428573	attc_002	8331	8376	-1	0.95	attC	attC	attc_4	CALIN	No	2607.0	lin
SRR22878281_binette_bin4.fasta	integron_01	k141_428573	k141_428573_9	8390	9175	1	NA	protein	protein	NA	CALIN	No	NA	lin
SRR22878281_binette_bin4.fasta	integron_01	k141_949520	k141_949520_2	490	708	-1	NA	protein	protein	NA	CALIN	No	NA	lin
SRR22878281_binette_bin4.fasta	integron_01	k141_949520	attc_001	730	847	-1	0.033	attC	attC	attc_4	CALIN	No	NA	lin
SRR22878281_binette_bin4.fasta	integron_01	k141_949520	k141_949520_3	842	1234	-1	NA	protein	protein	NA	CALIN	No	NA	lin
SRR22878281_binette_bin4.fasta	integron_01	k141_949520	attc_002	1249	1344	-1	0.00079	attC	attC	attc_4	CALIN	No	402.0	lin
SRR22878281_binette_bin4.fasta	integron_01	k141_949520	k141_949520_4	1350	1655	-1	NA	protein	protein	NA	CALIN	No	NA	lin
SRR22878281_binette_bin41.fasta	integron_01	k141_105780	k141_105780_11	7906	8562	-1	NA	protein	protein	NA	CALIN	No	NA	lin
SRR22878281_binette_bin41.fasta	integron_01	k141_105780	attc_001	8568	8695	-1	0.00071	attC	attC	attc_4	CALIN	No	NA	lin
SRR22878281_binette_bin41.fasta	integron_01	k141_105780	k141_105780_12	8642	9118	-1	NA	protein	protein	NA	CALIN	No	NA	lin
SRR22878281_binette_bin41.fasta	integron_01	k141_105780	attc_002	9774	9900	-1	0.009	attC	attC	attc_4	CALIN	No	1079.0	lin
SRR22878281_binette_bin41.fasta	integron_01	k141_105780	k141_105780_13	9928	10155	-1	NA	protein	protein	NA	CALIN	No	NA	lin
SRR22878281_binette_bin41.fasta	integron_01	k141_892442	k141_892442_4	3092	3514	1	NA	protein	protein	NA	CALIN	No	NA	lin
SRR22878281_binette_bin41.fasta	integron_01	k141_892442	attc_001	3513	3705	1	3.4e-05	attC	attC	attc_4	CALIN	No	NA	lin
SRR22878281_binette_bin41.fasta	integron_01	k141_892442	k141_892442_5	3714	4370	1	NA	protein	protein	NA	CALIN	No	NA	lin
SRR22878281_binette_bin41.fasta	integron_01	k141_892442	attc_002	4376	4511	1	0.002	attC	attC	attc_4	CALIN	No	671.0	lin
SRR22878281_binette_bin41.fasta	integron_01	k141_892442	k141_892442_6	4664	5071	1	NA	protein	protein	NA	CALIN	No	NA	lin
SRR22878281_binette_bin43.fasta	integron_01	k141_291912	k141_291912_29	33947	34600	1	NA	protein	protein	NA	CALIN	No	NA	lin
SRR22878281_binette_bin43.fasta	integron_01	k141_291912	attc_001	34416	34487	1	0.98	attC	attC	attc_4	CALIN	No	NA	lin
SRR22878281_binette_bin43.fasta	integron_01	k141_291912	k141_291912_30	34630	35742	1	NA	protein	protein	NA	CALIN	No	NA	lin
SRR22878281_binette_bin43.fasta	integron_01	k141_291912	k141_291912_31	35844	36308	1	NA	protein	protein	NA	CALIN	No	NA	lin
SRR22878281_binette_bin43.fasta	integron_01	k141_291912	k141_291912_32	36324	36734	1	NA	protein	protein	NA	CALIN	No	NA	lin
SRR22878281_binette_bin43.fasta	integron_01	k141_291912	attc_002	36735	36786	1	0.0095	attC	attC	attc_4	CALIN	No	2248.0	lin
SRR22878281_binette_bin43.fasta	integron_01	k141_291912	k141_291912_33	36829	37803	1	NA	protein	protein	NA	CALIN	No	NA	lin
SRR22878281_binette_bin43.fasta	integron_01	k141_580049	attc_001	106	148	1	0.22	attC	attC	attc_4	CALIN	No	NA	lin
SRR22878281_binette_bin43.fasta	integron_01	k141_580049	k141_580049_1	256	486	1	NA	protein	protein	NA	CALIN	No	NA	lin
SRR22878281_binette_bin43.fasta	integron_01	k141_580049	attc_002	481	581	1	7.4e-06	attC	attC	attc_4	CALIN	No	333.0	lin
SRR22878281_binette_bin43.fasta	integron_01	k141_580049	k141_580049_2	567	938	1	NA	protein	protein	NA	CALIN	No	NA	lin
SRR22878281_binette_bin43.fasta	integron_01	k141_580049	attc_003	943	1046	1	0.00037	attC	attC	attc_4	CALIN	No	362.0	lin
SRR22878281_binette_bin43.fasta	integron_01	k141_580049	k141_580049_3	1061	1705	1	NA	protein	protein	NA	CALIN	No	NA	lin
SRR22878281_binette_bin43.fasta	integron_01	k141_580049	attc_004	1675	1771	1	0.021	attC	attC	attc_4	CALIN	No	629.0	lin
SRR22878281_binette_bin43.fasta	integron_01	k141_696385	k141_696385_1	3	2738	1	NA	protein	protein	NA	CALIN	No	NA	lin
SRR22878281_binette_bin43.fasta	integron_01	k141_696385	attc_001	2164	2229	-1	0.045	attC	attC	attc_4	CALIN	No	NA	lin
SRR22878281_binette_bin43.fasta	integron_01	k141_696385	k141_696385_2	2755	5433	1	NA	protein	protein	NA	CALIN	No	NA	lin
SRR22878281_binette_bin43.fasta	integron_01	k141_696385	attc_002	3548	3628	-1	0.13	attC	attC	attc_4	CALIN	No	1319.0	lin
SRR22878281_binette_bin43.fasta	integron_01	k141_699971	k141_699971_8	5987	6961	-1	NA	protein	protein	NA	CALIN	No	NA	lin
SRR22878281_binette_bin43.fasta	integron_01	k141_699971	attc_001	6892	6939	1	0.72	attC	attC	attc_4	CALIN	No	NA	lin
SRR22878281_binette_bin43.fasta	integron_01	k141_699971	k141_699971_9	7009	8439	-1	NA	protein	protein	NA	CALIN	No	NA	lin
SRR22878281_binette_bin43.fasta	integron_01	k141_699971	k141_699971_10	8728	9087	1	NA	protein	protein	NA	CALIN	No	NA	lin
SRR22878281_binette_bin43.fasta	integron_01	k141_699971	k141_699971_11	9326	9913	-1	NA	protein	protein	NA	CALIN	No	NA	lin
SRR22878281_binette_bin43.fasta	integron_01	k141_699971	k141_699971_12	9932	10690	-1	NA	protein	protein	NA	CALIN	No	NA	lin
SRR22878281_binette_bin43.fasta	integron_01	k141_699971	k141_699971_13	10694	11167	-1	NA	protein	protein	NA	CALIN	No	NA	lin
SRR22878281_binette_bin43.fasta	integron_01	k141_699971	attc_002	10796	10845	1	0.019	attC	attC	attc_4	CALIN	No	3857.0	lin
SRR22878281_binette_bin43.fasta	integron_01	k141_157638	k141_157638_6	2826	3107	-1	NA	protein	protein	NA	CALIN	No	NA	lin
SRR22878281_binette_bin43.fasta	integron_01	k141_157638	attc_001	3156	3210	1	0.0094	attC	attC	attc_4	CALIN	No	NA	lin
SRR22878281_binette_bin43.fasta	integron_01	k141_157638	attc_002	3333	3387	1	0.28	attC	attC	attc_4	CALIN	No	123.0	lin
SRR22878281_binette_bin43.fasta	integron_01	k141_157638	k141_157638_7	3445	4773	-1	NA	protein	protein	NA	CALIN	No	NA	lin
SRR22878281_binette_bin43.fasta	integron_01	k141_175634	k141_175634_1	2	811	1	4.9e-23	protein	intI	intersection_tyr_intI	complete	No	NA	lin
SRR22878281_binette_bin43.fasta	integron_01	k141_175634	attc_001	621	700	-1	0.84	attC	attC	attc_4	complete	No	NA	lin
SRR22878281_binette_bin43.fasta	integron_01	k141_175634	k141_175634_2	816	1043	1	NA	protein	protein	NA	complete	No	NA	lin
SRR22878281_binette_bin43.fasta	integron_01	k141_749472	k141_749472_1	2	208	1	NA	protein	protein	NA	complete	No	NA	lin
SRR22878281_binette_bin43.fasta	integron_01	k141_749472	attc_001	258	307	1	0.67	attC	attC	attc_4	complete	No	NA	lin
SRR22878281_binette_bin43.fasta	integron_01	k141_749472	k141_749472_2	434	1306	-1	5.5e-26	protein	intI	intersection_tyr_intI	complete	No	NA	lin
SRR22878281_binette_bin44.fasta	integron_01	k141_680464	k141_680464_2	202	945	-1	NA	protein	protein	NA	CALIN	No	NA	lin
SRR22878281_binette_bin44.fasta	integron_01	k141_680464	attc_001	825	895	1	0.065	attC	attC	attc_4	CALIN	No	NA	lin
SRR22878281_binette_bin44.fasta	integron_01	k141_680464	k141_680464_3	1054	3765	-1	NA	protein	protein	NA	CALIN	No	NA	lin
SRR22878281_binette_bin44.fasta	integron_01	k141_680464	attc_002	2171	2309	1	0.11	attC	attC	attc_4	CALIN	No	1276.0	lin
SRR22878281_binette_bin46.fasta	integron_01	k141_669563	k141_669563_1	2	100	-1	NA	protein	protein	NA	CALIN	No	NA	lin
SRR22878281_binette_bin46.fasta	integron_01	k141_669563	attc_001	117	214	-1	0.00021	attC	attC	attc_4	CALIN	No	NA	lin
SRR22878281_binette_bin46.fasta	integron_01	k141_669563	k141_669563_2	217	642	-1	NA	protein	protein	NA	CALIN	No	NA	lin
SRR22878281_binette_bin46.fasta	integron_01	k141_669563	attc_002	219	290	-1	0.41	attC	attC	attc_4	CALIN	No	5.0	lin
SRR22878281_binette_bin46.fasta	integron_01	k141_669563	attc_003	739	840	-1	0.12	attC	attC	attc_4	CALIN	No	449.0	lin
SRR22878281_binette_bin46.fasta	integron_01	k141_669563	k141_669563_3	845	1096	-1	NA	protein	protein	NA	CALIN	No	NA	lin
SRR22878281_binette_bin46.fasta	integron_01	k141_669563	attc_004	1117	1218	-1	0.0005	attC	attC	attc_4	CALIN	No	277.0	lin
SRR22878281_binette_bin46.fasta	integron_01	k141_669563	k141_669563_4	1233	2309	-1	NA	protein	protein	NA	CALIN	No	NA	lin
SRR22878281_binette_bin46.fasta	integron_01	k141_669563	attc_005	2349	2448	-1	3.9e-05	attC	attC	attc_4	CALIN	No	1131.0	lin
SRR22878281_binette_bin46.fasta	integron_01	k141_299890	k141_299890_6	4514	5398	-1	NA	protein	protein	NA	CALIN	No	NA	lin
SRR22878281_binette_bin46.fasta	integron_01	k141_299890	attc_001	4777	4843	1	0.54	attC	attC	attc_4	CALIN	No	NA	lin
SRR22878281_binette_bin46.fasta	integron_01	k141_299890	k141_299890_7	5456	7336	-1	NA	protein	protein	NA	CALIN	No	NA	lin
SRR22878281_binette_bin46.fasta	integron_01	k141_299890	k141_299890_8	7534	8397	1	NA	protein	protein	NA	CALIN	No	NA	lin
SRR22878281_binette_bin46.fasta	integron_01	k141_299890	attc_002	8052	8178	1	0.24	attC	attC	attc_4	CALIN	No	3209.0	lin
SRR22878281_binette_bin46.fasta	integron_01	k141_399058	k141_399058_1	188	637	-1	NA	protein	protein	NA	CALIN	No	NA	lin
SRR22878281_binette_bin46.fasta	integron_01	k141_399058	attc_001	759	824	1	0.29	attC	attC	attc_4	CALIN	No	NA	lin
SRR22878281_binette_bin46.fasta	integron_01	k141_399058	k141_399058_2	788	1675	-1	NA	protein	protein	NA	CALIN	No	NA	lin
SRR22878281_binette_bin46.fasta	integron_01	k141_399058	attc_002	1055	1157	1	0.1	attC	attC	attc_4	CALIN	No	231.0	lin
SRR22878281_binette_bin46.fasta	integron_01	k141_33413	k141_33413_16	19203	19994	1	NA	protein	protein	NA	CALIN	No	NA	lin
SRR22878281_binette_bin46.fasta	integron_01	k141_33413	attc_001	19732	19787	-1	0.5	attC	attC	attc_4	CALIN	No	NA	lin
SRR22878281_binette_bin46.fasta	integron_01	k141_33413	k141_33413_17	20196	20687	1	NA	protein	protein	NA	CALIN	No	NA	lin
SRR22878281_binette_bin46.fasta	integron_01	k141_33413	k141_33413_18	20710	21153	1	NA	protein	protein	NA	CALIN	No	NA	lin
SRR22878281_binette_bin46.fasta	integron_01	k141_33413	k141_33413_19	21199	21594	-1	NA	protein	protein	NA	CALIN	No	NA	lin
SRR22878281_binette_bin46.fasta	integron_01	k141_33413	k141_33413_20	21778	22161	-1	NA	protein	protein	NA	CALIN	No	NA	lin
SRR22878281_binette_bin46.fasta	integron_01	k141_33413	attc_002	22160	22260	-1	8.7e-05	attC	attC	attc_4	CALIN	No	2373.0	lin
SRR22878281_binette_bin46.fasta	integron_01	k141_33413	k141_33413_21	22230	22880	-1	NA	protein	protein	NA	CALIN	No	NA	lin
SRR22878281_binette_bin46.fasta	integron_01	k141_235858	k141_235858_1	228	1061	1	2.7e-29	protein	intI	intersection_tyr_intI	In0	No	NA	lin
SRR22878281_binette_bin46.fasta	integron_01	k141_814108	k141_814108_1	1	372	1	NA	protein	protein	NA	CALIN	No	NA	lin
SRR22878281_binette_bin46.fasta	integron_01	k141_814108	attc_001	45	112	-1	0.3	attC	attC	attc_4	CALIN	No	NA	lin
SRR22878281_binette_bin46.fasta	integron_01	k141_814108	k141_814108_2	767	1294	-1	NA	protein	protein	NA	CALIN	No	NA	lin
SRR22878281_binette_bin46.fasta	integron_01	k141_814108	attc_002	1271	1332	-1	0.46	attC	attC	attc_4	CALIN	No	1159.0	lin
SRR22878281_binette_bin46.fasta	integron_01	k141_343559	attc_001	132	233	-1	0.0029	attC	attC	attc_4	CALIN	No	NA	lin
SRR22878281_binette_bin46.fasta	integron_01	k141_343559	attc_002	143	186	-1	0.3	attC	attC	attc_4	CALIN	No	1933.0	lin
SRR22878281_binette_bin46.fasta	integron_01	k141_343559	k141_343559_1	237	815	-1	NA	protein	protein	NA	CALIN	No	NA	lin
SRR22878281_binette_bin46.fasta	integron_01	k141_343559	attc_003	479	580	-1	0.59	attC	attC	attc_4	CALIN	No	293.0	lin
SRR22878281_binette_bin46.fasta	integron_01	k141_343559	attc_004	831	899	-1	0.029	attC	attC	attc_4	CALIN	No	251.0	lin
SRR22878281_binette_bin46.fasta	integron_01	k141_343559	k141_343559_2	901	1203	-1	NA	protein	protein	NA	CALIN	No	NA	lin
SRR22878281_binette_bin46.fasta	integron_01	k141_343559	attc_005	1221	1322	-1	0.00022	attC	attC	attc_4	CALIN	No	322.0	lin
SRR22878281_binette_bin46.fasta	integron_01	k141_343559	k141_343559_3	1328	1687	-1	NA	protein	protein	NA	CALIN	No	NA	lin
SRR22878281_binette_bin46.fasta	integron_01	k141_343559	attc_006	1588	1650	-1	0.39	attC	attC	attc_4	CALIN	No	266.0	lin
SRR22878281_binette_bin46.fasta	integron_01	k141_55896	k141_55896_1	1	108	1	NA	protein	protein	NA	CALIN	No	NA	lin
SRR22878281_binette_bin46.fasta	integron_01	k141_55896	attc_001	30	103	1	0.58	attC	attC	attc_4	CALIN	No	NA	lin
SRR22878281_binette_bin46.fasta	integron_01	k141_55896	k141_55896_2	124	483	1	NA	protein	protein	NA	CALIN	No	NA	lin
SRR22878281_binette_bin46.fasta	integron_01	k141_55896	attc_002	478	579	1	5e-06	attC	attC	attc_4	CALIN	No	375.0	lin
SRR22878281_binette_bin46.fasta	integron_01	k141_55896	k141_55896_3	512	1114	1	NA	protein	protein	NA	CALIN	No	NA	lin
SRR22878281_binette_bin46.fasta	integron_01	k141_55896	attc_003	1013	1067	1	0.13	attC	attC	attc_4	CALIN	No	434.0	lin
SRR22878281_binette_bin46.fasta	integron_01	k141_846942	k141_846942_1	113	412	1	NA	protein	protein	NA	CALIN	No	NA	lin
SRR22878281_binette_bin46.fasta	integron_01	k141_846942	attc_001	407	505	1	3.2e-06	attC	attC	attc_4	CALIN	No	NA	lin
SRR22878281_binette_bin46.fasta	integron_01	k141_846942	k141_846942_2	482	1327	1	NA	protein	protein	NA	CALIN	No	NA	lin
SRR22878281_binette_bin46.fasta	integron_01	k141_846942	k141_846942_3	1317	1589	1	NA	protein	protein	NA	CALIN	No	NA	lin
SRR22878281_binette_bin46.fasta	integron_01	k141_846942	attc_002	1322	1426	1	0.021	attC	attC	attc_4	CALIN	No	817.0	lin
SRR22878281_binette_bin46.fasta	integron_01	k141_376416	attc_001	1534	1664	-1	0.92	attC	attC	attc_4	CALIN	No	NA	lin
SRR22878281_binette_bin46.fasta	integron_01	k141_376416	attc_002	2045	2091	-1	0.62	attC	attC	attc_4	CALIN	No	381.0	lin
SRR22878281_binette_bin46.fasta	integron_01	k141_376416	attc_003	2801	2883	-1	0.00024	attC	attC	attc_4	CALIN	No	710.0	lin
SRR22878281_binette_bin5.fasta	integron_01	k141_194394	k141_194394_16	10428	11258	-1	NA	protein	protein	NA	CALIN	No	NA	lin
SRR22878281_binette_bin5.fasta	integron_01	k141_194394	attc_001	11248	11291	-1	0.15	attC	attC	attc_4	CALIN	No	NA	lin
SRR22878281_binette_bin5.fasta	integron_01	k141_194394	k141_194394_17	11320	11820	-1	NA	protein	protein	NA	CALIN	No	NA	lin
SRR22878281_binette_bin5.fasta	integron_01	k141_194394	k141_194394_18	11876	13828	-1	NA	protein	protein	NA	CALIN	No	NA	lin
SRR22878281_binette_bin5.fasta	integron_01	k141_194394	k141_194394_19	13875	15428	-1	NA	protein	protein	NA	CALIN	No	NA	lin
SRR22878281_binette_bin5.fasta	integron_01	k141_194394	attc_002	14229	14327	-1	0.98	attC	attC	attc_4	CALIN	No	2938.0	lin
SRR22878281_binette_bin50.fasta	integron_01	k141_603393	k141_603393_1	3	461	1	NA	protein	protein	NA	complete	No	NA	lin
SRR22878281_binette_bin50.fasta	integron_01	k141_603393	attc_001	483	587	-1	0.19	attC	attC	attc_4	complete	No	NA	lin
SRR22878281_binette_bin50.fasta	integron_01	k141_603393	k141_603393_2	695	1672	1	2.9e-12	protein	intI	intersection_tyr_intI	complete	No	NA	lin
SRR22878281_binette_bin54.fasta	integron_01	k141_710254	k141_710254_2	648	1592	-1	NA	protein	protein	NA	CALIN	No	NA	lin
SRR22878281_binette_bin54.fasta	integron_01	k141_710254	attc_001	1527	1572	1	0.0026	attC	attC	attc_4	CALIN	No	NA	lin
SRR22878281_binette_bin54.fasta	integron_01	k141_710254	k141_710254_3	1594	2577	-1	NA	protein	protein	NA	CALIN	No	NA	lin
SRR22878281_binette_bin54.fasta	integron_01	k141_710254	attc_002	1797	1914	1	0.37	attC	attC	attc_4	CALIN	No	225.0	lin
SRR22878281_binette_bin54.fasta	integron_01	k141_341956	k141_341956_2	434	670	1	NA	protein	protein	NA	CALIN	No	NA	lin
SRR22878281_binette_bin54.fasta	integron_01	k141_341956	attc_001	685	784	1	2.1e-07	attC	attC	attc_4	CALIN	No	NA	lin
SRR22878281_binette_bin54.fasta	integron_01	k141_341956	k141_341956_3	884	1174	1	NA	protein	protein	NA	CALIN	No	NA	lin
SRR22878281_binette_bin54.fasta	integron_01	k141_341956	attc_002	1552	1652	1	8.4e-06	attC	attC	attc_4	CALIN	No	768.0	lin
SRR22878281_binette_bin54.fasta	integron_01	k141_341956	k141_341956_4	1689	1991	1	NA	protein	protein	NA	CALIN	No	NA	lin
SRR22878281_binette_bin54.fasta	integron_01	k141_341956	k141_341956_5	1991	2392	1	NA	protein	protein	NA	CALIN	No	NA	lin
SRR22878281_binette_bin54.fasta	integron_01	k141_341956	k141_341956_6	2965	3204	1	NA	protein	protein	NA	CALIN	No	NA	lin
SRR22878281_binette_bin54.fasta	integron_01	k141_341956	attc_003	3352	3394	1	0.0011	attC	attC	attc_4	CALIN	No	1700.0	lin
SRR22878281_binette_bin54.fasta	integron_01	k141_341956	k141_341956_7	3611	4174	1	NA	protein	protein	NA	CALIN	No	NA	lin
SRR22878281_binette_bin54.fasta	integron_01	k141_341956	k141_341956_8	4467	4664	1	NA	protein	protein	NA	CALIN	No	NA	lin
SRR22878281_binette_bin54.fasta	integron_01	k141_341956	k141_341956_9	4972	5559	-1	NA	protein	protein	NA	CALIN	No	NA	lin
SRR22878281_binette_bin54.fasta	integron_01	k141_341956	k141_341956_10	5598	6851	-1	NA	protein	protein	NA	CALIN	No	NA	lin
SRR22878281_binette_bin54.fasta	integron_01	k141_341956	attc_004	5778	5830	1	0.99	attC	attC	attc_4	CALIN	No	2384.0	lin
SRR22878281_binette_bin54.fasta	integron_01	k141_445304	attc_001	2464	2517	1	0.09	attC	attC	attc_4	CALIN	No	NA	lin
SRR22878281_binette_bin54.fasta	integron_01	k141_445304	k141_445304_5	2549	3007	-1	NA	protein	protein	NA	CALIN	No	NA	lin
SRR22878281_binette_bin54.fasta	integron_01	k141_445304	k141_445304_6	3082	4485	-1	NA	protein	protein	NA	CALIN	No	NA	lin
SRR22878281_binette_bin54.fasta	integron_01	k141_445304	attc_002	3807	3865	1	0.098	attC	attC	attc_4	CALIN	No	1290.0	lin
SRR22878281_binette_bin54.fasta	integron_01	k141_445304	k141_445304_7	4687	5322	-1	NA	protein	protein	NA	CALIN	No	NA	lin
SRR22878281_binette_bin54.fasta	integron_01	k141_445304	attc_003	4801	4903	1	0.08	attC	attC	attc_4	CALIN	No	936.0	lin
SRR22878281_binette_bin54.fasta	integron_01	k141_62655	attc_001	4636	4738	-1	0.0064	attC	attC	attc_4	CALIN	No	NA	lin
SRR22878281_binette_bin54.fasta	integron_01	k141_62655	k141_62655_5	4857	5894	-1	NA	protein	protein	NA	CALIN	No	NA	lin
SRR22878281_binette_bin54.fasta	integron_01	k141_62655	attc_002	5950	6049	-1	0.016	attC	attC	attc_4	CALIN	No	1212.0	lin
SRR22878281_binette_bin54.fasta	integron_01	k141_62655	k141_62655_6	6051	6965	-1	NA	protein	protein	NA	CALIN	No	NA	lin
SRR22878281_binette_bin54.fasta	integron_01	k141_62655	attc_003	7088	7188	-1	3.3e-06	attC	attC	attc_4	CALIN	No	1039.0	lin
SRR22878281_binette_bin54.fasta	integron_01	k141_62655	k141_62655_7	7210	7944	-1	NA	protein	protein	NA	CALIN	No	NA	lin
SRR22878281_binette_bin54.fasta	integron_01	k141_62655	attc_004	7984	8083	-1	1.9e-08	attC	attC	attc_4	CALIN	No	796.0	lin
SRR22878281_binette_bin54.fasta	integron_01	k141_927229	attc_001	2975	3038	-1	0.3	attC	attC	attc_4	CALIN	No	NA	lin
SRR22878281_binette_bin54.fasta	integron_01	k141_927229	k141_927229_2	3171	4172	-1	NA	protein	protein	NA	CALIN	No	NA	lin
SRR22878281_binette_bin54.fasta	integron_01	k141_927229	k141_927229_3	4277	4471	-1	NA	protein	protein	NA	CALIN	No	NA	lin
SRR22878281_binette_bin54.fasta	integron_01	k141_927229	attc_002	5060	5156	-1	1.4e-05	attC	attC	attc_4	CALIN	No	2022.0	lin
SRR22878281_binette_bin54.fasta	integron_01	k141_927229	k141_927229_4	5171	5566	-1	NA	protein	protein	NA	CALIN	No	NA	lin
SRR22878281_binette_bin54.fasta	integron_01	k141_927229	k141_927229_5	5563	5787	-1	NA	protein	protein	NA	CALIN	No	NA	lin
SRR22878281_binette_bin54.fasta	integron_01	k141_927229	attc_003	6063	6179	-1	0.00095	attC	attC	attc_4	CALIN	No	907.0	lin
SRR22878281_binette_bin54.fasta	integron_01	k141_461239	attc_001	137	226	1	0.0046	attC	attC	attc_4	CALIN	No	NA	lin
SRR22878281_binette_bin54.fasta	integron_01	k141_461239	k141_461239_1	527	901	1	NA	protein	protein	NA	CALIN	No	NA	lin
SRR22878281_binette_bin54.fasta	integron_01	k141_461239	attc_002	913	987	1	0.046	attC	attC	attc_4	CALIN	No	687.0	lin
SRR22878281_binette_bin54.fasta	integron_01	k141_461239	k141_461239_2	1007	1564	1	NA	protein	protein	NA	CALIN	No	NA	lin
SRR22878281_binette_bin54.fasta	integron_01	k141_461239	k141_461239_3	1638	2126	1	NA	protein	protein	NA	CALIN	No	NA	lin
SRR22878281_binette_bin54.fasta	integron_01	k141_461239	attc_003	2121	2196	1	0.0046	attC	attC	attc_4	CALIN	No	1134.0	lin
SRR22878281_binette_bin54.fasta	integron_01	k141_463788	k141_463788_1	689	1672	1	1.2e-25	protein	intI	intersection_tyr_intI	complete	No	NA	lin
SRR22878281_binette_bin54.fasta	integron_01	k141_463788	k141_463788_2	1723	2049	1	NA	protein	protein	NA	complete	No	NA	lin
SRR22878281_binette_bin54.fasta	integron_01	k141_463788	k141_463788_3	2160	3032	-1	NA	protein	protein	NA	complete	No	NA	lin
SRR22878281_binette_bin54.fasta	integron_01	k141_463788	attc_001	2661	2801	-1	0.54	attC	attC	attc_4	complete	No	NA	lin
SRR22878281_binette_bin55.fasta	integron_01	k141_191839	k141_191839_3	2941	3816	-1	NA	protein	protein	NA	CALIN	No	NA	lin
SRR22878281_binette_bin55.fasta	integron_01	k141_191839	attc_001	3842	3984	-1	0.52	attC	attC	attc_4	CALIN	No	NA	lin
SRR22878281_binette_bin55.fasta	integron_01	k141_191839	k141_191839_4	3971	8872	1	NA	protein	protein	NA	CALIN	No	NA	lin
SRR22878281_binette_bin55.fasta	integron_01	k141_191839	attc_002	5665	5722	-1	0.065	attC	attC	attc_4	CALIN	No	1681.0	lin
SRR22878281_binette_bin55.fasta	integron_01	k141_191839	attc_003	6979	7039	-1	0.53	attC	attC	attc_4	CALIN	No	1257.0	lin
SRR22878281_binette_bin55.fasta	integron_01	k141_553174	attc_001	389	519	1	1.3e-05	attC	attC	attc_4	CALIN	No	NA	lin
SRR22878281_binette_bin55.fasta	integron_01	k141_553174	k141_553174_1	541	912	1	NA	protein	protein	NA	CALIN	No	NA	lin
SRR22878281_binette_bin55.fasta	integron_01	k141_553174	attc_002	930	1113	1	0.028	attC	attC	attc_4	CALIN	No	411.0	lin
SRR22878281_binette_bin6.fasta	integron_01	k141_255796	k141_255796_1	2	316	1	NA	protein	protein	NA	CALIN	No	NA	lin
SRR22878281_binette_bin6.fasta	integron_01	k141_255796	attc_001	164	215	-1	0.33	attC	attC	attc_4	CALIN	No	NA	lin
SRR22878281_binette_bin6.fasta	integron_01	k141_255796	k141_255796_2	555	1241	1	NA	protein	protein	NA	CALIN	No	NA	lin
SRR22878281_binette_bin6.fasta	integron_01	k141_255796	k141_255796_3	1296	4388	1	NA	protein	protein	NA	CALIN	No	NA	lin
SRR22878281_binette_bin6.fasta	integron_01	k141_255796	attc_002	1784	1836	-1	0.048	attC	attC	attc_4	CALIN	No	1569.0	lin
SRR22878281_binette_bin62.fasta	integron_01	k141_866579	k141_866579_10	7390	8544	-1	5.699999999999999e-24	protein	intI	intersection_tyr_intI	complete	No	NA	lin
SRR22878281_binette_bin62.fasta	integron_01	k141_866579	k141_866579_11	8899	9231	-1	NA	protein	protein	NA	complete	No	NA	lin
SRR22878281_binette_bin62.fasta	integron_01	k141_866579	attc_001	9039	9217	1	0.0089	attC	attC	attc_4	complete	No	NA	lin
SRR22878281_binette_bin65.fasta	integron_01	k141_490145	k141_490145_4	2767	4086	-1	NA	protein	protein	NA	CALIN	No	NA	lin
SRR22878281_binette_bin65.fasta	integron_01	k141_490145	k141_490145_5	4193	5971	1	NA	protein	protein	NA	CALIN	No	NA	lin
SRR22878281_binette_bin65.fasta	integron_01	k141_490145	attc_001	4270	4324	-1	0.65	attC	attC	attc_4	CALIN	No	NA	lin
SRR22878281_binette_bin65.fasta	integron_01	k141_490145	attc_002	5219	5338	-1	0.53	attC	attC	attc_4	CALIN	No	895.0	lin
SRR22878281_binette_bin65.fasta	integron_01	k141_490145	k141_490145_6	5968	7011	1	NA	protein	protein	NA	CALIN	No	NA	lin
SRR22878281_binette_bin65.fasta	integron_01	k141_490145	attc_003	6696	6744	-1	0.2	attC	attC	attc_4	CALIN	No	1358.0	lin
SRR22878281_binette_bin68.fasta	integron_01	k141_540037	k141_540037_2	2221	3198	-1	1.4999999999999998e-24	protein	intI	intersection_tyr_intI	In0	No	NA	lin
SRR22878281_binette_bin71.fasta	integron_01	k141_25840	k141_25840_13	9421	10449	1	NA	protein	protein	NA	CALIN	No	NA	lin
SRR22878281_binette_bin71.fasta	integron_01	k141_25840	attc_001	10338	10380	1	0.14	attC	attC	attc_4	CALIN	No	NA	lin
SRR22878281_binette_bin71.fasta	integron_01	k141_25840	k141_25840_14	10454	10987	1	NA	protein	protein	NA	CALIN	No	NA	lin
SRR22878281_binette_bin71.fasta	integron_01	k141_25840	attc_002	10530	10606	1	0.62	attC	attC	attc_4	CALIN	No	150.0	lin
SRR22878281_binette_bin72.fasta	integron_01	k141_568490	k141_568490_4	1918	3375	-1	1.1000000000000001e-30	protein	intI	intersection_tyr_intI	In0	No	NA	lin
SRR22878281_binette_bin73.fasta	integron_01	k141_275219	k141_275219_1	222	638	-1	NA	protein	protein	NA	CALIN	No	NA	lin
SRR22878281_binette_bin73.fasta	integron_01	k141_275219	attc_001	233	297	1	0.014	attC	attC	attc_4	CALIN	No	NA	lin
SRR22878281_binette_bin73.fasta	integron_01	k141_275219	k141_275219_2	640	1065	-1	NA	protein	protein	NA	CALIN	No	NA	lin
SRR22878281_binette_bin73.fasta	integron_01	k141_275219	k141_275219_3	1135	1764	-1	NA	protein	protein	NA	CALIN	No	NA	lin
SRR22878281_binette_bin73.fasta	integron_01	k141_275219	attc_002	1803	1854	1	0.91	attC	attC	attc_4	CALIN	No	1506.0	lin
SRR22878281_binette_bin73.fasta	integron_01	k141_275219	k141_275219_4	1908	2246	1	NA	protein	protein	NA	CALIN	No	NA	lin
SRR22878281_binette_bin74.fasta	integron_01	k141_210473	attc_001	1	128	-1	0.49	attC	attC	attc_4	CALIN	No	NA	lin
SRR22878281_binette_bin74.fasta	integron_01	k141_210473	k141_210473_1	3	1298	1	NA	protein	protein	NA	CALIN	No	NA	lin
SRR22878281_binette_bin74.fasta	integron_01	k141_210473	attc_002	602	657	-1	0.46	attC	attC	attc_4	CALIN	No	474.0	lin
SRR22878281_binette_bin75.fasta	integron_01	k141_309631	attc_001	172	216	1	0.26	attC	attC	attc_4	CALIN	No	NA	lin
SRR22878281_binette_bin75.fasta	integron_01	k141_309631	k141_309631_1	465	1607	-1	NA	protein	protein	NA	CALIN	No	NA	lin
SRR22878281_binette_bin75.fasta	integron_01	k141_309631	k141_309631_2	1791	2099	-1	NA	protein	protein	NA	CALIN	No	NA	lin
SRR22878281_binette_bin75.fasta	integron_01	k141_309631	k141_309631_3	2270	2707	-1	NA	protein	protein	NA	CALIN	No	NA	lin
SRR22878281_binette_bin75.fasta	integron_01	k141_309631	attc_002	2748	2913	1	0.0078	attC	attC	attc_4	CALIN	No	2532.0	lin
SRR22878281_binette_bin75.fasta	integron_01	k141_309631	k141_309631_4	2889	3083	-1	NA	protein	protein	NA	CALIN	No	NA	lin
SRR22878281_binette_bin76.fasta	integron_01	k141_600562	k141_600562_2	423	1079	-1	NA	protein	protein	NA	CALIN	No	NA	lin
SRR22878281_binette_bin76.fasta	integron_01	k141_600562	attc_001	1090	1148	-1	0.00019	attC	attC	attc_4	CALIN	No	NA	lin
SRR22878281_binette_bin76.fasta	integron_01	k141_600562	k141_600562_3	1104	1865	-1	NA	protein	protein	NA	CALIN	No	NA	lin
SRR22878281_binette_bin76.fasta	integron_01	k141_600562	attc_002	1875	1930	-1	0.044	attC	attC	attc_4	CALIN	No	727.0	lin
SRR22878281_binette_bin76.fasta	integron_01	k141_600562	k141_600562_4	1901	2254	-1	NA	protein	protein	NA	CALIN	No	NA	lin
SRR22878281_binette_bin76.fasta	integron_01	k141_845267	k141_845267_1	291	1601	1	2.4e-22	protein	intI	intersection_tyr_intI	In0	No	NA	lin
SRR22878281_binette_bin78.fasta	integron_01	k141_300444	attc_001	49	144	1	0.17	attC	attC	attc_4	CALIN	No	NA	lin
SRR22878281_binette_bin78.fasta	integron_01	k141_300444	k141_300444_1	261	857	1	NA	protein	protein	NA	CALIN	No	NA	lin
SRR22878281_binette_bin78.fasta	integron_01	k141_300444	attc_002	1023	1122	1	0.001	attC	attC	attc_4	CALIN	No	879.0	lin
SRR22878281_binette_bin78.fasta	integron_01	k141_300444	k141_300444_2	1181	1882	1	NA	protein	protein	NA	CALIN	No	NA	lin
SRR22878281_binette_bin78.fasta	integron_01	k141_300444	attc_003	1877	1980	1	9.3e-05	attC	attC	attc_4	CALIN	No	755.0	lin
SRR22878281_binette_bin78.fasta	integron_01	k141_300444	k141_300444_3	2121	2618	1	NA	protein	protein	NA	CALIN	No	NA	lin
SRR22878281_binette_bin78.fasta	integron_01	k141_300444	attc_004	2667	2762	1	0.16	attC	attC	attc_4	CALIN	No	687.0	lin
SRR22878281_binette_bin78.fasta	integron_01	k141_300444	attc_005	3245	3345	1	2.9e-05	attC	attC	attc_4	CALIN	No	483.0	lin
SRR22878281_binette_bin78.fasta	integron_01	k141_300444	k141_300444_4	3412	3624	1	NA	protein	protein	NA	CALIN	No	NA	lin
SRR22878281_binette_bin78.fasta	integron_01	k141_113436	k141_113436_1	3	1247	-1	3.3e-30	protein	intI	intersection_tyr_intI	In0	No	NA	lin
SRR22878281_binette_bin82.fasta	integron_01	k141_294456	attc_001	676	763	1	7.4e-05	attC	attC	attc_4	CALIN	No	NA	lin
SRR22878281_binette_bin82.fasta	integron_01	k141_294456	k141_294456_2	792	1238	1	NA	protein	protein	NA	CALIN	No	NA	lin
SRR22878281_binette_bin82.fasta	integron_01	k141_294456	attc_002	1312	1404	1	0.019	attC	attC	attc_4	CALIN	No	549.0	lin
SRR22878281_binette_bin82.fasta	integron_01	k141_294456	k141_294456_3	1438	2208	1	NA	protein	protein	NA	CALIN	No	NA	lin
SRR22878281_binette_bin82.fasta	integron_01	k141_294456	attc_003	2215	2301	1	2.3e-05	attC	attC	attc_4	CALIN	No	811.0	lin
SRR22878281_binette_bin82.fasta	integron_01	k141_294456	k141_294456_4	2372	2971	1	NA	protein	protein	NA	CALIN	No	NA	lin
SRR22878281_binette_bin82.fasta	integron_01	k141_301535	k141_301535_14	11929	12222	1	NA	protein	protein	NA	CALIN	No	NA	lin
SRR22878281_binette_bin82.fasta	integron_01	k141_301535	attc_001	12310	12392	1	2.2e-08	attC	attC	attc_4	CALIN	No	NA	lin
SRR22878281_binette_bin82.fasta	integron_01	k141_301535	k141_301535_15	12424	12936	1	NA	protein	protein	NA	CALIN	No	NA	lin
SRR22878281_binette_bin82.fasta	integron_01	k141_301535	attc_002	13035	13127	1	0.0013	attC	attC	attc_4	CALIN	No	643.0	lin
SRR22878281_binette_bin82.fasta	integron_01	k141_301535	k141_301535_16	13137	13517	1	NA	protein	protein	NA	CALIN	No	NA	lin
SRR22878281_binette_bin82.fasta	integron_01	k141_794815	k141_794815_1	1	357	1	NA	protein	protein	NA	CALIN	No	NA	lin
SRR22878281_binette_bin82.fasta	integron_01	k141_794815	attc_001	205	258	-1	0.28	attC	attC	attc_4	CALIN	No	NA	lin
SRR22878281_binette_bin82.fasta	integron_01	k141_794815	attc_002	430	493	-1	0.04	attC	attC	attc_4	CALIN	No	172.0	lin
SRR22878281_binette_bin82.fasta	integron_01	k141_794815	k141_794815_2	459	977	-1	NA	protein	protein	NA	CALIN	No	NA	lin
SRR22878281_binette_bin82.fasta	integron_01	k141_221196	k141_221196_7	5683	5934	-1	NA	protein	protein	NA	CALIN	No	NA	lin
SRR22878281_binette_bin82.fasta	integron_01	k141_221196	k141_221196_8	5883	6176	-1	NA	protein	protein	NA	CALIN	No	NA	lin
SRR22878281_binette_bin82.fasta	integron_01	k141_221196	k141_221196_9	6118	6216	-1	NA	protein	protein	NA	CALIN	No	NA	lin
SRR22878281_binette_bin82.fasta	integron_01	k141_221196	attc_001	6125	6229	-1	2.9e-06	attC	attC	attc_4	CALIN	No	NA	lin
SRR22878281_binette_bin82.fasta	integron_01	k141_221196	k141_221196_10	6262	6492	1	NA	protein	protein	NA	CALIN	No	NA	lin
SRR22878281_binette_bin82.fasta	integron_01	k141_221196	attc_002	6487	6575	-1	0.43	attC	attC	attc_4	CALIN	No	258.0	lin
SRR22878281_binette_bin82.fasta	integron_01	k141_221196	k141_221196_11	6763	6996	-1	NA	protein	protein	NA	CALIN	No	NA	lin
SRR22878281_binette_bin82.fasta	integron_01	k141_221196	k141_221196_12	7214	7639	-1	NA	protein	protein	NA	CALIN	No	NA	lin
SRR22878281_binette_bin82.fasta	integron_01	k141_221196	k141_221196_13	7743	8255	-1	NA	protein	protein	NA	CALIN	No	NA	lin
SRR22878281_binette_bin82.fasta	integron_01	k141_221196	attc_003	8260	8323	-1	0.00071	attC	attC	attc_4	CALIN	No	1685.0	lin
SRR22878281_binette_bin82.fasta	integron_01	k141_221196	k141_221196_14	8325	8699	-1	NA	protein	protein	NA	CALIN	No	NA	lin
SRR22878281_binette_bin82.fasta	integron_01	k141_534613	k141_534613_1	3	269	-1	NA	protein	protein	NA	CALIN	No	NA	lin
SRR22878281_binette_bin82.fasta	integron_01	k141_534613	attc_001	293	380	-1	0.00026	attC	attC	attc_4	CALIN	No	NA	lin
SRR22878281_binette_bin82.fasta	integron_01	k141_534613	k141_534613_2	617	1009	-1	NA	protein	protein	NA	CALIN	No	NA	lin
SRR22878281_binette_bin82.fasta	integron_01	k141_534613	attc_002	1226	1313	-1	0.0062	attC	attC	attc_4	CALIN	No	846.0	lin
SRR22878281_binette_bin84.fasta	integron_01	k141_909709	k141_909709_1	3	161	-1	NA	protein	protein	NA	CALIN	No	NA	lin
SRR22878281_binette_bin84.fasta	integron_01	k141_909709	attc_001	208	254	1	0.81	attC	attC	attc_4	CALIN	No	NA	lin
SRR22878281_binette_bin84.fasta	integron_01	k141_909709	k141_909709_2	210	1322	-1	NA	protein	protein	NA	CALIN	No	NA	lin
SRR22878281_binette_bin84.fasta	integron_01	k141_909709	k141_909709_3	1319	1510	-1	NA	protein	protein	NA	CALIN	No	NA	lin
SRR22878281_binette_bin84.fasta	integron_01	k141_909709	attc_002	1341	1481	1	0.028	attC	attC	attc_4	CALIN	No	1087.0	lin
SRR22878281_binette_bin85.fasta	integron_01	k141_749306	k141_749306_1	350	1609	1	6.400000000000001e-23	protein	intI	intersection_tyr_intI	In0	No	NA	lin
SRR22878281_binette_bin86.fasta	integron_01	k141_318105	k141_318105_2	65	754	1	NA	protein	protein	NA	CALIN	No	NA	lin
SRR22878281_binette_bin86.fasta	integron_01	k141_318105	attc_001	406	454	-1	0.32	attC	attC	attc_4	CALIN	No	NA	lin
SRR22878281_binette_bin86.fasta	integron_01	k141_318105	attc_002	697	745	-1	0.003	attC	attC	attc_4	CALIN	No	243.0	lin
SRR22878281_binette_bin86.fasta	integron_01	k141_318105	k141_318105_3	754	1389	1	NA	protein	protein	NA	CALIN	No	NA	lin
SRR22878281_binette_bin89.fasta	integron_01	k141_48479	attc_001	1211	1342	-1	0.66	attC	attC	attc_4	CALIN	No	NA	lin
SRR22878281_binette_bin89.fasta	integron_01	k141_48479	k141_48479_3	1247	1612	1	NA	protein	protein	NA	CALIN	No	NA	lin
SRR22878281_binette_bin89.fasta	integron_01	k141_48479	attc_002	1395	1526	-1	0.008	attC	attC	attc_4	CALIN	No	53.0	lin
SRR22878281_binette_bin93.fasta	integron_01	k141_900398	k141_900398_1	3	542	-1	NA	protein	protein	NA	CALIN	No	NA	lin
SRR22878281_binette_bin93.fasta	integron_01	k141_900398	attc_001	261	324	1	0.0087	attC	attC	attc_4	CALIN	No	NA	lin
SRR22878281_binette_bin93.fasta	integron_01	k141_900398	k141_900398_2	840	1298	-1	NA	protein	protein	NA	CALIN	No	NA	lin
SRR22878281_binette_bin93.fasta	integron_01	k141_900398	attc_002	1047	1117	1	0.27	attC	attC	attc_4	CALIN	No	723.0	lin
SRR22878281_binette_bin96.fasta	integron_01	k141_200076	attc_001	92	178	1	0.068	attC	attC	attc_4	CALIN	No	NA	lin
SRR22878281_binette_bin96.fasta	integron_01	k141_200076	k141_200076_1	110	997	1	NA	protein	protein	NA	CALIN	No	NA	lin
SRR22878281_binette_bin96.fasta	integron_01	k141_200076	attc_002	965	1011	1	0.0028	attC	attC	attc_4	CALIN	No	787.0	lin
SRR22878281_binette_bin96.fasta	integron_01	k141_200076	k141_200076_2	1073	1156	-1	NA	protein	protein	NA	CALIN	No	NA	lin
SRR22878281_binette_bin96.fasta	integron_01	k141_556128	k141_556128_1	68	424	-1	NA	protein	protein	NA	CALIN	No	NA	lin
SRR22878281_binette_bin96.fasta	integron_01	k141_556128	attc_001	93	285	1	0.0069	attC	attC	attc_4	CALIN	No	NA	lin
SRR22878281_binette_bin96.fasta	integron_01	k141_556128	attc_002	109	155	1	0.18	attC	attC	attc_4	CALIN	No	1143.0	lin
SRR22878281_binette_bin97.fasta	integron_01	k141_848133	k141_848133_1	3	1664	-1	NA	protein	protein	NA	CALIN	No	NA	lin
SRR22878281_binette_bin97.fasta	integron_01	k141_848133	attc_001	1485	1556	-1	0.07	attC	attC	attc_4	CALIN	No	NA	lin
SRR22878281_binette_bin97.fasta	integron_01	k141_848133	attc_002	1565	1608	-1	0.66	attC	attC	attc_4	CALIN	No	9.0	lin
SRR22878281_binette_bin98.fasta	integron_01	k141_670659	k141_670659_3	773	1762	-1	NA	protein	protein	NA	CALIN	No	NA	lin
SRR22878281_binette_bin98.fasta	integron_01	k141_670659	attc_001	1372	1446	1	0.0089	attC	attC	attc_4	CALIN	No	NA	lin
SRR22878281_binette_bin98.fasta	integron_01	k141_670659	k141_670659_4	1806	2765	-1	NA	protein	protein	NA	CALIN	No	NA	lin
SRR22878281_binette_bin98.fasta	integron_01	k141_670659	attc_002	2433	2479	1	0.28	attC	attC	attc_4	CALIN	No	987.0	lin
SRR22878282_binette_bin1.fasta	integron_01	k141_509487	k141_509487_54	62864	63391	1	NA	protein	protein	NA	CALIN	No	NA	lin
SRR22878282_binette_bin1.fasta	integron_01	k141_509487	attc_001	63403	63491	1	0.024	attC	attC	attc_4	CALIN	No	NA	lin
SRR22878282_binette_bin1.fasta	integron_01	k141_509487	k141_509487_55	63523	63858	1	NA	protein	protein	NA	CALIN	No	NA	lin
SRR22878282_binette_bin1.fasta	integron_01	k141_509487	k141_509487_56	63861	64583	1	NA	protein	protein	NA	CALIN	No	NA	lin
SRR22878282_binette_bin1.fasta	integron_01	k141_509487	attc_002	63862	63990	1	0.0041	attC	attC	attc_4	CALIN	No	371.0	lin
SRR22878282_binette_bin1.fasta	integron_01	k141_509487	attc_003	64578	64679	1	3.5e-05	attC	attC	attc_4	CALIN	No	588.0	lin
SRR22878282_binette_bin1.fasta	integron_01	k141_509487	k141_509487_57	64696	65526	1	NA	protein	protein	NA	CALIN	No	NA	lin
SRR22878282_binette_bin1.fasta	integron_01	k141_59729	k141_59729_35	37758	39350	1	NA	protein	protein	NA	CALIN	No	NA	lin
SRR22878282_binette_bin1.fasta	integron_01	k141_59729	attc_001	38390	38468	1	0.33	attC	attC	attc_4	CALIN	No	NA	lin
SRR22878282_binette_bin1.fasta	integron_01	k141_59729	k141_59729_36	39385	39837	-1	NA	protein	protein	NA	CALIN	No	NA	lin
SRR22878282_binette_bin1.fasta	integron_01	k141_59729	k141_59729_37	40196	40720	1	NA	protein	protein	NA	CALIN	No	NA	lin
SRR22878282_binette_bin1.fasta	integron_01	k141_59729	k141_59729_38	40818	41285	1	NA	protein	protein	NA	CALIN	No	NA	lin
SRR22878282_binette_bin1.fasta	integron_01	k141_59729	k141_59729_39	41454	42443	1	NA	protein	protein	NA	CALIN	No	NA	lin
SRR22878282_binette_bin1.fasta	integron_01	k141_59729	attc_002	42017	42078	1	0.5	attC	attC	attc_4	CALIN	No	3549.0	lin
SRR22878282_binette_bin1.fasta	integron_01	k141_516341	k141_516341_3	758	1039	-1	NA	protein	protein	NA	CALIN	No	NA	lin
SRR22878282_binette_bin1.fasta	integron_01	k141_516341	attc_001	1064	1182	-1	0.023	attC	attC	attc_4	CALIN	No	NA	lin
SRR22878282_binette_bin1.fasta	integron_01	k141_516341	k141_516341_4	1184	1915	-1	NA	protein	protein	NA	CALIN	No	NA	lin
SRR22878282_binette_bin1.fasta	integron_01	k141_516341	attc_002	1941	2013	-1	0.0078	attC	attC	attc_4	CALIN	No	759.0	lin
SRR22878282_binette_bin1.fasta	integron_01	k141_516341	k141_516341_5	2014	2448	-1	NA	protein	protein	NA	CALIN	No	NA	lin
SRR22878282_binette_bin1.fasta	integron_01	k141_516341	attc_003	2464	2580	-1	4.9e-05	attC	attC	attc_4	CALIN	No	451.0	lin
SRR22878282_binette_bin1.fasta	integron_01	k141_516341	k141_516341_6	2575	2910	-1	NA	protein	protein	NA	CALIN	No	NA	lin
SRR22878282_binette_bin1.fasta	integron_02	k141_516341	k141_516341_7	3175	4155	1	1.5999999999999998e-25	protein	intI	intersection_tyr_intI	complete	No	NA	lin
SRR22878282_binette_bin1.fasta	integron_02	k141_516341	attc_001	3491	3555	-1	0.27	attC	attC	attc_4	complete	No	NA	lin
SRR22878282_binette_bin1.fasta	integron_01	k141_406381	attc_001	528	602	-1	0.0017	attC	attC	attc_4	CALIN	No	NA	lin
SRR22878282_binette_bin1.fasta	integron_01	k141_406381	k141_406381_1	826	1131	1	NA	protein	protein	NA	CALIN	No	NA	lin
SRR22878282_binette_bin1.fasta	integron_01	k141_406381	attc_002	936	1016	-1	0.0017	attC	attC	attc_4	CALIN	No	334.0	lin
SRR22878282_binette_bin1.fasta	integron_01	k141_406381	k141_406381_2	1011	1631	-1	NA	protein	protein	NA	CALIN	No	NA	lin
SRR22878282_binette_bin1.fasta	integron_01	k141_497195	k141_497195_67	58387	58770	1	NA	protein	protein	NA	CALIN	No	NA	lin
SRR22878282_binette_bin1.fasta	integron_01	k141_497195	attc_001	58748	58849	1	0.027	attC	attC	attc_4	CALIN	No	NA	lin
SRR22878282_binette_bin1.fasta	integron_01	k141_497195	k141_497195_68	58854	59285	1	NA	protein	protein	NA	CALIN	No	NA	lin
SRR22878282_binette_bin1.fasta	integron_01	k141_497195	attc_002	59289	59417	1	0.0048	attC	attC	attc_4	CALIN	No	440.0	lin
SRR22878282_binette_bin1.fasta	integron_01	k141_497195	k141_497195_69	59445	59663	1	NA	protein	protein	NA	CALIN	No	NA	lin
SRR22878282_binette_bin1.fasta	integron_01	k141_497195	attc_003	59682	59809	1	0.00057	attC	attC	attc_4	CALIN	No	265.0	lin
SRR22878282_binette_bin1.fasta	integron_01	k141_497195	k141_497195_70	59852	60196	1	NA	protein	protein	NA	CALIN	No	NA	lin
SRR22878282_binette_bin101.fasta	integron_01	k141_411101	k141_411101_2	264	899	1	NA	protein	protein	NA	CALIN	No	NA	lin
SRR22878282_binette_bin101.fasta	integron_01	k141_411101	attc_001	883	978	1	3.3e-05	attC	attC	attc_4	CALIN	No	NA	lin
SRR22878282_binette_bin101.fasta	integron_01	k141_411101	k141_411101_3	1014	1439	1	NA	protein	protein	NA	CALIN	No	NA	lin
SRR22878282_binette_bin101.fasta	integron_01	k141_411101	attc_002	1025	1068	1	0.57	attC	attC	attc_4	CALIN	No	47.0	lin
SRR22878282_binette_bin101.fasta	integron_01	k141_162397	attc_001	43	120	-1	0.00021	attC	attC	attc_4	CALIN	No	NA	lin
SRR22878282_binette_bin101.fasta	integron_01	k141_162397	k141_162397_1	115	459	-1	NA	protein	protein	NA	CALIN	No	NA	lin
SRR22878282_binette_bin101.fasta	integron_01	k141_162397	attc_002	464	553	-1	2e-06	attC	attC	attc_4	CALIN	No	344.0	lin
SRR22878282_binette_bin101.fasta	integron_01	k141_162397	k141_162397_2	554	994	-1	NA	protein	protein	NA	CALIN	No	NA	lin
SRR22878282_binette_bin101.fasta	integron_01	k141_162397	attc_003	1001	1078	-1	0.0074	attC	attC	attc_4	CALIN	No	448.0	lin
SRR22878282_binette_bin101.fasta	integron_01	k141_162397	k141_162397_3	1073	1546	-1	NA	protein	protein	NA	CALIN	No	NA	lin
SRR22878282_binette_bin101.fasta	integron_01	k141_162397	attc_004	1566	1649	-1	4.5e-05	attC	attC	attc_4	CALIN	No	488.0	lin
SRR22878282_binette_bin101.fasta	integron_01	k141_162397	k141_162397_4	1644	1937	-1	NA	protein	protein	NA	CALIN	No	NA	lin
SRR22878282_binette_bin101.fasta	integron_01	k141_162397	attc_005	1953	2019	-1	1.4e-06	attC	attC	attc_4	CALIN	No	304.0	lin
SRR22878282_binette_bin101.fasta	integron_01	k141_451286	k141_451286_1	121	1077	1	4.8e-24	protein	intI	intersection_tyr_intI	complete	No	NA	lin
SRR22878282_binette_bin101.fasta	integron_01	k141_451286	attc_001	1004	1138	-1	0.97	attC	attC	attc_4	complete	No	NA	lin
SRR22878282_binette_bin103.fasta	integron_01	k141_474377	attc_001	22	217	1	0.022	attC	attC	attc_4	CALIN	No	NA	lin
SRR22878282_binette_bin103.fasta	integron_01	k141_474377	k141_474377_1	235	894	1	NA	protein	protein	NA	CALIN	No	NA	lin
SRR22878282_binette_bin103.fasta	integron_01	k141_474377	attc_002	903	1034	1	0.018	attC	attC	attc_4	CALIN	No	686.0	lin
SRR22878282_binette_bin103.fasta	integron_01	k141_539353	k141_539353_1	288	923	1	NA	protein	protein	NA	CALIN	No	NA	lin
SRR22878282_binette_bin103.fasta	integron_01	k141_539353	attc_001	932	1122	1	0.0014	attC	attC	attc_4	CALIN	No	NA	lin
SRR22878282_binette_bin103.fasta	integron_01	k141_539353	attc_002	1038	1122	1	0.058	attC	attC	attc_4	CALIN	No	1097.0	lin
SRR22878282_binette_bin103.fasta	integron_01	k141_554296	attc_001	39	170	-1	0.00049	attC	attC	attc_4	CALIN	No	NA	lin
SRR22878282_binette_bin103.fasta	integron_01	k141_554296	k141_554296_1	215	463	-1	NA	protein	protein	NA	CALIN	No	NA	lin
SRR22878282_binette_bin103.fasta	integron_01	k141_554296	k141_554296_2	754	1374	-1	NA	protein	protein	NA	CALIN	No	NA	lin
SRR22878282_binette_bin103.fasta	integron_01	k141_554296	attc_002	1399	1529	-1	0.031	attC	attC	attc_4	CALIN	No	1229.0	lin
SRR22878282_binette_bin103.fasta	integron_01	k141_161331	attc_001	162	209	-1	0.022	attC	attC	attc_4	CALIN	No	NA	lin
SRR22878282_binette_bin103.fasta	integron_01	k141_161331	attc_002	370	478	-1	0.064	attC	attC	attc_4	CALIN	No	161.0	lin
SRR22878282_binette_bin103.fasta	integron_01	k141_161331	attc_003	892	977	-1	0.0071	attC	attC	attc_4	CALIN	No	414.0	lin
SRR22878282_binette_bin103.fasta	integron_01	k141_161331	k141_161331_1	1091	1702	-1	NA	protein	protein	NA	CALIN	No	NA	lin
SRR22878282_binette_bin104.fasta	integron_01	k141_240527	k141_240527_1	3	110	-1	NA	protein	protein	NA	CALIN	No	NA	lin
SRR22878282_binette_bin104.fasta	integron_01	k141_240527	attc_001	133	188	-1	2.7e-07	attC	attC	attc_4	CALIN	No	NA	lin
SRR22878282_binette_bin104.fasta	integron_01	k141_240527	k141_240527_2	143	985	-1	NA	protein	protein	NA	CALIN	No	NA	lin
SRR22878282_binette_bin104.fasta	integron_01	k141_240527	attc_002	999	1112	-1	0.00059	attC	attC	attc_4	CALIN	No	811.0	lin
SRR22878282_binette_bin104.fasta	integron_01	k141_240527	k141_240527_3	1120	1611	-1	NA	protein	protein	NA	CALIN	No	NA	lin
SRR22878282_binette_bin105.fasta	integron_01	k141_121699	k141_121699_2	259	753	-1	NA	protein	protein	NA	CALIN	No	NA	lin
SRR22878282_binette_bin105.fasta	integron_01	k141_121699	attc_001	721	798	-1	0.02	attC	attC	attc_4	CALIN	No	NA	lin
SRR22878282_binette_bin105.fasta	integron_01	k141_121699	k141_121699_3	793	1230	-1	NA	protein	protein	NA	CALIN	No	NA	lin
SRR22878282_binette_bin105.fasta	integron_01	k141_121699	attc_002	1183	1263	-1	0.0023	attC	attC	attc_4	CALIN	No	385.0	lin
SRR22878282_binette_bin105.fasta	integron_01	k141_121699	k141_121699_4	1258	1824	-1	NA	protein	protein	NA	CALIN	No	NA	lin
SRR22878282_binette_bin105.fasta	integron_01	k141_121699	attc_003	2099	2179	-1	0.0024	attC	attC	attc_4	CALIN	No	836.0	lin
SRR22878282_binette_bin105.fasta	integron_01	k141_121699	k141_121699_5	2174	2680	-1	NA	protein	protein	NA	CALIN	No	NA	lin
SRR22878282_binette_bin105.fasta	integron_01	k141_121699	attc_004	2685	2749	-1	0.01	attC	attC	attc_4	CALIN	No	506.0	lin
SRR22878282_binette_bin105.fasta	integron_01	k141_121699	k141_121699_6	2744	3106	-1	NA	protein	protein	NA	CALIN	No	NA	lin
SRR22878282_binette_bin105.fasta	integron_01	k141_121699	attc_005	3117	3179	-1	4e-07	attC	attC	attc_4	CALIN	No	368.0	lin
SRR22878282_binette_bin105.fasta	integron_01	k141_121699	k141_121699_7	3189	3431	-1	NA	protein	protein	NA	CALIN	No	NA	lin
SRR22878282_binette_bin105.fasta	integron_01	k141_121699	attc_006	3444	3548	-1	0.0002	attC	attC	attc_4	CALIN	No	265.0	lin
SRR22878282_binette_bin105.fasta	integron_01	k141_463878	k141_463878_3	818	1342	-1	NA	protein	protein	NA	CALIN	No	NA	lin
SRR22878282_binette_bin105.fasta	integron_01	k141_463878	attc_001	1356	1418	-1	0.43	attC	attC	attc_4	CALIN	No	NA	lin
SRR22878282_binette_bin105.fasta	integron_01	k141_463878	k141_463878_4	1429	2103	-1	NA	protein	protein	NA	CALIN	No	NA	lin
SRR22878282_binette_bin105.fasta	integron_01	k141_463878	k141_463878_5	2115	2435	-1	NA	protein	protein	NA	CALIN	No	NA	lin
SRR22878282_binette_bin105.fasta	integron_01	k141_463878	attc_002	2454	2533	-1	0.037	attC	attC	attc_4	CALIN	No	1036.0	lin
SRR22878282_binette_bin105.fasta	integron_01	k141_463878	k141_463878_6	2528	2845	-1	NA	protein	protein	NA	CALIN	No	NA	lin
SRR22878282_binette_bin105.fasta	integron_01	k141_463878	attc_003	2853	2927	-1	1.6e-05	attC	attC	attc_4	CALIN	No	320.0	lin
SRR22878282_binette_bin105.fasta	integron_01	k141_463878	k141_463878_7	2935	3444	-1	NA	protein	protein	NA	CALIN	No	NA	lin
SRR22878282_binette_bin105.fasta	integron_01	k141_463878	attc_004	3481	3540	-1	0.78	attC	attC	attc_4	CALIN	No	554.0	lin
SRR22878282_binette_bin105.fasta	integron_01	k141_463878	k141_463878_8	3535	4089	-1	NA	protein	protein	NA	CALIN	No	NA	lin
SRR22878282_binette_bin105.fasta	integron_01	k141_463878	attc_005	4092	4189	-1	0.0024	attC	attC	attc_4	CALIN	No	552.0	lin
SRR22878282_binette_bin105.fasta	integron_01	k141_463878	k141_463878_9	4184	4612	-1	NA	protein	protein	NA	CALIN	No	NA	lin
SRR22878282_binette_bin105.fasta	integron_01	k141_463878	attc_006	4627	4709	-1	0.00062	attC	attC	attc_4	CALIN	No	438.0	lin
SRR22878282_binette_bin105.fasta	integron_01	k141_463878	k141_463878_10	4704	5072	-1	NA	protein	protein	NA	CALIN	No	NA	lin
SRR22878282_binette_bin105.fasta	integron_01	k141_463878	k141_463878_11	5169	5519	-1	NA	protein	protein	NA	CALIN	No	NA	lin
SRR22878282_binette_bin105.fasta	integron_01	k141_463878	k141_463878_12	5782	6189	-1	NA	protein	protein	NA	CALIN	No	NA	lin
SRR22878282_binette_bin105.fasta	integron_01	k141_463878	attc_007	6192	6281	-1	1.3e-05	attC	attC	attc_4	CALIN	No	1483.0	lin
SRR22878282_binette_bin105.fasta	integron_01	k141_463878	k141_463878_13	6289	7041	-1	NA	protein	protein	NA	CALIN	No	NA	lin
SRR22878282_binette_bin108.fasta	integron_01	k141_558572	k141_558572_1	3	323	1	NA	protein	protein	NA	CALIN	No	NA	lin
SRR22878282_binette_bin108.fasta	integron_01	k141_558572	attc_001	451	505	1	0.0036	attC	attC	attc_4	CALIN	No	NA	lin
SRR22878282_binette_bin108.fasta	integron_01	k141_558572	k141_558572_2	566	1327	1	NA	protein	protein	NA	CALIN	No	NA	lin
SRR22878282_binette_bin108.fasta	integron_01	k141_558572	attc_002	948	1036	1	0.29	attC	attC	attc_4	CALIN	No	443.0	lin
SRR22878282_binette_bin112.fasta	integron_01	k141_410773	k141_410773_1	322	1449	-1	NA	protein	protein	NA	CALIN	No	NA	lin
SRR22878282_binette_bin112.fasta	integron_01	k141_410773	attc_001	1484	1584	-1	0.37	attC	attC	attc_4	CALIN	No	NA	lin
SRR22878282_binette_bin112.fasta	integron_01	k141_410773	k141_410773_2	1554	2207	-1	NA	protein	protein	NA	CALIN	No	NA	lin
SRR22878282_binette_bin112.fasta	integron_01	k141_410773	attc_002	2226	2350	-1	0.00022	attC	attC	attc_4	CALIN	No	642.0	lin
SRR22878282_binette_bin112.fasta	integron_01	k141_410773	k141_410773_3	2345	3430	-1	NA	protein	protein	NA	CALIN	No	NA	lin
SRR22878282_binette_bin112.fasta	integron_01	k141_410773	attc_003	3373	3477	-1	0.00066	attC	attC	attc_4	CALIN	No	1023.0	lin
SRR22878282_binette_bin112.fasta	integron_01	k141_410773	k141_410773_4	3472	4143	-1	NA	protein	protein	NA	CALIN	No	NA	lin
SRR22878282_binette_bin113.fasta	integron_01	k141_57337	k141_57337_1	3	515	1	NA	protein	protein	NA	CALIN	No	NA	lin
SRR22878282_binette_bin113.fasta	integron_01	k141_57337	attc_001	510	572	1	8.8e-07	attC	attC	attc_4	CALIN	No	NA	lin
SRR22878282_binette_bin113.fasta	integron_01	k141_57337	k141_57337_2	589	1221	1	NA	protein	protein	NA	CALIN	No	NA	lin
SRR22878282_binette_bin113.fasta	integron_01	k141_57337	attc_002	1224	1310	1	0.00025	attC	attC	attc_4	CALIN	No	652.0	lin
SRR22878282_binette_bin113.fasta	integron_01	k141_452701	attc_001	110	214	-1	9e-06	attC	attC	attc_4	CALIN	No	NA	lin
SRR22878282_binette_bin113.fasta	integron_01	k141_452701	k141_452701_1	223	648	-1	NA	protein	protein	NA	CALIN	No	NA	lin
SRR22878282_binette_bin113.fasta	integron_01	k141_452701	attc_002	675	752	-1	0.00022	attC	attC	attc_4	CALIN	No	461.0	lin
SRR22878282_binette_bin113.fasta	integron_01	k141_452701	k141_452701_2	759	1097	-1	NA	protein	protein	NA	CALIN	No	NA	lin
SRR22878282_binette_bin113.fasta	integron_01	k141_452701	attc_003	1104	1180	-1	9e-06	attC	attC	attc_4	CALIN	No	352.0	lin
SRR22878282_binette_bin113.fasta	integron_01	k141_114507	attc_001	63	168	-1	1e-06	attC	attC	attc_4	CALIN	No	NA	lin
SRR22878282_binette_bin113.fasta	integron_01	k141_114507	k141_114507_1	163	495	-1	NA	protein	protein	NA	CALIN	No	NA	lin
SRR22878282_binette_bin113.fasta	integron_01	k141_114507	attc_002	512	626	-1	0.00034	attC	attC	attc_4	CALIN	No	344.0	lin
SRR22878282_binette_bin113.fasta	integron_01	k141_114507	k141_114507_2	639	914	-1	NA	protein	protein	NA	CALIN	No	NA	lin
SRR22878282_binette_bin113.fasta	integron_01	k141_114507	attc_003	661	736	-1	0.031	attC	attC	attc_4	CALIN	No	35.0	lin
SRR22878282_binette_bin113.fasta	integron_01	k141_114507	attc_004	929	1042	-1	0.0009	attC	attC	attc_4	CALIN	No	193.0	lin
SRR22878282_binette_bin113.fasta	integron_01	k141_114507	k141_114507_3	1044	1112	-1	NA	protein	protein	NA	CALIN	No	NA	lin
SRR22878282_binette_bin113.fasta	integron_01	k141_227532	attc_001	229	372	-1	0.0055	attC	attC	attc_4	CALIN	No	NA	lin
SRR22878282_binette_bin113.fasta	integron_01	k141_227532	k141_227532_1	339	1052	-1	NA	protein	protein	NA	CALIN	No	NA	lin
SRR22878282_binette_bin113.fasta	integron_01	k141_227532	attc_002	1372	1418	-1	0.72	attC	attC	attc_4	CALIN	No	1000.0	lin
SRR22878282_binette_bin113.fasta	integron_01	k141_227532	k141_227532_2	1490	1948	-1	NA	protein	protein	NA	CALIN	No	NA	lin
SRR22878282_binette_bin113.fasta	integron_01	k141_341078	k141_341078_1	2	448	1	NA	protein	protein	NA	CALIN	No	NA	lin
SRR22878282_binette_bin113.fasta	integron_01	k141_341078	attc_001	443	523	1	0.00011	attC	attC	attc_4	CALIN	No	NA	lin
SRR22878282_binette_bin113.fasta	integron_01	k141_341078	k141_341078_2	534	1034	1	NA	protein	protein	NA	CALIN	No	NA	lin
SRR22878282_binette_bin113.fasta	integron_01	k141_341078	attc_002	1029	1106	1	0.001	attC	attC	attc_4	CALIN	No	506.0	lin
SRR22878282_binette_bin113.fasta	integron_01	k141_341078	k141_341078_3	1114	1530	1	NA	protein	protein	NA	CALIN	No	NA	lin
SRR22878282_binette_bin113.fasta	integron_01	k141_341078	k141_341078_4	1613	2137	1	NA	protein	protein	NA	CALIN	No	NA	lin
SRR22878282_binette_bin113.fasta	integron_01	k141_341078	k141_341078_5	2226	2684	1	NA	protein	protein	NA	CALIN	No	NA	lin
SRR22878282_binette_bin113.fasta	integron_01	k141_341078	k141_341078_6	2774	3334	1	NA	protein	protein	NA	CALIN	No	NA	lin
SRR22878282_binette_bin113.fasta	integron_01	k141_341078	k141_341078_7	3423	3794	1	NA	protein	protein	NA	CALIN	No	NA	lin
SRR22878282_binette_bin113.fasta	integron_01	k141_341078	attc_003	3789	3851	1	9.3e-06	attC	attC	attc_4	CALIN	No	2683.0	lin
SRR22878282_binette_bin113.fasta	integron_01	k141_341078	k141_341078_8	3864	4301	1	NA	protein	protein	NA	CALIN	No	NA	lin
SRR22878282_binette_bin113.fasta	integron_01	k141_229228	k141_229228_1	59	433	1	NA	protein	protein	NA	CALIN	No	NA	lin
SRR22878282_binette_bin113.fasta	integron_01	k141_229228	attc_001	436	502	1	0.00085	attC	attC	attc_4	CALIN	No	NA	lin
SRR22878282_binette_bin113.fasta	integron_01	k141_229228	k141_229228_2	515	958	1	NA	protein	protein	NA	CALIN	No	NA	lin
SRR22878282_binette_bin113.fasta	integron_01	k141_229228	attc_002	962	1039	1	5.1e-06	attC	attC	attc_4	CALIN	No	460.0	lin
SRR22878282_binette_bin113.fasta	integron_01	k141_117133	k141_117133_8	3733	4155	-1	NA	protein	protein	NA	CALIN	No	NA	lin
SRR22878282_binette_bin113.fasta	integron_01	k141_117133	attc_001	4168	4226	-1	0.25	attC	attC	attc_4	CALIN	No	NA	lin
SRR22878282_binette_bin113.fasta	integron_01	k141_117133	k141_117133_9	4243	4854	-1	NA	protein	protein	NA	CALIN	No	NA	lin
SRR22878282_binette_bin113.fasta	integron_01	k141_117133	k141_117133_10	5398	5859	-1	NA	protein	protein	NA	CALIN	No	NA	lin
SRR22878282_binette_bin113.fasta	integron_01	k141_117133	attc_002	6017	6071	-1	0.0041	attC	attC	attc_4	CALIN	No	1791.0	lin
SRR22878282_binette_bin113.fasta	integron_01	k141_117133	k141_117133_11	6090	6347	-1	NA	protein	protein	NA	CALIN	No	NA	lin
SRR22878282_binette_bin113.fasta	integron_01	k141_117133	attc_003	6363	6428	-1	0.13	attC	attC	attc_4	CALIN	No	292.0	lin
SRR22878282_binette_bin113.fasta	integron_01	k141_117133	k141_117133_12	6440	6907	-1	NA	protein	protein	NA	CALIN	No	NA	lin
SRR22878282_binette_bin113.fasta	integron_01	k141_117133	k141_117133_13	6959	8035	-1	NA	protein	protein	NA	CALIN	No	NA	lin
SRR22878282_binette_bin113.fasta	integron_01	k141_117133	attc_004	8045	8104	-1	0.00012	attC	attC	attc_4	CALIN	No	1617.0	lin
SRR22878282_binette_bin113.fasta	integron_01	k141_117133	k141_117133_14	8111	8461	-1	NA	protein	protein	NA	CALIN	No	NA	lin
SRR22878282_binette_bin113.fasta	integron_01	k141_117133	k141_117133_15	8599	9099	-1	NA	protein	protein	NA	CALIN	No	NA	lin
SRR22878282_binette_bin113.fasta	integron_01	k141_117133	k141_117133_16	9326	9760	-1	NA	protein	protein	NA	CALIN	No	NA	lin
SRR22878282_binette_bin113.fasta	integron_01	k141_117133	k141_117133_17	9751	10098	-1	NA	protein	protein	NA	CALIN	No	NA	lin
SRR22878282_binette_bin113.fasta	integron_01	k141_117133	attc_005	10066	10124	-1	0.0048	attC	attC	attc_4	CALIN	No	1962.0	lin
SRR22878282_binette_bin113.fasta	integron_01	k141_117133	k141_117133_18	10076	10492	-1	NA	protein	protein	NA	CALIN	No	NA	lin
SRR22878282_binette_bin113.fasta	integron_01	k141_174052	k141_174052_1	2	364	1	NA	protein	protein	NA	CALIN	No	NA	lin
SRR22878282_binette_bin113.fasta	integron_01	k141_174052	attc_001	370	455	1	2.7e-07	attC	attC	attc_4	CALIN	No	NA	lin
SRR22878282_binette_bin113.fasta	integron_01	k141_174052	k141_174052_2	478	1065	1	NA	protein	protein	NA	CALIN	No	NA	lin
SRR22878282_binette_bin113.fasta	integron_01	k141_174052	attc_002	977	1079	1	0.007	attC	attC	attc_4	CALIN	No	522.0	lin
SRR22878282_binette_bin113.fasta	integron_01	k141_174052	k141_174052_3	1125	1532	1	NA	protein	protein	NA	CALIN	No	NA	lin
SRR22878282_binette_bin113.fasta	integron_01	k141_174052	k141_174052_4	1595	1999	1	NA	protein	protein	NA	CALIN	No	NA	lin
SRR22878282_binette_bin113.fasta	integron_01	k141_174052	attc_003	1994	2086	1	0.0012	attC	attC	attc_4	CALIN	No	915.0	lin
SRR22878282_binette_bin113.fasta	integron_01	k141_174052	k141_174052_5	2120	2518	1	NA	protein	protein	NA	CALIN	No	NA	lin
SRR22878282_binette_bin113.fasta	integron_01	k141_174052	attc_004	2512	2625	1	0.68	attC	attC	attc_4	CALIN	No	426.0	lin
SRR22878282_binette_bin113.fasta	integron_01	k141_5251	k141_5251_1	3	149	-1	NA	protein	protein	NA	CALIN	No	NA	lin
SRR22878282_binette_bin113.fasta	integron_01	k141_5251	attc_001	87	167	-1	5.6e-05	attC	attC	attc_4	CALIN	No	NA	lin
SRR22878282_binette_bin113.fasta	integron_01	k141_5251	attc_002	515	557	-1	0.00017	attC	attC	attc_4	CALIN	No	348.0	lin
SRR22878282_binette_bin113.fasta	integron_01	k141_5251	k141_5251_2	552	1010	-1	NA	protein	protein	NA	CALIN	No	NA	lin
SRR22878282_binette_bin113.fasta	integron_01	k141_343867	k141_343867_1	1	309	1	NA	protein	protein	NA	CALIN	No	NA	lin
SRR22878282_binette_bin113.fasta	integron_01	k141_343867	attc_001	279	335	1	0.1	attC	attC	attc_4	CALIN	No	NA	lin
SRR22878282_binette_bin113.fasta	integron_01	k141_343867	k141_343867_2	340	705	1	NA	protein	protein	NA	CALIN	No	NA	lin
SRR22878282_binette_bin113.fasta	integron_01	k141_343867	k141_343867_3	782	1156	1	NA	protein	protein	NA	CALIN	No	NA	lin
SRR22878282_binette_bin113.fasta	integron_01	k141_343867	attc_002	1165	1245	1	0.011	attC	attC	attc_4	CALIN	No	830.0	lin
SRR22878282_binette_bin113.fasta	integron_01	k141_343867	k141_343867_4	1234	1653	1	NA	protein	protein	NA	CALIN	No	NA	lin
SRR22878282_binette_bin113.fasta	integron_01	k141_343867	k141_343867_5	1643	2092	1	NA	protein	protein	NA	CALIN	No	NA	lin
SRR22878282_binette_bin113.fasta	integron_01	k141_343867	attc_003	2125	2214	1	0.016	attC	attC	attc_4	CALIN	No	880.0	lin
SRR22878282_binette_bin113.fasta	integron_01	k141_343867	k141_343867_6	2237	2620	1	NA	protein	protein	NA	CALIN	No	NA	lin
SRR22878282_binette_bin113.fasta	integron_01	k141_401074	k141_401074_1	3	212	1	NA	protein	protein	NA	CALIN	No	NA	lin
SRR22878282_binette_bin113.fasta	integron_01	k141_401074	attc_001	290	342	1	0.37	attC	attC	attc_4	CALIN	No	NA	lin
SRR22878282_binette_bin113.fasta	integron_01	k141_401074	k141_401074_2	356	961	1	NA	protein	protein	NA	CALIN	No	NA	lin
SRR22878282_binette_bin113.fasta	integron_01	k141_401074	attc_002	968	1066	1	0.69	attC	attC	attc_4	CALIN	No	626.0	lin
SRR22878282_binette_bin113.fasta	integron_01	k141_401074	k141_401074_3	1084	1794	1	NA	protein	protein	NA	CALIN	No	NA	lin
SRR22878282_binette_bin113.fasta	integron_01	k141_401074	attc_003	1807	1869	1	7.3e-05	attC	attC	attc_4	CALIN	No	741.0	lin
SRR22878282_binette_bin113.fasta	integron_01	k141_401074	k141_401074_4	1887	2450	1	NA	protein	protein	NA	CALIN	No	NA	lin
SRR22878282_binette_bin113.fasta	integron_01	k141_120274	attc_001	169	212	1	0.00033	attC	attC	attc_4	CALIN	No	NA	lin
SRR22878282_binette_bin113.fasta	integron_01	k141_120274	k141_120274_1	247	810	1	NA	protein	protein	NA	CALIN	No	NA	lin
SRR22878282_binette_bin113.fasta	integron_01	k141_120274	attc_002	880	950	1	0.39	attC	attC	attc_4	CALIN	No	668.0	lin
SRR22878282_binette_bin113.fasta	integron_01	k141_514834	k141_514834_2	77	550	-1	NA	protein	protein	NA	CALIN	No	NA	lin
SRR22878282_binette_bin113.fasta	integron_01	k141_514834	attc_001	557	610	-1	0.38	attC	attC	attc_4	CALIN	No	NA	lin
SRR22878282_binette_bin113.fasta	integron_01	k141_514834	k141_514834_3	792	1010	-1	NA	protein	protein	NA	CALIN	No	NA	lin
SRR22878282_binette_bin113.fasta	integron_01	k141_514834	k141_514834_4	995	1216	-1	NA	protein	protein	NA	CALIN	No	NA	lin
SRR22878282_binette_bin113.fasta	integron_01	k141_514834	k141_514834_5	1301	1678	-1	NA	protein	protein	NA	CALIN	No	NA	lin
SRR22878282_binette_bin113.fasta	integron_01	k141_514834	attc_002	1685	1756	-1	0.048	attC	attC	attc_4	CALIN	No	1075.0	lin
SRR22878282_binette_bin113.fasta	integron_01	k141_514834	k141_514834_6	1751	2167	-1	NA	protein	protein	NA	CALIN	No	NA	lin
SRR22878282_binette_bin113.fasta	integron_01	k141_514834	attc_003	2182	2250	-1	0.0049	attC	attC	attc_4	CALIN	No	426.0	lin
SRR22878282_binette_bin113.fasta	integron_01	k141_289716	k141_289716_1	3	350	1	NA	protein	protein	NA	CALIN	No	NA	lin
SRR22878282_binette_bin113.fasta	integron_01	k141_289716	attc_001	363	428	1	0.0028	attC	attC	attc_4	CALIN	No	NA	lin
SRR22878282_binette_bin113.fasta	integron_01	k141_289716	k141_289716_2	441	740	1	NA	protein	protein	NA	CALIN	No	NA	lin
SRR22878282_binette_bin113.fasta	integron_01	k141_289716	attc_002	763	837	1	0.021	attC	attC	attc_4	CALIN	No	335.0	lin
SRR22878282_binette_bin113.fasta	integron_01	k141_289716	k141_289716_3	841	1257	1	NA	protein	protein	NA	CALIN	No	NA	lin
SRR22878282_binette_bin113.fasta	integron_01	k141_289716	attc_003	1252	1329	1	7.3e-05	attC	attC	attc_4	CALIN	No	415.0	lin
SRR22878282_binette_bin113.fasta	integron_01	k141_289716	k141_289716_4	1340	1702	1	NA	protein	protein	NA	CALIN	No	NA	lin
SRR22878282_binette_bin113.fasta	integron_01	k141_289716	k141_289716_5	1656	2150	1	NA	protein	protein	NA	CALIN	No	NA	lin
SRR22878282_binette_bin113.fasta	integron_01	k141_289716	attc_004	1690	1754	1	0.0086	attC	attC	attc_4	CALIN	No	361.0	lin
SRR22878282_binette_bin113.fasta	integron_01	k141_289716	attc_005	2152	2229	1	0.00016	attC	attC	attc_4	CALIN	No	398.0	lin
SRR22878282_binette_bin113.fasta	integron_01	k141_289716	k141_289716_6	2236	2517	1	NA	protein	protein	NA	CALIN	No	NA	lin
SRR22878282_binette_bin113.fasta	integron_01	k141_345648	k141_345648_1	2	709	1	NA	protein	protein	NA	CALIN	No	NA	lin
SRR22878282_binette_bin113.fasta	integron_01	k141_345648	attc_001	704	775	1	2.9e-05	attC	attC	attc_4	CALIN	No	NA	lin
SRR22878282_binette_bin113.fasta	integron_01	k141_345648	k141_345648_2	778	1179	1	NA	protein	protein	NA	CALIN	No	NA	lin
SRR22878282_binette_bin113.fasta	integron_01	k141_345648	attc_002	1174	1252	1	0.012	attC	attC	attc_4	CALIN	No	399.0	lin
SRR22878282_binette_bin113.fasta	integron_01	k141_345648	k141_345648_3	1306	1782	1	NA	protein	protein	NA	CALIN	No	NA	lin
SRR22878282_binette_bin113.fasta	integron_01	k141_346188	attc_001	637	750	-1	0.066	attC	attC	attc_4	CALIN	No	NA	lin
SRR22878282_binette_bin113.fasta	integron_01	k141_346188	k141_346188_2	745	1242	-1	NA	protein	protein	NA	CALIN	No	NA	lin
SRR22878282_binette_bin113.fasta	integron_01	k141_346188	attc_002	1259	1342	-1	0.023	attC	attC	attc_4	CALIN	No	509.0	lin
SRR22878282_binette_bin113.fasta	integron_01	k141_346188	k141_346188_3	1337	1714	-1	NA	protein	protein	NA	CALIN	No	NA	lin
SRR22878282_binette_bin113.fasta	integron_01	k141_346188	attc_003	1711	1771	-1	0.0067	attC	attC	attc_4	CALIN	No	369.0	lin
SRR22878282_binette_bin113.fasta	integron_01	k141_346188	k141_346188_4	1936	2418	1	NA	protein	protein	NA	CALIN	No	NA	lin
SRR22878282_binette_bin113.fasta	integron_01	k141_290876	attc_001	38	115	1	4.1e-07	attC	attC	attc_4	CALIN	No	NA	lin
SRR22878282_binette_bin113.fasta	integron_01	k141_290876	k141_290876_1	132	656	1	NA	protein	protein	NA	CALIN	No	NA	lin
SRR22878282_binette_bin113.fasta	integron_01	k141_290876	attc_002	668	734	1	0.00066	attC	attC	attc_4	CALIN	No	553.0	lin
SRR22878282_binette_bin113.fasta	integron_01	k141_290876	k141_290876_2	803	1069	1	NA	protein	protein	NA	CALIN	No	NA	lin
SRR22878282_binette_bin113.fasta	integron_01	k141_404289	k141_404289_1	94	471	1	NA	protein	protein	NA	CALIN	No	NA	lin
SRR22878282_binette_bin113.fasta	integron_01	k141_404289	attc_001	466	536	1	6.3e-05	attC	attC	attc_4	CALIN	No	NA	lin
SRR22878282_binette_bin113.fasta	integron_01	k141_404289	k141_404289_2	574	1071	1	NA	protein	protein	NA	CALIN	No	NA	lin
SRR22878282_binette_bin113.fasta	integron_01	k141_404289	k141_404289_3	1064	1318	1	NA	protein	protein	NA	CALIN	No	NA	lin
SRR22878282_binette_bin113.fasta	integron_01	k141_404289	attc_002	1320	1427	1	2e-06	attC	attC	attc_4	CALIN	No	784.0	lin
SRR22878282_binette_bin113.fasta	integron_01	k141_404289	k141_404289_4	1455	2159	1	NA	protein	protein	NA	CALIN	No	NA	lin
SRR22878282_binette_bin113.fasta	integron_01	k141_404289	k141_404289_5	2305	2757	1	NA	protein	protein	NA	CALIN	No	NA	lin
SRR22878282_binette_bin113.fasta	integron_01	k141_404289	k141_404289_6	2757	3791	1	NA	protein	protein	NA	CALIN	No	NA	lin
SRR22878282_binette_bin113.fasta	integron_01	k141_404289	attc_003	3795	3909	1	0.0089	attC	attC	attc_4	CALIN	No	2368.0	lin
SRR22878282_binette_bin113.fasta	integron_01	k141_404289	k141_404289_7	3929	4606	1	NA	protein	protein	NA	CALIN	No	NA	lin
SRR22878282_binette_bin113.fasta	integron_01	k141_460806	attc_001	53	136	-1	2.3e-08	attC	attC	attc_4	CALIN	No	NA	lin
SRR22878282_binette_bin113.fasta	integron_01	k141_460806	k141_460806_1	131	511	-1	NA	protein	protein	NA	CALIN	No	NA	lin
SRR22878282_binette_bin113.fasta	integron_01	k141_460806	attc_002	528	608	-1	0.0011	attC	attC	attc_4	CALIN	No	392.0	lin
SRR22878282_binette_bin113.fasta	integron_01	k141_460806	k141_460806_2	603	950	-1	NA	protein	protein	NA	CALIN	No	NA	lin
SRR22878282_binette_bin113.fasta	integron_01	k141_460806	attc_003	971	1032	-1	1.6e-05	attC	attC	attc_4	CALIN	No	363.0	lin
SRR22878282_binette_bin113.fasta	integron_01	k141_460806	k141_460806_3	1043	1489	-1	NA	protein	protein	NA	CALIN	No	NA	lin
SRR22878282_binette_bin113.fasta	integron_01	k141_180083	k141_180083_1	1	162	1	NA	protein	protein	NA	CALIN	No	NA	lin
SRR22878282_binette_bin113.fasta	integron_01	k141_180083	attc_001	162	242	1	4.9e-06	attC	attC	attc_4	CALIN	No	NA	lin
SRR22878282_binette_bin113.fasta	integron_01	k141_180083	k141_180083_2	258	686	1	NA	protein	protein	NA	CALIN	No	NA	lin
SRR22878282_binette_bin113.fasta	integron_01	k141_180083	attc_002	681	811	1	9.3e-08	attC	attC	attc_4	CALIN	No	439.0	lin
SRR22878282_binette_bin113.fasta	integron_01	k141_180083	k141_180083_3	823	1074	1	NA	protein	protein	NA	CALIN	No	NA	lin
SRR22878282_binette_bin113.fasta	integron_01	k141_180083	attc_003	1309	1425	1	0.033	attC	attC	attc_4	CALIN	No	498.0	lin
SRR22878282_binette_bin113.fasta	integron_01	k141_180083	k141_180083_4	1424	1882	1	NA	protein	protein	NA	CALIN	No	NA	lin
SRR22878282_binette_bin113.fasta	integron_01	k141_180083	attc_004	1849	1909	1	0.00089	attC	attC	attc_4	CALIN	No	424.0	lin
SRR22878282_binette_bin113.fasta	integron_01	k141_180083	k141_180083_5	1906	2085	1	NA	protein	protein	NA	CALIN	No	NA	lin
SRR22878282_binette_bin113.fasta	integron_01	k141_180083	k141_180083_6	2104	2511	1	NA	protein	protein	NA	CALIN	No	NA	lin
SRR22878282_binette_bin113.fasta	integron_01	k141_180083	k141_180083_7	2514	2846	1	NA	protein	protein	NA	CALIN	No	NA	lin
SRR22878282_binette_bin113.fasta	integron_01	k141_180083	attc_005	2851	2968	1	6.9e-06	attC	attC	attc_4	CALIN	No	942.0	lin
SRR22878282_binette_bin113.fasta	integron_01	k141_180083	k141_180083_8	2974	3174	-1	NA	protein	protein	NA	CALIN	No	NA	lin
SRR22878282_binette_bin113.fasta	integron_01	k141_408254	attc_001	30	119	1	0.00045	attC	attC	attc_4	CALIN	No	NA	lin
SRR22878282_binette_bin113.fasta	integron_01	k141_408254	k141_408254_1	134	718	1	NA	protein	protein	NA	CALIN	No	NA	lin
SRR22878282_binette_bin113.fasta	integron_01	k141_408254	attc_002	713	793	1	0.037	attC	attC	attc_4	CALIN	No	594.0	lin
SRR22878282_binette_bin113.fasta	integron_01	k141_408254	k141_408254_2	818	1030	1	NA	protein	protein	NA	CALIN	No	NA	lin
SRR22878282_binette_bin113.fasta	integron_01	k141_350809	k141_350809_1	152	802	1	NA	protein	protein	NA	CALIN	No	NA	lin
SRR22878282_binette_bin113.fasta	integron_01	k141_350809	attc_001	797	883	1	0.0012	attC	attC	attc_4	CALIN	No	NA	lin
SRR22878282_binette_bin113.fasta	integron_01	k141_350809	k141_350809_2	890	1384	1	NA	protein	protein	NA	CALIN	No	NA	lin
SRR22878282_binette_bin113.fasta	integron_01	k141_350809	attc_002	1339	1394	1	0.00098	attC	attC	attc_4	CALIN	No	456.0	lin
SRR22878282_binette_bin113.fasta	integron_01	k141_350968	attc_001	460	509	-1	0.26	attC	attC	attc_4	complete	No	NA	lin
SRR22878282_binette_bin113.fasta	integron_01	k141_350968	k141_350968_1	693	1670	1	3.1e-25	protein	intI	intersection_tyr_intI	complete	No	NA	lin
SRR22878282_binette_bin113.fasta	integron_01	k141_13664	attc_001	90	194	1	0.004	attC	attC	attc_4	CALIN	No	NA	lin
SRR22878282_binette_bin113.fasta	integron_01	k141_13664	k141_13664_1	205	618	1	NA	protein	protein	NA	CALIN	No	NA	lin
SRR22878282_binette_bin113.fasta	integron_01	k141_13664	attc_002	588	693	1	0.69	attC	attC	attc_4	CALIN	No	394.0	lin
SRR22878282_binette_bin113.fasta	integron_01	k141_13664	k141_13664_2	700	1008	1	NA	protein	protein	NA	CALIN	No	NA	lin
SRR22878282_binette_bin113.fasta	integron_01	k141_464065	k141_464065_2	304	729	-1	NA	protein	protein	NA	CALIN	No	NA	lin
SRR22878282_binette_bin113.fasta	integron_01	k141_464065	attc_001	750	851	-1	4.7e-05	attC	attC	attc_4	CALIN	No	NA	lin
SRR22878282_binette_bin113.fasta	integron_01	k141_464065	k141_464065_3	857	1087	-1	NA	protein	protein	NA	CALIN	No	NA	lin
SRR22878282_binette_bin113.fasta	integron_01	k141_464065	k141_464065_4	1180	1641	-1	NA	protein	protein	NA	CALIN	No	NA	lin
SRR22878282_binette_bin113.fasta	integron_01	k141_464065	k141_464065_5	1695	2045	-1	NA	protein	protein	NA	CALIN	No	NA	lin
SRR22878282_binette_bin113.fasta	integron_01	k141_464065	attc_002	2051	2138	-1	0.63	attC	attC	attc_4	CALIN	No	1200.0	lin
SRR22878282_binette_bin113.fasta	integron_01	k141_464065	k141_464065_6	2133	2627	-1	NA	protein	protein	NA	CALIN	No	NA	lin
SRR22878282_binette_bin113.fasta	integron_01	k141_464536	k141_464536_1	2	157	1	NA	protein	protein	NA	CALIN	No	NA	lin
SRR22878282_binette_bin113.fasta	integron_01	k141_464536	attc_001	160	240	1	7.1e-06	attC	attC	attc_4	CALIN	No	NA	lin
SRR22878282_binette_bin113.fasta	integron_01	k141_464536	k141_464536_2	248	625	1	NA	protein	protein	NA	CALIN	No	NA	lin
SRR22878282_binette_bin113.fasta	integron_01	k141_464536	attc_002	574	635	1	1.2e-06	attC	attC	attc_4	CALIN	No	334.0	lin
SRR22878282_binette_bin113.fasta	integron_01	k141_464536	k141_464536_3	632	1060	1	NA	protein	protein	NA	CALIN	No	NA	lin
SRR22878282_binette_bin113.fasta	integron_01	k141_128976	k141_128976_1	1	141	1	NA	protein	protein	NA	CALIN	No	NA	lin
SRR22878282_binette_bin113.fasta	integron_01	k141_128976	attc_001	136	225	1	0.037	attC	attC	attc_4	CALIN	No	NA	lin
SRR22878282_binette_bin113.fasta	integron_01	k141_128976	k141_128976_2	235	918	1	NA	protein	protein	NA	CALIN	No	NA	lin
SRR22878282_binette_bin113.fasta	integron_01	k141_128976	k141_128976_3	1001	1576	1	NA	protein	protein	NA	CALIN	No	NA	lin
SRR22878282_binette_bin113.fasta	integron_01	k141_128976	attc_002	1530	1589	1	0.0015	attC	attC	attc_4	CALIN	No	1305.0	lin
SRR22878282_binette_bin113.fasta	integron_01	k141_128976	k141_128976_4	1596	1988	1	NA	protein	protein	NA	CALIN	No	NA	lin
SRR22878282_binette_bin113.fasta	integron_01	k141_128976	attc_003	2010	2074	1	0.067	attC	attC	attc_4	CALIN	No	421.0	lin
SRR22878282_binette_bin113.fasta	integron_01	k141_128976	k141_128976_5	2474	2710	1	NA	protein	protein	NA	CALIN	No	NA	lin
SRR22878282_binette_bin113.fasta	integron_01	k141_128976	attc_004	2712	2792	1	0.0011	attC	attC	attc_4	CALIN	No	638.0	lin
SRR22878282_binette_bin113.fasta	integron_01	k141_128976	k141_128976_6	2809	3327	1	NA	protein	protein	NA	CALIN	No	NA	lin
SRR22878282_binette_bin113.fasta	integron_01	k141_15698	k141_15698_1	2	109	-1	NA	protein	protein	NA	CALIN	No	NA	lin
SRR22878282_binette_bin113.fasta	integron_01	k141_15698	attc_001	134	247	-1	2.3e-05	attC	attC	attc_4	CALIN	No	NA	lin
SRR22878282_binette_bin113.fasta	integron_01	k141_15698	k141_15698_2	259	651	-1	NA	protein	protein	NA	CALIN	No	NA	lin
SRR22878282_binette_bin113.fasta	integron_01	k141_15698	attc_002	669	746	-1	0.00033	attC	attC	attc_4	CALIN	No	422.0	lin
SRR22878282_binette_bin113.fasta	integron_01	k141_15698	k141_15698_3	754	1398	-1	NA	protein	protein	NA	CALIN	No	NA	lin
SRR22878282_binette_bin113.fasta	integron_01	k141_15698	attc_003	1415	1475	-1	3.2e-05	attC	attC	attc_4	CALIN	No	669.0	lin
SRR22878282_binette_bin113.fasta	integron_01	k141_15698	k141_15698_4	1442	1882	-1	NA	protein	protein	NA	CALIN	No	NA	lin
SRR22878282_binette_bin113.fasta	integron_01	k141_15698	attc_004	1896	1971	-1	0.052	attC	attC	attc_4	CALIN	No	421.0	lin
SRR22878282_binette_bin113.fasta	integron_01	k141_15698	k141_15698_5	1975	2490	-1	NA	protein	protein	NA	CALIN	No	NA	lin
SRR22878282_binette_bin113.fasta	integron_01	k141_15698	attc_005	2493	2564	-1	0.17	attC	attC	attc_4	CALIN	No	522.0	lin
SRR22878282_binette_bin113.fasta	integron_01	k141_15698	k141_15698_6	2559	2945	-1	NA	protein	protein	NA	CALIN	No	NA	lin
SRR22878282_binette_bin113.fasta	integron_01	k141_16436	k141_16436_1	2	403	1	NA	protein	protein	NA	CALIN	No	NA	lin
SRR22878282_binette_bin113.fasta	integron_01	k141_16436	attc_001	398	481	1	1.4e-06	attC	attC	attc_4	CALIN	No	NA	lin
SRR22878282_binette_bin113.fasta	integron_01	k141_16436	k141_16436_2	501	914	1	NA	protein	protein	NA	CALIN	No	NA	lin
SRR22878282_binette_bin113.fasta	integron_01	k141_16436	attc_002	881	941	1	0.00012	attC	attC	attc_4	CALIN	No	400.0	lin
SRR22878282_binette_bin113.fasta	integron_01	k141_242703	k141_242703_1	1	270	-1	NA	protein	protein	NA	CALIN	No	NA	lin
SRR22878282_binette_bin113.fasta	integron_01	k141_242703	attc_001	284	384	-1	4.5e-05	attC	attC	attc_4	CALIN	No	NA	lin
SRR22878282_binette_bin113.fasta	integron_01	k141_242703	k141_242703_2	385	1053	-1	NA	protein	protein	NA	CALIN	No	NA	lin
SRR22878282_binette_bin113.fasta	integron_01	k141_242703	attc_002	1059	1161	-1	0.016	attC	attC	attc_4	CALIN	No	675.0	lin
SRR22878282_binette_bin113.fasta	integron_01	k141_242703	k141_242703_3	1156	1704	-1	NA	protein	protein	NA	CALIN	No	NA	lin
SRR22878282_binette_bin113.fasta	integron_01	k141_525747	attc_001	1	103	-1	0.4	attC	attC	attc_4	CALIN	No	NA	lin
SRR22878282_binette_bin113.fasta	integron_01	k141_525747	k141_525747_1	1	105	-1	NA	protein	protein	NA	CALIN	No	NA	lin
SRR22878282_binette_bin113.fasta	integron_01	k141_525747	k141_525747_2	98	661	-1	NA	protein	protein	NA	CALIN	No	NA	lin
SRR22878282_binette_bin113.fasta	integron_01	k141_525747	attc_002	667	753	-1	0.059	attC	attC	attc_4	CALIN	No	564.0	lin
SRR22878282_binette_bin113.fasta	integron_01	k141_525747	k141_525747_3	772	1197	-1	NA	protein	protein	NA	CALIN	No	NA	lin
SRR22878282_binette_bin113.fasta	integron_01	k141_525747	attc_003	1228	1290	-1	4.2e-05	attC	attC	attc_4	CALIN	No	475.0	lin
SRR22878282_binette_bin113.fasta	integron_01	k141_525747	k141_525747_4	1320	1706	-1	NA	protein	protein	NA	CALIN	No	NA	lin
SRR22878282_binette_bin113.fasta	integron_01	k141_525747	k141_525747_5	1699	2346	-1	NA	protein	protein	NA	CALIN	No	NA	lin
SRR22878282_binette_bin113.fasta	integron_01	k141_525747	k141_525747_6	2478	2723	-1	NA	protein	protein	NA	CALIN	No	NA	lin
SRR22878282_binette_bin113.fasta	integron_01	k141_525747	k141_525747_7	3107	3859	-1	NA	protein	protein	NA	CALIN	No	NA	lin
SRR22878282_binette_bin113.fasta	integron_01	k141_525747	attc_004	3878	3979	-1	0.013	attC	attC	attc_4	CALIN	No	2588.0	lin
SRR22878282_binette_bin113.fasta	integron_01	k141_525747	k141_525747_8	3903	4691	-1	NA	protein	protein	NA	CALIN	No	NA	lin
SRR22878282_binette_bin113.fasta	integron_01	k141_17353	k141_17353_1	43	612	1	NA	protein	protein	NA	CALIN	No	NA	lin
SRR22878282_binette_bin113.fasta	integron_01	k141_17353	attc_001	60	152	1	1.1e-06	attC	attC	attc_4	CALIN	No	NA	lin
SRR22878282_binette_bin113.fasta	integron_01	k141_17353	attc_002	615	681	1	0.00088	attC	attC	attc_4	CALIN	No	463.0	lin
SRR22878282_binette_bin113.fasta	integron_01	k141_17353	k141_17353_2	692	1051	1	NA	protein	protein	NA	CALIN	No	NA	lin
SRR22878282_binette_bin113.fasta	integron_01	k141_17353	attc_003	1046	1126	1	0.0086	attC	attC	attc_4	CALIN	No	365.0	lin
SRR22878282_binette_bin113.fasta	integron_01	k141_17353	k141_17353_3	1066	1218	1	NA	protein	protein	NA	CALIN	No	NA	lin
SRR22878282_binette_bin113.fasta	integron_01	k141_301267	attc_001	43	120	-1	1.7e-05	attC	attC	attc_4	CALIN	No	NA	lin
SRR22878282_binette_bin113.fasta	integron_01	k141_301267	k141_301267_1	115	537	-1	NA	protein	protein	NA	CALIN	No	NA	lin
SRR22878282_binette_bin113.fasta	integron_01	k141_301267	attc_002	546	663	-1	0.0013	attC	attC	attc_4	CALIN	No	426.0	lin
SRR22878282_binette_bin113.fasta	integron_01	k141_301267	k141_301267_2	697	1095	-1	NA	protein	protein	NA	CALIN	No	NA	lin
SRR22878282_binette_bin113.fasta	integron_01	k141_301267	attc_003	1111	1192	-1	2.3e-07	attC	attC	attc_4	CALIN	No	448.0	lin
SRR22878282_binette_bin113.fasta	integron_01	k141_301267	k141_301267_3	1187	1660	-1	NA	protein	protein	NA	CALIN	No	NA	lin
SRR22878282_binette_bin113.fasta	integron_01	k141_301267	attc_004	1685	1750	-1	0.00087	attC	attC	attc_4	CALIN	No	493.0	lin
SRR22878282_binette_bin113.fasta	integron_01	k141_19732	k141_19732_1	61	375	1	NA	protein	protein	NA	CALIN	No	NA	lin
SRR22878282_binette_bin113.fasta	integron_01	k141_19732	attc_001	363	429	1	2.2e-05	attC	attC	attc_4	CALIN	No	NA	lin
SRR22878282_binette_bin113.fasta	integron_01	k141_19732	k141_19732_2	437	919	1	NA	protein	protein	NA	CALIN	No	NA	lin
SRR22878282_binette_bin113.fasta	integron_01	k141_19732	attc_002	914	976	1	1.1e-05	attC	attC	attc_4	CALIN	No	485.0	lin
SRR22878282_binette_bin113.fasta	integron_01	k141_19732	k141_19732_3	989	1423	1	NA	protein	protein	NA	CALIN	No	NA	lin
SRR22878282_binette_bin113.fasta	integron_01	k141_19732	attc_003	1418	1504	1	1e-05	attC	attC	attc_4	CALIN	No	442.0	lin
SRR22878282_binette_bin113.fasta	integron_01	k141_19732	k141_19732_4	1515	2045	1	NA	protein	protein	NA	CALIN	No	NA	lin
SRR22878282_binette_bin113.fasta	integron_01	k141_19732	attc_004	2033	2099	1	0.0021	attC	attC	attc_4	CALIN	No	529.0	lin
SRR22878282_binette_bin113.fasta	integron_01	k141_19732	k141_19732_5	2104	2514	1	NA	protein	protein	NA	CALIN	No	NA	lin
SRR22878282_binette_bin113.fasta	integron_01	k141_19732	attc_005	2522	2584	1	0.0011	attC	attC	attc_4	CALIN	No	423.0	lin
SRR22878282_binette_bin113.fasta	integron_01	k141_19732	k141_19732_6	2606	2911	1	NA	protein	protein	NA	CALIN	No	NA	lin
SRR22878282_binette_bin113.fasta	integron_01	k141_19732	attc_006	2906	2980	1	0.41	attC	attC	attc_4	CALIN	No	322.0	lin
SRR22878282_binette_bin113.fasta	integron_01	k141_19732	k141_19732_7	3000	3446	1	NA	protein	protein	NA	CALIN	No	NA	lin
SRR22878282_binette_bin113.fasta	integron_01	k141_19732	attc_007	3456	3528	1	0.00058	attC	attC	attc_4	CALIN	No	476.0	lin
SRR22878282_binette_bin113.fasta	integron_01	k141_19732	k141_19732_8	3543	3911	1	NA	protein	protein	NA	CALIN	No	NA	lin
SRR22878282_binette_bin113.fasta	integron_01	k141_19732	attc_008	3906	3992	1	0.078	attC	attC	attc_4	CALIN	No	378.0	lin
SRR22878282_binette_bin113.fasta	integron_01	k141_19732	k141_19732_9	4002	4289	1	NA	protein	protein	NA	CALIN	No	NA	lin
SRR22878282_binette_bin113.fasta	integron_01	k141_19732	attc_009	4284	4364	1	5e-05	attC	attC	attc_4	CALIN	No	292.0	lin
SRR22878282_binette_bin113.fasta	integron_01	k141_19732	k141_19732_10	4376	4669	1	NA	protein	protein	NA	CALIN	No	NA	lin
SRR22878282_binette_bin113.fasta	integron_01	k141_19732	attc_010	4670	4747	1	0.096	attC	attC	attc_4	CALIN	No	306.0	lin
SRR22878282_binette_bin113.fasta	integron_01	k141_19732	k141_19732_11	4758	5237	1	NA	protein	protein	NA	CALIN	No	NA	lin
SRR22878282_binette_bin113.fasta	integron_01	k141_19732	k141_19732_12	5316	5771	1	NA	protein	protein	NA	CALIN	No	NA	lin
SRR22878282_binette_bin113.fasta	integron_01	k141_19732	attc_011	5766	5846	1	0.0019	attC	attC	attc_4	CALIN	No	1019.0	lin
SRR22878282_binette_bin113.fasta	integron_01	k141_19732	k141_19732_13	5867	6349	1	NA	protein	protein	NA	CALIN	No	NA	lin
SRR22878282_binette_bin113.fasta	integron_01	k141_19732	k141_19732_14	6404	6685	1	NA	protein	protein	NA	CALIN	No	NA	lin
SRR22878282_binette_bin113.fasta	integron_01	k141_19732	attc_012	6713	6790	1	0.078	attC	attC	attc_4	CALIN	No	867.0	lin
SRR22878282_binette_bin113.fasta	integron_01	k141_19732	k141_19732_15	6801	7283	1	NA	protein	protein	NA	CALIN	No	NA	lin
SRR22878282_binette_bin113.fasta	integron_01	k141_19732	k141_19732_16	7280	7369	1	NA	protein	protein	NA	CALIN	No	NA	lin
SRR22878282_binette_bin113.fasta	integron_01	k141_19732	attc_013	7285	7359	1	0.0017	attC	attC	attc_4	CALIN	No	495.0	lin
SRR22878282_binette_bin113.fasta	integron_01	k141_19732	k141_19732_17	7356	7661	1	NA	protein	protein	NA	CALIN	No	NA	lin
SRR22878282_binette_bin113.fasta	integron_01	k141_357173	k141_357173_2	977	1429	-1	NA	protein	protein	NA	CALIN	No	NA	lin
SRR22878282_binette_bin113.fasta	integron_01	k141_357173	attc_001	1443	1503	-1	4.3e-05	attC	attC	attc_4	CALIN	No	NA	lin
SRR22878282_binette_bin113.fasta	integron_01	k141_357173	k141_357173_3	1516	2064	-1	NA	protein	protein	NA	CALIN	No	NA	lin
SRR22878282_binette_bin113.fasta	integron_01	k141_357173	k141_357173_4	2145	2558	-1	NA	protein	protein	NA	CALIN	No	NA	lin
SRR22878282_binette_bin113.fasta	integron_01	k141_357173	attc_002	2565	2657	-1	0.0043	attC	attC	attc_4	CALIN	No	1062.0	lin
SRR22878282_binette_bin113.fasta	integron_01	k141_357173	k141_357173_5	2652	3020	-1	NA	protein	protein	NA	CALIN	No	NA	lin
SRR22878282_binette_bin113.fasta	integron_01	k141_357173	attc_003	3024	3110	-1	0.001	attC	attC	attc_4	CALIN	No	367.0	lin
SRR22878282_binette_bin113.fasta	integron_01	k141_357173	k141_357173_6	3113	3409	-1	NA	protein	protein	NA	CALIN	No	NA	lin
SRR22878282_binette_bin113.fasta	integron_01	k141_357173	attc_004	3423	3536	-1	0.015	attC	attC	attc_4	CALIN	No	313.0	lin
SRR22878282_binette_bin113.fasta	integron_01	k141_357173	k141_357173_7	3531	4019	-1	NA	protein	protein	NA	CALIN	No	NA	lin
SRR22878282_binette_bin113.fasta	integron_01	k141_357173	attc_005	4036	4128	-1	0.00037	attC	attC	attc_4	CALIN	No	500.0	lin
SRR22878282_binette_bin113.fasta	integron_01	k141_357173	k141_357173_8	4123	4755	-1	NA	protein	protein	NA	CALIN	No	NA	lin
SRR22878282_binette_bin113.fasta	integron_01	k141_357173	k141_357173_9	4880	5179	-1	NA	protein	protein	NA	CALIN	No	NA	lin
SRR22878282_binette_bin113.fasta	integron_01	k141_357173	k141_357173_10	5242	5796	-1	NA	protein	protein	NA	CALIN	No	NA	lin
SRR22878282_binette_bin113.fasta	integron_01	k141_357173	attc_006	5815	5891	-1	0.055	attC	attC	attc_4	CALIN	No	1687.0	lin
SRR22878282_binette_bin113.fasta	integron_01	k141_357173	k141_357173_11	5897	6409	-1	NA	protein	protein	NA	CALIN	No	NA	lin
SRR22878282_binette_bin113.fasta	integron_01	k141_357173	attc_007	6433	6522	-1	0.007	attC	attC	attc_4	CALIN	No	542.0	lin
SRR22878282_binette_bin113.fasta	integron_01	k141_357173	k141_357173_12	6528	6854	-1	NA	protein	protein	NA	CALIN	No	NA	lin
SRR22878282_binette_bin113.fasta	integron_01	k141_469615	k141_469615_1	2	346	-1	NA	protein	protein	NA	CALIN	No	NA	lin
SRR22878282_binette_bin113.fasta	integron_01	k141_469615	attc_001	278	364	-1	0.11	attC	attC	attc_4	CALIN	No	NA	lin
SRR22878282_binette_bin113.fasta	integron_01	k141_469615	k141_469615_2	371	775	-1	NA	protein	protein	NA	CALIN	No	NA	lin
SRR22878282_binette_bin113.fasta	integron_01	k141_469615	attc_002	718	796	-1	0.00046	attC	attC	attc_4	CALIN	No	354.0	lin
SRR22878282_binette_bin113.fasta	integron_01	k141_469615	k141_469615_3	791	1222	-1	NA	protein	protein	NA	CALIN	No	NA	lin
SRR22878282_binette_bin113.fasta	integron_01	k141_469615	attc_003	1205	1252	-1	5.9e-05	attC	attC	attc_4	CALIN	No	409.0	lin
SRR22878282_binette_bin113.fasta	integron_01	k141_469615	k141_469615_4	1219	1863	-1	NA	protein	protein	NA	CALIN	No	NA	lin
SRR22878282_binette_bin113.fasta	integron_01	k141_302894	k141_302894_1	1	423	1	NA	protein	protein	NA	CALIN	No	NA	lin
SRR22878282_binette_bin113.fasta	integron_01	k141_302894	attc_001	431	508	1	4.3e-06	attC	attC	attc_4	CALIN	No	NA	lin
SRR22878282_binette_bin113.fasta	integron_01	k141_302894	attc_002	514	572	1	0.47	attC	attC	attc_4	CALIN	No	6.0	lin
SRR22878282_binette_bin113.fasta	integron_01	k141_302894	k141_302894_2	522	920	1	NA	protein	protein	NA	CALIN	No	NA	lin
SRR22878282_binette_bin113.fasta	integron_01	k141_302894	attc_003	915	1007	1	3.3e-07	attC	attC	attc_4	CALIN	No	343.0	lin
SRR22878282_binette_bin113.fasta	integron_01	k141_302894	k141_302894_3	1039	1299	1	NA	protein	protein	NA	CALIN	No	NA	lin
SRR22878282_binette_bin113.fasta	integron_01	k141_530278	attc_001	153	230	1	0.067	attC	attC	attc_4	CALIN	No	NA	lin
SRR22878282_binette_bin113.fasta	integron_01	k141_530278	k141_530278_1	248	1057	1	NA	protein	protein	NA	CALIN	No	NA	lin
SRR22878282_binette_bin113.fasta	integron_01	k141_530278	attc_002	1060	1117	1	1.2e-05	attC	attC	attc_4	CALIN	No	830.0	lin
SRR22878282_binette_bin113.fasta	integron_01	k141_530278	k141_530278_2	1114	1452	1	NA	protein	protein	NA	CALIN	No	NA	lin
SRR22878282_binette_bin113.fasta	integron_01	k141_22323	attc_001	150	212	1	0.016	attC	attC	attc_4	CALIN	No	NA	lin
SRR22878282_binette_bin113.fasta	integron_01	k141_22323	k141_22323_1	224	514	1	NA	protein	protein	NA	CALIN	No	NA	lin
SRR22878282_binette_bin113.fasta	integron_01	k141_22323	attc_002	509	587	1	0.23	attC	attC	attc_4	CALIN	No	297.0	lin
SRR22878282_binette_bin113.fasta	integron_01	k141_22323	k141_22323_2	617	1114	1	NA	protein	protein	NA	CALIN	No	NA	lin
SRR22878282_binette_bin113.fasta	integron_01	k141_22323	k141_22323_3	1185	1517	1	NA	protein	protein	NA	CALIN	No	NA	lin
SRR22878282_binette_bin113.fasta	integron_01	k141_22323	k141_22323_4	1469	2023	1	NA	protein	protein	NA	CALIN	No	NA	lin
SRR22878282_binette_bin113.fasta	integron_01	k141_22323	attc_003	2025	2108	1	0.78	attC	attC	attc_4	CALIN	No	1438.0	lin
SRR22878282_binette_bin113.fasta	integron_01	k141_22323	k141_22323_5	2280	2750	1	NA	protein	protein	NA	CALIN	No	NA	lin
SRR22878282_binette_bin113.fasta	integron_01	k141_22323	k141_22323_6	2817	3221	1	NA	protein	protein	NA	CALIN	No	NA	lin
SRR22878282_binette_bin113.fasta	integron_01	k141_22323	attc_004	3216	3281	1	0.29	attC	attC	attc_4	CALIN	No	1108.0	lin
SRR22878282_binette_bin113.fasta	integron_01	k141_22323	k141_22323_7	3401	3640	1	NA	protein	protein	NA	CALIN	No	NA	lin
SRR22878282_binette_bin113.fasta	integron_01	k141_22323	attc_005	3643	3709	1	0.04	attC	attC	attc_4	CALIN	No	362.0	lin
SRR22878282_binette_bin113.fasta	integron_01	k141_22323	k141_22323_8	3716	4093	1	NA	protein	protein	NA	CALIN	No	NA	lin
SRR22878282_binette_bin113.fasta	integron_01	k141_471297	attc_001	85	139	1	0.022	attC	attC	attc_4	CALIN	No	NA	lin
SRR22878282_binette_bin113.fasta	integron_01	k141_471297	k141_471297_1	127	432	-1	NA	protein	protein	NA	CALIN	No	NA	lin
SRR22878282_binette_bin113.fasta	integron_01	k141_471297	k141_471297_2	543	944	-1	NA	protein	protein	NA	CALIN	No	NA	lin
SRR22878282_binette_bin113.fasta	integron_01	k141_471297	k141_471297_3	1044	1403	-1	NA	protein	protein	NA	CALIN	No	NA	lin
SRR22878282_binette_bin113.fasta	integron_01	k141_471297	attc_002	1252	1321	1	0.75	attC	attC	attc_4	CALIN	No	1113.0	lin
SRR22878282_binette_bin113.fasta	integron_01	k141_471297	k141_471297_4	1490	1936	-1	NA	protein	protein	NA	CALIN	No	NA	lin
SRR22878282_binette_bin113.fasta	integron_02	k141_471297	k141_471297_1	127	432	-1	NA	protein	protein	NA	CALIN	No	NA	lin
SRR22878282_binette_bin113.fasta	integron_02	k141_471297	attc_001	453	539	-1	0.0028	attC	attC	attc_4	CALIN	No	NA	lin
SRR22878282_binette_bin113.fasta	integron_02	k141_471297	k141_471297_2	543	944	-1	NA	protein	protein	NA	CALIN	No	NA	lin
SRR22878282_binette_bin113.fasta	integron_02	k141_471297	attc_002	959	1037	-1	0.2	attC	attC	attc_4	CALIN	No	420.0	lin
SRR22878282_binette_bin113.fasta	integron_02	k141_471297	k141_471297_3	1044	1403	-1	NA	protein	protein	NA	CALIN	No	NA	lin
SRR22878282_binette_bin113.fasta	integron_02	k141_471297	attc_003	1419	1477	-1	0.00014	attC	attC	attc_4	CALIN	No	382.0	lin
SRR22878282_binette_bin113.fasta	integron_02	k141_471297	k141_471297_4	1490	1936	-1	NA	protein	protein	NA	CALIN	No	NA	lin
SRR22878282_binette_bin113.fasta	integron_01	k141_23810	attc_001	100	213	-1	8.1e-07	attC	attC	attc_4	CALIN	No	NA	lin
SRR22878282_binette_bin113.fasta	integron_01	k141_23810	k141_23810_1	215	1201	-1	NA	protein	protein	NA	CALIN	No	NA	lin
SRR22878282_binette_bin113.fasta	integron_01	k141_23810	attc_002	1243	1354	-1	0.00044	attC	attC	attc_4	CALIN	No	1030.0	lin
SRR22878282_binette_bin113.fasta	integron_01	k141_23810	k141_23810_2	1349	2152	-1	NA	protein	protein	NA	CALIN	No	NA	lin
SRR22878282_binette_bin113.fasta	integron_01	k141_23810	attc_003	2170	2273	-1	0.0019	attC	attC	attc_4	CALIN	No	816.0	lin
SRR22878282_binette_bin113.fasta	integron_01	k141_81897	k141_81897_2	483	1466	-1	4.0000000000000004e-23	protein	intI	intersection_tyr_intI	In0	No	NA	lin
SRR22878282_binette_bin113.fasta	integron_01	k141_251780	attc_001	291	401	1	1.1e-06	attC	attC	attc_4	CALIN	No	NA	lin
SRR22878282_binette_bin113.fasta	integron_01	k141_251780	k141_251780_1	386	814	1	NA	protein	protein	NA	CALIN	No	NA	lin
SRR22878282_binette_bin113.fasta	integron_01	k141_251780	attc_002	830	946	1	0.0052	attC	attC	attc_4	CALIN	No	429.0	lin
SRR22878282_binette_bin113.fasta	integron_01	k141_251780	k141_251780_2	1088	1279	1	NA	protein	protein	NA	CALIN	No	NA	lin
SRR22878282_binette_bin113.fasta	integron_01	k141_251780	attc_003	1285	1397	1	0.0033	attC	attC	attc_4	CALIN	No	339.0	lin
SRR22878282_binette_bin113.fasta	integron_01	k141_251780	k141_251780_3	1413	1787	1	NA	protein	protein	NA	CALIN	No	NA	lin
SRR22878282_binette_bin113.fasta	integron_01	k141_251780	k141_251780_4	2093	3142	-1	NA	protein	protein	NA	CALIN	No	NA	lin
SRR22878282_binette_bin113.fasta	integron_01	k141_251780	attc_004	2650	2699	1	0.19	attC	attC	attc_4	CALIN	No	1253.0	lin
SRR22878282_binette_bin113.fasta	integron_01	k141_140044	k141_140044_1	312	719	-1	NA	protein	protein	NA	CALIN	No	NA	lin
SRR22878282_binette_bin113.fasta	integron_01	k141_140044	attc_001	729	824	-1	0.00039	attC	attC	attc_4	CALIN	No	NA	lin
SRR22878282_binette_bin113.fasta	integron_01	k141_140044	k141_140044_2	842	1642	-1	NA	protein	protein	NA	CALIN	No	NA	lin
SRR22878282_binette_bin113.fasta	integron_01	k141_140044	k141_140044_3	1703	2056	-1	NA	protein	protein	NA	CALIN	No	NA	lin
SRR22878282_binette_bin113.fasta	integron_01	k141_140044	attc_002	2089	2202	-1	2.5e-06	attC	attC	attc_4	CALIN	No	1265.0	lin
SRR22878282_binette_bin113.fasta	integron_01	k141_140044	k141_140044_4	2197	2799	-1	NA	protein	protein	NA	CALIN	No	NA	lin
SRR22878282_binette_bin113.fasta	integron_01	k141_140044	attc_003	2806	2886	-1	0.0028	attC	attC	attc_4	CALIN	No	604.0	lin
SRR22878282_binette_bin113.fasta	integron_01	k141_140044	k141_140044_5	2889	3362	-1	NA	protein	protein	NA	CALIN	No	NA	lin
SRR22878282_binette_bin113.fasta	integron_01	k141_140044	k141_140044_6	3464	3823	-1	NA	protein	protein	NA	CALIN	No	NA	lin
SRR22878282_binette_bin113.fasta	integron_01	k141_140044	attc_004	3850	3921	-1	6.1e-05	attC	attC	attc_4	CALIN	No	964.0	lin
SRR22878282_binette_bin113.fasta	integron_01	k141_140044	k141_140044_7	3905	4441	-1	NA	protein	protein	NA	CALIN	No	NA	lin
SRR22878282_binette_bin113.fasta	integron_01	k141_140044	attc_005	4566	4649	-1	0.92	attC	attC	attc_4	CALIN	No	645.0	lin
SRR22878282_binette_bin113.fasta	integron_01	k141_27113	attc_001	91	174	1	0.0026	attC	attC	attc_4	CALIN	No	NA	lin
SRR22878282_binette_bin113.fasta	integron_01	k141_27113	k141_27113_1	190	432	1	NA	protein	protein	NA	CALIN	No	NA	lin
SRR22878282_binette_bin113.fasta	integron_01	k141_27113	attc_002	449	520	1	9.3e-05	attC	attC	attc_4	CALIN	No	275.0	lin
SRR22878282_binette_bin113.fasta	integron_01	k141_27113	k141_27113_2	524	1066	1	NA	protein	protein	NA	CALIN	No	NA	lin
SRR22878282_binette_bin113.fasta	integron_01	k141_27113	attc_003	1070	1168	1	1.2e-06	attC	attC	attc_4	CALIN	No	550.0	lin
SRR22878282_binette_bin113.fasta	integron_01	k141_27113	k141_27113_3	1165	1767	1	NA	protein	protein	NA	CALIN	No	NA	lin
SRR22878282_binette_bin113.fasta	integron_01	k141_27113	attc_004	1770	1849	1	0.003	attC	attC	attc_4	CALIN	No	602.0	lin
SRR22878282_binette_bin113.fasta	integron_01	k141_27113	k141_27113_4	1853	2419	1	NA	protein	protein	NA	CALIN	No	NA	lin
SRR22878282_binette_bin113.fasta	integron_01	k141_424733	attc_001	10	90	-1	1.2e-05	attC	attC	attc_4	CALIN	No	NA	lin
SRR22878282_binette_bin113.fasta	integron_01	k141_424733	k141_424733_1	85	483	-1	NA	protein	protein	NA	CALIN	No	NA	lin
SRR22878282_binette_bin113.fasta	integron_01	k141_424733	attc_002	321	377	-1	0.34	attC	attC	attc_4	CALIN	No	231.0	lin
SRR22878282_binette_bin113.fasta	integron_01	k141_424733	attc_003	480	542	-1	8.2e-08	attC	attC	attc_4	CALIN	No	103.0	lin
SRR22878282_binette_bin113.fasta	integron_01	k141_424733	k141_424733_2	537	857	-1	NA	protein	protein	NA	CALIN	No	NA	lin
SRR22878282_binette_bin113.fasta	integron_01	k141_424733	attc_004	871	957	-1	5e-05	attC	attC	attc_4	CALIN	No	329.0	lin
SRR22878282_binette_bin113.fasta	integron_01	k141_424733	k141_424733_3	970	1365	-1	NA	protein	protein	NA	CALIN	No	NA	lin
SRR22878282_binette_bin113.fasta	integron_01	k141_424733	attc_005	1371	1435	-1	0.00024	attC	attC	attc_4	CALIN	No	414.0	lin
SRR22878282_binette_bin113.fasta	integron_01	k141_424733	k141_424733_4	1430	1816	-1	NA	protein	protein	NA	CALIN	No	NA	lin
SRR22878282_binette_bin113.fasta	integron_01	k141_29289	k141_29289_1	1	147	1	NA	protein	protein	NA	CALIN	No	NA	lin
SRR22878282_binette_bin113.fasta	integron_01	k141_29289	attc_001	142	219	1	0.0068	attC	attC	attc_4	CALIN	No	NA	lin
SRR22878282_binette_bin113.fasta	integron_01	k141_29289	k141_29289_2	216	560	1	NA	protein	protein	NA	CALIN	No	NA	lin
SRR22878282_binette_bin113.fasta	integron_01	k141_29289	attc_002	555	635	1	0.069	attC	attC	attc_4	CALIN	No	336.0	lin
SRR22878282_binette_bin113.fasta	integron_01	k141_29289	k141_29289_3	651	1055	1	NA	protein	protein	NA	CALIN	No	NA	lin
SRR22878282_binette_bin113.fasta	integron_01	k141_29289	attc_003	1050	1127	1	0.00027	attC	attC	attc_4	CALIN	No	415.0	lin
SRR22878282_binette_bin113.fasta	integron_01	k141_29289	attc_004	1465	1545	1	0.89	attC	attC	attc_4	CALIN	No	338.0	lin
SRR22878282_binette_bin113.fasta	integron_01	k141_29289	k141_29289_4	1561	1962	1	NA	protein	protein	NA	CALIN	No	NA	lin
SRR22878282_binette_bin113.fasta	integron_01	k141_199339	k141_199339_4	1667	1999	-1	NA	protein	protein	NA	CALIN	No	NA	lin
SRR22878282_binette_bin113.fasta	integron_01	k141_199339	attc_001	2002	2064	-1	5.3e-05	attC	attC	attc_4	CALIN	No	NA	lin
SRR22878282_binette_bin113.fasta	integron_01	k141_199339	k141_199339_5	2140	2505	-1	NA	protein	protein	NA	CALIN	No	NA	lin
SRR22878282_binette_bin113.fasta	integron_01	k141_199339	attc_002	2985	3047	-1	3.6e-07	attC	attC	attc_4	CALIN	No	921.0	lin
SRR22878282_binette_bin113.fasta	integron_01	k141_199339	k141_199339_6	3042	3449	-1	NA	protein	protein	NA	CALIN	No	NA	lin
SRR22878282_binette_bin113.fasta	integron_01	k141_199339	attc_003	3460	3522	-1	0.0004	attC	attC	attc_4	CALIN	No	413.0	lin
SRR22878282_binette_bin113.fasta	integron_01	k141_199339	k141_199339_7	3526	3924	-1	NA	protein	protein	NA	CALIN	No	NA	lin
SRR22878282_binette_bin113.fasta	integron_01	k141_199339	attc_004	3921	4001	-1	3.8e-05	attC	attC	attc_4	CALIN	No	399.0	lin
SRR22878282_binette_bin113.fasta	integron_01	k141_199339	k141_199339_8	4003	4248	-1	NA	protein	protein	NA	CALIN	No	NA	lin
SRR22878282_binette_bin113.fasta	integron_01	k141_199339	attc_005	4646	4750	-1	1e-08	attC	attC	attc_4	CALIN	No	645.0	lin
SRR22878282_binette_bin113.fasta	integron_01	k141_199339	k141_199339_9	4745	5149	-1	NA	protein	protein	NA	CALIN	No	NA	lin
SRR22878282_binette_bin113.fasta	integron_01	k141_199339	attc_006	5178	5255	-1	0.039	attC	attC	attc_4	CALIN	No	428.0	lin
SRR22878282_binette_bin113.fasta	integron_01	k141_199339	k141_199339_10	5188	5676	-1	NA	protein	protein	NA	CALIN	No	NA	lin
SRR22878282_binette_bin113.fasta	integron_01	k141_199339	attc_007	5733	5815	-1	0.026	attC	attC	attc_4	CALIN	No	478.0	lin
SRR22878282_binette_bin113.fasta	integron_01	k141_427383	attc_001	152	218	-1	8.6e-08	attC	attC	attc_4	CALIN	No	NA	lin
SRR22878282_binette_bin113.fasta	integron_01	k141_427383	k141_427383_1	225	617	-1	NA	protein	protein	NA	CALIN	No	NA	lin
SRR22878282_binette_bin113.fasta	integron_01	k141_427383	attc_002	434	491	-1	0.12	attC	attC	attc_4	CALIN	No	216.0	lin
SRR22878282_binette_bin113.fasta	integron_01	k141_427383	attc_003	636	719	-1	7.6e-05	attC	attC	attc_4	CALIN	No	145.0	lin
SRR22878282_binette_bin113.fasta	integron_01	k141_427383	k141_427383_2	714	1085	-1	NA	protein	protein	NA	CALIN	No	NA	lin
SRR22878282_binette_bin113.fasta	integron_01	k141_144997	attc_001	207	287	1	7.6e-05	attC	attC	attc_4	CALIN	No	NA	lin
SRR22878282_binette_bin113.fasta	integron_01	k141_144997	k141_144997_1	298	663	1	NA	protein	protein	NA	CALIN	No	NA	lin
SRR22878282_binette_bin113.fasta	integron_01	k141_144997	attc_002	670	762	1	6e-05	attC	attC	attc_4	CALIN	No	383.0	lin
SRR22878282_binette_bin113.fasta	integron_01	k141_144997	k141_144997_2	832	1092	1	NA	protein	protein	NA	CALIN	No	NA	lin
SRR22878282_binette_bin113.fasta	integron_01	k141_144997	attc_003	1087	1167	1	1.2e-05	attC	attC	attc_4	CALIN	No	325.0	lin
SRR22878282_binette_bin113.fasta	integron_01	k141_32733	attc_001	15	92	1	0.0006	attC	attC	attc_4	CALIN	No	NA	lin
SRR22878282_binette_bin113.fasta	integron_01	k141_32733	k141_32733_1	110	532	1	NA	protein	protein	NA	CALIN	No	NA	lin
SRR22878282_binette_bin113.fasta	integron_01	k141_32733	attc_002	536	625	1	0.00043	attC	attC	attc_4	CALIN	No	444.0	lin
SRR22878282_binette_bin113.fasta	integron_01	k141_32733	k141_32733_2	636	1025	1	NA	protein	protein	NA	CALIN	No	NA	lin
SRR22878282_binette_bin113.fasta	integron_01	k141_32733	attc_003	1028	1105	1	0.0021	attC	attC	attc_4	CALIN	No	403.0	lin
SRR22878282_binette_bin113.fasta	integron_01	k141_429422	k141_429422_1	1	441	1	NA	protein	protein	NA	CALIN	No	NA	lin
SRR22878282_binette_bin113.fasta	integron_01	k141_429422	attc_001	436	516	1	0.00044	attC	attC	attc_4	CALIN	No	NA	lin
SRR22878282_binette_bin113.fasta	integron_01	k141_429422	k141_429422_2	531	842	1	NA	protein	protein	NA	CALIN	No	NA	lin
SRR22878282_binette_bin113.fasta	integron_01	k141_429422	attc_002	837	917	1	0.013	attC	attC	attc_4	CALIN	No	321.0	lin
SRR22878282_binette_bin113.fasta	integron_01	k141_429422	k141_429422_3	934	1215	1	NA	protein	protein	NA	CALIN	No	NA	lin
SRR22878282_binette_bin113.fasta	integron_01	k141_429422	attc_003	942	999	1	0.67	attC	attC	attc_4	CALIN	No	25.0	lin
SRR22878282_binette_bin113.fasta	integron_01	k141_429422	attc_004	1210	1275	1	9e-05	attC	attC	attc_4	CALIN	No	211.0	lin
SRR22878282_binette_bin113.fasta	integron_01	k141_429422	k141_429422_4	1292	1732	1	NA	protein	protein	NA	CALIN	No	NA	lin
SRR22878282_binette_bin113.fasta	integron_01	k141_429422	attc_005	1727	1788	1	2.4e-05	attC	attC	attc_4	CALIN	No	452.0	lin
SRR22878282_binette_bin113.fasta	integron_01	k141_429422	k141_429422_5	1841	1921	1	NA	protein	protein	NA	CALIN	No	NA	lin
SRR22878282_binette_bin113.fasta	integron_01	k141_429541	k141_429541_1	216	737	1	NA	protein	protein	NA	CALIN	No	NA	lin
SRR22878282_binette_bin113.fasta	integron_01	k141_429541	attc_001	732	806	1	0.00047	attC	attC	attc_4	CALIN	No	NA	lin
SRR22878282_binette_bin113.fasta	integron_01	k141_429541	k141_429541_2	812	1162	1	NA	protein	protein	NA	CALIN	No	NA	lin
SRR22878282_binette_bin113.fasta	integron_01	k141_429541	attc_002	1183	1260	1	0.0097	attC	attC	attc_4	CALIN	No	377.0	lin
SRR22878282_binette_bin113.fasta	integron_01	k141_429541	k141_429541_3	1275	1865	1	NA	protein	protein	NA	CALIN	No	NA	lin
SRR22878282_binette_bin113.fasta	integron_01	k141_429541	attc_003	1860	1941	1	0.0094	attC	attC	attc_4	CALIN	No	600.0	lin
SRR22878282_binette_bin113.fasta	integron_01	k141_315283	k141_315283_2	616	855	1	NA	protein	protein	NA	CALIN	No	NA	lin
SRR22878282_binette_bin113.fasta	integron_01	k141_315283	attc_001	881	1009	1	5.7e-06	attC	attC	attc_4	CALIN	No	NA	lin
SRR22878282_binette_bin113.fasta	integron_01	k141_315283	k141_315283_3	1018	1377	1	NA	protein	protein	NA	CALIN	No	NA	lin
SRR22878282_binette_bin113.fasta	integron_01	k141_315283	attc_002	1372	1444	1	0.001	attC	attC	attc_4	CALIN	No	363.0	lin
SRR22878282_binette_bin113.fasta	integron_01	k141_35358	attc_001	1688	1806	1	0.84	attC	attC	attc_4	CALIN	No	NA	lin
SRR22878282_binette_bin113.fasta	integron_01	k141_35358	k141_35358_3	1814	2206	1	NA	protein	protein	NA	CALIN	No	NA	lin
SRR22878282_binette_bin113.fasta	integron_01	k141_35358	attc_002	2201	2308	1	2.6e-06	attC	attC	attc_4	CALIN	No	395.0	lin
SRR22878282_binette_bin113.fasta	integron_01	k141_431629	k141_431629_1	3	599	-1	NA	protein	protein	NA	CALIN	No	NA	lin
SRR22878282_binette_bin113.fasta	integron_01	k141_431629	attc_001	496	559	-1	0.00055	attC	attC	attc_4	CALIN	No	NA	lin
SRR22878282_binette_bin113.fasta	integron_01	k141_431629	attc_002	947	1030	-1	0.00028	attC	attC	attc_4	CALIN	No	388.0	lin
SRR22878282_binette_bin113.fasta	integron_01	k141_431629	k141_431629_2	1025	1306	-1	NA	protein	protein	NA	CALIN	No	NA	lin
SRR22878282_binette_bin113.fasta	integron_01	k141_91445	attc_001	88	150	-1	2.4e-05	attC	attC	attc_4	CALIN	No	NA	lin
SRR22878282_binette_bin113.fasta	integron_01	k141_91445	k141_91445_1	157	462	-1	NA	protein	protein	NA	CALIN	No	NA	lin
SRR22878282_binette_bin113.fasta	integron_01	k141_91445	attc_002	473	612	-1	9.7e-05	attC	attC	attc_4	CALIN	No	323.0	lin
SRR22878282_binette_bin113.fasta	integron_01	k141_91445	k141_91445_2	607	1098	-1	NA	protein	protein	NA	CALIN	No	NA	lin
SRR22878282_binette_bin113.fasta	integron_01	k141_91445	attc_003	1108	1174	-1	0.002	attC	attC	attc_4	CALIN	No	496.0	lin
SRR22878282_binette_bin113.fasta	integron_01	k141_91445	k141_91445_3	1176	1727	-1	NA	protein	protein	NA	CALIN	No	NA	lin
SRR22878282_binette_bin113.fasta	integron_01	k141_91445	attc_004	1759	1842	-1	0.013	attC	attC	attc_4	CALIN	No	585.0	lin
SRR22878282_binette_bin113.fasta	integron_01	k141_91445	k141_91445_4	1837	2157	-1	NA	protein	protein	NA	CALIN	No	NA	lin
SRR22878282_binette_bin113.fasta	integron_01	k141_91445	attc_005	2162	2257	-1	0.00095	attC	attC	attc_4	CALIN	No	320.0	lin
SRR22878282_binette_bin113.fasta	integron_01	k141_91445	k141_91445_5	2252	2605	-1	NA	protein	protein	NA	CALIN	No	NA	lin
SRR22878282_binette_bin113.fasta	integron_01	k141_91445	attc_006	2619	2680	-1	0.00016	attC	attC	attc_4	CALIN	No	362.0	lin
SRR22878282_binette_bin113.fasta	integron_01	k141_91445	k141_91445_6	2629	2994	-1	NA	protein	protein	NA	CALIN	No	NA	lin
SRR22878282_binette_bin113.fasta	integron_01	k141_91445	attc_007	3005	3088	-1	0.0035	attC	attC	attc_4	CALIN	No	325.0	lin
SRR22878282_binette_bin113.fasta	integron_01	k141_91445	attc_008	3354	3437	-1	6.2e-06	attC	attC	attc_4	CALIN	No	266.0	lin
SRR22878282_binette_bin113.fasta	integron_01	k141_91445	k141_91445_7	3439	3684	-1	NA	protein	protein	NA	CALIN	No	NA	lin
SRR22878282_binette_bin113.fasta	integron_01	k141_91445	attc_009	3754	3840	-1	0.12	attC	attC	attc_4	CALIN	No	317.0	lin
SRR22878282_binette_bin113.fasta	integron_01	k141_91445	k141_91445_8	3841	4149	-1	NA	protein	protein	NA	CALIN	No	NA	lin
SRR22878282_binette_bin113.fasta	integron_01	k141_372908	k141_372908_1	2	457	1	NA	protein	protein	NA	CALIN	No	NA	lin
SRR22878282_binette_bin113.fasta	integron_01	k141_372908	attc_001	461	550	1	0.00095	attC	attC	attc_4	CALIN	No	NA	lin
SRR22878282_binette_bin113.fasta	integron_01	k141_372908	k141_372908_2	570	1010	1	NA	protein	protein	NA	CALIN	No	NA	lin
SRR22878282_binette_bin113.fasta	integron_01	k141_372908	attc_002	1014	1080	1	4.1e-05	attC	attC	attc_4	CALIN	No	464.0	lin
SRR22878282_binette_bin113.fasta	integron_01	k141_36224	attc_001	130	247	-1	0.00032	attC	attC	attc_4	CALIN	No	NA	lin
SRR22878282_binette_bin113.fasta	integron_01	k141_36224	k141_36224_1	242	640	-1	NA	protein	protein	NA	CALIN	No	NA	lin
SRR22878282_binette_bin113.fasta	integron_01	k141_36224	attc_002	659	778	-1	6.4e-06	attC	attC	attc_4	CALIN	No	412.0	lin
SRR22878282_binette_bin113.fasta	integron_01	k141_36224	k141_36224_2	781	1281	-1	NA	protein	protein	NA	CALIN	No	NA	lin
SRR22878282_binette_bin113.fasta	integron_01	k141_36224	attc_003	1310	1420	-1	7.6e-05	attC	attC	attc_4	CALIN	No	532.0	lin
SRR22878282_binette_bin113.fasta	integron_01	k141_36224	k141_36224_3	1424	1798	-1	NA	protein	protein	NA	CALIN	No	NA	lin
SRR22878282_binette_bin113.fasta	integron_01	k141_36224	attc_004	1811	1915	-1	3.2e-05	attC	attC	attc_4	CALIN	No	391.0	lin
SRR22878282_binette_bin113.fasta	integron_01	k141_36224	k141_36224_4	1922	2158	-1	NA	protein	protein	NA	CALIN	No	NA	lin
SRR22878282_binette_bin113.fasta	integron_01	k141_38067	k141_38067_1	1	222	-1	NA	protein	protein	NA	CALIN	No	NA	lin
SRR22878282_binette_bin113.fasta	integron_01	k141_38067	attc_001	252	363	-1	2.4e-06	attC	attC	attc_4	CALIN	No	NA	lin
SRR22878282_binette_bin113.fasta	integron_01	k141_38067	k141_38067_2	370	1053	-1	NA	protein	protein	NA	CALIN	No	NA	lin
SRR22878282_binette_bin113.fasta	integron_01	k141_38067	attc_002	1145	1229	-1	1.1e-07	attC	attC	attc_4	CALIN	No	782.0	lin
SRR22878282_binette_bin113.fasta	integron_01	k141_38067	k141_38067_3	1236	1637	-1	NA	protein	protein	NA	CALIN	No	NA	lin
SRR22878282_binette_bin113.fasta	integron_01	k141_38067	attc_003	1622	1732	-1	0.00052	attC	attC	attc_4	CALIN	No	393.0	lin
SRR22878282_binette_bin113.fasta	integron_01	k141_375615	k141_375615_29	13277	13636	-1	NA	protein	protein	NA	CALIN	No	NA	lin
SRR22878282_binette_bin113.fasta	integron_01	k141_375615	attc_001	13642	13714	-1	1.6e-05	attC	attC	attc_4	CALIN	No	NA	lin
SRR22878282_binette_bin113.fasta	integron_01	k141_375615	k141_375615_30	13709	14137	-1	NA	protein	protein	NA	CALIN	No	NA	lin
SRR22878282_binette_bin113.fasta	integron_01	k141_375615	attc_002	14146	14221	-1	0.1	attC	attC	attc_4	CALIN	No	432.0	lin
SRR22878282_binette_bin113.fasta	integron_01	k141_375615	k141_375615_31	14200	14814	-1	NA	protein	protein	NA	CALIN	No	NA	lin
SRR22878282_binette_bin113.fasta	integron_01	k141_375615	k141_375615_32	14798	15229	-1	NA	protein	protein	NA	CALIN	No	NA	lin
SRR22878282_binette_bin113.fasta	integron_01	k141_375615	k141_375615_33	15318	15635	-1	NA	protein	protein	NA	CALIN	No	NA	lin
SRR22878282_binette_bin113.fasta	integron_01	k141_375615	attc_003	15646	15708	-1	2.2e-06	attC	attC	attc_4	CALIN	No	1425.0	lin
SRR22878282_binette_bin113.fasta	integron_01	k141_375615	k141_375615_34	15712	16392	-1	NA	protein	protein	NA	CALIN	No	NA	lin
SRR22878282_binette_bin113.fasta	integron_01	k141_151718	attc_001	73	153	-1	0.0031	attC	attC	attc_4	CALIN	No	NA	lin
SRR22878282_binette_bin113.fasta	integron_01	k141_151718	k141_151718_1	148	570	-1	NA	protein	protein	NA	CALIN	No	NA	lin
SRR22878282_binette_bin113.fasta	integron_01	k141_151718	attc_002	575	704	-1	9.5e-06	attC	attC	attc_4	CALIN	No	422.0	lin
SRR22878282_binette_bin113.fasta	integron_01	k141_151718	k141_151718_2	707	1000	-1	NA	protein	protein	NA	CALIN	No	NA	lin
SRR22878282_binette_bin113.fasta	integron_01	k141_151718	attc_003	1013	1096	-1	3e-05	attC	attC	attc_4	CALIN	No	309.0	lin
SRR22878282_binette_bin113.fasta	integron_01	k141_151718	k141_151718_3	1091	1378	-1	NA	protein	protein	NA	CALIN	No	NA	lin
SRR22878282_binette_bin113.fasta	integron_01	k141_151718	attc_004	1450	1533	-1	1.6e-06	attC	attC	attc_4	CALIN	No	354.0	lin
SRR22878282_binette_bin113.fasta	integron_01	k141_151718	k141_151718_4	1537	1896	-1	NA	protein	protein	NA	CALIN	No	NA	lin
SRR22878282_binette_bin113.fasta	integron_01	k141_151718	attc_005	1903	1980	-1	0.00036	attC	attC	attc_4	CALIN	No	370.0	lin
SRR22878282_binette_bin113.fasta	integron_01	k141_488545	k141_488545_1	85	429	1	NA	protein	protein	NA	CALIN	No	NA	lin
SRR22878282_binette_bin113.fasta	integron_01	k141_488545	attc_001	444	510	1	2e-05	attC	attC	attc_4	CALIN	No	NA	lin
SRR22878282_binette_bin113.fasta	integron_01	k141_488545	k141_488545_2	544	1074	1	NA	protein	protein	NA	CALIN	No	NA	lin
SRR22878282_binette_bin113.fasta	integron_01	k141_488545	attc_002	1101	1178	1	0.51	attC	attC	attc_4	CALIN	No	591.0	lin
SRR22878282_binette_bin113.fasta	integron_01	k141_488545	k141_488545_3	1181	1513	1	NA	protein	protein	NA	CALIN	No	NA	lin
SRR22878282_binette_bin113.fasta	integron_01	k141_488545	attc_003	1508	1586	1	0.13	attC	attC	attc_4	CALIN	No	330.0	lin
SRR22878282_binette_bin113.fasta	integron_01	k141_549209	attc_001	158	220	-1	0.00053	attC	attC	attc_4	CALIN	No	NA	lin
SRR22878282_binette_bin113.fasta	integron_01	k141_549209	k141_549209_1	215	592	-1	NA	protein	protein	NA	CALIN	No	NA	lin
SRR22878282_binette_bin113.fasta	integron_01	k141_549209	attc_002	611	693	-1	0.0071	attC	attC	attc_4	CALIN	No	391.0	lin
SRR22878282_binette_bin113.fasta	integron_01	k141_549209	k141_549209_2	688	1050	-1	NA	protein	protein	NA	CALIN	No	NA	lin
SRR22878282_binette_bin113.fasta	integron_01	k141_549209	attc_003	1058	1120	-1	1.7e-06	attC	attC	attc_4	CALIN	No	365.0	lin
SRR22878282_binette_bin113.fasta	integron_01	k141_549209	k141_549209_3	1152	1421	-1	NA	protein	protein	NA	CALIN	No	NA	lin
SRR22878282_binette_bin113.fasta	integron_01	k141_549209	attc_004	1432	1518	-1	0.0031	attC	attC	attc_4	CALIN	No	312.0	lin
SRR22878282_binette_bin113.fasta	integron_01	k141_549209	k141_549209_4	1513	1611	-1	NA	protein	protein	NA	CALIN	No	NA	lin
SRR22878282_binette_bin113.fasta	integron_01	k141_40384	k141_40384_2	498	998	1	NA	protein	protein	NA	CALIN	No	NA	lin
SRR22878282_binette_bin113.fasta	integron_01	k141_40384	attc_001	965	1012	1	4e-07	attC	attC	attc_4	CALIN	No	NA	lin
SRR22878282_binette_bin113.fasta	integron_01	k141_40384	k141_40384_3	1019	1396	1	NA	protein	protein	NA	CALIN	No	NA	lin
SRR22878282_binette_bin113.fasta	integron_01	k141_40384	attc_002	1400	1488	1	0.0005	attC	attC	attc_4	CALIN	No	388.0	lin
SRR22878282_binette_bin113.fasta	integron_01	k141_40384	k141_40384_4	1499	1885	1	NA	protein	protein	NA	CALIN	No	NA	lin
SRR22878282_binette_bin113.fasta	integron_01	k141_40384	k141_40384_5	2631	3257	1	NA	protein	protein	NA	CALIN	No	NA	lin
SRR22878282_binette_bin113.fasta	integron_01	k141_40384	attc_003	3259	3351	1	0.0026	attC	attC	attc_4	CALIN	No	1771.0	lin
SRR22878282_binette_bin113.fasta	integron_01	k141_40384	k141_40384_6	3432	4778	1	NA	protein	protein	NA	CALIN	No	NA	lin
SRR22878282_binette_bin113.fasta	integron_01	k141_40384	attc_004	4832	4941	1	0.00084	attC	attC	attc_4	CALIN	No	1481.0	lin
SRR22878282_binette_bin113.fasta	integron_01	k141_40384	k141_40384_7	5039	5464	1	NA	protein	protein	NA	CALIN	No	NA	lin
SRR22878282_binette_bin113.fasta	integron_01	k141_40384	attc_005	5468	5536	1	0.031	attC	attC	attc_4	CALIN	No	527.0	lin
SRR22878282_binette_bin113.fasta	integron_01	k141_40384	k141_40384_8	5588	6361	1	NA	protein	protein	NA	CALIN	No	NA	lin
SRR22878282_binette_bin113.fasta	integron_01	k141_40384	attc_006	6356	6427	1	0.089	attC	attC	attc_4	CALIN	No	820.0	lin
SRR22878282_binette_bin113.fasta	integron_01	k141_40384	k141_40384_9	6454	6783	1	NA	protein	protein	NA	CALIN	No	NA	lin
SRR22878282_binette_bin113.fasta	integron_01	k141_489781	k141_489781_1	2	202	1	NA	protein	protein	NA	CALIN	No	NA	lin
SRR22878282_binette_bin113.fasta	integron_01	k141_489781	k141_489781_2	153	293	1	NA	protein	protein	NA	CALIN	No	NA	lin
SRR22878282_binette_bin113.fasta	integron_01	k141_489781	attc_001	197	286	1	0.0061	attC	attC	attc_4	CALIN	No	NA	lin
SRR22878282_binette_bin113.fasta	integron_01	k141_489781	k141_489781_3	259	696	1	NA	protein	protein	NA	CALIN	No	NA	lin
SRR22878282_binette_bin113.fasta	integron_01	k141_489781	attc_002	698	778	1	0.09	attC	attC	attc_4	CALIN	No	412.0	lin
SRR22878282_binette_bin113.fasta	integron_01	k141_489781	k141_489781_4	791	1186	1	NA	protein	protein	NA	CALIN	No	NA	lin
SRR22878282_binette_bin113.fasta	integron_01	k141_489781	attc_003	1181	1261	1	0.0097	attC	attC	attc_4	CALIN	No	403.0	lin
SRR22878282_binette_bin113.fasta	integron_01	k141_489781	k141_489781_5	1273	1575	1	NA	protein	protein	NA	CALIN	No	NA	lin
SRR22878282_binette_bin113.fasta	integron_01	k141_489781	attc_004	1598	1687	1	1.6e-05	attC	attC	attc_4	CALIN	No	337.0	lin
SRR22878282_binette_bin113.fasta	integron_01	k141_552342	attc_001	505	585	-1	0.00051	attC	attC	attc_4	CALIN	No	NA	lin
SRR22878282_binette_bin113.fasta	integron_01	k141_552342	k141_552342_2	580	882	-1	NA	protein	protein	NA	CALIN	No	NA	lin
SRR22878282_binette_bin113.fasta	integron_01	k141_552342	attc_002	893	973	-1	0.034	attC	attC	attc_4	CALIN	No	308.0	lin
SRR22878282_binette_bin113.fasta	integron_01	k141_552342	k141_552342_3	968	1264	-1	NA	protein	protein	NA	CALIN	No	NA	lin
SRR22878282_binette_bin113.fasta	integron_01	k141_552342	attc_003	1284	1347	-1	4.1e-06	attC	attC	attc_4	CALIN	No	311.0	lin
SRR22878282_binette_bin113.fasta	integron_01	k141_552342	k141_552342_4	1353	1664	-1	NA	protein	protein	NA	CALIN	No	NA	lin
SRR22878282_binette_bin113.fasta	integron_01	k141_552342	attc_004	1674	1763	-1	0.0016	attC	attC	attc_4	CALIN	No	327.0	lin
SRR22878282_binette_bin113.fasta	integron_01	k141_439738	k141_439738_1	40	375	1	NA	protein	protein	NA	CALIN	No	NA	lin
SRR22878282_binette_bin113.fasta	integron_01	k141_439738	attc_001	370	433	1	9.4e-08	attC	attC	attc_4	CALIN	No	NA	lin
SRR22878282_binette_bin113.fasta	integron_01	k141_439738	k141_439738_2	441	848	1	NA	protein	protein	NA	CALIN	No	NA	lin
SRR22878282_binette_bin113.fasta	integron_01	k141_439738	attc_002	797	858	1	3e-07	attC	attC	attc_4	CALIN	No	364.0	lin
SRR22878282_binette_bin113.fasta	integron_01	k141_439738	k141_439738_3	863	1225	1	NA	protein	protein	NA	CALIN	No	NA	lin
SRR22878282_binette_bin113.fasta	integron_01	k141_325311	k141_325311_2	393	776	-1	NA	protein	protein	NA	CALIN	No	NA	lin
SRR22878282_binette_bin113.fasta	integron_01	k141_325311	attc_001	749	823	-1	0.95	attC	attC	attc_4	CALIN	No	NA	lin
SRR22878282_binette_bin113.fasta	integron_01	k141_325311	k141_325311_3	840	1145	-1	NA	protein	protein	NA	CALIN	No	NA	lin
SRR22878282_binette_bin113.fasta	integron_01	k141_325311	attc_002	1174	1264	-1	0.011	attC	attC	attc_4	CALIN	No	351.0	lin
SRR22878282_binette_bin113.fasta	integron_01	k141_325311	k141_325311_4	1268	1522	-1	NA	protein	protein	NA	CALIN	No	NA	lin
SRR22878282_binette_bin113.fasta	integron_01	k141_325311	attc_003	1567	1632	-1	3.4e-05	attC	attC	attc_4	CALIN	No	303.0	lin
SRR22878282_binette_bin113.fasta	integron_01	k141_325311	k141_325311_5	1627	2172	-1	NA	protein	protein	NA	CALIN	No	NA	lin
SRR22878282_binette_bin113.fasta	integron_01	k141_325311	attc_004	2186	2251	-1	8e-07	attC	attC	attc_4	CALIN	No	554.0	lin
SRR22878282_binette_bin113.fasta	integron_01	k141_325311	k141_325311_6	2259	2609	-1	NA	protein	protein	NA	CALIN	No	NA	lin
SRR22878282_binette_bin113.fasta	integron_01	k141_325311	attc_005	2616	2699	-1	0.0021	attC	attC	attc_4	CALIN	No	365.0	lin
SRR22878282_binette_bin113.fasta	integron_01	k141_325311	k141_325311_7	2700	3065	-1	NA	protein	protein	NA	CALIN	No	NA	lin
SRR22878282_binette_bin113.fasta	integron_01	k141_493634	attc_001	197	296	-1	1.4e-06	attC	attC	attc_4	CALIN	No	NA	lin
SRR22878282_binette_bin113.fasta	integron_01	k141_493634	k141_493634_1	291	707	-1	NA	protein	protein	NA	CALIN	No	NA	lin
SRR22878282_binette_bin113.fasta	integron_01	k141_493634	attc_002	723	785	-1	0.00035	attC	attC	attc_4	CALIN	No	427.0	lin
SRR22878282_binette_bin113.fasta	integron_01	k141_493634	k141_493634_2	793	1131	-1	NA	protein	protein	NA	CALIN	No	NA	lin
SRR22878282_binette_bin113.fasta	integron_01	k141_493634	k141_493634_3	1237	1878	-1	NA	protein	protein	NA	CALIN	No	NA	lin
SRR22878282_binette_bin113.fasta	integron_01	k141_493634	attc_003	1875	1985	-1	0.00039	attC	attC	attc_4	CALIN	No	1090.0	lin
SRR22878282_binette_bin113.fasta	integron_01	k141_493634	k141_493634_4	1980	2375	-1	NA	protein	protein	NA	CALIN	No	NA	lin
SRR22878282_binette_bin113.fasta	integron_01	k141_44014	k141_44014_1	2	445	1	NA	protein	protein	NA	CALIN	No	NA	lin
SRR22878282_binette_bin113.fasta	integron_01	k141_44014	attc_001	186	252	1	0.42	attC	attC	attc_4	CALIN	No	NA	lin
SRR22878282_binette_bin113.fasta	integron_01	k141_44014	attc_002	440	529	1	0.00015	attC	attC	attc_4	CALIN	No	188.0	lin
SRR22878282_binette_bin113.fasta	integron_01	k141_44014	k141_44014_2	548	859	1	NA	protein	protein	NA	CALIN	No	NA	lin
SRR22878282_binette_bin113.fasta	integron_01	k141_44014	attc_003	865	934	1	2.1e-05	attC	attC	attc_4	CALIN	No	336.0	lin
SRR22878282_binette_bin113.fasta	integron_01	k141_44014	k141_44014_3	946	1248	1	NA	protein	protein	NA	CALIN	No	NA	lin
SRR22878282_binette_bin113.fasta	integron_01	k141_44014	attc_004	1256	1306	1	0.37	attC	attC	attc_4	CALIN	No	322.0	lin
SRR22878282_binette_bin113.fasta	integron_01	k141_44014	k141_44014_4	1265	1456	1	NA	protein	protein	NA	CALIN	No	NA	lin
SRR22878282_binette_bin113.fasta	integron_01	k141_44665	attc_001	18	84	-1	0.0076	attC	attC	attc_4	CALIN	No	NA	lin
SRR22878282_binette_bin113.fasta	integron_01	k141_44665	k141_44665_1	87	443	-1	NA	protein	protein	NA	CALIN	No	NA	lin
SRR22878282_binette_bin113.fasta	integron_01	k141_44665	attc_002	411	452	-1	0.38	attC	attC	attc_4	CALIN	No	327.0	lin
SRR22878282_binette_bin113.fasta	integron_01	k141_44665	attc_003	457	536	-1	0.00064	attC	attC	attc_4	CALIN	No	5.0	lin
SRR22878282_binette_bin113.fasta	integron_01	k141_44665	k141_44665_2	531	974	-1	NA	protein	protein	NA	CALIN	No	NA	lin
SRR22878282_binette_bin113.fasta	integron_01	k141_44665	attc_004	990	1044	-1	0.0022	attC	attC	attc_4	CALIN	No	454.0	lin
SRR22878282_binette_bin113.fasta	integron_01	k141_327711	k141_327711_1	1	309	1	NA	protein	protein	NA	CALIN	No	NA	lin
SRR22878282_binette_bin113.fasta	integron_01	k141_327711	attc_001	333	433	1	4.1e-06	attC	attC	attc_4	CALIN	No	NA	lin
SRR22878282_binette_bin113.fasta	integron_01	k141_327711	k141_327711_2	460	672	1	NA	protein	protein	NA	CALIN	No	NA	lin
SRR22878282_binette_bin113.fasta	integron_01	k141_327711	attc_002	667	771	1	2.4e-05	attC	attC	attc_4	CALIN	No	234.0	lin
SRR22878282_binette_bin113.fasta	integron_01	k141_327711	k141_327711_3	787	1125	1	NA	protein	protein	NA	CALIN	No	NA	lin
SRR22878282_binette_bin113.fasta	integron_01	k141_272408	k141_272408_1	1	255	-1	NA	protein	protein	NA	CALIN	No	NA	lin
SRR22878282_binette_bin113.fasta	integron_01	k141_272408	attc_001	282	329	-1	0.18	attC	attC	attc_4	CALIN	No	NA	lin
SRR22878282_binette_bin113.fasta	integron_01	k141_272408	attc_002	405	485	-1	0.00076	attC	attC	attc_4	CALIN	No	76.0	lin
SRR22878282_binette_bin113.fasta	integron_01	k141_272408	k141_272408_2	480	1103	-1	NA	protein	protein	NA	CALIN	No	NA	lin
SRR22878282_binette_bin113.fasta	integron_01	k141_272408	k141_272408_3	1215	1754	-1	NA	protein	protein	NA	CALIN	No	NA	lin
SRR22878282_binette_bin113.fasta	integron_01	k141_272408	attc_003	1792	1858	-1	1.4e-07	attC	attC	attc_4	CALIN	No	1307.0	lin
SRR22878282_binette_bin113.fasta	integron_01	k141_102461	k141_102461_1	1	597	1	NA	protein	protein	NA	CALIN	No	NA	lin
SRR22878282_binette_bin113.fasta	integron_01	k141_102461	attc_001	602	682	1	5.8e-05	attC	attC	attc_4	CALIN	No	NA	lin
SRR22878282_binette_bin113.fasta	integron_01	k141_102461	k141_102461_2	687	1052	1	NA	protein	protein	NA	CALIN	No	NA	lin
SRR22878282_binette_bin113.fasta	integron_01	k141_102461	k141_102461_3	1000	1473	1	NA	protein	protein	NA	CALIN	No	NA	lin
SRR22878282_binette_bin113.fasta	integron_01	k141_102461	attc_002	1047	1113	1	1.1e-05	attC	attC	attc_4	CALIN	No	365.0	lin
SRR22878282_binette_bin113.fasta	integron_01	k141_102461	attc_003	1486	1557	1	3.2e-05	attC	attC	attc_4	CALIN	No	373.0	lin
SRR22878282_binette_bin113.fasta	integron_01	k141_102461	k141_102461_4	1571	1885	1	NA	protein	protein	NA	CALIN	No	NA	lin
SRR22878282_binette_bin113.fasta	integron_01	k141_556966	attc_001	84	144	1	0.0055	attC	attC	attc_4	CALIN	No	NA	lin
SRR22878282_binette_bin113.fasta	integron_01	k141_556966	k141_556966_1	156	593	1	NA	protein	protein	NA	CALIN	No	NA	lin
SRR22878282_binette_bin113.fasta	integron_01	k141_556966	attc_002	542	603	1	0.0007	attC	attC	attc_4	CALIN	No	398.0	lin
SRR22878282_binette_bin113.fasta	integron_01	k141_556966	k141_556966_2	616	963	1	NA	protein	protein	NA	CALIN	No	NA	lin
SRR22878282_binette_bin113.fasta	integron_01	k141_385611	k141_385611_4	1409	2515	-1	NA	protein	protein	NA	CALIN	No	NA	lin
SRR22878282_binette_bin113.fasta	integron_01	k141_385611	attc_001	2706	2794	-1	0.00028	attC	attC	attc_4	CALIN	No	NA	lin
SRR22878282_binette_bin113.fasta	integron_01	k141_385611	k141_385611_5	2789	3334	-1	NA	protein	protein	NA	CALIN	No	NA	lin
SRR22878282_binette_bin113.fasta	integron_01	k141_385611	k141_385611_6	3428	3772	-1	NA	protein	protein	NA	CALIN	No	NA	lin
SRR22878282_binette_bin113.fasta	integron_01	k141_385611	attc_002	3791	3857	-1	0.29	attC	attC	attc_4	CALIN	No	997.0	lin
SRR22878282_binette_bin113.fasta	integron_01	k141_385611	k141_385611_7	3845	4183	-1	NA	protein	protein	NA	CALIN	No	NA	lin
SRR22878282_binette_bin113.fasta	integron_01	k141_385611	attc_003	4090	4148	-1	0.99	attC	attC	attc_4	CALIN	No	233.0	lin
SRR22878282_binette_bin113.fasta	integron_01	k141_385611	k141_385611_8	4273	5040	-1	NA	protein	protein	NA	CALIN	No	NA	lin
SRR22878282_binette_bin113.fasta	integron_01	k141_385611	attc_004	4943	5026	-1	0.47	attC	attC	attc_4	CALIN	No	795.0	lin
SRR22878282_binette_bin113.fasta	integron_01	k141_385611	k141_385611_9	5021	5494	-1	NA	protein	protein	NA	CALIN	No	NA	lin
SRR22878282_binette_bin113.fasta	integron_01	k141_386317	k141_386317_3	1441	1812	-1	NA	protein	protein	NA	CALIN	No	NA	lin
SRR22878282_binette_bin113.fasta	integron_01	k141_386317	attc_001	1827	1888	-1	0.0031	attC	attC	attc_4	CALIN	No	NA	lin
SRR22878282_binette_bin113.fasta	integron_01	k141_386317	k141_386317_4	1855	2259	-1	NA	protein	protein	NA	CALIN	No	NA	lin
SRR22878282_binette_bin113.fasta	integron_01	k141_386317	attc_002	2284	2363	-1	0.081	attC	attC	attc_4	CALIN	No	396.0	lin
SRR22878282_binette_bin113.fasta	integron_01	k141_386317	k141_386317_5	2358	2759	-1	NA	protein	protein	NA	CALIN	No	NA	lin
SRR22878282_binette_bin113.fasta	integron_01	k141_218669	k141_218669_1	1	390	1	NA	protein	protein	NA	CALIN	No	NA	lin
SRR22878282_binette_bin113.fasta	integron_01	k141_218669	attc_001	385	459	1	2.9e-08	attC	attC	attc_4	CALIN	No	NA	lin
SRR22878282_binette_bin113.fasta	integron_01	k141_218669	k141_218669_2	469	873	1	NA	protein	protein	NA	CALIN	No	NA	lin
SRR22878282_binette_bin113.fasta	integron_01	k141_218669	attc_002	868	955	1	0.0017	attC	attC	attc_4	CALIN	No	409.0	lin
SRR22878282_binette_bin113.fasta	integron_01	k141_218669	k141_218669_3	964	1509	1	NA	protein	protein	NA	CALIN	No	NA	lin
SRR22878282_binette_bin113.fasta	integron_01	k141_218669	attc_003	1513	1575	1	6.9e-07	attC	attC	attc_4	CALIN	No	558.0	lin
SRR22878282_binette_bin113.fasta	integron_01	k141_218669	k141_218669_4	1594	1983	1	NA	protein	protein	NA	CALIN	No	NA	lin
SRR22878282_binette_bin113.fasta	integron_01	k141_218669	attc_004	1978	2058	1	9.1e-06	attC	attC	attc_4	CALIN	No	403.0	lin
SRR22878282_binette_bin113.fasta	integron_01	k141_498621	k141_498621_1	3	275	-1	NA	protein	protein	NA	CALIN	No	NA	lin
SRR22878282_binette_bin113.fasta	integron_01	k141_498621	attc_001	274	375	-1	0.0014	attC	attC	attc_4	CALIN	No	NA	lin
SRR22878282_binette_bin113.fasta	integron_01	k141_498621	k141_498621_2	378	1013	-1	NA	protein	protein	NA	CALIN	No	NA	lin
SRR22878282_binette_bin113.fasta	integron_01	k141_498621	attc_002	458	512	-1	0.25	attC	attC	attc_4	CALIN	No	83.0	lin
SRR22878282_binette_bin113.fasta	integron_01	k141_498621	attc_003	946	1047	-1	9.6e-06	attC	attC	attc_4	CALIN	No	434.0	lin
SRR22878282_binette_bin113.fasta	integron_01	k141_498621	k141_498621_3	1042	1401	-1	NA	protein	protein	NA	CALIN	No	NA	lin
SRR22878282_binette_bin113.fasta	integron_01	k141_498621	attc_004	1422	1536	-1	1.1e-05	attC	attC	attc_4	CALIN	No	375.0	lin
SRR22878282_binette_bin113.fasta	integron_01	k141_498621	k141_498621_4	1537	2025	-1	NA	protein	protein	NA	CALIN	No	NA	lin
SRR22878282_binette_bin113.fasta	integron_01	k141_498621	attc_005	2052	2147	-1	1.2e-07	attC	attC	attc_4	CALIN	No	516.0	lin
SRR22878282_binette_bin113.fasta	integron_01	k141_387605	k141_387605_1	146	526	-1	NA	protein	protein	NA	CALIN	No	NA	lin
SRR22878282_binette_bin113.fasta	integron_01	k141_387605	attc_001	553	651	-1	0.0083	attC	attC	attc_4	CALIN	No	NA	lin
SRR22878282_binette_bin113.fasta	integron_01	k141_387605	k141_387605_2	646	1119	-1	NA	protein	protein	NA	CALIN	No	NA	lin
SRR22878282_binette_bin113.fasta	integron_01	k141_387605	attc_002	1157	1247	-1	0.042	attC	attC	attc_4	CALIN	No	506.0	lin
SRR22878282_binette_bin113.fasta	integron_01	k141_387605	k141_387605_3	1229	1747	-1	NA	protein	protein	NA	CALIN	No	NA	lin
SRR22878282_binette_bin113.fasta	integron_01	k141_387605	attc_003	1754	1836	-1	0.056	attC	attC	attc_4	CALIN	No	507.0	lin
SRR22878282_binette_bin113.fasta	integron_01	k141_387605	k141_387605_4	1843	2265	-1	NA	protein	protein	NA	CALIN	No	NA	lin
SRR22878282_binette_bin113.fasta	integron_01	k141_387605	attc_004	2276	2383	-1	0.066	attC	attC	attc_4	CALIN	No	440.0	lin
SRR22878282_binette_bin113.fasta	integron_01	k141_49884	attc_001	86	144	1	0.69	attC	attC	attc_4	CALIN	No	NA	lin
SRR22878282_binette_bin113.fasta	integron_01	k141_49884	k141_49884_1	157	465	1	NA	protein	protein	NA	CALIN	No	NA	lin
SRR22878282_binette_bin113.fasta	integron_01	k141_49884	attc_002	481	561	1	0.0026	attC	attC	attc_4	CALIN	No	337.0	lin
SRR22878282_binette_bin113.fasta	integron_01	k141_49884	k141_49884_2	544	921	1	NA	protein	protein	NA	CALIN	No	NA	lin
SRR22878282_binette_bin113.fasta	integron_01	k141_49884	attc_003	916	984	1	0.00017	attC	attC	attc_4	CALIN	No	355.0	lin
SRR22878282_binette_bin113.fasta	integron_01	k141_49884	k141_49884_3	1002	1061	1	NA	protein	protein	NA	CALIN	No	NA	lin
SRR22878282_binette_bin113.fasta	integron_01	k141_107935	k141_107935_1	40	447	-1	NA	protein	protein	NA	CALIN	No	NA	lin
SRR22878282_binette_bin113.fasta	integron_01	k141_107935	attc_001	455	541	-1	3.7e-06	attC	attC	attc_4	CALIN	No	NA	lin
SRR22878282_binette_bin113.fasta	integron_01	k141_107935	k141_107935_2	546	884	-1	NA	protein	protein	NA	CALIN	No	NA	lin
SRR22878282_binette_bin113.fasta	integron_01	k141_107935	k141_107935_3	900	1181	-1	NA	protein	protein	NA	CALIN	No	NA	lin
SRR22878282_binette_bin113.fasta	integron_01	k141_107935	attc_002	1029	1071	-1	0.03	attC	attC	attc_4	CALIN	No	488.0	lin
SRR22878282_binette_bin113.fasta	integron_01	k141_52096	k141_52096_1	1	168	-1	NA	protein	protein	NA	CALIN	No	NA	lin
SRR22878282_binette_bin113.fasta	integron_01	k141_52096	attc_001	227	307	-1	0.014	attC	attC	attc_4	CALIN	No	NA	lin
SRR22878282_binette_bin113.fasta	integron_01	k141_52096	k141_52096_2	312	626	-1	NA	protein	protein	NA	CALIN	No	NA	lin
SRR22878282_binette_bin113.fasta	integron_01	k141_52096	attc_002	654	740	-1	8.1e-05	attC	attC	attc_4	CALIN	No	347.0	lin
SRR22878282_binette_bin113.fasta	integron_01	k141_52096	k141_52096_3	742	1302	-1	NA	protein	protein	NA	CALIN	No	NA	lin
SRR22878282_binette_bin113.fasta	integron_01	k141_52096	attc_003	1333	1410	-1	0.00027	attC	attC	attc_4	CALIN	No	593.0	lin
SRR22878282_binette_bin113.fasta	integron_01	k141_52096	k141_52096_4	1405	1752	-1	NA	protein	protein	NA	CALIN	No	NA	lin
SRR22878282_binette_bin113.fasta	integron_01	k141_52974	attc_001	74	184	-1	6.1e-06	attC	attC	attc_4	CALIN	No	NA	lin
SRR22878282_binette_bin113.fasta	integron_01	k141_52974	k141_52974_1	191	412	-1	NA	protein	protein	NA	CALIN	No	NA	lin
SRR22878282_binette_bin113.fasta	integron_01	k141_52974	k141_52974_2	405	881	-1	NA	protein	protein	NA	CALIN	No	NA	lin
SRR22878282_binette_bin113.fasta	integron_01	k141_52974	attc_002	912	1025	-1	0.016	attC	attC	attc_4	CALIN	No	728.0	lin
SRR22878282_binette_bin113.fasta	integron_01	k141_109626	k141_109626_1	151	840	-1	NA	protein	protein	NA	CALIN	No	NA	lin
SRR22878282_binette_bin113.fasta	integron_01	k141_109626	attc_001	961	1047	-1	0.00065	attC	attC	attc_4	CALIN	No	NA	lin
SRR22878282_binette_bin113.fasta	integron_01	k141_109626	k141_109626_2	1049	1621	-1	NA	protein	protein	NA	CALIN	No	NA	lin
SRR22878282_binette_bin113.fasta	integron_01	k141_109626	attc_002	1564	1630	-1	0.00081	attC	attC	attc_4	CALIN	No	517.0	lin
SRR22878282_binette_bin113.fasta	integron_01	k141_109626	k141_109626_3	1625	2131	-1	NA	protein	protein	NA	CALIN	No	NA	lin
SRR22878282_binette_bin113.fasta	integron_01	k141_109626	attc_003	2145	2205	-1	0.035	attC	attC	attc_4	CALIN	No	515.0	lin
SRR22878282_binette_bin113.fasta	integron_01	k141_109626	k141_109626_4	2209	2487	-1	NA	protein	protein	NA	CALIN	No	NA	lin
SRR22878282_binette_bin113.fasta	integron_01	k141_335843	k141_335843_1	3	539	1	NA	protein	protein	NA	CALIN	No	NA	lin
SRR22878282_binette_bin113.fasta	integron_01	k141_335843	attc_001	439	498	1	0.42	attC	attC	attc_4	CALIN	No	NA	lin
SRR22878282_binette_bin113.fasta	integron_01	k141_335843	attc_002	534	611	1	0.00043	attC	attC	attc_4	CALIN	No	36.0	lin
SRR22878282_binette_bin113.fasta	integron_01	k141_335843	k141_335843_2	622	1035	1	NA	protein	protein	NA	CALIN	No	NA	lin
SRR22878282_binette_bin113.fasta	integron_01	k141_281380	k141_281380_1	1	705	1	NA	protein	protein	NA	CALIN	No	NA	lin
SRR22878282_binette_bin113.fasta	integron_01	k141_281380	attc_001	20	103	1	0.17	attC	attC	attc_4	CALIN	No	NA	lin
SRR22878282_binette_bin113.fasta	integron_01	k141_281380	attc_002	618	707	1	5.2e-06	attC	attC	attc_4	CALIN	No	515.0	lin
SRR22878282_binette_bin113.fasta	integron_01	k141_281380	attc_003	1052	1141	1	9.9e-05	attC	attC	attc_4	CALIN	No	345.0	lin
SRR22878282_binette_bin113.fasta	integron_01	k141_281380	k141_281380_2	1168	1686	1	NA	protein	protein	NA	CALIN	No	NA	lin
SRR22878282_binette_bin113.fasta	integron_01	k141_281380	attc_004	1681	1761	1	0.071	attC	attC	attc_4	CALIN	No	540.0	lin
SRR22878282_binette_bin113.fasta	integron_01	k141_111845	k141_111845_1	1	138	-1	NA	protein	protein	NA	CALIN	No	NA	lin
SRR22878282_binette_bin113.fasta	integron_01	k141_111845	attc_001	79	156	-1	3.1e-05	attC	attC	attc_4	CALIN	No	NA	lin
SRR22878282_binette_bin113.fasta	integron_01	k141_111845	k141_111845_2	161	535	-1	NA	protein	protein	NA	CALIN	No	NA	lin
SRR22878282_binette_bin113.fasta	integron_01	k141_111845	attc_002	532	615	-1	1.8e-05	attC	attC	attc_4	CALIN	No	376.0	lin
SRR22878282_binette_bin113.fasta	integron_01	k141_111845	k141_111845_3	610	948	-1	NA	protein	protein	NA	CALIN	No	NA	lin
SRR22878282_binette_bin113.fasta	integron_01	k141_111845	attc_003	967	1044	-1	8.2e-06	attC	attC	attc_4	CALIN	No	352.0	lin
SRR22878282_binette_bin113.fasta	integron_01	k141_394046	attc_001	102	209	-1	3.1e-07	attC	attC	attc_4	CALIN	No	NA	lin
SRR22878282_binette_bin113.fasta	integron_01	k141_394046	k141_394046_1	210	635	-1	NA	protein	protein	NA	CALIN	No	NA	lin
SRR22878282_binette_bin113.fasta	integron_01	k141_394046	attc_002	672	716	-1	0.46	attC	attC	attc_4	CALIN	No	463.0	lin
SRR22878282_binette_bin113.fasta	integron_01	k141_394046	k141_394046_2	767	1279	-1	NA	protein	protein	NA	CALIN	No	NA	lin
SRR22878282_binette_bin113.fasta	integron_01	k141_394046	attc_003	1057	1109	-1	0.59	attC	attC	attc_4	CALIN	No	341.0	lin
SRR22878282_binette_bin113.fasta	integron_01	k141_394046	attc_004	1298	1411	-1	0.0082	attC	attC	attc_4	CALIN	No	189.0	lin
SRR22878282_binette_bin113.fasta	integron_01	k141_394046	k141_394046_3	1406	1777	-1	NA	protein	protein	NA	CALIN	No	NA	lin
SRR22878282_binette_bin113.fasta	integron_01	k141_394589	attc_001	63	128	-1	0.0048	attC	attC	attc_4	CALIN	No	NA	lin
SRR22878282_binette_bin113.fasta	integron_01	k141_394589	k141_394589_1	130	732	-1	NA	protein	protein	NA	CALIN	No	NA	lin
SRR22878282_binette_bin113.fasta	integron_01	k141_394589	attc_002	686	765	-1	0.43	attC	attC	attc_4	CALIN	No	558.0	lin
SRR22878282_binette_bin113.fasta	integron_01	k141_394589	k141_394589_2	760	1074	-1	NA	protein	protein	NA	CALIN	No	NA	lin
SRR22878282_binette_bin113.fasta	integron_01	k141_394589	attc_003	1080	1157	-1	0.68	attC	attC	attc_4	CALIN	No	315.0	lin
SRR22878282_binette_bin113.fasta	integron_01	k141_394589	k141_394589_3	1141	1557	-1	NA	protein	protein	NA	CALIN	No	NA	lin
SRR22878282_binette_bin113.fasta	integron_01	k141_394589	attc_004	1565	1626	-1	0.023	attC	attC	attc_4	CALIN	No	408.0	lin
SRR22878282_binette_bin113.fasta	integron_01	k141_394589	k141_394589_4	1578	2111	-1	NA	protein	protein	NA	CALIN	No	NA	lin
SRR22878282_binette_bin113.fasta	integron_01	k141_394589	attc_005	2126	2191	-1	0.001	attC	attC	attc_4	CALIN	No	500.0	lin
SRR22878282_binette_bin113.fasta	integron_01	k141_394589	k141_394589_5	2198	2656	-1	NA	protein	protein	NA	CALIN	No	NA	lin
SRR22878282_binette_bin113.fasta	integron_01	k141_394589	attc_006	2663	2735	-1	0.025	attC	attC	attc_4	CALIN	No	472.0	lin
SRR22878282_binette_bin113.fasta	integron_01	k141_394589	k141_394589_6	2738	3190	-1	NA	protein	protein	NA	CALIN	No	NA	lin
SRR22878282_binette_bin113.fasta	integron_01	k141_394589	attc_007	3203	3255	-1	0.00042	attC	attC	attc_4	CALIN	No	468.0	lin
SRR22878282_binette_bin113.fasta	integron_01	k141_394589	k141_394589_7	3259	3627	-1	NA	protein	protein	NA	CALIN	No	NA	lin
SRR22878282_binette_bin113.fasta	integron_01	k141_394589	attc_008	3662	3745	-1	0.0011	attC	attC	attc_4	CALIN	No	407.0	lin
SRR22878282_binette_bin113.fasta	integron_01	k141_394589	k141_394589_8	3740	4180	-1	NA	protein	protein	NA	CALIN	No	NA	lin
SRR22878282_binette_bin113.fasta	integron_01	k141_394589	attc_009	3915	3959	-1	0.58	attC	attC	attc_4	CALIN	No	170.0	lin
SRR22878282_binette_bin113.fasta	integron_01	k141_394589	attc_010	4177	4239	-1	2.9e-06	attC	attC	attc_4	CALIN	No	218.0	lin
SRR22878282_binette_bin113.fasta	integron_01	k141_394589	k141_394589_9	4234	4500	-1	NA	protein	protein	NA	CALIN	No	NA	lin
SRR22878282_binette_bin113.fasta	integron_01	k141_394589	attc_011	4506	4578	-1	0.00015	attC	attC	attc_4	CALIN	No	267.0	lin
SRR22878282_binette_bin113.fasta	integron_01	k141_394589	k141_394589_10	4624	5205	-1	NA	protein	protein	NA	CALIN	No	NA	lin
SRR22878282_binette_bin113.fasta	integron_01	k141_394589	attc_012	4932	5072	-1	0.67	attC	attC	attc_4	CALIN	No	354.0	lin
SRR22878282_binette_bin114.fasta	integron_01	k141_261388	k141_261388_1	3	266	-1	NA	protein	protein	NA	CALIN	No	NA	lin
SRR22878282_binette_bin114.fasta	integron_01	k141_261388	attc_001	5	80	1	0.25	attC	attC	attc_4	CALIN	No	NA	lin
SRR22878282_binette_bin114.fasta	integron_01	k141_261388	k141_261388_2	605	1918	-1	NA	protein	protein	NA	CALIN	No	NA	lin
SRR22878282_binette_bin114.fasta	integron_01	k141_261388	attc_002	1814	1878	1	0.064	attC	attC	attc_4	CALIN	No	1734.0	lin
SRR22878282_binette_bin127.fasta	integron_01	k141_280862	k141_280862_1	19	999	-1	2.4000000000000002e-30	protein	intI	intersection_tyr_intI	In0	No	NA	lin
SRR22878282_binette_bin131.fasta	integron_01	k141_296708	k141_296708_3	2334	2657	-1	NA	protein	protein	NA	CALIN	No	NA	lin
SRR22878282_binette_bin131.fasta	integron_01	k141_296708	attc_001	2664	2759	-1	0.05	attC	attC	attc_4	CALIN	No	NA	lin
SRR22878282_binette_bin131.fasta	integron_01	k141_296708	k141_296708_4	2738	3142	-1	NA	protein	protein	NA	CALIN	No	NA	lin
SRR22878282_binette_bin131.fasta	integron_01	k141_296708	attc_002	3150	3250	-1	5.6e-07	attC	attC	attc_4	CALIN	No	391.0	lin
SRR22878282_binette_bin131.fasta	integron_01	k141_296708	k141_296708_5	3255	4268	-1	NA	protein	protein	NA	CALIN	No	NA	lin
SRR22878282_binette_bin131.fasta	integron_01	k141_296708	attc_003	4295	4392	-1	0.12	attC	attC	attc_4	CALIN	No	1045.0	lin
SRR22878282_binette_bin131.fasta	integron_01	k141_296708	k141_296708_6	4387	4791	-1	NA	protein	protein	NA	CALIN	No	NA	lin
SRR22878282_binette_bin131.fasta	integron_01	k141_17218	k141_17218_1	27	452	1	NA	protein	protein	NA	CALIN	No	NA	lin
SRR22878282_binette_bin131.fasta	integron_01	k141_17218	attc_001	425	521	1	2.8e-05	attC	attC	attc_4	CALIN	No	NA	lin
SRR22878282_binette_bin131.fasta	integron_01	k141_17218	k141_17218_2	549	725	1	NA	protein	protein	NA	CALIN	No	NA	lin
SRR22878282_binette_bin131.fasta	integron_01	k141_17218	attc_002	641	698	1	0.3	attC	attC	attc_4	CALIN	No	120.0	lin
SRR22878282_binette_bin131.fasta	integron_01	k141_17218	k141_17218_3	853	1458	1	NA	protein	protein	NA	CALIN	No	NA	lin
SRR22878282_binette_bin131.fasta	integron_01	k141_17218	attc_003	1462	1503	1	0.22	attC	attC	attc_4	CALIN	No	764.0	lin
SRR22878282_binette_bin131.fasta	integron_01	k141_17218	k141_17218_4	1509	1862	1	NA	protein	protein	NA	CALIN	No	NA	lin
SRR22878282_binette_bin131.fasta	integron_01	k141_17218	attc_004	1870	1959	1	0.37	attC	attC	attc_4	CALIN	No	367.0	lin
SRR22878282_binette_bin131.fasta	integron_01	k141_17218	k141_17218_5	1977	2225	1	NA	protein	protein	NA	CALIN	No	NA	lin
SRR22878282_binette_bin131.fasta	integron_01	k141_17218	k141_17218_6	2419	2841	1	NA	protein	protein	NA	CALIN	No	NA	lin
SRR22878282_binette_bin131.fasta	integron_01	k141_17218	attc_005	2643	2692	1	0.54	attC	attC	attc_4	CALIN	No	684.0	lin
SRR22878282_binette_bin131.fasta	integron_01	k141_370326	k141_370326_2	129	461	1	NA	protein	protein	NA	CALIN	No	NA	lin
SRR22878282_binette_bin131.fasta	integron_01	k141_370326	attc_001	573	687	1	0.21	attC	attC	attc_4	CALIN	No	NA	lin
SRR22878282_binette_bin131.fasta	integron_01	k141_370326	k141_370326_3	725	1012	1	NA	protein	protein	NA	CALIN	No	NA	lin
SRR22878282_binette_bin131.fasta	integron_01	k141_370326	k141_370326_4	1521	1766	1	NA	protein	protein	NA	CALIN	No	NA	lin
SRR22878282_binette_bin131.fasta	integron_01	k141_370326	attc_002	1771	1838	1	0.1	attC	attC	attc_4	CALIN	No	1084.0	lin
SRR22878282_binette_bin131.fasta	integron_01	k141_370326	k141_370326_5	1894	3027	1	NA	protein	protein	NA	CALIN	No	NA	lin
SRR22878282_binette_bin131.fasta	integron_01	k141_370326	attc_003	3046	3142	1	0.0069	attC	attC	attc_4	CALIN	No	1208.0	lin
SRR22878282_binette_bin131.fasta	integron_01	k141_370326	k141_370326_6	3166	3768	1	NA	protein	protein	NA	CALIN	No	NA	lin
SRR22878282_binette_bin131.fasta	integron_01	k141_370326	attc_004	3240	3294	1	0.79	attC	attC	attc_4	CALIN	No	98.0	lin
SRR22878282_binette_bin131.fasta	integron_01	k141_498680	k141_498680_1	212	577	1	NA	protein	protein	NA	CALIN	No	NA	lin
SRR22878282_binette_bin131.fasta	integron_01	k141_498680	attc_001	572	640	1	0.016	attC	attC	attc_4	CALIN	No	NA	lin
SRR22878282_binette_bin131.fasta	integron_01	k141_498680	k141_498680_2	655	1110	1	NA	protein	protein	NA	CALIN	No	NA	lin
SRR22878282_binette_bin131.fasta	integron_01	k141_498680	attc_002	1105	1170	1	0.00044	attC	attC	attc_4	CALIN	No	465.0	lin
SRR22878282_binette_bin131.fasta	integron_01	k141_498680	k141_498680_3	1184	1618	1	NA	protein	protein	NA	CALIN	No	NA	lin
SRR22878282_binette_bin131.fasta	integron_01	k141_498680	attc_003	1613	1698	1	0.001	attC	attC	attc_4	CALIN	No	443.0	lin
SRR22878282_binette_bin131.fasta	integron_01	k141_498680	k141_498680_4	1714	1887	1	NA	protein	protein	NA	CALIN	No	NA	lin
SRR22878282_binette_bin132.fasta	integron_01	k141_33168	k141_33168_1	3	1016	1	NA	protein	protein	NA	CALIN	No	NA	lin
SRR22878282_binette_bin132.fasta	integron_01	k141_33168	attc_001	59	178	-1	8.1e-05	attC	attC	attc_4	CALIN	No	NA	lin
SRR22878282_binette_bin132.fasta	integron_01	k141_33168	attc_002	326	448	-1	0.0013	attC	attC	attc_4	CALIN	No	148.0	lin
SRR22878282_binette_bin133.fasta	integron_01	k141_128442	k141_128442_1	2	205	-1	NA	protein	protein	NA	CALIN	No	NA	lin
SRR22878282_binette_bin133.fasta	integron_01	k141_128442	attc_001	216	288	-1	0.23	attC	attC	attc_4	CALIN	No	NA	lin
SRR22878282_binette_bin133.fasta	integron_01	k141_128442	k141_128442_2	283	1005	-1	NA	protein	protein	NA	CALIN	No	NA	lin
SRR22878282_binette_bin133.fasta	integron_01	k141_128442	attc_002	1031	1111	-1	0.00055	attC	attC	attc_4	CALIN	No	743.0	lin
SRR22878282_binette_bin133.fasta	integron_01	k141_128442	k141_128442_3	1119	1451	-1	NA	protein	protein	NA	CALIN	No	NA	lin
SRR22878282_binette_bin14.fasta	integron_01	k141_454644	k141_454644_1	2	1327	1	NA	protein	protein	NA	CALIN	No	NA	lin
SRR22878282_binette_bin14.fasta	integron_01	k141_454644	attc_001	592	656	1	0.28	attC	attC	attc_4	CALIN	No	NA	lin
SRR22878282_binette_bin14.fasta	integron_01	k141_454644	k141_454644_2	1529	3022	1	NA	protein	protein	NA	CALIN	No	NA	lin
SRR22878282_binette_bin14.fasta	integron_01	k141_454644	k141_454644_3	3617	6697	1	NA	protein	protein	NA	CALIN	No	NA	lin
SRR22878282_binette_bin14.fasta	integron_01	k141_454644	attc_002	3722	3835	1	0.98	attC	attC	attc_4	CALIN	No	3066.0	lin
SRR22878282_binette_bin14.fasta	integron_01	k141_230318	k141_230318_4	866	1369	-1	NA	protein	protein	NA	CALIN	No	NA	lin
SRR22878282_binette_bin14.fasta	integron_01	k141_230318	attc_001	1117	1231	1	0.0023	attC	attC	attc_4	CALIN	No	NA	lin
SRR22878282_binette_bin14.fasta	integron_01	k141_230318	attc_002	1371	1558	1	0.22	attC	attC	attc_4	CALIN	No	140.0	lin
SRR22878282_binette_bin14.fasta	integron_01	k141_230318	k141_230318_5	1553	1783	-1	NA	protein	protein	NA	CALIN	No	NA	lin
SRR22878282_binette_bin14.fasta	integron_01	k141_230318	k141_230318_6	1808	2269	-1	NA	protein	protein	NA	CALIN	No	NA	lin
SRR22878282_binette_bin14.fasta	integron_01	k141_230318	attc_003	2119	2202	1	0.68	attC	attC	attc_4	CALIN	No	561.0	lin
SRR22878282_binette_bin14.fasta	integron_01	k141_230318	k141_230318_7	2343	2579	-1	NA	protein	protein	NA	CALIN	No	NA	lin
SRR22878282_binette_bin14.fasta	integron_01	k141_230318	k141_230318_8	2649	3074	-1	NA	protein	protein	NA	CALIN	No	NA	lin
SRR22878282_binette_bin14.fasta	integron_01	k141_230318	attc_004	3116	3186	1	0.27	attC	attC	attc_4	CALIN	No	914.0	lin
SRR22878282_binette_bin14.fasta	integron_01	k141_230318	k141_230318_9	3181	3390	-1	NA	protein	protein	NA	CALIN	No	NA	lin
SRR22878282_binette_bin14.fasta	integron_01	k141_4486	k141_4486_8	7159	7539	-1	NA	protein	protein	NA	CALIN	No	NA	lin
SRR22878282_binette_bin14.fasta	integron_01	k141_4486	attc_001	7554	7658	-1	0.033	attC	attC	attc_4	CALIN	No	NA	lin
SRR22878282_binette_bin14.fasta	integron_01	k141_4486	k141_4486_9	7677	8165	-1	NA	protein	protein	NA	CALIN	No	NA	lin
SRR22878282_binette_bin14.fasta	integron_01	k141_4486	attc_002	8206	8271	-1	4.8e-05	attC	attC	attc_4	CALIN	No	548.0	lin
SRR22878282_binette_bin14.fasta	integron_01	k141_4486	k141_4486_10	8266	8697	-1	NA	protein	protein	NA	CALIN	No	NA	lin
SRR22878282_binette_bin14.fasta	integron_01	k141_4486	attc_003	8721	8829	-1	0.019	attC	attC	attc_4	CALIN	No	450.0	lin
SRR22878282_binette_bin14.fasta	integron_01	k141_4486	k141_4486_11	8824	9036	-1	NA	protein	protein	NA	CALIN	No	NA	lin
SRR22878282_binette_bin14.fasta	integron_01	k141_4486	attc_004	9062	9139	-1	0.00039	attC	attC	attc_4	CALIN	No	233.0	lin
SRR22878282_binette_bin14.fasta	integron_01	k141_4486	k141_4486_12	9144	9329	-1	NA	protein	protein	NA	CALIN	No	NA	lin
SRR22878282_binette_bin14.fasta	integron_01	k141_4486	attc_005	9375	9440	-1	0.22	attC	attC	attc_4	CALIN	No	236.0	lin
SRR22878282_binette_bin14.fasta	integron_01	k141_4486	k141_4486_13	9449	10336	-1	NA	protein	protein	NA	CALIN	No	NA	lin
SRR22878282_binette_bin14.fasta	integron_01	k141_4486	attc_006	10396	10501	-1	2.6e-05	attC	attC	attc_4	CALIN	No	956.0	lin
SRR22878282_binette_bin14.fasta	integron_01	k141_519651	k141_519651_3	2229	2420	1	NA	protein	protein	NA	CALIN	No	NA	lin
SRR22878282_binette_bin14.fasta	integron_01	k141_519651	attc_001	2415	2520	1	0.02	attC	attC	attc_4	CALIN	No	NA	lin
SRR22878282_binette_bin14.fasta	integron_01	k141_519651	k141_519651_4	2502	3767	-1	NA	protein	protein	NA	CALIN	No	NA	lin
SRR22878282_binette_bin14.fasta	integron_01	k141_519651	k141_519651_5	3771	4664	-1	NA	protein	protein	NA	CALIN	No	NA	lin
SRR22878282_binette_bin14.fasta	integron_01	k141_519651	attc_002	3822	3874	1	0.91	attC	attC	attc_4	CALIN	No	1302.0	lin
SRR22878282_binette_bin14.fasta	integron_01	k141_245180	k141_245180_1	3	467	-1	NA	protein	protein	NA	CALIN	No	NA	lin
SRR22878282_binette_bin14.fasta	integron_01	k141_245180	attc_001	429	556	1	0.53	attC	attC	attc_4	CALIN	No	NA	lin
SRR22878282_binette_bin14.fasta	integron_01	k141_245180	k141_245180_2	464	1645	-1	NA	protein	protein	NA	CALIN	No	NA	lin
SRR22878282_binette_bin14.fasta	integron_01	k141_245180	k141_245180_3	1826	2557	1	NA	protein	protein	NA	CALIN	No	NA	lin
SRR22878282_binette_bin14.fasta	integron_01	k141_245180	attc_002	2150	2299	1	0.021	attC	attC	attc_4	CALIN	No	1594.0	lin
SRR22878282_binette_bin14.fasta	integron_01	k141_530018	k141_530018_12	13518	16685	-1	NA	protein	protein	NA	CALIN	No	NA	lin
SRR22878282_binette_bin14.fasta	integron_01	k141_530018	attc_001	16571	16627	-1	0.22	attC	attC	attc_4	CALIN	No	NA	lin
SRR22878282_binette_bin14.fasta	integron_01	k141_530018	k141_530018_13	17829	18032	1	NA	protein	protein	NA	CALIN	No	NA	lin
SRR22878282_binette_bin14.fasta	integron_01	k141_530018	k141_530018_14	18456	19421	1	NA	protein	protein	NA	CALIN	No	NA	lin
SRR22878282_binette_bin14.fasta	integron_01	k141_530018	attc_002	19669	19774	-1	0.007	attC	attC	attc_4	CALIN	No	3042.0	lin
SRR22878282_binette_bin14.fasta	integron_01	k141_530018	k141_530018_15	19769	20149	-1	NA	protein	protein	NA	CALIN	No	NA	lin
SRR22878282_binette_bin14.fasta	integron_01	k141_473146	k141_473146_3	3462	4625	1	NA	protein	protein	NA	complete	No	NA	lin
SRR22878282_binette_bin14.fasta	integron_01	k141_473146	attc_001	4379	4422	1	0.11	attC	attC	attc_4	complete	No	NA	lin
SRR22878282_binette_bin14.fasta	integron_01	k141_473146	k141_473146_4	4688	5656	-1	1.7e-24	protein	intI	intersection_tyr_intI	complete	No	NA	lin
SRR22878282_binette_bin14.fasta	integron_01	k141_28576	k141_28576_1	1	138	1	NA	protein	protein	NA	CALIN	No	NA	lin
SRR22878282_binette_bin14.fasta	integron_01	k141_28576	attc_001	141	188	-1	0.001	attC	attC	attc_4	CALIN	No	NA	lin
SRR22878282_binette_bin14.fasta	integron_01	k141_28576	k141_28576_2	194	1426	-1	NA	protein	protein	NA	CALIN	No	NA	lin
SRR22878282_binette_bin14.fasta	integron_01	k141_28576	k141_28576_3	1430	2146	-1	NA	protein	protein	NA	CALIN	No	NA	lin
SRR22878282_binette_bin14.fasta	integron_01	k141_28576	attc_002	2230	2335	-1	2.3e-05	attC	attC	attc_4	CALIN	No	2042.0	lin
SRR22878282_binette_bin14.fasta	integron_01	k141_28576	k141_28576_4	2353	2709	-1	NA	protein	protein	NA	CALIN	No	NA	lin
SRR22878282_binette_bin14.fasta	integron_01	k141_28576	attc_003	2653	2795	-1	5.9e-05	attC	attC	attc_4	CALIN	No	318.0	lin
SRR22878282_binette_bin14.fasta	integron_01	k141_28576	k141_28576_5	2834	3154	-1	NA	protein	protein	NA	CALIN	No	NA	lin
SRR22878282_binette_bin14.fasta	integron_01	k141_389303	k141_389303_1	59	505	1	NA	protein	protein	NA	CALIN	No	NA	lin
SRR22878282_binette_bin14.fasta	integron_01	k141_389303	attc_001	545	652	1	0.00039	attC	attC	attc_4	CALIN	No	NA	lin
SRR22878282_binette_bin14.fasta	integron_01	k141_389303	k141_389303_2	647	949	-1	NA	protein	protein	NA	CALIN	No	NA	lin
SRR22878282_binette_bin14.fasta	integron_01	k141_389303	k141_389303_3	946	1188	-1	NA	protein	protein	NA	CALIN	No	NA	lin
SRR22878282_binette_bin14.fasta	integron_01	k141_389303	attc_002	1251	1366	1	0.39	attC	attC	attc_4	CALIN	No	599.0	lin
SRR22878282_binette_bin14.fasta	integron_01	k141_389303	k141_389303_4	1378	1758	1	NA	protein	protein	NA	CALIN	No	NA	lin
SRR22878282_binette_bin14.fasta	integron_01	k141_389303	k141_389303_5	1877	2395	1	NA	protein	protein	NA	CALIN	No	NA	lin
SRR22878282_binette_bin14.fasta	integron_01	k141_389303	attc_003	2390	2506	1	0.28	attC	attC	attc_4	CALIN	No	1024.0	lin
SRR22878282_binette_bin14.fasta	integron_01	k141_389303	k141_389303_6	2526	3221	1	NA	protein	protein	NA	CALIN	No	NA	lin
SRR22878282_binette_bin14.fasta	integron_01	k141_389303	attc_004	3216	3308	1	0.00027	attC	attC	attc_4	CALIN	No	710.0	lin
SRR22878282_binette_bin14.fasta	integron_01	k141_389303	k141_389303_7	3473	4738	-1	NA	protein	protein	NA	CALIN	No	NA	lin
SRR22878282_binette_bin15.fasta	integron_01	k141_117580	k141_117580_4	2116	2427	-1	NA	protein	protein	NA	CALIN	No	NA	lin
SRR22878282_binette_bin15.fasta	integron_01	k141_117580	attc_001	2443	2544	-1	7.7e-05	attC	attC	attc_4	CALIN	No	NA	lin
SRR22878282_binette_bin15.fasta	integron_01	k141_117580	k141_117580_5	2562	2723	-1	NA	protein	protein	NA	CALIN	No	NA	lin
SRR22878282_binette_bin15.fasta	integron_01	k141_117580	attc_002	2682	2844	-1	0.49	attC	attC	attc_4	CALIN	No	138.0	lin
SRR22878282_binette_bin15.fasta	integron_01	k141_344048	k141_344048_4	4745	6196	-1	NA	protein	protein	NA	CALIN	No	NA	lin
SRR22878282_binette_bin15.fasta	integron_01	k141_344048	attc_001	6098	6153	1	0.43	attC	attC	attc_4	CALIN	No	NA	lin
SRR22878282_binette_bin15.fasta	integron_01	k141_344048	k141_344048_5	6498	6962	1	NA	protein	protein	NA	CALIN	No	NA	lin
SRR22878282_binette_bin15.fasta	integron_01	k141_344048	attc_002	6943	7033	1	0.34	attC	attC	attc_4	CALIN	No	790.0	lin
SRR22878282_binette_bin15.fasta	integron_01	k141_344048	k141_344048_6	7164	8126	1	NA	protein	protein	NA	CALIN	No	NA	lin
SRR22878282_binette_bin15.fasta	integron_01	k141_232348	k141_232348_11	7094	8041	1	NA	protein	protein	NA	CALIN	No	NA	lin
SRR22878282_binette_bin15.fasta	integron_01	k141_232348	attc_001	8072	8136	-1	0.11	attC	attC	attc_4	CALIN	No	NA	lin
SRR22878282_binette_bin15.fasta	integron_01	k141_232348	k141_232348_12	8198	9727	-1	NA	protein	protein	NA	CALIN	No	NA	lin
SRR22878282_binette_bin15.fasta	integron_01	k141_232348	k141_232348_13	9724	10992	-1	NA	protein	protein	NA	CALIN	No	NA	lin
SRR22878282_binette_bin15.fasta	integron_01	k141_232348	k141_232348_14	11085	13007	-1	NA	protein	protein	NA	CALIN	No	NA	lin
SRR22878282_binette_bin15.fasta	integron_01	k141_232348	attc_002	11533	11669	-1	0.32	attC	attC	attc_4	CALIN	No	3397.0	lin
SRR22878282_binette_bin16.fasta	integron_01	k141_127979	k141_127979_5	4111	6099	-1	NA	protein	protein	NA	CALIN	No	NA	lin
SRR22878282_binette_bin16.fasta	integron_01	k141_127979	attc_001	5297	5349	-1	0.019	attC	attC	attc_4	CALIN	No	NA	lin
SRR22878282_binette_bin16.fasta	integron_01	k141_127979	attc_002	5940	6025	-1	0.96	attC	attC	attc_4	CALIN	No	591.0	lin
SRR22878282_binette_bin16.fasta	integron_01	k141_127979	k141_127979_6	6179	7219	-1	NA	protein	protein	NA	CALIN	No	NA	lin
SRR22878282_binette_bin168.fasta	integron_01	k141_445789	k141_445789_1	3	596	-1	NA	protein	protein	NA	CALIN	No	NA	lin
SRR22878282_binette_bin168.fasta	integron_01	k141_445789	attc_001	276	354	-1	0.21	attC	attC	attc_4	CALIN	No	NA	lin
SRR22878282_binette_bin168.fasta	integron_01	k141_445789	k141_445789_2	688	2007	-1	NA	protein	protein	NA	CALIN	No	NA	lin
SRR22878282_binette_bin168.fasta	integron_01	k141_445789	k141_445789_3	2010	2456	-1	NA	protein	protein	NA	CALIN	No	NA	lin
SRR22878282_binette_bin168.fasta	integron_01	k141_445789	attc_002	2168	2231	-1	0.0085	attC	attC	attc_4	CALIN	No	1814.0	lin
SRR22878282_binette_bin168.fasta	integron_01	k141_445789	k141_445789_4	2471	3268	-1	NA	protein	protein	NA	CALIN	No	NA	lin
SRR22878282_binette_bin168.fasta	integron_01	k141_445789	attc_003	2929	3003	-1	0.33	attC	attC	attc_4	CALIN	No	698.0	lin
SRR22878282_binette_bin172.fasta	integron_01	k141_66792	attc_001	28	96	1	6.5e-06	attC	attC	attc_4	CALIN	No	NA	lin
SRR22878282_binette_bin172.fasta	integron_01	k141_66792	k141_66792_1	112	627	1	NA	protein	protein	NA	CALIN	No	NA	lin
SRR22878282_binette_bin172.fasta	integron_01	k141_66792	attc_002	622	702	1	0.003	attC	attC	attc_4	CALIN	No	526.0	lin
SRR22878282_binette_bin172.fasta	integron_01	k141_66792	k141_66792_2	690	1181	1	NA	protein	protein	NA	CALIN	No	NA	lin
SRR22878282_binette_bin172.fasta	integron_01	k141_66792	attc_003	1188	1232	1	0.37	attC	attC	attc_4	CALIN	No	486.0	lin
SRR22878282_binette_bin174.fasta	integron_01	k141_31109	attc_001	1	121	1	0.36	attC	attC	attc_4	CALIN	No	NA	lin
SRR22878282_binette_bin174.fasta	integron_01	k141_31109	k141_31109_1	135	857	1	NA	protein	protein	NA	CALIN	No	NA	lin
SRR22878282_binette_bin174.fasta	integron_01	k141_31109	attc_002	861	986	1	0.0079	attC	attC	attc_4	CALIN	No	740.0	lin
SRR22878282_binette_bin176.fasta	integron_01	k141_391804	attc_001	51	152	1	7.3e-06	attC	attC	attc_4	CALIN	No	NA	lin
SRR22878282_binette_bin176.fasta	integron_01	k141_391804	k141_391804_1	175	552	1	NA	protein	protein	NA	CALIN	No	NA	lin
SRR22878282_binette_bin176.fasta	integron_01	k141_391804	attc_002	547	644	1	1.2e-06	attC	attC	attc_4	CALIN	No	395.0	lin
SRR22878282_binette_bin176.fasta	integron_01	k141_391804	k141_391804_2	658	963	1	NA	protein	protein	NA	CALIN	No	NA	lin
SRR22878282_binette_bin176.fasta	integron_01	k141_391804	attc_003	958	1056	1	1.2e-08	attC	attC	attc_4	CALIN	No	314.0	lin
SRR22878282_binette_bin176.fasta	integron_01	k141_391804	k141_391804_3	1061	1498	1	NA	protein	protein	NA	CALIN	No	NA	lin
SRR22878282_binette_bin176.fasta	integron_01	k141_391804	attc_004	1480	1584	1	9e-05	attC	attC	attc_4	CALIN	No	424.0	lin
SRR22878282_binette_bin176.fasta	integron_01	k141_391804	k141_391804_4	1601	1714	1	NA	protein	protein	NA	CALIN	No	NA	lin
SRR22878282_binette_bin177.fasta	integron_01	k141_229375	k141_229375_1	54	443	-1	NA	protein	protein	NA	CALIN	No	NA	lin
SRR22878282_binette_bin177.fasta	integron_01	k141_229375	attc_001	380	493	-1	4.2e-05	attC	attC	attc_4	CALIN	No	NA	lin
SRR22878282_binette_bin177.fasta	integron_01	k141_229375	k141_229375_2	497	910	-1	NA	protein	protein	NA	CALIN	No	NA	lin
SRR22878282_binette_bin177.fasta	integron_01	k141_229375	attc_002	917	1026	-1	0.0014	attC	attC	attc_4	CALIN	No	424.0	lin
SRR22878282_binette_bin177.fasta	integron_01	k141_229375	k141_229375_3	1021	1560	-1	NA	protein	protein	NA	CALIN	No	NA	lin
SRR22878282_binette_bin177.fasta	integron_01	k141_229375	attc_003	1572	1650	-1	4.2e-05	attC	attC	attc_4	CALIN	No	546.0	lin
SRR22878282_binette_bin177.fasta	integron_01	k141_229375	k141_229375_4	1655	2092	-1	NA	protein	protein	NA	CALIN	No	NA	lin
SRR22878282_binette_bin177.fasta	integron_01	k141_112442	k141_112442_1	2	190	-1	NA	protein	protein	NA	CALIN	No	NA	lin
SRR22878282_binette_bin177.fasta	integron_01	k141_112442	attc_001	187	267	-1	1.1e-05	attC	attC	attc_4	CALIN	No	NA	lin
SRR22878282_binette_bin177.fasta	integron_01	k141_112442	k141_112442_2	278	682	-1	NA	protein	protein	NA	CALIN	No	NA	lin
SRR22878282_binette_bin177.fasta	integron_01	k141_112442	attc_002	689	748	-1	0.00013	attC	attC	attc_4	CALIN	No	422.0	lin
SRR22878282_binette_bin177.fasta	integron_01	k141_112442	k141_112442_3	755	1084	-1	NA	protein	protein	NA	CALIN	No	NA	lin
SRR22878282_binette_bin177.fasta	integron_01	k141_112442	attc_003	1096	1164	-1	0.06	attC	attC	attc_4	CALIN	No	348.0	lin
SRR22878282_binette_bin19.fasta	integron_01	k141_290306	k141_290306_1	87	3572	-1	NA	protein	protein	NA	CALIN	No	NA	lin
SRR22878282_binette_bin19.fasta	integron_01	k141_290306	attc_001	2064	2148	-1	0.83	attC	attC	attc_4	CALIN	No	NA	lin
SRR22878282_binette_bin19.fasta	integron_01	k141_290306	attc_002	3664	3729	-1	0.68	attC	attC	attc_4	CALIN	No	1516.0	lin
SRR22878282_binette_bin19.fasta	integron_01	k141_290306	k141_290306_2	3673	5262	1	NA	protein	protein	NA	CALIN	No	NA	lin
SRR22878282_binette_bin19.fasta	integron_01	k141_290306	k141_290306_3	5293	5688	-1	NA	protein	protein	NA	CALIN	No	NA	lin
SRR22878282_binette_bin19.fasta	integron_01	k141_290306	k141_290306_4	5800	6771	-1	NA	protein	protein	NA	CALIN	No	NA	lin
SRR22878282_binette_bin19.fasta	integron_01	k141_290306	k141_290306_5	6815	7417	-1	NA	protein	protein	NA	CALIN	No	NA	lin
SRR22878282_binette_bin19.fasta	integron_01	k141_290306	attc_003	7417	7461	-1	0.086	attC	attC	attc_4	CALIN	No	3688.0	lin
SRR22878282_binette_bin194.fasta	integron_01	k141_8477	attc_001	2051	2144	1	0.063	attC	attC	attc_4	CALIN	No	NA	lin
SRR22878282_binette_bin194.fasta	integron_01	k141_8477	attc_002	2256	2315	1	0.44	attC	attC	attc_4	CALIN	No	112.0	lin
SRR22878282_binette_bin194.fasta	integron_01	k141_200316	k141_200316_1	1	612	1	NA	protein	protein	NA	CALIN	No	NA	lin
SRR22878282_binette_bin194.fasta	integron_01	k141_200316	attc_001	538	717	1	0.15	attC	attC	attc_4	CALIN	No	NA	lin
SRR22878282_binette_bin194.fasta	integron_01	k141_200316	k141_200316_2	624	854	1	NA	protein	protein	NA	CALIN	No	NA	lin
SRR22878282_binette_bin194.fasta	integron_01	k141_200316	k141_200316_3	854	1033	1	NA	protein	protein	NA	CALIN	No	NA	lin
SRR22878282_binette_bin194.fasta	integron_01	k141_200316	attc_002	976	1023	1	0.38	attC	attC	attc_4	CALIN	No	259.0	lin
SRR22878282_binette_bin194.fasta	integron_01	k141_200316	k141_200316_4	1106	1459	1	NA	protein	protein	NA	CALIN	No	NA	lin
SRR22878282_binette_bin194.fasta	integron_01	k141_109044	k141_109044_1	3	1328	1	NA	protein	protein	NA	CALIN	No	NA	lin
SRR22878282_binette_bin194.fasta	integron_01	k141_109044	attc_001	1116	1192	1	0.61	attC	attC	attc_4	CALIN	No	NA	lin
SRR22878282_binette_bin194.fasta	integron_01	k141_109044	attc_002	1435	1567	1	0.026	attC	attC	attc_4	CALIN	No	243.0	lin
SRR22878282_binette_bin194.fasta	integron_01	k141_109044	k141_109044_2	1468	1683	-1	NA	protein	protein	NA	CALIN	No	NA	lin
SRR22878282_binette_bin2.fasta	integron_01	k141_116949	attc_001	71	181	1	3.6e-05	attC	attC	attc_4	CALIN	No	NA	lin
SRR22878282_binette_bin2.fasta	integron_01	k141_116949	k141_116949_1	199	576	1	NA	protein	protein	NA	CALIN	No	NA	lin
SRR22878282_binette_bin2.fasta	integron_01	k141_116949	attc_002	577	707	1	1.2e-07	attC	attC	attc_4	CALIN	No	396.0	lin
SRR22878282_binette_bin2.fasta	integron_01	k141_116949	k141_116949_2	727	1053	1	NA	protein	protein	NA	CALIN	No	NA	lin
SRR22878282_binette_bin2.fasta	integron_01	k141_116966	attc_001	80	190	1	7.1e-06	attC	attC	attc_4	CALIN	No	NA	lin
SRR22878282_binette_bin2.fasta	integron_01	k141_116966	k141_116966_1	208	522	1	NA	protein	protein	NA	CALIN	No	NA	lin
SRR22878282_binette_bin2.fasta	integron_01	k141_116966	attc_002	527	619	1	1.1e-05	attC	attC	attc_4	CALIN	No	337.0	lin
SRR22878282_binette_bin2.fasta	integron_01	k141_116966	attc_003	923	1033	1	0.0018	attC	attC	attc_4	CALIN	No	304.0	lin
SRR22878282_binette_bin2.fasta	integron_01	k141_116966	k141_116966_2	1037	1138	1	NA	protein	protein	NA	CALIN	No	NA	lin
SRR22878282_binette_bin2.fasta	integron_01	k141_230408	k141_230408_19	23318	23764	1	NA	protein	protein	NA	CALIN	No	NA	lin
SRR22878282_binette_bin2.fasta	integron_01	k141_230408	attc_001	23759	23873	1	0.024	attC	attC	attc_4	CALIN	No	NA	lin
SRR22878282_binette_bin2.fasta	integron_01	k141_230408	attc_002	24180	24290	1	0.0029	attC	attC	attc_4	CALIN	No	307.0	lin
SRR22878282_binette_bin2.fasta	integron_01	k141_230408	k141_230408_20	24313	24675	1	NA	protein	protein	NA	CALIN	No	NA	lin
SRR22878282_binette_bin2.fasta	integron_01	k141_230408	attc_003	24702	24819	1	0.32	attC	attC	attc_4	CALIN	No	412.0	lin
SRR22878282_binette_bin2.fasta	integron_01	k141_61694	k141_61694_2	203	427	1	NA	protein	protein	NA	CALIN	No	NA	lin
SRR22878282_binette_bin2.fasta	integron_01	k141_61694	attc_001	463	576	1	1.3e-06	attC	attC	attc_4	CALIN	No	NA	lin
SRR22878282_binette_bin2.fasta	integron_01	k141_61694	k141_61694_3	607	1011	1	NA	protein	protein	NA	CALIN	No	NA	lin
SRR22878282_binette_bin2.fasta	integron_01	k141_61694	attc_002	1012	1098	1	0.0056	attC	attC	attc_4	CALIN	No	436.0	lin
SRR22878282_binette_bin2.fasta	integron_01	k141_61694	k141_61694_4	1154	1237	1	NA	protein	protein	NA	CALIN	No	NA	lin
SRR22878282_binette_bin2.fasta	integron_01	k141_175353	attc_001	34	143	1	1.6e-05	attC	attC	attc_4	CALIN	No	NA	lin
SRR22878282_binette_bin2.fasta	integron_01	k141_175353	k141_175353_1	157	645	1	NA	protein	protein	NA	CALIN	No	NA	lin
SRR22878282_binette_bin2.fasta	integron_01	k141_175353	attc_002	640	717	1	0.031	attC	attC	attc_4	CALIN	No	497.0	lin
SRR22878282_binette_bin2.fasta	integron_01	k141_175353	k141_175353_2	799	2061	1	NA	protein	protein	NA	CALIN	No	NA	lin
SRR22878282_binette_bin2.fasta	integron_01	k141_175353	attc_003	2019	2067	1	0.67	attC	attC	attc_4	CALIN	No	1302.0	lin
SRR22878282_binette_bin2.fasta	integron_01	k141_175353	attc_004	2078	2155	1	0.0012	attC	attC	attc_4	CALIN	No	11.0	lin
SRR22878282_binette_bin2.fasta	integron_01	k141_175353	k141_175353_3	2188	2448	1	NA	protein	protein	NA	CALIN	No	NA	lin
SRR22878282_binette_bin2.fasta	integron_01	k141_175353	attc_005	2452	2620	1	0.21	attC	attC	attc_4	CALIN	No	297.0	lin
SRR22878282_binette_bin2.fasta	integron_01	k141_403404	k141_403404_1	167	883	-1	NA	protein	protein	NA	CALIN	No	NA	lin
SRR22878282_binette_bin2.fasta	integron_01	k141_403404	k141_403404_2	864	1043	-1	NA	protein	protein	NA	CALIN	No	NA	lin
SRR22878282_binette_bin2.fasta	integron_01	k141_403404	attc_001	894	1021	-1	6.5e-07	attC	attC	attc_4	CALIN	No	NA	lin
SRR22878282_binette_bin2.fasta	integron_01	k141_403404	k141_403404_3	1027	1365	-1	NA	protein	protein	NA	CALIN	No	NA	lin
SRR22878282_binette_bin2.fasta	integron_01	k141_403404	k141_403404_4	1512	2654	1	NA	protein	protein	NA	CALIN	No	NA	lin
SRR22878282_binette_bin2.fasta	integron_01	k141_403404	attc_002	3033	3134	-1	0.054	attC	attC	attc_4	CALIN	No	2012.0	lin
SRR22878282_binette_bin2.fasta	integron_01	k141_403404	k141_403404_5	3136	4482	-1	NA	protein	protein	NA	CALIN	No	NA	lin
SRR22878282_binette_bin2.fasta	integron_01	k141_403404	attc_003	4497	4605	-1	0.009	attC	attC	attc_4	CALIN	No	1363.0	lin
SRR22878282_binette_bin2.fasta	integron_01	k141_403404	attc_004	4972	5082	-1	2.4e-06	attC	attC	attc_4	CALIN	No	367.0	lin
SRR22878282_binette_bin2.fasta	integron_01	k141_290502	k141_290502_2	118	270	1	NA	protein	protein	NA	CALIN	No	NA	lin
SRR22878282_binette_bin2.fasta	integron_01	k141_290502	attc_001	469	546	1	1.4e-07	attC	attC	attc_4	CALIN	No	NA	lin
SRR22878282_binette_bin2.fasta	integron_01	k141_290502	attc_002	852	962	1	7.2e-06	attC	attC	attc_4	CALIN	No	306.0	lin
SRR22878282_binette_bin2.fasta	integron_01	k141_290502	k141_290502_3	975	1367	1	NA	protein	protein	NA	CALIN	No	NA	lin
SRR22878282_binette_bin2.fasta	integron_01	k141_290502	attc_003	1377	1490	1	0.0011	attC	attC	attc_4	CALIN	No	415.0	lin
SRR22878282_binette_bin2.fasta	integron_01	k141_290502	k141_290502_4	1522	1851	1	NA	protein	protein	NA	CALIN	No	NA	lin
SRR22878282_binette_bin2.fasta	integron_01	k141_290502	attc_004	1846	1972	1	6.3e-05	attC	attC	attc_4	CALIN	No	356.0	lin
SRR22878282_binette_bin2.fasta	integron_01	k141_291711	attc_001	175	221	1	0.49	attC	attC	attc_4	CALIN	No	NA	lin
SRR22878282_binette_bin2.fasta	integron_01	k141_291711	attc_002	653	762	1	1.4e-05	attC	attC	attc_4	CALIN	No	432.0	lin
SRR22878282_binette_bin2.fasta	integron_01	k141_291711	k141_291711_1	786	1109	1	NA	protein	protein	NA	CALIN	No	NA	lin
SRR22878282_binette_bin2.fasta	integron_01	k141_291711	attc_003	1111	1188	1	2.1e-05	attC	attC	attc_4	CALIN	No	349.0	lin
SRR22878282_binette_bin2.fasta	integron_01	k141_291711	k141_291711_2	1177	1590	1	NA	protein	protein	NA	CALIN	No	NA	lin
SRR22878282_binette_bin2.fasta	integron_01	k141_291711	attc_004	1637	1681	1	0.032	attC	attC	attc_4	CALIN	No	449.0	lin
SRR22878282_binette_bin2.fasta	integron_01	k141_460375	k141_460375_2	161	472	-1	NA	protein	protein	NA	CALIN	No	NA	lin
SRR22878282_binette_bin2.fasta	integron_01	k141_460375	attc_001	498	628	-1	6.7e-06	attC	attC	attc_4	CALIN	No	NA	lin
SRR22878282_binette_bin2.fasta	integron_01	k141_460375	k141_460375_3	628	942	-1	NA	protein	protein	NA	CALIN	No	NA	lin
SRR22878282_binette_bin2.fasta	integron_01	k141_460375	attc_002	971	1081	-1	3.6e-05	attC	attC	attc_4	CALIN	No	343.0	lin
SRR22878282_binette_bin2.fasta	integron_01	k141_237006	k141_237006_2	1159	1734	1	NA	protein	protein	NA	CALIN	No	NA	lin
SRR22878282_binette_bin2.fasta	integron_01	k141_237006	attc_001	1491	1570	-1	0.17	attC	attC	attc_4	CALIN	No	NA	lin
SRR22878282_binette_bin2.fasta	integron_01	k141_237006	k141_237006_3	2140	2625	-1	NA	protein	protein	NA	CALIN	No	NA	lin
SRR22878282_binette_bin2.fasta	integron_01	k141_237006	attc_002	2645	2695	-1	0.064	attC	attC	attc_4	CALIN	No	1075.0	lin
SRR22878282_binette_bin2.fasta	integron_01	k141_237006	k141_237006_4	2715	3305	-1	NA	protein	protein	NA	CALIN	No	NA	lin
SRR22878282_binette_bin2.fasta	integron_01	k141_13796	k141_13796_2	458	772	1	NA	protein	protein	NA	CALIN	No	NA	lin
SRR22878282_binette_bin2.fasta	integron_01	k141_13796	attc_001	773	874	1	8.5e-08	attC	attC	attc_4	CALIN	No	NA	lin
SRR22878282_binette_bin2.fasta	integron_01	k141_13796	attc_002	1183	1288	1	8.3e-05	attC	attC	attc_4	CALIN	No	309.0	lin
SRR22878282_binette_bin2.fasta	integron_01	k141_13796	k141_13796_3	1292	1753	1	NA	protein	protein	NA	CALIN	No	NA	lin
SRR22878282_binette_bin2.fasta	integron_01	k141_299664	k141_299664_1	3	614	-1	NA	protein	protein	NA	CALIN	No	NA	lin
SRR22878282_binette_bin2.fasta	integron_01	k141_299664	attc_001	695	750	-1	0.00078	attC	attC	attc_4	CALIN	No	NA	lin
SRR22878282_binette_bin2.fasta	integron_01	k141_299664	k141_299664_2	721	1572	-1	NA	protein	protein	NA	CALIN	No	NA	lin
SRR22878282_binette_bin2.fasta	integron_01	k141_299664	attc_002	1590	1645	-1	0.00085	attC	attC	attc_4	CALIN	No	840.0	lin
SRR22878282_binette_bin2.fasta	integron_01	k141_299664	k141_299664_3	1600	2226	-1	NA	protein	protein	NA	CALIN	No	NA	lin
SRR22878282_binette_bin2.fasta	integron_01	k141_299664	attc_003	2242	2353	-1	0.00019	attC	attC	attc_4	CALIN	No	597.0	lin
SRR22878282_binette_bin2.fasta	integron_01	k141_299664	attc_004	2661	2718	-1	0.0012	attC	attC	attc_4	CALIN	No	308.0	lin
SRR22878282_binette_bin2.fasta	integron_01	k141_299664	k141_299664_4	2754	3350	-1	NA	protein	protein	NA	CALIN	No	NA	lin
SRR22878282_binette_bin2.fasta	integron_01	k141_413436	attc_001	68	178	1	3.6e-05	attC	attC	attc_4	CALIN	No	NA	lin
SRR22878282_binette_bin2.fasta	integron_01	k141_413436	k141_413436_1	192	1013	1	NA	protein	protein	NA	CALIN	No	NA	lin
SRR22878282_binette_bin2.fasta	integron_01	k141_413436	attc_002	1014	1126	1	1.7e-05	attC	attC	attc_4	CALIN	No	836.0	lin
SRR22878282_binette_bin2.fasta	integron_01	k141_413436	attc_003	1081	1126	1	0.033	attC	attC	attc_4	CALIN	No	1215.0	lin
SRR22878282_binette_bin2.fasta	integron_01	k141_75607	attc_001	59	169	1	3.1e-05	attC	attC	attc_4	CALIN	No	NA	lin
SRR22878282_binette_bin2.fasta	integron_01	k141_75607	k141_75607_1	176	604	1	NA	protein	protein	NA	CALIN	No	NA	lin
SRR22878282_binette_bin2.fasta	integron_01	k141_75607	attc_002	599	691	1	0.00011	attC	attC	attc_4	CALIN	No	430.0	lin
SRR22878282_binette_bin2.fasta	integron_01	k141_75607	attc_003	770	830	1	0.75	attC	attC	attc_4	CALIN	No	79.0	lin
SRR22878282_binette_bin2.fasta	integron_01	k141_248970	attc_001	68	177	1	6.8e-07	attC	attC	attc_4	CALIN	No	NA	lin
SRR22878282_binette_bin2.fasta	integron_01	k141_248970	k141_248970_1	195	785	1	NA	protein	protein	NA	CALIN	No	NA	lin
SRR22878282_binette_bin2.fasta	integron_01	k141_248970	attc_002	790	894	1	0.027	attC	attC	attc_4	CALIN	No	613.0	lin
SRR22878282_binette_bin2.fasta	integron_01	k141_248970	attc_003	1200	1310	1	4.1e-05	attC	attC	attc_4	CALIN	No	306.0	lin
SRR22878282_binette_bin2.fasta	integron_01	k141_472972	attc_001	250	360	1	4.1e-07	attC	attC	attc_4	CALIN	No	NA	lin
SRR22878282_binette_bin2.fasta	integron_01	k141_472972	k141_472972_1	379	906	1	NA	protein	protein	NA	CALIN	No	NA	lin
SRR22878282_binette_bin2.fasta	integron_01	k141_472972	attc_002	927	1047	1	2.9e-06	attC	attC	attc_4	CALIN	No	567.0	lin
SRR22878282_binette_bin2.fasta	integron_01	k141_474519	k141_474519_1	325	1308	1	3.9e-32	protein	intI	intersection_tyr_intI	In0	No	NA	lin
SRR22878282_binette_bin2.fasta	integron_01	k141_534558	attc_001	34	79	1	0.26	attC	attC	attc_4	CALIN	No	NA	lin
SRR22878282_binette_bin2.fasta	integron_01	k141_534558	k141_534558_1	107	451	1	NA	protein	protein	NA	CALIN	No	NA	lin
SRR22878282_binette_bin2.fasta	integron_01	k141_534558	attc_002	453	542	1	0.00035	attC	attC	attc_4	CALIN	No	374.0	lin
SRR22878282_binette_bin2.fasta	integron_01	k141_534558	k141_534558_2	565	1689	1	NA	protein	protein	NA	CALIN	No	NA	lin
SRR22878282_binette_bin2.fasta	integron_01	k141_534558	attc_003	1735	1779	1	0.083	attC	attC	attc_4	CALIN	No	1193.0	lin
SRR22878282_binette_bin2.fasta	integron_01	k141_537939	attc_001	21	65	-1	0.091	attC	attC	attc_4	CALIN	No	NA	lin
SRR22878282_binette_bin2.fasta	integron_01	k141_537939	attc_002	85	144	-1	0.37	attC	attC	attc_4	CALIN	No	20.0	lin
SRR22878282_binette_bin2.fasta	integron_01	k141_537939	k141_537939_1	139	624	-1	NA	protein	protein	NA	CALIN	No	NA	lin
SRR22878282_binette_bin2.fasta	integron_01	k141_537939	k141_537939_2	612	1166	-1	NA	protein	protein	NA	CALIN	No	NA	lin
SRR22878282_binette_bin2.fasta	integron_01	k141_537939	attc_003	1182	1274	-1	0.00059	attC	attC	attc_4	CALIN	No	1038.0	lin
SRR22878282_binette_bin2.fasta	integron_01	k141_537939	k141_537939_3	1269	1748	-1	NA	protein	protein	NA	CALIN	No	NA	lin
SRR22878282_binette_bin2.fasta	integron_01	k141_255177	k141_255177_1	1	105	1	NA	protein	protein	NA	CALIN	No	NA	lin
SRR22878282_binette_bin2.fasta	integron_01	k141_255177	attc_001	163	207	-1	0.067	attC	attC	attc_4	CALIN	No	NA	lin
SRR22878282_binette_bin2.fasta	integron_01	k141_255177	attc_002	227	286	-1	0.27	attC	attC	attc_4	CALIN	No	20.0	lin
SRR22878282_binette_bin2.fasta	integron_01	k141_255177	k141_255177_2	302	796	-1	NA	protein	protein	NA	CALIN	No	NA	lin
SRR22878282_binette_bin2.fasta	integron_01	k141_255177	attc_003	748	806	-1	0.81	attC	attC	attc_4	CALIN	No	462.0	lin
SRR22878282_binette_bin2.fasta	integron_01	k141_255177	attc_004	861	979	-1	0.00029	attC	attC	attc_4	CALIN	No	55.0	lin
SRR22878282_binette_bin2.fasta	integron_01	k141_255177	k141_255177_3	978	1298	-1	NA	protein	protein	NA	CALIN	No	NA	lin
SRR22878282_binette_bin2.fasta	integron_01	k141_255177	attc_005	1325	1435	-1	3.2e-07	attC	attC	attc_4	CALIN	No	346.0	lin
SRR22878282_binette_bin2.fasta	integron_01	k141_373878	k141_373878_1	155	538	1	NA	protein	protein	NA	CALIN	No	NA	lin
SRR22878282_binette_bin2.fasta	integron_01	k141_373878	attc_001	557	685	1	0.0025	attC	attC	attc_4	CALIN	No	NA	lin
SRR22878282_binette_bin2.fasta	integron_01	k141_373878	k141_373878_2	595	990	1	NA	protein	protein	NA	CALIN	No	NA	lin
SRR22878282_binette_bin2.fasta	integron_01	k141_373878	attc_002	1191	1247	1	8.9e-05	attC	attC	attc_4	CALIN	No	506.0	lin
SRR22878282_binette_bin2.fasta	integron_01	k141_373878	k141_373878_3	1254	1736	1	NA	protein	protein	NA	CALIN	No	NA	lin
SRR22878282_binette_bin2.fasta	integron_01	k141_155590	attc_001	20	64	-1	0.16	attC	attC	attc_4	CALIN	No	NA	lin
SRR22878282_binette_bin2.fasta	integron_01	k141_155590	k141_155590_1	144	1370	-1	NA	protein	protein	NA	CALIN	No	NA	lin
SRR22878282_binette_bin2.fasta	integron_01	k141_155590	attc_002	164	225	-1	0.029	attC	attC	attc_4	CALIN	No	100.0	lin
SRR22878282_binette_bin2.fasta	integron_01	k141_155590	attc_003	1392	1449	-1	0.00011	attC	attC	attc_4	CALIN	No	1167.0	lin
SRR22878282_binette_bin2.fasta	integron_01	k141_155590	k141_155590_2	1458	1829	-1	NA	protein	protein	NA	CALIN	No	NA	lin
SRR22878282_binette_bin2.fasta	integron_01	k141_155590	k141_155590_3	1826	2803	-1	NA	protein	protein	NA	CALIN	No	NA	lin
SRR22878282_binette_bin2.fasta	integron_01	k141_155590	attc_004	2844	2971	-1	7.3e-06	attC	attC	attc_4	CALIN	No	1395.0	lin
SRR22878282_binette_bin2.fasta	integron_01	k141_155590	k141_155590_4	2974	3282	-1	NA	protein	protein	NA	CALIN	No	NA	lin
SRR22878282_binette_bin2.fasta	integron_01	k141_155590	attc_005	3295	3405	-1	1.5e-05	attC	attC	attc_4	CALIN	No	324.0	lin
SRR22878282_binette_bin2.fasta	integron_01	k141_102229	attc_001	237	347	1	3.3e-05	attC	attC	attc_4	CALIN	No	NA	lin
SRR22878282_binette_bin2.fasta	integron_01	k141_102229	k141_102229_1	361	933	1	NA	protein	protein	NA	CALIN	No	NA	lin
SRR22878282_binette_bin2.fasta	integron_01	k141_102229	attc_002	928	1026	1	0.0033	attC	attC	attc_4	CALIN	No	581.0	lin
SRR22878282_binette_bin2.fasta	integron_01	k141_102229	k141_102229_2	981	1151	-1	NA	protein	protein	NA	CALIN	No	NA	lin
SRR22878282_binette_bin20.fasta	integron_01	k141_11975	k141_11975_2	418	2220	-1	NA	protein	protein	NA	CALIN	No	NA	lin
SRR22878282_binette_bin20.fasta	integron_01	k141_11975	attc_001	1908	1964	-1	0.23	attC	attC	attc_4	CALIN	No	NA	lin
SRR22878282_binette_bin20.fasta	integron_01	k141_11975	k141_11975_3	2268	3086	-1	NA	protein	protein	NA	CALIN	No	NA	lin
SRR22878282_binette_bin20.fasta	integron_01	k141_11975	k141_11975_4	3090	5945	-1	NA	protein	protein	NA	CALIN	No	NA	lin
SRR22878282_binette_bin20.fasta	integron_01	k141_11975	attc_002	5271	5316	-1	0.028	attC	attC	attc_4	CALIN	No	3307.0	lin
SRR22878282_binette_bin20.fasta	integron_01	k141_11975	attc_003	5652	5695	-1	0.034	attC	attC	attc_4	CALIN	No	336.0	lin
SRR22878282_binette_bin28.fasta	integron_01	k141_396124	k141_396124_2	1151	2128	-1	1.9e-26	protein	intI	intersection_tyr_intI	In0	No	NA	lin
SRR22878282_binette_bin29.fasta	integron_01	k141_198070	k141_198070_2	386	1033	-1	NA	protein	protein	NA	CALIN	No	NA	lin
SRR22878282_binette_bin29.fasta	integron_01	k141_198070	attc_001	731	798	1	0.35	attC	attC	attc_4	CALIN	No	NA	lin
SRR22878282_binette_bin29.fasta	integron_01	k141_198070	k141_198070_3	1074	1499	1	NA	protein	protein	NA	CALIN	No	NA	lin
SRR22878282_binette_bin29.fasta	integron_01	k141_198070	k141_198070_4	1509	2573	1	NA	protein	protein	NA	CALIN	No	NA	lin
SRR22878282_binette_bin29.fasta	integron_01	k141_198070	k141_198070_5	2615	4372	1	NA	protein	protein	NA	CALIN	No	NA	lin
SRR22878282_binette_bin29.fasta	integron_01	k141_198070	attc_002	3755	3894	1	0.069	attC	attC	attc_4	CALIN	No	2957.0	lin
SRR22878282_binette_bin3.fasta	integron_01	k141_13463	k141_13463_12	8279	8620	1	NA	protein	protein	NA	complete	No	NA	lin
SRR22878282_binette_bin3.fasta	integron_01	k141_13463	attc_001	8793	8878	-1	0.00051	attC	attC	attc_4	complete	No	NA	lin
SRR22878282_binette_bin3.fasta	integron_01	k141_13463	k141_13463_13	8902	10905	-1	NA	protein	protein	NA	complete	No	NA	lin
SRR22878282_binette_bin3.fasta	integron_01	k141_13463	k141_13463_14	11236	12201	1	1.2e-31	protein	intI	intersection_tyr_intI	complete	No	NA	lin
SRR22878282_binette_bin3.fasta	integron_01	k141_356423	k141_356423_7	16262	18343	1	NA	protein	protein	NA	CALIN	No	NA	lin
SRR22878282_binette_bin3.fasta	integron_01	k141_356423	attc_001	17619	17729	-1	0.043	attC	attC	attc_4	CALIN	No	NA	lin
SRR22878282_binette_bin3.fasta	integron_01	k141_356423	k141_356423_8	18390	19046	-1	NA	protein	protein	NA	CALIN	No	NA	lin
SRR22878282_binette_bin3.fasta	integron_01	k141_356423	k141_356423_9	19429	19812	-1	NA	protein	protein	NA	CALIN	No	NA	lin
SRR22878282_binette_bin3.fasta	integron_01	k141_356423	attc_002	19578	19722	-1	0.12	attC	attC	attc_4	CALIN	No	1849.0	lin
SRR22878282_binette_bin31.fasta	integron_01	k141_146	k141_146_1	17	1306	1	NA	protein	protein	NA	CALIN	No	NA	lin
SRR22878282_binette_bin31.fasta	integron_01	k141_146	attc_001	555	602	-1	0.065	attC	attC	attc_4	CALIN	No	NA	lin
SRR22878282_binette_bin31.fasta	integron_01	k141_146	k141_146_2	1391	1855	1	NA	protein	protein	NA	CALIN	No	NA	lin
SRR22878282_binette_bin31.fasta	integron_01	k141_146	k141_146_3	1879	3186	1	NA	protein	protein	NA	CALIN	No	NA	lin
SRR22878282_binette_bin31.fasta	integron_01	k141_146	attc_002	2715	2760	-1	0.1	attC	attC	attc_4	CALIN	No	2113.0	lin
SRR22878282_binette_bin31.fasta	integron_01	k141_88161	k141_88161_1	2	952	1	NA	protein	protein	NA	CALIN	No	NA	lin
SRR22878282_binette_bin31.fasta	integron_01	k141_88161	attc_001	956	1002	1	0.25	attC	attC	attc_4	CALIN	No	NA	lin
SRR22878282_binette_bin31.fasta	integron_01	k141_88161	attc_002	1071	1179	1	0.018	attC	attC	attc_4	CALIN	No	69.0	lin
SRR22878282_binette_bin34.fasta	integron_01	k141_11366	k141_11366_1	105	1979	-1	NA	protein	protein	NA	CALIN	No	NA	lin
SRR22878282_binette_bin34.fasta	integron_01	k141_11366	attc_001	1752	1797	-1	0.00035	attC	attC	attc_4	CALIN	No	NA	lin
SRR22878282_binette_bin34.fasta	integron_01	k141_11366	k141_11366_2	2069	3406	-1	NA	protein	protein	NA	CALIN	No	NA	lin
SRR22878282_binette_bin34.fasta	integron_01	k141_11366	attc_002	2816	2859	-1	0.4	attC	attC	attc_4	CALIN	No	1019.0	lin
SRR22878282_binette_bin35.fasta	integron_01	k141_79372	k141_79372_3	637	1956	1	NA	protein	protein	NA	CALIN	No	NA	lin
SRR22878282_binette_bin35.fasta	integron_01	k141_79372	attc_001	1437	1478	1	0.58	attC	attC	attc_4	CALIN	No	NA	lin
SRR22878282_binette_bin35.fasta	integron_01	k141_79372	attc_002	1927	1982	1	0.058	attC	attC	attc_4	CALIN	No	449.0	lin
SRR22878282_binette_bin35.fasta	integron_01	k141_79372	k141_79372_4	2174	3361	-1	NA	protein	protein	NA	CALIN	No	NA	lin
SRR22878282_binette_bin35.fasta	integron_01	k141_206567	k141_206567_1	272	1255	1	6.7e-24	protein	intI	intersection_tyr_intI	complete	No	NA	lin
SRR22878282_binette_bin35.fasta	integron_01	k141_206567	k141_206567_2	1256	1657	-1	NA	protein	protein	NA	complete	No	NA	lin
SRR22878282_binette_bin35.fasta	integron_01	k141_206567	attc_001	1361	1493	1	0.47	attC	attC	attc_4	complete	No	NA	lin
SRR22878282_binette_bin37.fasta	integron_01	k141_376275	k141_376275_1	162	599	1	NA	protein	protein	NA	CALIN	No	NA	lin
SRR22878282_binette_bin37.fasta	integron_01	k141_376275	attc_001	594	705	1	7.3e-06	attC	attC	attc_4	CALIN	No	NA	lin
SRR22878282_binette_bin37.fasta	integron_01	k141_376275	k141_376275_2	731	1213	1	NA	protein	protein	NA	CALIN	No	NA	lin
SRR22878282_binette_bin37.fasta	integron_01	k141_376275	k141_376275_3	1268	1654	1	NA	protein	protein	NA	CALIN	No	NA	lin
SRR22878282_binette_bin37.fasta	integron_01	k141_376275	attc_002	1648	1762	1	5.8e-05	attC	attC	attc_4	CALIN	No	943.0	lin
SRR22878282_binette_bin37.fasta	integron_01	k141_376275	k141_376275_4	1777	2106	1	NA	protein	protein	NA	CALIN	No	NA	lin
SRR22878282_binette_bin37.fasta	integron_01	k141_45442	attc_001	468	546	-1	0.18	attC	attC	attc_4	CALIN	No	NA	lin
SRR22878282_binette_bin37.fasta	integron_01	k141_45442	k141_45442_1	470	1099	-1	NA	protein	protein	NA	CALIN	No	NA	lin
SRR22878282_binette_bin37.fasta	integron_01	k141_45442	k141_45442_2	1225	2325	1	NA	protein	protein	NA	CALIN	No	NA	lin
SRR22878282_binette_bin37.fasta	integron_01	k141_45442	attc_002	1858	1938	-1	0.016	attC	attC	attc_4	CALIN	No	1312.0	lin
SRR22878282_binette_bin45.fasta	integron_01	k141_225960	k141_225960_18	15732	16706	-1	2.9e-26	protein	intI	intersection_tyr_intI	In0	No	NA	lin
SRR22878282_binette_bin45.fasta	integron_01	k141_342025	k141_342025_3	1926	2525	-1	NA	protein	protein	NA	CALIN	No	NA	lin
SRR22878282_binette_bin45.fasta	integron_01	k141_342025	attc_001	2474	2623	-1	0.17	attC	attC	attc_4	CALIN	No	NA	lin
SRR22878282_binette_bin45.fasta	integron_01	k141_342025	k141_342025_4	2895	3437	1	NA	protein	protein	NA	CALIN	No	NA	lin
SRR22878282_binette_bin45.fasta	integron_01	k141_342025	k141_342025_5	3439	5157	1	NA	protein	protein	NA	CALIN	No	NA	lin
SRR22878282_binette_bin45.fasta	integron_01	k141_342025	attc_002	4071	4113	-1	0.24	attC	attC	attc_4	CALIN	No	1448.0	lin
SRR22878282_binette_bin45.fasta	integron_01	k141_121993	k141_121993_11	11196	11543	1	NA	protein	protein	NA	CALIN	No	NA	lin
SRR22878282_binette_bin45.fasta	integron_01	k141_121993	k141_121993_12	11515	11766	1	NA	protein	protein	NA	CALIN	No	NA	lin
SRR22878282_binette_bin45.fasta	integron_01	k141_121993	attc_001	11630	11672	1	0.97	attC	attC	attc_4	CALIN	No	NA	lin
SRR22878282_binette_bin45.fasta	integron_01	k141_121993	k141_121993_13	11864	13246	-1	NA	protein	protein	NA	CALIN	No	NA	lin
SRR22878282_binette_bin45.fasta	integron_01	k141_121993	k141_121993_14	13639	14235	1	NA	protein	protein	NA	CALIN	No	NA	lin
SRR22878282_binette_bin45.fasta	integron_01	k141_121993	attc_002	14241	14366	1	0.001	attC	attC	attc_4	CALIN	No	2569.0	lin
SRR22878282_binette_bin45.fasta	integron_01	k141_121993	k141_121993_15	14382	14819	1	NA	protein	protein	NA	CALIN	No	NA	lin
SRR22878282_binette_bin45.fasta	integron_01	k141_121993	attc_003	14814	14939	1	5.5e-05	attC	attC	attc_4	CALIN	No	448.0	lin
SRR22878282_binette_bin45.fasta	integron_01	k141_121993	k141_121993_16	14958	15575	1	NA	protein	protein	NA	CALIN	No	NA	lin
SRR22878282_binette_bin45.fasta	integron_01	k141_404314	attc_001	1888	1933	-1	0.7	attC	attC	attc_4	CALIN	No	NA	lin
SRR22878282_binette_bin45.fasta	integron_01	k141_404314	attc_002	2641	2695	-1	0.1	attC	attC	attc_4	CALIN	No	708.0	lin
SRR22878282_binette_bin45.fasta	integron_01	k141_123235	k141_123235_2	135	743	1	NA	protein	protein	NA	CALIN	No	NA	lin
SRR22878282_binette_bin45.fasta	integron_01	k141_123235	attc_001	607	678	-1	0.92	attC	attC	attc_4	CALIN	No	NA	lin
SRR22878282_binette_bin45.fasta	integron_01	k141_123235	k141_123235_3	757	1830	1	NA	protein	protein	NA	CALIN	No	NA	lin
SRR22878282_binette_bin45.fasta	integron_01	k141_123235	attc_002	1190	1245	-1	0.14	attC	attC	attc_4	CALIN	No	512.0	lin
SRR22878282_binette_bin45.fasta	integron_01	k141_123235	k141_123235_4	1814	2230	1	NA	protein	protein	NA	CALIN	No	NA	lin
SRR22878282_binette_bin45.fasta	integron_01	k141_123235	k141_123235_5	2643	3863	1	NA	protein	protein	NA	CALIN	No	NA	lin
SRR22878282_binette_bin45.fasta	integron_01	k141_123235	k141_123235_6	4120	4854	1	NA	protein	protein	NA	CALIN	No	NA	lin
SRR22878282_binette_bin45.fasta	integron_01	k141_123235	k141_123235_7	4949	5986	-1	NA	protein	protein	NA	CALIN	No	NA	lin
SRR22878282_binette_bin45.fasta	integron_01	k141_123235	attc_003	4987	5066	-1	0.55	attC	attC	attc_4	CALIN	No	3742.0	lin
SRR22878282_binette_bin47.fasta	integron_01	k141_526018	k141_526018_1	371	1516	1	NA	protein	protein	NA	CALIN	No	NA	lin
SRR22878282_binette_bin47.fasta	integron_01	k141_526018	attc_001	760	879	1	0.33	attC	attC	attc_4	CALIN	No	NA	lin
SRR22878282_binette_bin47.fasta	integron_01	k141_526018	attc_002	1016	1117	1	0.0048	attC	attC	attc_4	CALIN	No	137.0	lin
SRR22878282_binette_bin47.fasta	integron_01	k141_526018	k141_526018_2	1715	2374	1	NA	protein	protein	NA	CALIN	No	NA	lin
SRR22878282_binette_bin47.fasta	integron_01	k141_526018	k141_526018_3	2371	3084	1	NA	protein	protein	NA	CALIN	No	NA	lin
SRR22878282_binette_bin47.fasta	integron_01	k141_526018	attc_003	2588	2635	1	0.68	attC	attC	attc_4	CALIN	No	1471.0	lin
SRR22878282_binette_bin47.fasta	integron_01	k141_304792	k141_304792_2	734	1933	-1	NA	protein	protein	NA	CALIN	No	NA	lin
SRR22878282_binette_bin47.fasta	integron_01	k141_304792	attc_001	1157	1240	-1	0.21	attC	attC	attc_4	CALIN	No	NA	lin
SRR22878282_binette_bin47.fasta	integron_01	k141_304792	k141_304792_3	1934	2665	-1	NA	protein	protein	NA	CALIN	No	NA	lin
SRR22878282_binette_bin47.fasta	integron_01	k141_304792	k141_304792_4	2662	4164	-1	NA	protein	protein	NA	CALIN	No	NA	lin
SRR22878282_binette_bin47.fasta	integron_01	k141_304792	attc_002	4671	4743	-1	0.038	attC	attC	attc_4	CALIN	No	3431.0	lin
SRR22878282_binette_bin47.fasta	integron_01	k141_304792	k141_304792_5	4785	5666	1	NA	protein	protein	NA	CALIN	No	NA	lin
SRR22878282_binette_bin47.fasta	integron_01	k141_209409	k141_209409_2	260	1372	-1	NA	protein	protein	NA	CALIN	No	NA	lin
SRR22878282_binette_bin47.fasta	integron_01	k141_209409	attc_001	796	842	-1	0.39	attC	attC	attc_4	CALIN	No	NA	lin
SRR22878282_binette_bin47.fasta	integron_01	k141_209409	attc_002	1063	1187	-1	0.0053	attC	attC	attc_4	CALIN	No	221.0	lin
SRR22878282_binette_bin5.fasta	integron_01	k141_181392	k141_181392_5	5004	5597	-1	NA	protein	protein	NA	CALIN	No	NA	lin
SRR22878282_binette_bin5.fasta	integron_01	k141_181392	attc_001	5436	5483	-1	0.97	attC	attC	attc_4	CALIN	No	NA	lin
SRR22878282_binette_bin5.fasta	integron_01	k141_181392	k141_181392_6	5625	6167	-1	NA	protein	protein	NA	CALIN	No	NA	lin
SRR22878282_binette_bin5.fasta	integron_01	k141_181392	k141_181392_7	6512	7417	-1	NA	protein	protein	NA	CALIN	No	NA	lin
SRR22878282_binette_bin5.fasta	integron_01	k141_181392	attc_002	6673	6750	-1	0.037	attC	attC	attc_4	CALIN	No	1190.0	lin
SRR22878282_binette_bin5.fasta	integron_01	k141_27549	k141_27549_9	11931	12938	-1	2e-13	protein	intI	intersection_tyr_intI	In0	No	NA	lin
SRR22878282_binette_bin5.fasta	integron_01	k141_435389	k141_435389_19	18648	21713	-1	NA	protein	protein	NA	complete	No	NA	lin
SRR22878282_binette_bin5.fasta	integron_01	k141_435389	attc_001	20022	20067	1	0.86	attC	attC	attc_4	complete	No	NA	lin
SRR22878282_binette_bin5.fasta	integron_01	k141_435389	k141_435389_20	21723	22724	-1	1e-20	protein	intI	intersection_tyr_intI	complete	No	NA	lin
SRR22878282_binette_bin5.fasta	integron_01	k141_269081	k141_269081_3	1676	2647	-1	4.5e-29	protein	intI	intersection_tyr_intI	complete	No	NA	lin
SRR22878282_binette_bin5.fasta	integron_01	k141_269081	attc_001	2409	2512	-1	0.23	attC	attC	attc_4	complete	No	NA	lin
SRR22878282_binette_bin53.fasta	integron_01	k141_12823	attc_001	340	504	-1	0.00083	attC	attC	attc_4	CALIN	No	NA	lin
SRR22878282_binette_bin53.fasta	integron_01	k141_12823	attc_002	619	689	-1	0.96	attC	attC	attc_4	CALIN	No	115.0	lin
SRR22878282_binette_bin53.fasta	integron_01	k141_424496	attc_001	211	273	-1	0.13	attC	attC	attc_4	CALIN	No	NA	lin
SRR22878282_binette_bin53.fasta	integron_01	k141_424496	k141_424496_1	264	998	1	NA	protein	protein	NA	CALIN	No	NA	lin
SRR22878282_binette_bin53.fasta	integron_01	k141_424496	attc_002	395	441	-1	0.036	attC	attC	attc_4	CALIN	No	122.0	lin
SRR22878282_binette_bin53.fasta	integron_01	k141_424496	attc_003	1001	1043	-1	0.7	attC	attC	attc_4	CALIN	No	560.0	lin
SRR22878282_binette_bin53.fasta	integron_01	k141_424496	k141_424496_2	1134	1649	1	NA	protein	protein	NA	CALIN	No	NA	lin
SRR22878282_binette_bin53.fasta	integron_01	k141_33177	k141_33177_3	877	1527	-1	NA	protein	protein	NA	CALIN	No	NA	lin
SRR22878282_binette_bin53.fasta	integron_01	k141_33177	attc_001	1251	1313	1	0.29	attC	attC	attc_4	CALIN	No	NA	lin
SRR22878282_binette_bin53.fasta	integron_01	k141_33177	attc_002	1367	1424	1	0.026	attC	attC	attc_4	CALIN	No	54.0	lin
SRR22878282_binette_bin60.fasta	integron_01	k141_533192	k141_533192_1	2	1951	-1	NA	protein	protein	NA	CALIN	No	NA	lin
SRR22878282_binette_bin60.fasta	integron_01	k141_533192	attc_001	180	281	1	0.06	attC	attC	attc_4	CALIN	No	NA	lin
SRR22878282_binette_bin60.fasta	integron_01	k141_533192	k141_533192_2	2217	3185	-1	NA	protein	protein	NA	CALIN	No	NA	lin
SRR22878282_binette_bin60.fasta	integron_01	k141_533192	attc_002	2585	2673	1	0.028	attC	attC	attc_4	CALIN	No	2304.0	lin
SRR22878282_binette_bin61.fasta	integron_01	k141_485027	k141_485027_1	220	1200	1	NA	protein	protein	NA	CALIN	No	NA	lin
SRR22878282_binette_bin61.fasta	integron_01	k141_485027	attc_001	804	864	-1	0.0031	attC	attC	attc_4	CALIN	No	NA	lin
SRR22878282_binette_bin61.fasta	integron_01	k141_485027	attc_002	1039	1082	-1	0.63	attC	attC	attc_4	CALIN	No	175.0	lin
SRR22878282_binette_bin61.fasta	integron_01	k141_485027	attc_003	1201	1246	-1	0.63	attC	attC	attc_4	CALIN	No	119.0	lin
SRR22878282_binette_bin67.fasta	integron_01	k141_235927	k141_235927_1	2	808	-1	3.1000000000000002e-27	protein	intI	intersection_tyr_intI	complete	No	NA	lin
SRR22878282_binette_bin67.fasta	integron_01	k141_235927	attc_001	824	892	-1	0.89	attC	attC	attc_4	complete	No	NA	lin
SRR22878282_binette_bin67.fasta	integron_01	k141_181018	k141_181018_1	53	712	1	NA	protein	protein	NA	CALIN	No	NA	lin
SRR22878282_binette_bin67.fasta	integron_01	k141_181018	attc_001	78	124	1	0.58	attC	attC	attc_4	CALIN	No	NA	lin
SRR22878282_binette_bin67.fasta	integron_01	k141_181018	k141_181018_2	722	1453	1	NA	protein	protein	NA	CALIN	No	NA	lin
SRR22878282_binette_bin67.fasta	integron_01	k141_181018	attc_002	839	979	1	0.046	attC	attC	attc_4	CALIN	No	715.0	lin
SRR22878282_binette_bin67.fasta	integron_01	k141_181018	k141_181018_3	1440	2321	1	NA	protein	protein	NA	CALIN	No	NA	lin
SRR22878282_binette_bin67.fasta	integron_01	k141_181018	k141_181018_4	2400	2747	1	NA	protein	protein	NA	CALIN	No	NA	lin
SRR22878282_binette_bin67.fasta	integron_01	k141_181018	k141_181018_5	2811	4055	1	NA	protein	protein	NA	CALIN	No	NA	lin
SRR22878282_binette_bin67.fasta	integron_01	k141_181018	attc_003	3357	3442	1	0.62	attC	attC	attc_4	CALIN	No	2378.0	lin
SRR22878282_binette_bin67.fasta	integron_01	k141_407883	attc_001	512	605	-1	0.055	attC	attC	attc_4	CALIN	No	NA	lin
SRR22878282_binette_bin67.fasta	integron_01	k141_407883	k141_407883_2	552	1877	-1	NA	protein	protein	NA	CALIN	No	NA	lin
SRR22878282_binette_bin67.fasta	integron_01	k141_407883	attc_002	822	873	-1	0.74	attC	attC	attc_4	CALIN	No	217.0	lin
SRR22878282_binette_bin67.fasta	integron_01	k141_361396	attc_001	564	671	1	0.026	attC	attC	attc_4	CALIN	No	NA	lin
SRR22878282_binette_bin67.fasta	integron_01	k141_361396	attc_002	849	911	1	0.44	attC	attC	attc_4	CALIN	No	178.0	lin
SRR22878282_binette_bin67.fasta	integron_01	k141_88112	attc_001	53	121	1	0.00035	attC	attC	attc_4	CALIN	No	NA	lin
SRR22878282_binette_bin67.fasta	integron_01	k141_88112	k141_88112_1	316	735	1	NA	protein	protein	NA	CALIN	No	NA	lin
SRR22878282_binette_bin67.fasta	integron_01	k141_88112	attc_002	920	989	1	0.0019	attC	attC	attc_4	CALIN	No	799.0	lin
SRR22878282_binette_bin67.fasta	integron_01	k141_88112	k141_88112_2	1011	1136	1	NA	protein	protein	NA	CALIN	No	NA	lin
SRR22878282_binette_bin68.fasta	integron_01	k141_559444	attc_001	794	882	1	0.33	attC	attC	attc_4	CALIN	No	NA	lin
SRR22878282_binette_bin68.fasta	integron_01	k141_559444	attc_002	1034	1137	1	0.013	attC	attC	attc_4	CALIN	No	152.0	lin
SRR22878282_binette_bin7.fasta	integron_01	k141_419196	k141_419196_5	2313	2999	1	NA	protein	protein	NA	CALIN	No	NA	lin
SRR22878282_binette_bin7.fasta	integron_01	k141_419196	attc_001	3060	3206	1	0.11	attC	attC	attc_4	CALIN	No	NA	lin
SRR22878282_binette_bin7.fasta	integron_01	k141_419196	k141_419196_6	3250	3930	1	NA	protein	protein	NA	CALIN	No	NA	lin
SRR22878282_binette_bin7.fasta	integron_01	k141_419196	k141_419196_7	4005	4286	1	NA	protein	protein	NA	CALIN	No	NA	lin
SRR22878282_binette_bin7.fasta	integron_01	k141_419196	attc_002	4331	4486	1	0.093	attC	attC	attc_4	CALIN	No	1125.0	lin
SRR22878282_binette_bin7.fasta	integron_01	k141_419196	k141_419196_8	4384	4617	-1	NA	protein	protein	NA	CALIN	No	NA	lin
SRR22878282_binette_bin7.fasta	integron_01	k141_419196	k141_419196_9	4773	4985	1	NA	protein	protein	NA	CALIN	No	NA	lin
SRR22878282_binette_bin7.fasta	integron_01	k141_419196	k141_419196_10	4943	5227	1	NA	protein	protein	NA	CALIN	No	NA	lin
SRR22878282_binette_bin7.fasta	integron_01	k141_419196	k141_419196_11	5304	5636	1	NA	protein	protein	NA	CALIN	No	NA	lin
SRR22878282_binette_bin7.fasta	integron_01	k141_419196	k141_419196_12	5939	6220	1	NA	protein	protein	NA	CALIN	No	NA	lin
SRR22878282_binette_bin7.fasta	integron_01	k141_419196	k141_419196_13	6163	6639	1	NA	protein	protein	NA	CALIN	No	NA	lin
SRR22878282_binette_bin7.fasta	integron_01	k141_419196	k141_419196_14	6649	7104	1	NA	protein	protein	NA	CALIN	No	NA	lin
SRR22878282_binette_bin7.fasta	integron_01	k141_419196	attc_003	7125	7199	1	0.22	attC	attC	attc_4	CALIN	No	2639.0	lin
SRR22878282_binette_bin7.fasta	integron_01	k141_419196	k141_419196_15	7149	7775	1	NA	protein	protein	NA	CALIN	No	NA	lin
SRR22878282_binette_bin7.fasta	integron_01	k141_140455	k141_140455_2	356	1354	-1	1.9e-25	protein	intI	intersection_tyr_intI	In0	No	NA	lin
SRR22878282_binette_bin7.fasta	integron_01	k141_31686	k141_31686_2	964	1134	-1	NA	protein	protein	NA	CALIN	No	NA	lin
SRR22878282_binette_bin7.fasta	integron_01	k141_31686	attc_001	1299	1455	-1	0.069	attC	attC	attc_4	CALIN	No	NA	lin
SRR22878282_binette_bin7.fasta	integron_01	k141_31686	k141_31686_3	1439	1825	-1	NA	protein	protein	NA	CALIN	No	NA	lin
SRR22878282_binette_bin7.fasta	integron_01	k141_31686	k141_31686_4	1825	2007	-1	NA	protein	protein	NA	CALIN	No	NA	lin
SRR22878282_binette_bin7.fasta	integron_01	k141_31686	k141_31686_5	2328	2447	-1	NA	protein	protein	NA	CALIN	No	NA	lin
SRR22878282_binette_bin7.fasta	integron_01	k141_31686	attc_002	2592	2746	-1	0.26	attC	attC	attc_4	CALIN	No	1137.0	lin
SRR22878282_binette_bin7.fasta	integron_01	k141_31686	k141_31686_6	2777	3052	-1	NA	protein	protein	NA	CALIN	No	NA	lin
SRR22878282_binette_bin71.fasta	integron_01	k141_547542	k141_547542_1	2	310	1	NA	protein	protein	NA	CALIN	No	NA	lin
SRR22878282_binette_bin71.fasta	integron_01	k141_547542	attc_001	96	148	1	0.99	attC	attC	attc_4	CALIN	No	NA	lin
SRR22878282_binette_bin71.fasta	integron_01	k141_547542	k141_547542_2	342	1445	1	NA	protein	protein	NA	CALIN	No	NA	lin
SRR22878282_binette_bin71.fasta	integron_01	k141_547542	attc_002	518	569	1	0.94	attC	attC	attc_4	CALIN	No	370.0	lin
SRR22878282_binette_bin71.fasta	integron_01	k141_547542	attc_003	815	918	1	0.79	attC	attC	attc_4	CALIN	No	246.0	lin
SRR22878282_binette_bin71.fasta	integron_01	k141_547542	attc_004	1223	1311	1	0.019	attC	attC	attc_4	CALIN	No	305.0	lin
SRR22878282_binette_bin71.fasta	integron_01	k141_547542	k141_547542_3	1445	1519	1	NA	protein	protein	NA	CALIN	No	NA	lin
SRR22878282_binette_bin71.fasta	integron_01	k141_46195	k141_46195_2	489	815	-1	NA	protein	protein	NA	CALIN	No	NA	lin
SRR22878282_binette_bin71.fasta	integron_01	k141_46195	attc_001	860	901	-1	0.0022	attC	attC	attc_4	CALIN	No	NA	lin
SRR22878282_binette_bin71.fasta	integron_01	k141_46195	attc_002	929	1023	-1	0.066	attC	attC	attc_4	CALIN	No	28.0	lin
SRR22878282_binette_bin71.fasta	integron_01	k141_46195	k141_46195_3	1025	1132	1	NA	protein	protein	NA	CALIN	No	NA	lin
SRR22878282_binette_bin74.fasta	integron_01	k141_15674	k141_15674_1	1	1092	1	NA	protein	protein	NA	CALIN	No	NA	lin
SRR22878282_binette_bin74.fasta	integron_01	k141_15674	attc_001	99	164	-1	0.055	attC	attC	attc_4	CALIN	No	NA	lin
SRR22878282_binette_bin74.fasta	integron_01	k141_15674	attc_002	537	583	-1	0.03	attC	attC	attc_4	CALIN	No	373.0	lin
SRR22878282_binette_bin74.fasta	integron_01	k141_72353	k141_72353_1	1	396	1	NA	protein	protein	NA	CALIN	No	NA	lin
SRR22878282_binette_bin74.fasta	integron_01	k141_72353	attc_001	188	234	1	0.0069	attC	attC	attc_4	CALIN	No	NA	lin
SRR22878282_binette_bin74.fasta	integron_01	k141_72353	k141_72353_2	494	1129	1	NA	protein	protein	NA	CALIN	No	NA	lin
SRR22878282_binette_bin74.fasta	integron_01	k141_72353	attc_002	759	897	1	0.028	attC	attC	attc_4	CALIN	No	525.0	lin
SRR22878282_binette_bin78.fasta	integron_01	k141_342232	k141_342232_1	29	1618	1	NA	protein	protein	NA	CALIN	No	NA	lin
SRR22878282_binette_bin78.fasta	integron_01	k141_342232	attc_001	767	899	1	0.65	attC	attC	attc_4	CALIN	No	NA	lin
SRR22878282_binette_bin78.fasta	integron_01	k141_342232	k141_342232_2	1621	2211	1	NA	protein	protein	NA	CALIN	No	NA	lin
SRR22878282_binette_bin78.fasta	integron_01	k141_342232	attc_002	1876	2004	1	0.01	attC	attC	attc_4	CALIN	No	977.0	lin
SRR22878282_binette_bin79.fasta	integron_01	k141_422717	attc_001	842	983	-1	0.02	attC	attC	attc_4	CALIN	No	NA	lin
SRR22878282_binette_bin79.fasta	integron_01	k141_422717	attc_002	1328	1407	-1	0.29	attC	attC	attc_4	CALIN	No	345.0	lin
SRR22878282_binette_bin8.fasta	integron_01	k141_453284	k141_453284_4	3775	8448	-1	NA	protein	protein	NA	CALIN	No	NA	lin
SRR22878282_binette_bin8.fasta	integron_01	k141_453284	attc_001	4519	4597	-1	0.28	attC	attC	attc_4	CALIN	No	NA	lin
SRR22878282_binette_bin8.fasta	integron_01	k141_453284	attc_002	8324	8374	-1	0.58	attC	attC	attc_4	CALIN	No	3727.0	lin
SRR22878282_binette_bin8.fasta	integron_01	k141_453284	k141_453284_5	8538	9359	-1	NA	protein	protein	NA	CALIN	No	NA	lin
SRR22878282_binette_bin87.fasta	integron_01	k141_413136	k141_413136_1	2	889	1	NA	protein	protein	NA	CALIN	No	NA	lin
SRR22878282_binette_bin87.fasta	integron_01	k141_413136	attc_001	884	960	-1	0.011	attC	attC	attc_4	CALIN	No	NA	lin
SRR22878282_binette_bin87.fasta	integron_01	k141_413136	k141_413136_2	989	1492	-1	NA	protein	protein	NA	CALIN	No	NA	lin
SRR22878282_binette_bin87.fasta	integron_01	k141_413136	attc_002	1241	1320	-1	0.76	attC	attC	attc_4	CALIN	No	281.0	lin
SRR22878282_binette_bin90.fasta	integron_01	k141_90502	k141_90502_1	3	1016	-1	NA	protein	protein	NA	CALIN	No	NA	lin
SRR22878282_binette_bin90.fasta	integron_01	k141_90502	attc_001	489	585	1	0.75	attC	attC	attc_4	CALIN	No	NA	lin
SRR22878282_binette_bin90.fasta	integron_01	k141_90502	attc_002	774	867	1	0.0055	attC	attC	attc_4	CALIN	No	189.0	lin
SRR22878282_binette_bin93.fasta	integron_01	k141_239503	k141_239503_2	547	924	-1	NA	protein	protein	NA	CALIN	No	NA	lin
SRR22878282_binette_bin93.fasta	integron_01	k141_239503	attc_001	883	965	1	0.42	attC	attC	attc_4	CALIN	No	NA	lin
SRR22878282_binette_bin93.fasta	integron_01	k141_239503	k141_239503_3	1069	1563	1	NA	protein	protein	NA	CALIN	No	NA	lin
SRR22878282_binette_bin93.fasta	integron_01	k141_239503	attc_002	1513	1573	1	0.019	attC	attC	attc_4	CALIN	No	548.0	lin
SRR22878282_binette_bin98.fasta	integron_01	k141_191188	attc_001	279	334	-1	0.42	attC	attC	attc_4	CALIN	No	NA	lin
SRR22878282_binette_bin98.fasta	integron_01	k141_191188	attc_002	446	487	-1	0.0035	attC	attC	attc_4	CALIN	No	112.0	lin
SRR22878282_binette_bin98.fasta	integron_01	k141_427856	k141_427856_1	2	790	1	NA	protein	protein	NA	CALIN	No	NA	lin
SRR22878282_binette_bin98.fasta	integron_01	k141_427856	attc_001	479	609	1	0.01	attC	attC	attc_4	CALIN	No	NA	lin
SRR22878282_binette_bin98.fasta	integron_01	k141_427856	k141_427856_2	813	1181	1	NA	protein	protein	NA	CALIN	No	NA	lin
SRR22878282_binette_bin98.fasta	integron_01	k141_427856	attc_002	885	942	1	0.5	attC	attC	attc_4	CALIN	No	276.0	lin
SRR22878283_binette_bin10.fasta	integron_01	k141_275601	k141_275601_1	1	498	1	NA	protein	protein	NA	CALIN	No	NA	lin
SRR22878283_binette_bin10.fasta	integron_01	k141_275601	attc_001	403	500	1	0.00047	attC	attC	attc_4	CALIN	No	NA	lin
SRR22878283_binette_bin10.fasta	integron_01	k141_275601	k141_275601_2	631	1713	1	NA	protein	protein	NA	CALIN	No	NA	lin
SRR22878283_binette_bin10.fasta	integron_01	k141_275601	k141_275601_3	1700	2605	-1	NA	protein	protein	NA	CALIN	No	NA	lin
SRR22878283_binette_bin10.fasta	integron_01	k141_275601	k141_275601_4	2732	3196	1	NA	protein	protein	NA	CALIN	No	NA	lin
SRR22878283_binette_bin10.fasta	integron_01	k141_275601	k141_275601_5	3241	4248	-1	NA	protein	protein	NA	CALIN	No	NA	lin
SRR22878283_binette_bin10.fasta	integron_01	k141_275601	k141_275601_6	4255	4743	-1	NA	protein	protein	NA	CALIN	No	NA	lin
SRR22878283_binette_bin10.fasta	integron_01	k141_275601	attc_002	4329	4375	1	0.42	attC	attC	attc_4	CALIN	No	3829.0	lin
SRR22878283_binette_bin10.fasta	integron_01	k141_395751	k141_395751_1	105	377	1	NA	protein	protein	NA	CALIN	No	NA	lin
SRR22878283_binette_bin10.fasta	integron_01	k141_395751	attc_001	372	488	1	8.1e-07	attC	attC	attc_4	CALIN	No	NA	lin
SRR22878283_binette_bin10.fasta	integron_01	k141_395751	k141_395751_2	485	1018	1	NA	protein	protein	NA	CALIN	No	NA	lin
SRR22878283_binette_bin10.fasta	integron_01	k141_395751	attc_002	1035	1136	1	6.4e-06	attC	attC	attc_4	CALIN	No	547.0	lin
SRR22878283_binette_bin10.fasta	integron_01	k141_395751	k141_395751_3	1170	1331	-1	NA	protein	protein	NA	CALIN	No	NA	lin
SRR22878283_binette_bin10.fasta	integron_01	k141_395751	attc_003	1458	1573	1	1e-05	attC	attC	attc_4	CALIN	No	322.0	lin
SRR22878283_binette_bin10.fasta	integron_01	k141_395751	k141_395751_4	1586	1852	1	NA	protein	protein	NA	CALIN	No	NA	lin
SRR22878283_binette_bin10.fasta	integron_01	k141_395751	attc_004	1729	1774	1	0.31	attC	attC	attc_4	CALIN	No	156.0	lin
SRR22878283_binette_bin10.fasta	integron_01	k141_395751	attc_005	1855	1953	1	7.6e-07	attC	attC	attc_4	CALIN	No	81.0	lin
SRR22878283_binette_bin10.fasta	integron_01	k141_395751	k141_395751_5	1969	2238	1	NA	protein	protein	NA	CALIN	No	NA	lin
SRR22878283_binette_bin10.fasta	integron_01	k141_395751	attc_006	2239	2337	1	3.9e-08	attC	attC	attc_4	CALIN	No	286.0	lin
SRR22878283_binette_bin10.fasta	integron_01	k141_129790	k141_129790_2	568	870	1	NA	protein	protein	NA	CALIN	No	NA	lin
SRR22878283_binette_bin10.fasta	integron_01	k141_129790	attc_001	873	970	1	0.0025	attC	attC	attc_4	CALIN	No	NA	lin
SRR22878283_binette_bin10.fasta	integron_01	k141_129790	k141_129790_3	996	1385	1	NA	protein	protein	NA	CALIN	No	NA	lin
SRR22878283_binette_bin10.fasta	integron_01	k141_129790	k141_129790_4	1425	1661	1	NA	protein	protein	NA	CALIN	No	NA	lin
SRR22878283_binette_bin10.fasta	integron_01	k141_129790	k141_129790_5	1768	2268	1	NA	protein	protein	NA	CALIN	No	NA	lin
SRR22878283_binette_bin10.fasta	integron_01	k141_129790	attc_002	2710	2797	1	0.013	attC	attC	attc_4	CALIN	No	1740.0	lin
SRR22878283_binette_bin10.fasta	integron_01	k141_129790	k141_129790_6	2834	3295	1	NA	protein	protein	NA	CALIN	No	NA	lin
SRR22878283_binette_bin10.fasta	integron_01	k141_129790	k141_129790_7	3547	4524	1	NA	protein	protein	NA	CALIN	No	NA	lin
SRR22878283_binette_bin10.fasta	integron_01	k141_129790	attc_003	4642	4718	1	0.7	attC	attC	attc_4	CALIN	No	1845.0	lin
SRR22878283_binette_bin10.fasta	integron_01	k141_129790	k141_129790_8	4777	5244	1	NA	protein	protein	NA	CALIN	No	NA	lin
SRR22878283_binette_bin10.fasta	integron_01	k141_129790	k141_129790_9	5497	5745	1	NA	protein	protein	NA	CALIN	No	NA	lin
SRR22878283_binette_bin10.fasta	integron_01	k141_129790	k141_129790_10	6164	6880	1	NA	protein	protein	NA	CALIN	No	NA	lin
SRR22878283_binette_bin10.fasta	integron_01	k141_129790	attc_004	6683	6726	1	0.82	attC	attC	attc_4	CALIN	No	1965.0	lin
SRR22878283_binette_bin10.fasta	integron_01	k141_78863	attc_001	15630	15677	1	0.12	attC	attC	attc_4	CALIN	No	NA	lin
SRR22878283_binette_bin10.fasta	integron_01	k141_78863	k141_78863_15	15683	17074	1	NA	protein	protein	NA	CALIN	No	NA	lin
SRR22878283_binette_bin10.fasta	integron_01	k141_78863	k141_78863_16	17074	19074	1	NA	protein	protein	NA	CALIN	No	NA	lin
SRR22878283_binette_bin10.fasta	integron_01	k141_78863	attc_002	18894	19087	1	0.39	attC	attC	attc_4	CALIN	No	3217.0	lin
SRR22878283_binette_bin10.fasta	integron_01	k141_192759	k141_192759_9	8464	9042	-1	NA	protein	protein	NA	CALIN	No	NA	lin
SRR22878283_binette_bin10.fasta	integron_01	k141_192759	attc_001	9020	9100	-1	0.57	attC	attC	attc_4	CALIN	No	NA	lin
SRR22878283_binette_bin10.fasta	integron_01	k141_192759	k141_192759_10	9328	10146	-1	NA	protein	protein	NA	CALIN	No	NA	lin
SRR22878283_binette_bin10.fasta	integron_01	k141_192759	k141_192759_11	10501	12057	1	NA	protein	protein	NA	CALIN	No	NA	lin
SRR22878283_binette_bin10.fasta	integron_01	k141_192759	attc_002	12335	12431	-1	0.09	attC	attC	attc_4	CALIN	No	3235.0	lin
SRR22878283_binette_bin10.fasta	integron_01	k141_192759	k141_192759_12	12426	13076	-1	NA	protein	protein	NA	CALIN	No	NA	lin
SRR22878283_binette_bin10.fasta	integron_01	k141_192759	attc_003	13138	13205	-1	0.26	attC	attC	attc_4	CALIN	No	707.0	lin
SRR22878283_binette_bin10.fasta	integron_01	k141_192759	k141_192759_13	13207	14103	-1	NA	protein	protein	NA	CALIN	No	NA	lin
SRR22878283_binette_bin10.fasta	integron_01	k141_317327	attc_001	235	292	-1	0.18	attC	attC	attc_4	CALIN	No	NA	lin
SRR22878283_binette_bin10.fasta	integron_01	k141_317327	k141_317327_1	263	1732	1	NA	protein	protein	NA	CALIN	No	NA	lin
SRR22878283_binette_bin10.fasta	integron_01	k141_317327	attc_002	777	880	-1	0.4	attC	attC	attc_4	CALIN	No	485.0	lin
SRR22878283_binette_bin10.fasta	integron_02	k141_317327	attc_001	1307	1360	1	0.24	attC	attC	attc_4	CALIN	No	NA	lin
SRR22878283_binette_bin10.fasta	integron_02	k141_317327	attc_002	1381	1422	1	0.33	attC	attC	attc_4	CALIN	No	21.0	lin
SRR22878283_binette_bin10.fasta	integron_03	k141_317327	k141_317327_8	5059	5253	1	NA	protein	protein	NA	CALIN	No	NA	lin
SRR22878283_binette_bin10.fasta	integron_03	k141_317327	k141_317327_9	5254	5436	1	NA	protein	protein	NA	CALIN	No	NA	lin
SRR22878283_binette_bin10.fasta	integron_03	k141_317327	attc_001	5437	5538	1	0.015	attC	attC	attc_4	CALIN	No	NA	lin
SRR22878283_binette_bin10.fasta	integron_03	k141_317327	k141_317327_10	5554	6033	1	NA	protein	protein	NA	CALIN	No	NA	lin
SRR22878283_binette_bin10.fasta	integron_03	k141_317327	attc_002	6037	6125	1	0.014	attC	attC	attc_4	CALIN	No	499.0	lin
SRR22878283_binette_bin10.fasta	integron_03	k141_317327	k141_317327_11	6150	7868	1	NA	protein	protein	NA	CALIN	No	NA	lin
SRR22878283_binette_bin10.fasta	integron_03	k141_317327	k141_317327_12	7903	8076	-1	NA	protein	protein	NA	CALIN	No	NA	lin
SRR22878283_binette_bin10.fasta	integron_03	k141_317327	k141_317327_13	8545	8814	1	NA	protein	protein	NA	CALIN	No	NA	lin
SRR22878283_binette_bin10.fasta	integron_03	k141_317327	k141_317327_14	8811	9344	1	NA	protein	protein	NA	CALIN	No	NA	lin
SRR22878283_binette_bin10.fasta	integron_03	k141_317327	k141_317327_15	9378	9557	-1	NA	protein	protein	NA	CALIN	No	NA	lin
SRR22878283_binette_bin10.fasta	integron_03	k141_317327	attc_003	9641	9741	1	0.0041	attC	attC	attc_4	CALIN	No	3516.0	lin
SRR22878283_binette_bin10.fasta	integron_03	k141_317327	k141_317327_16	9747	10040	-1	NA	protein	protein	NA	CALIN	No	NA	lin
SRR22878283_binette_bin10.fasta	integron_03	k141_317327	k141_317327_17	10040	10279	-1	NA	protein	protein	NA	CALIN	No	NA	lin
SRR22878283_binette_bin10.fasta	integron_03	k141_317327	attc_004	10329	10427	1	0.26	attC	attC	attc_4	CALIN	No	588.0	lin
SRR22878283_binette_bin10.fasta	integron_03	k141_317327	k141_317327_18	10451	10789	1	NA	protein	protein	NA	CALIN	No	NA	lin
SRR22878283_binette_bin10.fasta	integron_03	k141_317327	attc_005	11094	11184	1	0.0039	attC	attC	attc_4	CALIN	No	667.0	lin
SRR22878283_binette_bin10.fasta	integron_03	k141_317327	k141_317327_19	11181	12212	1	NA	protein	protein	NA	CALIN	No	NA	lin
SRR22878283_binette_bin10.fasta	integron_03	k141_317327	attc_006	12235	12295	1	0.15	attC	attC	attc_4	CALIN	No	1051.0	lin
SRR22878283_binette_bin10.fasta	integron_03	k141_317327	k141_317327_20	12321	13217	1	NA	protein	protein	NA	CALIN	No	NA	lin
SRR22878283_binette_bin11.fasta	integron_01	k141_133307	attc_001	132	221	-1	0.35	attC	attC	attc_4	CALIN	No	NA	lin
SRR22878283_binette_bin11.fasta	integron_01	k141_133307	k141_133307_1	216	617	-1	NA	protein	protein	NA	CALIN	No	NA	lin
SRR22878283_binette_bin11.fasta	integron_01	k141_133307	k141_133307_2	747	1577	-1	NA	protein	protein	NA	CALIN	No	NA	lin
SRR22878283_binette_bin11.fasta	integron_01	k141_133307	attc_002	1622	1722	-1	0.077	attC	attC	attc_4	CALIN	No	1401.0	lin
SRR22878283_binette_bin111.fasta	integron_01	k141_163630	k141_163630_2	645	1433	-1	NA	protein	protein	NA	CALIN	No	NA	lin
SRR22878283_binette_bin111.fasta	integron_01	k141_163630	attc_001	1139	1243	-1	0.072	attC	attC	attc_4	CALIN	No	NA	lin
SRR22878283_binette_bin111.fasta	integron_01	k141_163630	attc_002	1344	1413	-1	0.27	attC	attC	attc_4	CALIN	No	101.0	lin
SRR22878283_binette_bin111.fasta	integron_01	k141_163630	k141_163630_3	1450	1749	-1	NA	protein	protein	NA	CALIN	No	NA	lin
SRR22878283_binette_bin117.fasta	integron_01	k141_468316	attc_001	164	206	1	0.26	attC	attC	attc_4	CALIN	No	NA	lin
SRR22878283_binette_bin117.fasta	integron_01	k141_468316	k141_468316_1	315	662	1	NA	protein	protein	NA	CALIN	No	NA	lin
SRR22878283_binette_bin117.fasta	integron_01	k141_468316	attc_002	671	736	1	0.0019	attC	attC	attc_4	CALIN	No	465.0	lin
SRR22878283_binette_bin117.fasta	integron_01	k141_380577	k141_380577_1	2	256	1	NA	protein	protein	NA	CALIN	No	NA	lin
SRR22878283_binette_bin117.fasta	integron_01	k141_380577	attc_001	251	352	1	6.4e-06	attC	attC	attc_4	CALIN	No	NA	lin
SRR22878283_binette_bin117.fasta	integron_01	k141_380577	k141_380577_2	368	742	1	NA	protein	protein	NA	CALIN	No	NA	lin
SRR22878283_binette_bin117.fasta	integron_01	k141_380577	attc_002	743	844	1	1.1e-06	attC	attC	attc_4	CALIN	No	391.0	lin
SRR22878283_binette_bin117.fasta	integron_01	k141_380577	k141_380577_3	851	1129	1	NA	protein	protein	NA	CALIN	No	NA	lin
SRR22878283_binette_bin117.fasta	integron_01	k141_380577	attc_003	1135	1236	1	9.5e-08	attC	attC	attc_4	CALIN	No	291.0	lin
SRR22878283_binette_bin117.fasta	integron_01	k141_380577	k141_380577_4	1242	1616	1	NA	protein	protein	NA	CALIN	No	NA	lin
SRR22878283_binette_bin119.fasta	integron_01	k141_113390	k141_113390_2	123	743	-1	NA	protein	protein	NA	CALIN	No	NA	lin
SRR22878283_binette_bin119.fasta	integron_01	k141_113390	attc_001	906	964	-1	0.013	attC	attC	attc_4	CALIN	No	NA	lin
SRR22878283_binette_bin119.fasta	integron_01	k141_113390	k141_113390_3	974	1657	-1	NA	protein	protein	NA	CALIN	No	NA	lin
SRR22878283_binette_bin119.fasta	integron_01	k141_113390	attc_002	1580	1638	-1	0.51	attC	attC	attc_4	CALIN	No	616.0	lin
SRR22878283_binette_bin119.fasta	integron_01	k141_31564	k141_31564_1	1	258	1	NA	protein	protein	NA	CALIN	No	NA	lin
SRR22878283_binette_bin119.fasta	integron_01	k141_31564	attc_001	267	318	1	0.004	attC	attC	attc_4	CALIN	No	NA	lin
SRR22878283_binette_bin119.fasta	integron_01	k141_31564	k141_31564_2	342	812	1	NA	protein	protein	NA	CALIN	No	NA	lin
SRR22878283_binette_bin119.fasta	integron_01	k141_31564	k141_31564_3	971	1339	1	NA	protein	protein	NA	CALIN	No	NA	lin
SRR22878283_binette_bin119.fasta	integron_01	k141_31564	k141_31564_4	1487	2047	1	NA	protein	protein	NA	CALIN	No	NA	lin
SRR22878283_binette_bin119.fasta	integron_01	k141_31564	attc_002	2072	2182	1	0.37	attC	attC	attc_4	CALIN	No	1754.0	lin
SRR22878283_binette_bin119.fasta	integron_01	k141_31564	k141_31564_5	2208	3131	1	NA	protein	protein	NA	CALIN	No	NA	lin
SRR22878283_binette_bin12.fasta	integron_01	k141_65561	k141_65561_21	28469	30778	1	NA	protein	protein	NA	CALIN	No	NA	lin
SRR22878283_binette_bin12.fasta	integron_01	k141_65561	attc_001	29328	29373	1	0.78	attC	attC	attc_4	CALIN	No	NA	lin
SRR22878283_binette_bin12.fasta	integron_01	k141_65561	k141_65561_22	30791	31840	1	NA	protein	protein	NA	CALIN	No	NA	lin
SRR22878283_binette_bin12.fasta	integron_01	k141_65561	k141_65561_23	31947	32708	1	NA	protein	protein	NA	CALIN	No	NA	lin
SRR22878283_binette_bin12.fasta	integron_01	k141_65561	attc_002	32254	32357	1	0.084	attC	attC	attc_4	CALIN	No	2881.0	lin
SRR22878283_binette_bin12.fasta	integron_01	k141_394394	attc_001	323	420	-1	0.00032	attC	attC	attc_4	complete	No	NA	lin
SRR22878283_binette_bin12.fasta	integron_01	k141_394394	k141_394394_1	921	1892	1	7e-27	protein	intI	intersection_tyr_intI	complete	No	NA	lin
SRR22878283_binette_bin121.fasta	integron_01	k141_67742	k141_67742_10	4246	4554	-1	NA	protein	protein	NA	CALIN	No	NA	lin
SRR22878283_binette_bin121.fasta	integron_01	k141_67742	attc_001	4333	4382	1	0.0043	attC	attC	attc_4	CALIN	No	NA	lin
SRR22878283_binette_bin121.fasta	integron_01	k141_67742	k141_67742_11	4551	5000	-1	NA	protein	protein	NA	CALIN	No	NA	lin
SRR22878283_binette_bin121.fasta	integron_01	k141_67742	k141_67742_12	4987	5346	-1	NA	protein	protein	NA	CALIN	No	NA	lin
SRR22878283_binette_bin121.fasta	integron_01	k141_67742	attc_002	5260	5355	1	0.045	attC	attC	attc_4	CALIN	No	878.0	lin
SRR22878283_binette_bin121.fasta	integron_01	k141_67742	k141_67742_13	5334	5705	-1	NA	protein	protein	NA	CALIN	No	NA	lin
SRR22878283_binette_bin121.fasta	integron_01	k141_67742	k141_67742_14	5665	6000	-1	NA	protein	protein	NA	CALIN	No	NA	lin
SRR22878283_binette_bin121.fasta	integron_01	k141_67742	k141_67742_15	6085	8163	-1	NA	protein	protein	NA	CALIN	No	NA	lin
SRR22878283_binette_bin121.fasta	integron_01	k141_67742	attc_003	7232	7388	1	0.48	attC	attC	attc_4	CALIN	No	1877.0	lin
SRR22878283_binette_bin121.fasta	integron_01	k141_476835	k141_476835_1	1	87	1	NA	protein	protein	NA	CALIN	No	NA	lin
SRR22878283_binette_bin121.fasta	integron_01	k141_476835	k141_476835_2	87	353	1	NA	protein	protein	NA	CALIN	No	NA	lin
SRR22878283_binette_bin121.fasta	integron_01	k141_476835	attc_001	215	270	-1	0.69	attC	attC	attc_4	CALIN	No	NA	lin
SRR22878283_binette_bin121.fasta	integron_01	k141_476835	k141_476835_3	353	694	1	NA	protein	protein	NA	CALIN	No	NA	lin
SRR22878283_binette_bin121.fasta	integron_01	k141_476835	k141_476835_4	694	876	1	NA	protein	protein	NA	CALIN	No	NA	lin
SRR22878283_binette_bin121.fasta	integron_01	k141_476835	k141_476835_5	960	1139	1	NA	protein	protein	NA	CALIN	No	NA	lin
SRR22878283_binette_bin121.fasta	integron_01	k141_476835	k141_476835_6	1136	1435	1	NA	protein	protein	NA	CALIN	No	NA	lin
SRR22878283_binette_bin121.fasta	integron_01	k141_476835	attc_002	1453	1507	-1	0.014	attC	attC	attc_4	CALIN	No	1183.0	lin
SRR22878283_binette_bin121.fasta	integron_01	k141_476835	k141_476835_7	1536	1727	1	NA	protein	protein	NA	CALIN	No	NA	lin
SRR22878283_binette_bin13.fasta	integron_01	k141_230175	k141_230175_8	3901	7989	1	NA	protein	protein	NA	CALIN	No	NA	lin
SRR22878283_binette_bin13.fasta	integron_01	k141_230175	attc_001	7011	7054	-1	0.087	attC	attC	attc_4	CALIN	No	NA	lin
SRR22878283_binette_bin13.fasta	integron_01	k141_230175	k141_230175_9	8040	12266	1	NA	protein	protein	NA	CALIN	No	NA	lin
SRR22878283_binette_bin13.fasta	integron_01	k141_230175	attc_002	9812	9978	-1	0.094	attC	attC	attc_4	CALIN	No	2758.0	lin
SRR22878283_binette_bin152.fasta	integron_01	k141_316758	k141_316758_13	9334	9606	1	NA	protein	protein	NA	CALIN	No	NA	lin
SRR22878283_binette_bin152.fasta	integron_01	k141_316758	attc_001	9601	9642	1	0.042	attC	attC	attc_4	CALIN	No	NA	lin
SRR22878283_binette_bin152.fasta	integron_01	k141_316758	k141_316758_14	9609	11168	1	NA	protein	protein	NA	CALIN	No	NA	lin
SRR22878283_binette_bin152.fasta	integron_01	k141_316758	attc_002	10595	10692	1	0.13	attC	attC	attc_4	CALIN	No	953.0	lin
SRR22878283_binette_bin157.fasta	integron_01	k141_298851	k141_298851_1	2	1258	-1	NA	protein	protein	NA	CALIN	No	NA	lin
SRR22878283_binette_bin157.fasta	integron_01	k141_298851	attc_001	695	770	1	0.011	attC	attC	attc_4	CALIN	No	NA	lin
SRR22878283_binette_bin157.fasta	integron_01	k141_298851	attc_002	1191	1236	1	0.88	attC	attC	attc_4	CALIN	No	421.0	lin
SRR22878283_binette_bin157.fasta	integron_01	k141_212195	attc_001	57	121	1	0.01	attC	attC	attc_4	CALIN	No	NA	lin
SRR22878283_binette_bin157.fasta	integron_01	k141_212195	k141_212195_1	158	1153	1	NA	protein	protein	NA	CALIN	No	NA	lin
SRR22878283_binette_bin157.fasta	integron_01	k141_212195	attc_002	799	902	1	0.38	attC	attC	attc_4	CALIN	No	678.0	lin
SRR22878283_binette_bin17.fasta	integron_01	k141_253171	attc_001	19	126	-1	5.2e-05	attC	attC	attc_4	CALIN	No	NA	lin
SRR22878283_binette_bin17.fasta	integron_01	k141_253171	k141_253171_1	133	546	-1	NA	protein	protein	NA	CALIN	No	NA	lin
SRR22878283_binette_bin17.fasta	integron_01	k141_253171	attc_002	508	615	-1	0.00086	attC	attC	attc_4	CALIN	No	382.0	lin
SRR22878283_binette_bin17.fasta	integron_01	k141_253171	k141_253171_2	655	1101	-1	NA	protein	protein	NA	CALIN	No	NA	lin
SRR22878283_binette_bin17.fasta	integron_01	k141_425638	attc_001	9	117	1	0.07	attC	attC	attc_4	CALIN	No	NA	lin
SRR22878283_binette_bin17.fasta	integron_01	k141_425638	k141_425638_1	132	1145	1	NA	protein	protein	NA	CALIN	No	NA	lin
SRR22878283_binette_bin17.fasta	integron_01	k141_425638	attc_002	1147	1260	1	1.5e-06	attC	attC	attc_4	CALIN	No	1030.0	lin
SRR22878283_binette_bin17.fasta	integron_01	k141_425638	k141_425638_2	1276	1815	1	NA	protein	protein	NA	CALIN	No	NA	lin
SRR22878283_binette_bin17.fasta	integron_01	k141_425638	attc_003	1817	1924	1	4.8e-05	attC	attC	attc_4	CALIN	No	557.0	lin
SRR22878283_binette_bin17.fasta	integron_01	k141_425638	k141_425638_3	1944	2540	1	NA	protein	protein	NA	CALIN	No	NA	lin
SRR22878283_binette_bin17.fasta	integron_01	k141_425638	attc_004	2542	2657	1	0.078	attC	attC	attc_4	CALIN	No	618.0	lin
SRR22878283_binette_bin17.fasta	integron_01	k141_425638	k141_425638_4	2673	3065	1	NA	protein	protein	NA	CALIN	No	NA	lin
SRR22878283_binette_bin17.fasta	integron_01	k141_425638	k141_425638_5	3211	3498	1	NA	protein	protein	NA	CALIN	No	NA	lin
SRR22878283_binette_bin17.fasta	integron_01	k141_425638	k141_425638_6	3488	3589	1	NA	protein	protein	NA	CALIN	No	NA	lin
SRR22878283_binette_bin17.fasta	integron_01	k141_425638	attc_005	3493	3599	1	6.2e-06	attC	attC	attc_4	CALIN	No	836.0	lin
SRR22878283_binette_bin17.fasta	integron_01	k141_425638	k141_425638_7	3619	3843	1	NA	protein	protein	NA	CALIN	No	NA	lin
SRR22878283_binette_bin2.fasta	integron_01	k141_128320	k141_128320_5	6395	6736	1	NA	protein	protein	NA	CALIN	No	NA	lin
SRR22878283_binette_bin2.fasta	integron_01	k141_128320	attc_001	6696	6738	1	0.49	attC	attC	attc_4	CALIN	No	NA	lin
SRR22878283_binette_bin2.fasta	integron_01	k141_128320	k141_128320_6	6822	8639	-1	NA	protein	protein	NA	CALIN	No	NA	lin
SRR22878283_binette_bin2.fasta	integron_01	k141_128320	attc_002	6974	7044	1	0.59	attC	attC	attc_4	CALIN	No	236.0	lin
SRR22878283_binette_bin201.fasta	integron_01	k141_25321	k141_25321_1	3	473	1	NA	protein	protein	NA	CALIN	No	NA	lin
SRR22878283_binette_bin201.fasta	integron_01	k141_25321	k141_25321_2	470	943	1	NA	protein	protein	NA	CALIN	No	NA	lin
SRR22878283_binette_bin201.fasta	integron_01	k141_25321	attc_001	589	731	-1	0.48	attC	attC	attc_4	CALIN	No	NA	lin
SRR22878283_binette_bin201.fasta	integron_01	k141_25321	attc_002	792	841	-1	0.00077	attC	attC	attc_4	CALIN	No	61.0	lin
SRR22878283_binette_bin201.fasta	integron_01	k141_25321	k141_25321_3	971	1093	1	NA	protein	protein	NA	CALIN	No	NA	lin
SRR22878283_binette_bin201.fasta	integron_01	k141_516485	attc_001	4220	4299	-1	0.047	attC	attC	attc_4	CALIN	No	NA	lin
SRR22878283_binette_bin201.fasta	integron_01	k141_516485	k141_516485_5	4502	4819	1	NA	protein	protein	NA	CALIN	No	NA	lin
SRR22878283_binette_bin201.fasta	integron_01	k141_516485	k141_516485_6	4806	5273	1	NA	protein	protein	NA	CALIN	No	NA	lin
SRR22878283_binette_bin201.fasta	integron_01	k141_516485	k141_516485_7	5303	7963	-1	NA	protein	protein	NA	CALIN	No	NA	lin
SRR22878283_binette_bin201.fasta	integron_01	k141_516485	attc_002	7287	7352	-1	0.0083	attC	attC	attc_4	CALIN	No	2988.0	lin
SRR22878283_binette_bin205.fasta	integron_01	k141_62641	attc_001	1840	1958	1	0.00016	attC	attC	attc_4	CALIN	No	NA	lin
SRR22878283_binette_bin205.fasta	integron_01	k141_62641	k141_62641_3	2086	2475	1	NA	protein	protein	NA	CALIN	No	NA	lin
SRR22878283_binette_bin205.fasta	integron_01	k141_62641	attc_002	2503	2673	1	0.52	attC	attC	attc_4	CALIN	No	545.0	lin
SRR22878283_binette_bin205.fasta	integron_01	k141_62641	k141_62641_4	2585	2788	1	NA	protein	protein	NA	CALIN	No	NA	lin
SRR22878283_binette_bin205.fasta	integron_01	k141_68526	k141_68526_1	262	684	-1	NA	protein	protein	NA	CALIN	No	NA	lin
SRR22878283_binette_bin205.fasta	integron_01	k141_68526	attc_001	712	828	-1	0.00058	attC	attC	attc_4	CALIN	No	NA	lin
SRR22878283_binette_bin205.fasta	integron_01	k141_68526	k141_68526_2	823	1509	-1	NA	protein	protein	NA	CALIN	No	NA	lin
SRR22878283_binette_bin205.fasta	integron_01	k141_68526	attc_002	1495	1575	-1	0.0024	attC	attC	attc_4	CALIN	No	667.0	lin
SRR22878283_binette_bin205.fasta	integron_01	k141_68526	k141_68526_3	1633	2013	-1	NA	protein	protein	NA	CALIN	No	NA	lin
SRR22878283_binette_bin205.fasta	integron_01	k141_68526	attc_003	2021	2139	-1	6.5e-05	attC	attC	attc_4	CALIN	No	446.0	lin
SRR22878283_binette_bin205.fasta	integron_01	k141_68526	k141_68526_4	2148	2567	-1	NA	protein	protein	NA	CALIN	No	NA	lin
SRR22878283_binette_bin205.fasta	integron_01	k141_68526	k141_68526_5	2554	2718	-1	NA	protein	protein	NA	CALIN	No	NA	lin
SRR22878283_binette_bin205.fasta	integron_01	k141_68526	attc_004	2579	2699	-1	0.00013	attC	attC	attc_4	CALIN	No	440.0	lin
SRR22878283_binette_bin205.fasta	integron_01	k141_68526	k141_68526_6	2715	3164	-1	NA	protein	protein	NA	CALIN	No	NA	lin
SRR22878283_binette_bin205.fasta	integron_01	k141_68526	attc_005	3186	3274	-1	0.076	attC	attC	attc_4	CALIN	No	487.0	lin
SRR22878283_binette_bin205.fasta	integron_01	k141_68526	k141_68526_7	3290	3487	1	NA	protein	protein	NA	CALIN	No	NA	lin
SRR22878283_binette_bin205.fasta	integron_01	k141_68526	attc_006	3490	3572	-1	0.006	attC	attC	attc_4	CALIN	No	216.0	lin
SRR22878283_binette_bin220.fasta	integron_01	k141_530403	k141_530403_1	295	1269	1	1.7000000000000002e-22	protein	intI	intersection_tyr_intI	In0	No	NA	lin
SRR22878283_binette_bin27.fasta	integron_01	k141_164248	k141_164248_1	618	998	1	NA	protein	protein	NA	CALIN	No	NA	lin
SRR22878283_binette_bin27.fasta	integron_01	k141_164248	attc_001	976	1089	1	5.4e-08	attC	attC	attc_4	CALIN	No	NA	lin
SRR22878283_binette_bin27.fasta	integron_01	k141_164248	k141_164248_2	1109	3523	1	NA	protein	protein	NA	CALIN	No	NA	lin
SRR22878283_binette_bin27.fasta	integron_01	k141_164248	k141_164248_3	3616	3915	1	NA	protein	protein	NA	CALIN	No	NA	lin
SRR22878283_binette_bin27.fasta	integron_01	k141_164248	attc_002	3993	4048	1	0.0057	attC	attC	attc_4	CALIN	No	2904.0	lin
SRR22878283_binette_bin27.fasta	integron_01	k141_42131	k141_42131_43	50267	50662	1	NA	protein	protein	NA	CALIN	No	NA	lin
SRR22878283_binette_bin27.fasta	integron_01	k141_42131	attc_001	50657	50765	1	2.6e-05	attC	attC	attc_4	CALIN	No	NA	lin
SRR22878283_binette_bin27.fasta	integron_01	k141_42131	k141_42131_44	50778	51320	1	NA	protein	protein	NA	CALIN	No	NA	lin
SRR22878283_binette_bin27.fasta	integron_01	k141_42131	attc_002	51323	51372	1	0.0025	attC	attC	attc_4	CALIN	No	558.0	lin
SRR22878283_binette_bin28.fasta	integron_01	k141_411943	k141_411943_2	1433	2440	-1	1.1e-29	protein	intI	intersection_tyr_intI	complete	No	NA	lin
SRR22878283_binette_bin28.fasta	integron_01	k141_411943	attc_001	1604	1663	-1	0.7	attC	attC	attc_4	complete	No	NA	lin
SRR22878283_binette_bin28.fasta	integron_01	k141_541934	k141_541934_7	5955	6833	1	NA	protein	protein	NA	CALIN	No	NA	lin
SRR22878283_binette_bin28.fasta	integron_01	k141_541934	attc_001	6704	6768	1	0.043	attC	attC	attc_4	CALIN	No	NA	lin
SRR22878283_binette_bin28.fasta	integron_01	k141_541934	k141_541934_8	6830	7708	-1	NA	protein	protein	NA	CALIN	No	NA	lin
SRR22878283_binette_bin28.fasta	integron_01	k141_541934	k141_541934_9	7705	8169	-1	NA	protein	protein	NA	CALIN	No	NA	lin
SRR22878283_binette_bin28.fasta	integron_01	k141_541934	attc_002	7890	7960	1	0.17	attC	attC	attc_4	CALIN	No	1122.0	lin
SRR22878283_binette_bin29.fasta	integron_01	k141_432682	k141_432682_3	1321	3348	1	NA	protein	protein	NA	CALIN	No	NA	lin
SRR22878283_binette_bin29.fasta	integron_01	k141_432682	attc_001	2950	3042	1	0.12	attC	attC	attc_4	CALIN	No	NA	lin
SRR22878283_binette_bin29.fasta	integron_01	k141_432682	k141_432682_4	3357	4571	1	NA	protein	protein	NA	CALIN	No	NA	lin
SRR22878283_binette_bin29.fasta	integron_01	k141_432682	attc_002	3700	3756	1	0.22	attC	attC	attc_4	CALIN	No	658.0	lin
SRR22878283_binette_bin35.fasta	integron_01	k141_285723	k141_285723_1	2	712	-1	NA	protein	protein	NA	CALIN	No	NA	lin
SRR22878283_binette_bin35.fasta	integron_01	k141_285723	attc_001	704	762	-1	0.41	attC	attC	attc_4	CALIN	No	NA	lin
SRR22878283_binette_bin35.fasta	integron_01	k141_285723	k141_285723_2	775	948	1	NA	protein	protein	NA	CALIN	No	NA	lin
SRR22878283_binette_bin35.fasta	integron_01	k141_285723	attc_002	985	1027	-1	0.82	attC	attC	attc_4	CALIN	No	223.0	lin
SRR22878283_binette_bin35.fasta	integron_01	k141_285723	k141_285723_3	1012	1266	-1	NA	protein	protein	NA	CALIN	No	NA	lin
SRR22878283_binette_bin35.fasta	integron_01	k141_285723	k141_285723_4	1406	2227	-1	NA	protein	protein	NA	CALIN	No	NA	lin
SRR22878283_binette_bin35.fasta	integron_01	k141_285723	k141_285723_5	2593	4152	-1	NA	protein	protein	NA	CALIN	No	NA	lin
SRR22878283_binette_bin35.fasta	integron_01	k141_285723	attc_003	3155	3215	-1	0.075	attC	attC	attc_4	CALIN	No	2128.0	lin
SRR22878283_binette_bin35.fasta	integron_01	k141_285723	attc_004	3336	3384	-1	0.084	attC	attC	attc_4	CALIN	No	121.0	lin
SRR22878283_binette_bin37.fasta	integron_01	k141_114447	k141_114447_2	1827	2702	1	NA	protein	protein	NA	complete	No	NA	lin
SRR22878283_binette_bin37.fasta	integron_01	k141_114447	attc_001	1905	1959	1	0.39	attC	attC	attc_4	complete	No	NA	lin
SRR22878283_binette_bin37.fasta	integron_01	k141_114447	k141_114447_3	2745	3482	1	NA	protein	protein	NA	complete	No	NA	lin
SRR22878283_binette_bin37.fasta	integron_01	k141_114447	attc_002	3542	3614	1	0.27	attC	attC	attc_4	complete	No	1583.0	lin
SRR22878283_binette_bin37.fasta	integron_01	k141_114447	k141_114447_4	3573	4142	1	NA	protein	protein	NA	complete	No	NA	lin
SRR22878283_binette_bin37.fasta	integron_01	k141_114447	k141_114447_5	4859	5560	1	2.5000000000000002e-22	protein	intI	intersection_tyr_intI	complete	No	NA	lin
SRR22878283_binette_bin37.fasta	integron_01	k141_193391	k141_193391_1	2	607	1	NA	protein	protein	NA	CALIN	No	NA	lin
SRR22878283_binette_bin37.fasta	integron_01	k141_193391	attc_001	111	160	-1	0.0092	attC	attC	attc_4	CALIN	No	NA	lin
SRR22878283_binette_bin37.fasta	integron_01	k141_193391	k141_193391_2	661	1710	1	NA	protein	protein	NA	CALIN	No	NA	lin
SRR22878283_binette_bin37.fasta	integron_01	k141_193391	k141_193391_3	1821	2237	1	NA	protein	protein	NA	CALIN	No	NA	lin
SRR22878283_binette_bin37.fasta	integron_01	k141_193391	k141_193391_4	2306	3025	1	NA	protein	protein	NA	CALIN	No	NA	lin
SRR22878283_binette_bin37.fasta	integron_01	k141_193391	attc_002	3048	3095	-1	0.67	attC	attC	attc_4	CALIN	No	2888.0	lin
SRR22878283_binette_bin37.fasta	integron_01	k141_193391	k141_193391_5	3115	4383	-1	NA	protein	protein	NA	CALIN	No	NA	lin
SRR22878283_binette_bin40.fasta	integron_01	k141_306323	k141_306323_2	665	1852	-1	NA	protein	protein	NA	CALIN	No	NA	lin
SRR22878283_binette_bin40.fasta	integron_01	k141_306323	attc_001	1322	1469	-1	0.62	attC	attC	attc_4	CALIN	No	NA	lin
SRR22878283_binette_bin40.fasta	integron_01	k141_306323	attc_002	1785	1865	-1	0.038	attC	attC	attc_4	CALIN	No	316.0	lin
SRR22878283_binette_bin49.fasta	integron_01	k141_55204	attc_001	2455	2645	-1	0.56	attC	attC	attc_4	CALIN	No	NA	lin
SRR22878283_binette_bin49.fasta	integron_01	k141_55204	attc_002	2657	2714	-1	0.07	attC	attC	attc_4	CALIN	No	12.0	lin
SRR22878283_binette_bin49.fasta	integron_01	k141_2545	k141_2545_3	2220	3572	1	NA	protein	protein	NA	CALIN	No	NA	lin
SRR22878283_binette_bin49.fasta	integron_01	k141_2545	k141_2545_4	3600	3707	1	NA	protein	protein	NA	CALIN	No	NA	lin
SRR22878283_binette_bin49.fasta	integron_01	k141_2545	attc_001	3702	3766	1	0.75	attC	attC	attc_4	CALIN	No	NA	lin
SRR22878283_binette_bin49.fasta	integron_01	k141_2545	k141_2545_5	3889	4386	1	NA	protein	protein	NA	CALIN	No	NA	lin
SRR22878283_binette_bin49.fasta	integron_01	k141_2545	attc_002	4321	4403	1	0.0055	attC	attC	attc_4	CALIN	No	555.0	lin
SRR22878283_binette_bin49.fasta	integron_01	k141_57386	k141_57386_1	3	458	-1	NA	protein	protein	NA	CALIN	No	NA	lin
SRR22878283_binette_bin49.fasta	integron_01	k141_57386	attc_001	317	500	1	0.051	attC	attC	attc_4	CALIN	No	NA	lin
SRR22878283_binette_bin49.fasta	integron_01	k141_57386	k141_57386_2	557	1600	-1	NA	protein	protein	NA	CALIN	No	NA	lin
SRR22878283_binette_bin49.fasta	integron_01	k141_57386	attc_002	1828	1909	1	0.0055	attC	attC	attc_4	CALIN	No	1328.0	lin
SRR22878283_binette_bin49.fasta	integron_01	k141_57386	k141_57386_3	1855	2181	-1	NA	protein	protein	NA	CALIN	No	NA	lin
SRR22878283_binette_bin49.fasta	integron_01	k141_498754	k141_498754_1	2	322	-1	NA	protein	protein	NA	CALIN	No	NA	lin
SRR22878283_binette_bin49.fasta	integron_01	k141_498754	attc_001	192	247	1	0.95	attC	attC	attc_4	CALIN	No	NA	lin
SRR22878283_binette_bin49.fasta	integron_01	k141_498754	k141_498754_2	384	1079	1	NA	protein	protein	NA	CALIN	No	NA	lin
SRR22878283_binette_bin49.fasta	integron_01	k141_498754	attc_002	1088	1268	1	0.0031	attC	attC	attc_4	CALIN	No	841.0	lin
SRR22878283_binette_bin49.fasta	integron_01	k141_173132	attc_001	315	368	-1	0.0091	attC	attC	attc_4	CALIN	No	NA	lin
SRR22878283_binette_bin49.fasta	integron_01	k141_173132	k141_173132_1	702	1388	1	NA	protein	protein	NA	CALIN	No	NA	lin
SRR22878283_binette_bin49.fasta	integron_01	k141_173132	attc_002	764	811	-1	0.04	attC	attC	attc_4	CALIN	No	396.0	lin
SRR22878283_binette_bin49.fasta	integron_01	k141_130353	k141_130353_3	3344	4258	-1	1.0000000000000001e-28	protein	intI	intersection_tyr_intI	In0	No	NA	lin
SRR22878283_binette_bin49.fasta	integron_01	k141_349630	attc_001	153	252	1	0.0013	attC	attC	attc_4	CALIN	No	NA	lin
SRR22878283_binette_bin49.fasta	integron_01	k141_349630	k141_349630_1	397	1005	-1	NA	protein	protein	NA	CALIN	No	NA	lin
SRR22878283_binette_bin49.fasta	integron_01	k141_349630	k141_349630_2	1099	1227	-1	NA	protein	protein	NA	CALIN	No	NA	lin
SRR22878283_binette_bin49.fasta	integron_01	k141_349630	k141_349630_3	1302	1889	-1	NA	protein	protein	NA	CALIN	No	NA	lin
SRR22878283_binette_bin49.fasta	integron_01	k141_349630	k141_349630_4	2332	3432	1	NA	protein	protein	NA	CALIN	No	NA	lin
SRR22878283_binette_bin49.fasta	integron_01	k141_349630	attc_002	2507	2569	1	0.065	attC	attC	attc_4	CALIN	No	2255.0	lin
SRR22878283_binette_bin49.fasta	integron_01	k141_134022	k141_134022_1	1	513	1	NA	protein	protein	NA	CALIN	No	NA	lin
SRR22878283_binette_bin49.fasta	integron_01	k141_134022	k141_134022_2	540	1022	1	NA	protein	protein	NA	CALIN	No	NA	lin
SRR22878283_binette_bin49.fasta	integron_01	k141_134022	attc_001	598	703	-1	0.025	attC	attC	attc_4	CALIN	No	NA	lin
SRR22878283_binette_bin49.fasta	integron_01	k141_134022	attc_002	934	994	-1	0.1	attC	attC	attc_4	CALIN	No	231.0	lin
SRR22878283_binette_bin49.fasta	integron_01	k141_135911	k141_135911_1	309	1589	-1	NA	protein	protein	NA	CALIN	No	NA	lin
SRR22878283_binette_bin49.fasta	integron_01	k141_135911	attc_001	1701	1870	1	0.0037	attC	attC	attc_4	CALIN	No	NA	lin
SRR22878283_binette_bin49.fasta	integron_01	k141_135911	k141_135911_2	2234	3205	1	NA	protein	protein	NA	CALIN	No	NA	lin
SRR22878283_binette_bin49.fasta	integron_01	k141_135911	attc_002	2481	2560	1	0.66	attC	attC	attc_4	CALIN	No	611.0	lin
SRR22878283_binette_bin49.fasta	integron_01	k141_412234	k141_412234_1	710	1450	-1	NA	protein	protein	NA	CALIN	No	NA	lin
SRR22878283_binette_bin49.fasta	integron_01	k141_412234	attc_001	1051	1106	-1	0.02	attC	attC	attc_4	CALIN	No	NA	lin
SRR22878283_binette_bin49.fasta	integron_01	k141_412234	k141_412234_2	1529	2089	-1	NA	protein	protein	NA	CALIN	No	NA	lin
SRR22878283_binette_bin49.fasta	integron_01	k141_412234	attc_002	1695	1798	-1	0.79	attC	attC	attc_4	CALIN	No	589.0	lin
SRR22878283_binette_bin49.fasta	integron_01	k141_362926	k141_362926_1	3	317	-1	NA	protein	protein	NA	CALIN	No	NA	lin
SRR22878283_binette_bin49.fasta	integron_01	k141_362926	attc_001	225	294	1	0.012	attC	attC	attc_4	CALIN	No	NA	lin
SRR22878283_binette_bin49.fasta	integron_01	k141_362926	k141_362926_2	548	3175	-1	NA	protein	protein	NA	CALIN	No	NA	lin
SRR22878283_binette_bin49.fasta	integron_01	k141_362926	attc_002	3228	3289	1	0.62	attC	attC	attc_4	CALIN	No	2934.0	lin
SRR22878283_binette_bin49.fasta	integron_02	k141_362926	k141_362926_5	7139	8437	-1	NA	protein	protein	NA	CALIN	No	NA	lin
SRR22878283_binette_bin49.fasta	integron_02	k141_362926	attc_001	7552	7734	1	0.96	attC	attC	attc_4	CALIN	No	NA	lin
SRR22878283_binette_bin49.fasta	integron_02	k141_362926	attc_002	8434	8524	1	0.025	attC	attC	attc_4	CALIN	No	700.0	lin
SRR22878283_binette_bin49.fasta	integron_01	k141_418235	attc_001	1218	1314	-1	0.47	attC	attC	attc_4	CALIN	No	NA	lin
SRR22878283_binette_bin49.fasta	integron_01	k141_418235	attc_002	1321	1369	-1	0.0095	attC	attC	attc_4	CALIN	No	7.0	lin
SRR22878283_binette_bin49.fasta	integron_01	k141_311937	k141_311937_2	378	1451	1	NA	protein	protein	NA	CALIN	No	NA	lin
SRR22878283_binette_bin49.fasta	integron_01	k141_311937	attc_001	664	746	1	0.0013	attC	attC	attc_4	CALIN	No	NA	lin
SRR22878283_binette_bin49.fasta	integron_01	k141_311937	attc_002	1475	1518	1	0.25	attC	attC	attc_4	CALIN	No	729.0	lin
SRR22878283_binette_bin49.fasta	integron_01	k141_311937	k141_311937_3	1573	2637	-1	NA	protein	protein	NA	CALIN	No	NA	lin
SRR22878283_binette_bin49.fasta	integron_01	k141_311937	attc_003	1819	1868	1	0.058	attC	attC	attc_4	CALIN	No	301.0	lin
SRR22878283_binette_bin49.fasta	integron_01	k141_311937	attc_004	2100	2169	1	0.95	attC	attC	attc_4	CALIN	No	232.0	lin
SRR22878283_binette_bin49.fasta	integron_01	k141_214556	k141_214556_1	2	187	-1	NA	protein	protein	NA	CALIN	No	NA	lin
SRR22878283_binette_bin49.fasta	integron_01	k141_214556	attc_001	339	508	1	0.0018	attC	attC	attc_4	CALIN	No	NA	lin
SRR22878283_binette_bin49.fasta	integron_01	k141_214556	k141_214556_2	552	953	-1	NA	protein	protein	NA	CALIN	No	NA	lin
SRR22878283_binette_bin49.fasta	integron_01	k141_214556	k141_214556_3	2258	2749	1	NA	protein	protein	NA	CALIN	No	NA	lin
SRR22878283_binette_bin49.fasta	integron_01	k141_214556	attc_002	2655	2720	1	0.17	attC	attC	attc_4	CALIN	No	2147.0	lin
SRR22878283_binette_bin49.fasta	integron_01	k141_214556	k141_214556_4	2783	3802	1	NA	protein	protein	NA	CALIN	No	NA	lin
SRR22878283_binette_bin49.fasta	integron_01	k141_214556	attc_003	3952	4018	1	0.14	attC	attC	attc_4	CALIN	No	1232.0	lin
SRR22878283_binette_bin49.fasta	integron_01	k141_214556	k141_214556_5	4043	4339	-1	NA	protein	protein	NA	CALIN	No	NA	lin
SRR22878283_binette_bin49.fasta	integron_01	k141_540145	k141_540145_2	1115	1888	-1	NA	protein	protein	NA	CALIN	No	NA	lin
SRR22878283_binette_bin49.fasta	integron_01	k141_540145	attc_001	1526	1581	-1	0.27	attC	attC	attc_4	CALIN	No	NA	lin
SRR22878283_binette_bin49.fasta	integron_01	k141_540145	k141_540145_3	1888	2877	-1	NA	protein	protein	NA	CALIN	No	NA	lin
SRR22878283_binette_bin49.fasta	integron_01	k141_540145	attc_002	2386	2437	-1	0.0029	attC	attC	attc_4	CALIN	No	805.0	lin
SRR22878283_binette_bin5.fasta	integron_01	k141_281279	k141_281279_300	329041	329442	-1	NA	protein	protein	NA	CALIN	No	NA	lin
SRR22878283_binette_bin5.fasta	integron_01	k141_281279	attc_001	329473	329562	-1	0.0014	attC	attC	attc_4	CALIN	No	NA	lin
SRR22878283_binette_bin5.fasta	integron_01	k141_281279	k141_281279_301	329567	329965	-1	NA	protein	protein	NA	CALIN	No	NA	lin
SRR22878283_binette_bin5.fasta	integron_01	k141_281279	attc_002	329973	330053	-1	0.55	attC	attC	attc_4	CALIN	No	411.0	lin
SRR22878283_binette_bin5.fasta	integron_01	k141_281279	k141_281279_302	330048	330413	-1	NA	protein	protein	NA	CALIN	No	NA	lin
SRR22878283_binette_bin5.fasta	integron_01	k141_281279	attc_003	330430	330507	-1	0.17	attC	attC	attc_4	CALIN	No	377.0	lin
SRR22878283_binette_bin5.fasta	integron_01	k141_281279	attc_004	330778	330833	-1	0.0017	attC	attC	attc_4	CALIN	No	271.0	lin
SRR22878283_binette_bin5.fasta	integron_01	k141_281279	k141_281279_303	330788	331213	-1	NA	protein	protein	NA	CALIN	No	NA	lin
SRR22878283_binette_bin5.fasta	integron_01	k141_281279	k141_281279_304	331284	332324	-1	NA	protein	protein	NA	CALIN	No	NA	lin
SRR22878283_binette_bin5.fasta	integron_01	k141_281279	attc_005	332346	332444	-1	0.0035	attC	attC	attc_4	CALIN	No	1513.0	lin
SRR22878283_binette_bin5.fasta	integron_01	k141_281279	k141_281279_305	332446	332790	-1	NA	protein	protein	NA	CALIN	No	NA	lin
SRR22878283_binette_bin5.fasta	integron_01	k141_281279	attc_006	332794	332885	-1	0.003	attC	attC	attc_4	CALIN	No	350.0	lin
SRR22878283_binette_bin5.fasta	integron_01	k141_281279	k141_281279_306	332889	333104	-1	NA	protein	protein	NA	CALIN	No	NA	lin
SRR22878283_binette_bin5.fasta	integron_01	k141_281279	attc_007	333485	333589	-1	0.39	attC	attC	attc_4	CALIN	No	600.0	lin
SRR22878283_binette_bin5.fasta	integron_01	k141_281279	k141_281279_307	333704	333952	1	NA	protein	protein	NA	CALIN	No	NA	lin
SRR22878283_binette_bin5.fasta	integron_01	k141_281279	attc_008	333862	333966	-1	0.00058	attC	attC	attc_4	CALIN	No	273.0	lin
SRR22878283_binette_bin5.fasta	integron_01	k141_281279	attc_009	334239	334327	-1	0.028	attC	attC	attc_4	CALIN	No	273.0	lin
SRR22878283_binette_bin5.fasta	integron_01	k141_281279	attc_010	334600	334712	-1	0.00019	attC	attC	attc_4	CALIN	No	273.0	lin
SRR22878283_binette_bin5.fasta	integron_01	k141_281279	k141_281279_308	334707	335213	-1	NA	protein	protein	NA	CALIN	No	NA	lin
SRR22878283_binette_bin5.fasta	integron_01	k141_281279	attc_011	335228	335359	-1	0.24	attC	attC	attc_4	CALIN	No	516.0	lin
SRR22878283_binette_bin5.fasta	integron_01	k141_281279	k141_281279_309	335354	335782	-1	NA	protein	protein	NA	CALIN	No	NA	lin
SRR22878283_binette_bin5.fasta	integron_01	k141_281279	k141_281279_310	336257	336988	-1	NA	protein	protein	NA	CALIN	No	NA	lin
SRR22878283_binette_bin5.fasta	integron_01	k141_281279	k141_281279_311	337136	337453	-1	NA	protein	protein	NA	CALIN	No	NA	lin
SRR22878283_binette_bin5.fasta	integron_01	k141_281279	attc_012	337466	337555	-1	0.00039	attC	attC	attc_4	CALIN	No	2107.0	lin
SRR22878283_binette_bin5.fasta	integron_01	k141_281279	k141_281279_312	337550	337831	-1	NA	protein	protein	NA	CALIN	No	NA	lin
SRR22878283_binette_bin5.fasta	integron_01	k141_281279	attc_013	338203	338306	-1	0.42	attC	attC	attc_4	CALIN	No	648.0	lin
SRR22878283_binette_bin5.fasta	integron_01	k141_281279	k141_281279_313	338353	338619	-1	NA	protein	protein	NA	CALIN	No	NA	lin
SRR22878283_binette_bin5.fasta	integron_01	k141_71918	attc_001	141	248	1	0.018	attC	attC	attc_4	CALIN	No	NA	lin
SRR22878283_binette_bin5.fasta	integron_01	k141_71918	k141_71918_1	303	587	1	NA	protein	protein	NA	CALIN	No	NA	lin
SRR22878283_binette_bin5.fasta	integron_01	k141_71918	attc_002	607	696	1	0.23	attC	attC	attc_4	CALIN	No	359.0	lin
SRR22878283_binette_bin5.fasta	integron_01	k141_71918	k141_71918_2	739	1089	1	NA	protein	protein	NA	CALIN	No	NA	lin
SRR22878283_binette_bin5.fasta	integron_01	k141_71918	attc_003	1092	1181	1	0.13	attC	attC	attc_4	CALIN	No	396.0	lin
SRR22878283_binette_bin5.fasta	integron_01	k141_71918	k141_71918_3	1205	1423	1	NA	protein	protein	NA	CALIN	No	NA	lin
SRR22878283_binette_bin5.fasta	integron_01	k141_71918	attc_004	1430	1519	1	0.44	attC	attC	attc_4	CALIN	No	249.0	lin
SRR22878283_binette_bin5.fasta	integron_01	k141_71918	k141_71918_4	1528	1923	1	NA	protein	protein	NA	CALIN	No	NA	lin
SRR22878283_binette_bin5.fasta	integron_01	k141_462877	k141_462877_1	2	127	1	NA	protein	protein	NA	complete	No	NA	lin
SRR22878283_binette_bin5.fasta	integron_01	k141_462877	attc_001	132	194	-1	0.0063	attC	attC	attc_4	complete	No	NA	lin
SRR22878283_binette_bin5.fasta	integron_01	k141_462877	k141_462877_2	204	485	-1	NA	protein	protein	NA	complete	No	NA	lin
SRR22878283_binette_bin5.fasta	integron_01	k141_462877	attc_002	492	572	-1	0.0076	attC	attC	attc_4	complete	No	298.0	lin
SRR22878283_binette_bin5.fasta	integron_01	k141_462877	k141_462877_3	576	908	-1	NA	protein	protein	NA	complete	No	NA	lin
SRR22878283_binette_bin5.fasta	integron_01	k141_462877	attc_003	905	1008	-1	0.084	attC	attC	attc_4	complete	No	333.0	lin
SRR22878283_binette_bin5.fasta	integron_01	k141_462877	k141_462877_4	1003	1443	-1	NA	protein	protein	NA	complete	No	NA	lin
SRR22878283_binette_bin5.fasta	integron_01	k141_462877	attc_004	1447	1515	-1	0.011	attC	attC	attc_4	complete	No	439.0	lin
SRR22878283_binette_bin5.fasta	integron_01	k141_462877	k141_462877_5	1510	2028	-1	NA	protein	protein	NA	complete	No	NA	lin
SRR22878283_binette_bin5.fasta	integron_01	k141_462877	attc_005	2039	2149	-1	0.077	attC	attC	attc_4	complete	No	524.0	lin
SRR22878283_binette_bin5.fasta	integron_01	k141_462877	k141_462877_6	2150	2530	-1	NA	protein	protein	NA	complete	No	NA	lin
SRR22878283_binette_bin5.fasta	integron_01	k141_462877	attc_006	2545	2635	-1	0.0011	attC	attC	attc_4	complete	No	396.0	lin
SRR22878283_binette_bin5.fasta	integron_01	k141_462877	k141_462877_7	2643	2933	-1	NA	protein	protein	NA	complete	No	NA	lin
SRR22878283_binette_bin5.fasta	integron_01	k141_462877	k141_462877_8	3187	4164	1	4.8e-23	protein	intI	intersection_tyr_intI	complete	No	NA	lin
SRR22878283_binette_bin5.fasta	integron_01	k141_469610	attc_001	40	144	1	0.39	attC	attC	attc_4	CALIN	No	NA	lin
SRR22878283_binette_bin5.fasta	integron_01	k141_469610	k141_469610_1	161	637	1	NA	protein	protein	NA	CALIN	No	NA	lin
SRR22878283_binette_bin5.fasta	integron_01	k141_469610	attc_002	632	718	1	0.00028	attC	attC	attc_4	CALIN	No	488.0	lin
SRR22878283_binette_bin5.fasta	integron_01	k141_469610	k141_469610_2	771	1103	1	NA	protein	protein	NA	CALIN	No	NA	lin
SRR22878283_binette_bin5.fasta	integron_01	k141_469610	attc_003	1105	1194	1	0.0011	attC	attC	attc_4	CALIN	No	387.0	lin
SRR22878283_binette_bin5.fasta	integron_01	k141_469610	k141_469610_3	1213	1644	1	NA	protein	protein	NA	CALIN	No	NA	lin
SRR22878283_binette_bin5.fasta	integron_01	k141_469610	attc_004	1649	1723	1	3.3e-06	attC	attC	attc_4	CALIN	No	455.0	lin
SRR22878283_binette_bin5.fasta	integron_01	k141_469610	k141_469610_4	1933	2199	1	NA	protein	protein	NA	CALIN	No	NA	lin
SRR22878283_binette_bin5.fasta	integron_01	k141_469610	attc_005	2246	2312	1	0.001	attC	attC	attc_4	CALIN	No	523.0	lin
SRR22878283_binette_bin5.fasta	integron_01	k141_469610	k141_469610_5	2325	2711	1	NA	protein	protein	NA	CALIN	No	NA	lin
SRR22878283_binette_bin5.fasta	integron_01	k141_469610	attc_006	2706	2804	1	0.0074	attC	attC	attc_4	CALIN	No	394.0	lin
SRR22878283_binette_bin5.fasta	integron_01	k141_469610	k141_469610_6	2813	3247	1	NA	protein	protein	NA	CALIN	No	NA	lin
SRR22878283_binette_bin5.fasta	integron_01	k141_469610	attc_007	3254	3324	1	0.0037	attC	attC	attc_4	CALIN	No	450.0	lin
SRR22878283_binette_bin5.fasta	integron_01	k141_469610	k141_469610_7	3344	3685	1	NA	protein	protein	NA	CALIN	No	NA	lin
SRR22878283_binette_bin5.fasta	integron_01	k141_469610	attc_008	3680	3778	1	2e-07	attC	attC	attc_4	CALIN	No	356.0	lin
SRR22878283_binette_bin5.fasta	integron_01	k141_469610	k141_469610_8	3801	4118	1	NA	protein	protein	NA	CALIN	No	NA	lin
SRR22878283_binette_bin5.fasta	integron_01	k141_469610	attc_009	4113	4201	1	0.0049	attC	attC	attc_4	CALIN	No	335.0	lin
SRR22878283_binette_bin5.fasta	integron_01	k141_469610	k141_469610_9	4204	4410	-1	NA	protein	protein	NA	CALIN	No	NA	lin
SRR22878283_binette_bin5.fasta	integron_01	k141_469610	k141_469610_10	4494	4766	1	NA	protein	protein	NA	CALIN	No	NA	lin
SRR22878283_binette_bin5.fasta	integron_01	k141_469610	attc_010	4761	4831	1	0.0065	attC	attC	attc_4	CALIN	No	560.0	lin
SRR22878283_binette_bin5.fasta	integron_01	k141_469610	k141_469610_11	4852	5703	1	NA	protein	protein	NA	CALIN	No	NA	lin
SRR22878283_binette_bin5.fasta	integron_01	k141_469610	attc_011	5707	5843	1	0.48	attC	attC	attc_4	CALIN	No	876.0	lin
SRR22878283_binette_bin5.fasta	integron_01	k141_469610	k141_469610_12	5923	7470	1	NA	protein	protein	NA	CALIN	No	NA	lin
SRR22878283_binette_bin5.fasta	integron_01	k141_469610	k141_469610_13	7655	8020	1	NA	protein	protein	NA	CALIN	No	NA	lin
SRR22878283_binette_bin5.fasta	integron_01	k141_469610	attc_012	8015	8106	1	0.0072	attC	attC	attc_4	CALIN	No	2172.0	lin
SRR22878283_binette_bin5.fasta	integron_01	k141_469610	attc_013	8470	8551	1	0.044	attC	attC	attc_4	CALIN	No	364.0	lin
SRR22878283_binette_bin5.fasta	integron_01	k141_469610	k141_469610_14	8585	9142	1	NA	protein	protein	NA	CALIN	No	NA	lin
SRR22878283_binette_bin5.fasta	integron_01	k141_469610	attc_014	9146	9222	1	0.0049	attC	attC	attc_4	CALIN	No	595.0	lin
SRR22878283_binette_bin5.fasta	integron_01	k141_469610	k141_469610_15	9245	9859	1	NA	protein	protein	NA	CALIN	No	NA	lin
SRR22878283_binette_bin5.fasta	integron_01	k141_473786	k141_473786_179	193694	194173	1	NA	protein	protein	NA	CALIN	No	NA	lin
SRR22878283_binette_bin5.fasta	integron_01	k141_473786	attc_001	194174	194263	1	0.013	attC	attC	attc_4	CALIN	No	NA	lin
SRR22878283_binette_bin5.fasta	integron_01	k141_473786	k141_473786_180	194320	195141	1	NA	protein	protein	NA	CALIN	No	NA	lin
SRR22878283_binette_bin5.fasta	integron_01	k141_473786	k141_473786_181	195271	196086	1	NA	protein	protein	NA	CALIN	No	NA	lin
SRR22878283_binette_bin5.fasta	integron_01	k141_473786	k141_473786_182	196181	196576	1	NA	protein	protein	NA	CALIN	No	NA	lin
SRR22878283_binette_bin5.fasta	integron_01	k141_473786	attc_002	196571	196654	1	0.018	attC	attC	attc_4	CALIN	No	2308.0	lin
SRR22878283_binette_bin5.fasta	integron_01	k141_473786	k141_473786_183	196659	197108	1	NA	protein	protein	NA	CALIN	No	NA	lin
SRR22878283_binette_bin51.fasta	integron_01	k141_274248	k141_274248_1	1	2595	-1	NA	protein	protein	NA	CALIN	No	NA	lin
SRR22878283_binette_bin51.fasta	integron_01	k141_274248	attc_001	660	725	1	0.2	attC	attC	attc_4	CALIN	No	NA	lin
SRR22878283_binette_bin51.fasta	integron_01	k141_274248	attc_002	2493	2563	1	0.39	attC	attC	attc_4	CALIN	No	1768.0	lin
SRR22878283_binette_bin51.fasta	integron_01	k141_274248	k141_274248_2	2725	3111	-1	NA	protein	protein	NA	CALIN	No	NA	lin
SRR22878283_binette_bin51.fasta	integron_01	k141_274248	k141_274248_3	3112	3507	-1	NA	protein	protein	NA	CALIN	No	NA	lin
SRR22878283_binette_bin51.fasta	integron_01	k141_274248	k141_274248_4	3500	3649	-1	NA	protein	protein	NA	CALIN	No	NA	lin
SRR22878283_binette_bin51.fasta	integron_01	k141_274248	k141_274248_5	3652	4053	-1	NA	protein	protein	NA	CALIN	No	NA	lin
SRR22878283_binette_bin51.fasta	integron_01	k141_274248	k141_274248_6	4043	4318	-1	NA	protein	protein	NA	CALIN	No	NA	lin
SRR22878283_binette_bin51.fasta	integron_01	k141_274248	k141_274248_7	4308	4553	-1	NA	protein	protein	NA	CALIN	No	NA	lin
SRR22878283_binette_bin51.fasta	integron_01	k141_274248	k141_274248_8	4615	5556	-1	NA	protein	protein	NA	CALIN	No	NA	lin
SRR22878283_binette_bin51.fasta	integron_01	k141_274248	attc_003	5290	5348	1	0.64	attC	attC	attc_4	CALIN	No	2727.0	lin
SRR22878283_binette_bin57.fasta	integron_01	k141_173719	attc_001	6812	6875	-1	0.5	attC	attC	attc_4	CALIN	No	NA	lin
SRR22878283_binette_bin57.fasta	integron_01	k141_173719	attc_002	6926	7059	-1	0.14	attC	attC	attc_4	CALIN	No	51.0	lin
SRR22878283_binette_bin6.fasta	integron_01	k141_350171	k141_350171_2	658	1002	1	NA	protein	protein	NA	CALIN	No	NA	lin
SRR22878283_binette_bin6.fasta	integron_01	k141_350171	attc_001	1021	1115	1	0.15	attC	attC	attc_4	CALIN	No	NA	lin
SRR22878283_binette_bin6.fasta	integron_01	k141_350171	k141_350171_3	1122	1409	1	NA	protein	protein	NA	CALIN	No	NA	lin
SRR22878283_binette_bin6.fasta	integron_01	k141_350171	attc_002	1411	1504	1	0.77	attC	attC	attc_4	CALIN	No	296.0	lin
SRR22878283_binette_bin6.fasta	integron_01	k141_350171	k141_350171_4	1509	1937	1	NA	protein	protein	NA	CALIN	No	NA	lin
SRR22878283_binette_bin6.fasta	integron_01	k141_350171	k141_350171_5	2028	2414	1	NA	protein	protein	NA	CALIN	No	NA	lin
SRR22878283_binette_bin6.fasta	integron_01	k141_350171	attc_003	2409	2505	1	0.016	attC	attC	attc_4	CALIN	No	905.0	lin
SRR22878283_binette_bin6.fasta	integron_01	k141_350171	k141_350171_6	2526	2795	1	NA	protein	protein	NA	CALIN	No	NA	lin
SRR22878283_binette_bin6.fasta	integron_01	k141_350171	attc_004	2812	2900	1	0.0036	attC	attC	attc_4	CALIN	No	307.0	lin
SRR22878283_binette_bin6.fasta	integron_01	k141_350171	k141_350171_7	2920	3735	-1	NA	protein	protein	NA	CALIN	No	NA	lin
SRR22878283_binette_bin6.fasta	integron_01	k141_350171	attc_005	3546	3681	1	0.29	attC	attC	attc_4	CALIN	No	646.0	lin
SRR22878283_binette_bin6.fasta	integron_01	k141_350171	attc_006	4041	4143	1	0.035	attC	attC	attc_4	CALIN	No	360.0	lin
SRR22878283_binette_bin6.fasta	integron_01	k141_350171	k141_350171_8	4128	4586	1	NA	protein	protein	NA	CALIN	No	NA	lin
SRR22878283_binette_bin65.fasta	integron_01	k141_62405	k141_62405_1	1	720	1	NA	protein	protein	NA	CALIN	No	NA	lin
SRR22878283_binette_bin65.fasta	integron_01	k141_62405	attc_001	453	547	1	0.023	attC	attC	attc_4	CALIN	No	NA	lin
SRR22878283_binette_bin65.fasta	integron_01	k141_62405	k141_62405_2	754	1734	-1	NA	protein	protein	NA	CALIN	No	NA	lin
SRR22878283_binette_bin65.fasta	integron_01	k141_62405	attc_002	1192	1282	1	0.35	attC	attC	attc_4	CALIN	No	645.0	lin
SRR22878283_binette_bin65.fasta	integron_01	k141_71272	attc_001	856	915	-1	0.32	attC	attC	attc_4	CALIN	No	NA	lin
SRR22878283_binette_bin65.fasta	integron_01	k141_71272	attc_002	1027	1120	-1	0.047	attC	attC	attc_4	CALIN	No	112.0	lin
SRR22878283_binette_bin65.fasta	integron_01	k141_539711	k141_539711_1	2	721	1	NA	protein	protein	NA	CALIN	No	NA	lin
SRR22878283_binette_bin65.fasta	integron_01	k141_539711	k141_539711_2	738	1289	1	NA	protein	protein	NA	CALIN	No	NA	lin
SRR22878283_binette_bin65.fasta	integron_01	k141_539711	attc_001	801	941	1	0.024	attC	attC	attc_4	CALIN	No	NA	lin
SRR22878283_binette_bin65.fasta	integron_01	k141_539711	k141_539711_3	1291	2070	1	NA	protein	protein	NA	CALIN	No	NA	lin
SRR22878283_binette_bin65.fasta	integron_01	k141_539711	k141_539711_4	2076	3011	1	NA	protein	protein	NA	CALIN	No	NA	lin
SRR22878283_binette_bin65.fasta	integron_01	k141_539711	attc_002	2687	2735	1	0.33	attC	attC	attc_4	CALIN	No	1746.0	lin
SRR22878283_binette_bin71.fasta	integron_01	k141_234906	k141_234906_1	30	719	-1	NA	protein	protein	NA	CALIN	No	NA	lin
SRR22878283_binette_bin71.fasta	integron_01	k141_234906	attc_001	137	196	1	0.012	attC	attC	attc_4	CALIN	No	NA	lin
SRR22878283_binette_bin71.fasta	integron_01	k141_234906	k141_234906_2	716	1246	-1	NA	protein	protein	NA	CALIN	No	NA	lin
SRR22878283_binette_bin71.fasta	integron_01	k141_234906	attc_002	1226	1267	1	0.14	attC	attC	attc_4	CALIN	No	1030.0	lin
SRR22878283_binette_bin71.fasta	integron_01	k141_234906	k141_234906_3	1262	1942	-1	NA	protein	protein	NA	CALIN	No	NA	lin
SRR22878283_binette_bin72.fasta	integron_01	k141_185552	attc_001	3	86	1	0.013	attC	attC	attc_4	CALIN	No	NA	lin
SRR22878283_binette_bin72.fasta	integron_01	k141_185552	k141_185552_1	30	479	1	NA	protein	protein	NA	CALIN	No	NA	lin
SRR22878283_binette_bin72.fasta	integron_01	k141_185552	k141_185552_2	489	911	1	NA	protein	protein	NA	CALIN	No	NA	lin
SRR22878283_binette_bin72.fasta	integron_01	k141_185552	k141_185552_3	1016	1651	1	NA	protein	protein	NA	CALIN	No	NA	lin
SRR22878283_binette_bin72.fasta	integron_01	k141_185552	attc_002	1177	1341	1	0.58	attC	attC	attc_4	CALIN	No	1091.0	lin
SRR22878283_binette_bin72.fasta	integron_01	k141_91864	k141_91864_1	114	857	1	NA	protein	protein	NA	CALIN	No	NA	lin
SRR22878283_binette_bin72.fasta	integron_01	k141_91864	k141_91864_2	868	1656	1	NA	protein	protein	NA	CALIN	No	NA	lin
SRR22878283_binette_bin72.fasta	integron_01	k141_91864	attc_001	1038	1149	-1	0.37	attC	attC	attc_4	CALIN	No	NA	lin
SRR22878283_binette_bin72.fasta	integron_01	k141_91864	k141_91864_3	1667	2344	1	NA	protein	protein	NA	CALIN	No	NA	lin
SRR22878283_binette_bin72.fasta	integron_01	k141_91864	k141_91864_4	2356	3081	1	NA	protein	protein	NA	CALIN	No	NA	lin
SRR22878283_binette_bin72.fasta	integron_01	k141_91864	attc_002	2847	2979	-1	0.0003	attC	attC	attc_4	CALIN	No	1698.0	lin
SRR22878283_binette_bin78.fasta	integron_01	k141_25677	k141_25677_1	2	397	1	NA	protein	protein	NA	CALIN	No	NA	lin
SRR22878283_binette_bin78.fasta	integron_01	k141_25677	k141_25677_2	394	1047	1	NA	protein	protein	NA	CALIN	No	NA	lin
SRR22878283_binette_bin78.fasta	integron_01	k141_25677	attc_001	451	541	1	0.02	attC	attC	attc_4	CALIN	No	NA	lin
SRR22878283_binette_bin78.fasta	integron_01	k141_25677	k141_25677_3	1049	1900	1	NA	protein	protein	NA	CALIN	No	NA	lin
SRR22878283_binette_bin78.fasta	integron_01	k141_25677	attc_002	1380	1426	1	0.76	attC	attC	attc_4	CALIN	No	839.0	lin
SRR22878283_binette_bin80.fasta	integron_01	k141_508070	k141_508070_2	239	745	1	NA	protein	protein	NA	CALIN	No	NA	lin
SRR22878283_binette_bin80.fasta	integron_01	k141_508070	attc_001	724	847	1	0.55	attC	attC	attc_4	CALIN	No	NA	lin
SRR22878283_binette_bin80.fasta	integron_01	k141_508070	k141_508070_3	842	1051	-1	NA	protein	protein	NA	CALIN	No	NA	lin
SRR22878283_binette_bin80.fasta	integron_01	k141_508070	attc_002	944	1042	1	0.19	attC	attC	attc_4	CALIN	No	97.0	lin
SRR22878283_binette_bin82.fasta	integron_01	k141_439699	attc_001	363	445	1	0.07	attC	attC	attc_4	CALIN	No	NA	lin
SRR22878283_binette_bin82.fasta	integron_01	k141_439699	k141_439699_1	461	1417	1	NA	protein	protein	NA	CALIN	No	NA	lin
SRR22878283_binette_bin82.fasta	integron_01	k141_439699	attc_002	1427	1480	1	0.0099	attC	attC	attc_4	CALIN	No	982.0	lin
SRR22878283_binette_bin82.fasta	integron_01	k141_439699	k141_439699_2	1659	2279	1	NA	protein	protein	NA	CALIN	No	NA	lin
SRR22878283_binette_bin9.fasta	integron_01	k141_64287	k141_64287_1	2	523	1	NA	protein	protein	NA	CALIN	No	NA	lin
SRR22878283_binette_bin9.fasta	integron_01	k141_64287	attc_001	528	637	1	5.4e-05	attC	attC	attc_4	CALIN	No	NA	lin
SRR22878283_binette_bin9.fasta	integron_01	k141_64287	k141_64287_2	658	1254	1	NA	protein	protein	NA	CALIN	No	NA	lin
SRR22878283_binette_bin9.fasta	integron_01	k141_64287	attc_002	1261	1359	1	0.00052	attC	attC	attc_4	CALIN	No	624.0	lin
SRR22878283_binette_bin9.fasta	integron_01	k141_64287	k141_64287_3	1354	1671	-1	NA	protein	protein	NA	CALIN	No	NA	lin
SRR22878283_binette_bin98.fasta	integron_01	k141_437266	attc_001	83	141	1	0.0009	attC	attC	attc_4	CALIN	No	NA	lin
SRR22878283_binette_bin98.fasta	integron_01	k141_437266	k141_437266_1	264	707	1	NA	protein	protein	NA	CALIN	No	NA	lin
SRR22878283_binette_bin98.fasta	integron_01	k141_437266	attc_002	819	917	1	0.0064	attC	attC	attc_4	CALIN	No	678.0	lin
SRR22878283_binette_bin98.fasta	integron_01	k141_437266	attc_003	1357	1433	1	0.00012	attC	attC	attc_4	CALIN	No	440.0	lin
SRR22878283_binette_bin98.fasta	integron_01	k141_437266	k141_437266_2	1494	1745	1	NA	protein	protein	NA	CALIN	No	NA	lin
SRR22878283_binette_bin98.fasta	integron_01	k141_437266	k141_437266_3	1735	1899	-1	NA	protein	protein	NA	CALIN	No	NA	lin
SRR22878283_binette_bin98.fasta	integron_01	k141_437266	attc_004	2008	2106	1	0.00099	attC	attC	attc_4	CALIN	No	575.0	lin
SRR22878283_binette_bin98.fasta	integron_01	k141_437266	k141_437266_4	2186	2386	1	NA	protein	protein	NA	CALIN	No	NA	lin
SRR22878283_binette_bin98.fasta	integron_01	k141_439384	k141_439384_34	15825	16016	1	NA	protein	protein	NA	CALIN	No	NA	lin
SRR22878283_binette_bin98.fasta	integron_01	k141_439384	attc_001	16049	16107	1	0.35	attC	attC	attc_4	CALIN	No	NA	lin
SRR22878283_binette_bin98.fasta	integron_01	k141_439384	k141_439384_35	16258	16440	1	NA	protein	protein	NA	CALIN	No	NA	lin
SRR22878283_binette_bin98.fasta	integron_01	k141_439384	k141_439384_36	16446	17057	1	NA	protein	protein	NA	CALIN	No	NA	lin
SRR22878283_binette_bin98.fasta	integron_01	k141_439384	attc_002	17052	17150	1	1e-05	attC	attC	attc_4	CALIN	No	945.0	lin
SRR22878283_binette_bin98.fasta	integron_01	k141_439384	k141_439384_37	17251	17562	1	NA	protein	protein	NA	CALIN	No	NA	lin
