genome,secondary_cluster,threshold,cluster_method,comparison_algorithm,primary_cluster
SRR24759602_binette_bin79.fasta,1_1,0.050000000000000044,average,ANImf,1
SRR24759613_binette_bin62.fasta,1_1,0.050000000000000044,average,ANImf,1
SRR24759616_binette_bin82.fasta,1_1,0.050000000000000044,average,ANImf,1
SRR24759607_binette_bin29.fasta,2_0,0.050000000000000044,average,ANImf,2
SRR24759609_binette_bin88.fasta,3_0,0.050000000000000044,average,ANImf,3
SRR24759602_binette_bin74.fasta,4_1,0.050000000000000044,average,ANImf,4
SRR24759607_binette_bin43.fasta,4_1,0.050000000000000044,average,ANImf,4
SRR24759607_binette_bin42.fasta,5_1,0.050000000000000044,average,ANImf,5
SRR24759615_binette_bin59.fasta,5_2,0.050000000000000044,average,ANImf,5
SRR24759600_binette_bin58.fasta,6_0,0.050000000000000044,average,ANImf,6
SRR24759599_binette_bin72.fasta,7_0,0.050000000000000044,average,ANImf,7
SRR24759610_binette_bin72.fasta,8_0,0.050000000000000044,average,ANImf,8
SRR24759597_binette_bin44.fasta,9_1,0.050000000000000044,average,ANImf,9
SRR24759600_binette_bin48.fasta,9_1,0.050000000000000044,average,ANImf,9
SRR24759606_binette_bin41.fasta,9_1,0.050000000000000044,average,ANImf,9
SRR24759598_binette_bin64.fasta,10_1,0.050000000000000044,average,ANImf,10
SRR24759599_binette_bin91.fasta,10_1,0.050000000000000044,average,ANImf,10
SRR24759602_binette_bin37.fasta,10_1,0.050000000000000044,average,ANImf,10
SRR24759609_binette_bin40.fasta,10_1,0.050000000000000044,average,ANImf,10
SRR24759610_binette_bin77.fasta,10_1,0.050000000000000044,average,ANImf,10
SRR24759612_binette_bin59.fasta,10_1,0.050000000000000044,average,ANImf,10
SRR24759614_binette_bin94.fasta,10_1,0.050000000000000044,average,ANImf,10
SRR24759616_binette_bin32.fasta,10_1,0.050000000000000044,average,ANImf,10
SRR24759608_binette_bin68.fasta,11_0,0.050000000000000044,average,ANImf,11
SRR24759598_binette_bin50.fasta,12_1,0.050000000000000044,average,ANImf,12
SRR24759615_binette_bin65.fasta,12_1,0.050000000000000044,average,ANImf,12
SRR24759614_binette_bin98.fasta,13_0,0.050000000000000044,average,ANImf,13
SRR24759603_binette_bin41.fasta,14_1,0.050000000000000044,average,ANImf,14
SRR24759604_binette_bin49.fasta,14_1,0.050000000000000044,average,ANImf,14
SRR24759610_binette_bin50.fasta,14_1,0.050000000000000044,average,ANImf,14
SRR24759613_binette_bin23.fasta,15_0,0.050000000000000044,average,ANImf,15
SRR24759609_binette_bin55.fasta,16_0,0.050000000000000044,average,ANImf,16
SRR24759616_binette_bin75.fasta,17_0,0.050000000000000044,average,ANImf,17
SRR24759604_binette_bin87.fasta,18_0,0.050000000000000044,average,ANImf,18
SRR24759610_binette_bin58.fasta,19_0,0.050000000000000044,average,ANImf,19
SRR24759604_binette_bin35.fasta,20_1,0.050000000000000044,average,ANImf,20
SRR24759610_binette_bin61.fasta,20_1,0.050000000000000044,average,ANImf,20
SRR24759599_binette_bin36.fasta,21_1,0.050000000000000044,average,ANImf,21
SRR24759608_binette_bin51.fasta,21_1,0.050000000000000044,average,ANImf,21
SRR24759600_binette_bin64.fasta,22_0,0.050000000000000044,average,ANImf,22
SRR24759614_binette_bin42.fasta,23_0,0.050000000000000044,average,ANImf,23
SRR24759602_binette_bin28.fasta,24_0,0.050000000000000044,average,ANImf,24
SRR24759612_binette_bin36.fasta,25_0,0.050000000000000044,average,ANImf,25
SRR24759611_binette_bin70.fasta,26_0,0.050000000000000044,average,ANImf,26
SRR24759606_binette_bin25.fasta,27_0,0.050000000000000044,average,ANImf,27
SRR24759614_binette_bin40.fasta,28_0,0.050000000000000044,average,ANImf,28
SRR24759607_binette_bin17.fasta,29_1,0.050000000000000044,average,ANImf,29
SRR24759608_binette_bin38.fasta,29_1,0.050000000000000044,average,ANImf,29
SRR24759598_binette_bin31.fasta,30_1,0.050000000000000044,average,ANImf,30
SRR24759601_binette_bin12.fasta,30_1,0.050000000000000044,average,ANImf,30
SRR24759604_binette_bin32.fasta,30_1,0.050000000000000044,average,ANImf,30
SRR24759610_binette_bin28.fasta,30_1,0.050000000000000044,average,ANImf,30
SRR24759615_binette_bin31.fasta,30_1,0.050000000000000044,average,ANImf,30
SRR24759596_binette_bin11.fasta,30_2,0.050000000000000044,average,ANImf,30
SRR24759597_binette_bin16.fasta,30_2,0.050000000000000044,average,ANImf,30
SRR24759598_binette_bin10.fasta,30_2,0.050000000000000044,average,ANImf,30
SRR24759598_binette_bin40.fasta,30_2,0.050000000000000044,average,ANImf,30
SRR24759599_binette_bin24.fasta,30_2,0.050000000000000044,average,ANImf,30
SRR24759599_binette_bin34.fasta,30_2,0.050000000000000044,average,ANImf,30
SRR24759600_binette_bin18.fasta,30_2,0.050000000000000044,average,ANImf,30
SRR24759601_binette_bin5.fasta,30_2,0.050000000000000044,average,ANImf,30
SRR24759602_binette_bin12.fasta,30_2,0.050000000000000044,average,ANImf,30
SRR24759603_binette_bin19.fasta,30_2,0.050000000000000044,average,ANImf,30
SRR24759603_binette_bin38.fasta,30_2,0.050000000000000044,average,ANImf,30
SRR24759604_binette_bin13.fasta,30_2,0.050000000000000044,average,ANImf,30
SRR24759605_binette_bin17.fasta,30_2,0.050000000000000044,average,ANImf,30
SRR24759607_binette_bin11.fasta,30_2,0.050000000000000044,average,ANImf,30
SRR24759608_binette_bin17.fasta,30_2,0.050000000000000044,average,ANImf,30
SRR24759608_binette_bin32.fasta,30_2,0.050000000000000044,average,ANImf,30
SRR24759609_binette_bin17.fasta,30_2,0.050000000000000044,average,ANImf,30
SRR24759609_binette_bin27.fasta,30_2,0.050000000000000044,average,ANImf,30
SRR24759610_binette_bin10.fasta,30_2,0.050000000000000044,average,ANImf,30
SRR24759611_binette_bin17.fasta,30_2,0.050000000000000044,average,ANImf,30
SRR24759612_binette_bin13.fasta,30_2,0.050000000000000044,average,ANImf,30
SRR24759613_binette_bin6.fasta,30_2,0.050000000000000044,average,ANImf,30
SRR24759614_binette_bin16.fasta,30_2,0.050000000000000044,average,ANImf,30
SRR24759615_binette_bin25.fasta,30_2,0.050000000000000044,average,ANImf,30
SRR24759615_binette_bin29.fasta,30_2,0.050000000000000044,average,ANImf,30
SRR24759610_binette_bin35.fasta,31_0,0.050000000000000044,average,ANImf,31
SRR24759612_binette_bin39.fasta,32_0,0.050000000000000044,average,ANImf,32
SRR24759607_binette_bin34.fasta,33_0,0.050000000000000044,average,ANImf,33
SRR24759600_binette_bin113.fasta,34_0,0.050000000000000044,average,ANImf,34
SRR24759605_binette_bin51.fasta,35_1,0.050000000000000044,average,ANImf,35
SRR24759611_binette_bin92.fasta,35_2,0.050000000000000044,average,ANImf,35
SRR24759608_binette_bin94.fasta,35_3,0.050000000000000044,average,ANImf,35
SRR24759600_binette_bin86.fasta,35_4,0.050000000000000044,average,ANImf,35
SRR24759609_binette_bin69.fasta,35_5,0.050000000000000044,average,ANImf,35
SRR24759599_binette_bin80.fasta,35_6,0.050000000000000044,average,ANImf,35
SRR24759602_binette_bin73.fasta,36_1,0.050000000000000044,average,ANImf,36
SRR24759611_binette_bin32.fasta,36_2,0.050000000000000044,average,ANImf,36
SRR24759604_binette_bin45.fasta,36_3,0.050000000000000044,average,ANImf,36
SRR24759596_binette_bin28.fasta,36_4,0.050000000000000044,average,ANImf,36
SRR24759608_binette_bin42.fasta,36_5,0.050000000000000044,average,ANImf,36
SRR24759597_binette_bin63.fasta,36_6,0.050000000000000044,average,ANImf,36
SRR24759613_binette_bin37.fasta,36_6,0.050000000000000044,average,ANImf,36
SRR24759604_binette_bin48.fasta,36_7,0.050000000000000044,average,ANImf,36
SRR24759598_binette_bin46.fasta,36_8,0.050000000000000044,average,ANImf,36
SRR24759605_binette_bin87.fasta,36_8,0.050000000000000044,average,ANImf,36
SRR24759614_binette_bin44.fasta,36_8,0.050000000000000044,average,ANImf,36
SRR24759615_binette_bin53.fasta,36_8,0.050000000000000044,average,ANImf,36
SRR24759597_binette_bin50.fasta,36_9,0.050000000000000044,average,ANImf,36
SRR24759606_binette_bin45.fasta,36_9,0.050000000000000044,average,ANImf,36
SRR24759600_binette_bin53.fasta,36_10,0.050000000000000044,average,ANImf,36
SRR24759603_binette_bin48.fasta,36_10,0.050000000000000044,average,ANImf,36
SRR24759607_binette_bin22.fasta,36_10,0.050000000000000044,average,ANImf,36
SRR24759610_binette_bin94.fasta,36_10,0.050000000000000044,average,ANImf,36
SRR24759611_binette_bin76.fasta,36_10,0.050000000000000044,average,ANImf,36
SRR24759609_binette_bin38.fasta,36_11,0.050000000000000044,average,ANImf,36
SRR24759601_binette_bin21.fasta,36_12,0.050000000000000044,average,ANImf,36
SRR24759599_binette_bin52.fasta,36_13,0.050000000000000044,average,ANImf,36
SRR24759610_binette_bin52.fasta,36_14,0.050000000000000044,average,ANImf,36
SRR24759603_binette_bin35.fasta,37_0,0.050000000000000044,average,ANImf,37
SRR24759602_binette_bin75.fasta,38_0,0.050000000000000044,average,ANImf,38
SRR24759613_binette_bin40.fasta,39_0,0.050000000000000044,average,ANImf,39
SRR24759596_binette_bin15.fasta,40_1,0.050000000000000044,average,ANImf,40
SRR24759598_binette_bin18.fasta,40_1,0.050000000000000044,average,ANImf,40
SRR24759599_binette_bin6.fasta,40_1,0.050000000000000044,average,ANImf,40
SRR24759600_binette_bin2.fasta,40_1,0.050000000000000044,average,ANImf,40
SRR24759603_binette_bin14.fasta,40_1,0.050000000000000044,average,ANImf,40
SRR24759604_binette_bin11.fasta,40_1,0.050000000000000044,average,ANImf,40
SRR24759608_binette_bin8.fasta,40_1,0.050000000000000044,average,ANImf,40
SRR24759609_binette_bin5.fasta,40_1,0.050000000000000044,average,ANImf,40
SRR24759611_binette_bin12.fasta,40_1,0.050000000000000044,average,ANImf,40
SRR24759614_binette_bin1.fasta,40_1,0.050000000000000044,average,ANImf,40
SRR24759615_binette_bin9.fasta,40_1,0.050000000000000044,average,ANImf,40
SRR24759609_binette_bin56.fasta,40_2,0.050000000000000044,average,ANImf,40
SRR24759615_binette_bin69.fasta,41_0,0.050000000000000044,average,ANImf,41
SRR24759615_binette_bin12.fasta,42_0,0.050000000000000044,average,ANImf,42
SRR24759615_binette_bin58.fasta,43_0,0.050000000000000044,average,ANImf,43
SRR24759599_binette_bin96.fasta,44_1,0.050000000000000044,average,ANImf,44
SRR24759600_binette_bin110.fasta,44_1,0.050000000000000044,average,ANImf,44
SRR24759609_binette_bin87.fasta,44_1,0.050000000000000044,average,ANImf,44
SRR24759611_binette_bin84.fasta,44_2,0.050000000000000044,average,ANImf,44
SRR24759599_binette_bin69.fasta,45_1,0.050000000000000044,average,ANImf,45
SRR24759600_binette_bin73.fasta,45_1,0.050000000000000044,average,ANImf,45
SRR24759608_binette_bin67.fasta,45_1,0.050000000000000044,average,ANImf,45
SRR24759610_binette_bin67.fasta,45_1,0.050000000000000044,average,ANImf,45
SRR24759615_binette_bin49.fasta,45_1,0.050000000000000044,average,ANImf,45
SRR24759597_binette_bin55.fasta,45_2,0.050000000000000044,average,ANImf,45
SRR24759602_binette_bin78.fasta,45_3,0.050000000000000044,average,ANImf,45
SRR24759603_binette_bin56.fasta,45_4,0.050000000000000044,average,ANImf,45
SRR24759598_binette_bin107.fasta,45_5,0.050000000000000044,average,ANImf,45
SRR24759611_binette_bin73.fasta,45_6,0.050000000000000044,average,ANImf,45
SRR24759604_binette_bin100.fasta,46_0,0.050000000000000044,average,ANImf,46
SRR24759613_binette_bin56.fasta,47_0,0.050000000000000044,average,ANImf,47
SRR24759609_binette_bin61.fasta,48_0,0.050000000000000044,average,ANImf,48
SRR24759601_binette_bin44.fasta,49_0,0.050000000000000044,average,ANImf,49
SRR24759609_binette_bin86.fasta,50_0,0.050000000000000044,average,ANImf,50
SRR24759615_binette_bin67.fasta,51_0,0.050000000000000044,average,ANImf,51
SRR24759603_binette_bin54.fasta,52_0,0.050000000000000044,average,ANImf,52
SRR24759610_binette_bin91.fasta,53_0,0.050000000000000044,average,ANImf,53
SRR24759598_binette_bin71.fasta,54_0,0.050000000000000044,average,ANImf,54
SRR24759599_binette_bin65.fasta,55_0,0.050000000000000044,average,ANImf,55
SRR24759614_binette_bin67.fasta,56_0,0.050000000000000044,average,ANImf,56
SRR24759600_binette_bin70.fasta,57_1,0.050000000000000044,average,ANImf,57
SRR24759604_binette_bin50.fasta,57_1,0.050000000000000044,average,ANImf,57
SRR24759614_binette_bin60.fasta,57_1,0.050000000000000044,average,ANImf,57
SRR24759598_binette_bin97.fasta,58_1,0.050000000000000044,average,ANImf,58
SRR24759600_binette_bin71.fasta,58_1,0.050000000000000044,average,ANImf,58
SRR24759602_binette_bin53.fasta,58_1,0.050000000000000044,average,ANImf,58
SRR24759603_binette_bin47.fasta,58_1,0.050000000000000044,average,ANImf,58
SRR24759604_binette_bin38.fasta,58_1,0.050000000000000044,average,ANImf,58
SRR24759607_binette_bin30.fasta,58_1,0.050000000000000044,average,ANImf,58
SRR24759608_binette_bin54.fasta,58_1,0.050000000000000044,average,ANImf,58
SRR24759609_binette_bin58.fasta,58_1,0.050000000000000044,average,ANImf,58
SRR24759611_binette_bin85.fasta,58_1,0.050000000000000044,average,ANImf,58
SRR24759613_binette_bin38.fasta,58_1,0.050000000000000044,average,ANImf,58
SRR24759614_binette_bin51.fasta,58_1,0.050000000000000044,average,ANImf,58
SRR24759615_binette_bin41.fasta,58_1,0.050000000000000044,average,ANImf,58
SRR24759604_binette_bin42.fasta,59_1,0.050000000000000044,average,ANImf,59
SRR24759615_binette_bin52.fasta,59_2,0.050000000000000044,average,ANImf,59
SRR24759597_binette_bin62.fasta,60_0,0.050000000000000044,average,ANImf,60
SRR24759599_binette_bin62.fasta,61_1,0.050000000000000044,average,ANImf,61
SRR24759603_binette_bin43.fasta,61_1,0.050000000000000044,average,ANImf,61
SRR24759605_binette_bin41.fasta,61_1,0.050000000000000044,average,ANImf,61
SRR24759610_binette_bin57.fasta,61_1,0.050000000000000044,average,ANImf,61
SRR24759616_binette_bin76.fasta,61_2,0.050000000000000044,average,ANImf,61
SRR24759612_binette_bin41.fasta,61_3,0.050000000000000044,average,ANImf,61
SRR24759602_binette_bin40.fasta,61_4,0.050000000000000044,average,ANImf,61
SRR24759611_binette_bin33.fasta,61_5,0.050000000000000044,average,ANImf,61
SRR24759606_binette_bin43.fasta,61_6,0.050000000000000044,average,ANImf,61
SRR24759601_binette_bin38.fasta,62_1,0.050000000000000044,average,ANImf,62
SRR24759608_binette_bin49.fasta,62_1,0.050000000000000044,average,ANImf,62
SRR24759609_binette_bin63.fasta,62_2,0.050000000000000044,average,ANImf,62
SRR24759612_binette_bin65.fasta,62_3,0.050000000000000044,average,ANImf,62
SRR24759598_binette_bin69.fasta,63_1,0.050000000000000044,average,ANImf,63
SRR24759610_binette_bin51.fasta,63_2,0.050000000000000044,average,ANImf,63
SRR24759597_binette_bin48.fasta,64_0,0.050000000000000044,average,ANImf,64
SRR24759601_binette_bin59.fasta,65_0,0.050000000000000044,average,ANImf,65
SRR24759603_binette_bin89.fasta,66_0,0.050000000000000044,average,ANImf,66
SRR24759602_binette_bin77.fasta,67_0,0.050000000000000044,average,ANImf,67
SRR24759610_binette_bin99.fasta,68_0,0.050000000000000044,average,ANImf,68
SRR24759605_binette_bin85.fasta,69_1,0.050000000000000044,average,ANImf,69
SRR24759614_binette_bin101.fasta,69_2,0.050000000000000044,average,ANImf,69
SRR24759600_binette_bin99.fasta,69_3,0.050000000000000044,average,ANImf,69
SRR24759598_binette_bin60.fasta,70_1,0.050000000000000044,average,ANImf,70
SRR24759611_binette_bin31.fasta,70_2,0.050000000000000044,average,ANImf,70
SRR24759600_binette_bin44.fasta,71_1,0.050000000000000044,average,ANImf,71
SRR24759604_binette_bin93.fasta,71_2,0.050000000000000044,average,ANImf,71
SRR24759603_binette_bin39.fasta,71_3,0.050000000000000044,average,ANImf,71
SRR24759609_binette_bin46.fasta,72_1,0.050000000000000044,average,ANImf,72
SRR24759610_binette_bin74.fasta,72_2,0.050000000000000044,average,ANImf,72
SRR24759599_binette_bin74.fasta,72_3,0.050000000000000044,average,ANImf,72
SRR24759608_binette_bin86.fasta,73_0,0.050000000000000044,average,ANImf,73
SRR24759613_binette_bin59.fasta,74_0,0.050000000000000044,average,ANImf,74
SRR24759608_binette_bin56.fasta,75_0,0.050000000000000044,average,ANImf,75
SRR24759610_binette_bin78.fasta,76_0,0.050000000000000044,average,ANImf,76
SRR24759614_binette_bin64.fasta,77_0,0.050000000000000044,average,ANImf,77
SRR24759601_binette_bin45.fasta,78_0,0.050000000000000044,average,ANImf,78
SRR24759598_binette_bin62.fasta,79_0,0.050000000000000044,average,ANImf,79
SRR24759608_binette_bin50.fasta,80_0,0.050000000000000044,average,ANImf,80
SRR24759610_binette_bin106.fasta,81_0,0.050000000000000044,average,ANImf,81
SRR24759600_binette_bin116.fasta,82_0,0.050000000000000044,average,ANImf,82
SRR24759610_binette_bin102.fasta,83_0,0.050000000000000044,average,ANImf,83
SRR24759602_binette_bin46.fasta,84_0,0.050000000000000044,average,ANImf,84
SRR24759597_binette_bin53.fasta,85_1,0.050000000000000044,average,ANImf,85
SRR24759600_binette_bin117.fasta,85_2,0.050000000000000044,average,ANImf,85
SRR24759607_binette_bin46.fasta,86_0,0.050000000000000044,average,ANImf,86
SRR24759602_binette_bin39.fasta,87_1,0.050000000000000044,average,ANImf,87
SRR24759615_binette_bin93.fasta,87_1,0.050000000000000044,average,ANImf,87
SRR24759598_binette_bin114.fasta,87_2,0.050000000000000044,average,ANImf,87
SRR24759604_binette_bin39.fasta,87_3,0.050000000000000044,average,ANImf,87
SRR24759608_binette_bin70.fasta,88_0,0.050000000000000044,average,ANImf,88
SRR24759603_binette_bin51.fasta,89_0,0.050000000000000044,average,ANImf,89
SRR24759610_binette_bin71.fasta,90_0,0.050000000000000044,average,ANImf,90
SRR24759599_binette_bin93.fasta,91_0,0.050000000000000044,average,ANImf,91
SRR24759608_binette_bin91.fasta,92_0,0.050000000000000044,average,ANImf,92
SRR24759600_binette_bin77.fasta,93_0,0.050000000000000044,average,ANImf,93
SRR24759604_binette_bin54.fasta,94_0,0.050000000000000044,average,ANImf,94
SRR24759609_binette_bin34.fasta,95_0,0.050000000000000044,average,ANImf,95
SRR24759597_binette_bin78.fasta,96_0,0.050000000000000044,average,ANImf,96
SRR24759601_binette_bin46.fasta,97_0,0.050000000000000044,average,ANImf,97
SRR24759598_binette_bin106.fasta,98_0,0.050000000000000044,average,ANImf,98
SRR24759610_binette_bin92.fasta,99_0,0.050000000000000044,average,ANImf,99
SRR24759599_binette_bin76.fasta,100_1,0.050000000000000044,average,ANImf,100
SRR24759600_binette_bin74.fasta,100_2,0.050000000000000044,average,ANImf,100
SRR24759604_binette_bin98.fasta,101_1,0.050000000000000044,average,ANImf,101
SRR24759615_binette_bin71.fasta,101_2,0.050000000000000044,average,ANImf,101
SRR24759597_binette_bin51.fasta,102_0,0.050000000000000044,average,ANImf,102
SRR24759607_binette_bin45.fasta,103_0,0.050000000000000044,average,ANImf,103
SRR24759609_binette_bin60.fasta,104_0,0.050000000000000044,average,ANImf,104
SRR24759608_binette_bin71.fasta,105_0,0.050000000000000044,average,ANImf,105
SRR24759601_binette_bin58.fasta,106_0,0.050000000000000044,average,ANImf,106
SRR24759605_binette_bin27.fasta,107_0,0.050000000000000044,average,ANImf,107
SRR24759597_binette_bin21.fasta,108_1,0.050000000000000044,average,ANImf,108
SRR24759598_binette_bin25.fasta,108_1,0.050000000000000044,average,ANImf,108
SRR24759599_binette_bin18.fasta,108_1,0.050000000000000044,average,ANImf,108
SRR24759604_binette_bin23.fasta,108_1,0.050000000000000044,average,ANImf,108
SRR24759606_binette_bin20.fasta,108_1,0.050000000000000044,average,ANImf,108
SRR24759609_binette_bin16.fasta,108_1,0.050000000000000044,average,ANImf,108
SRR24759610_binette_bin20.fasta,108_1,0.050000000000000044,average,ANImf,108
SRR24759612_binette_bin20.fasta,108_1,0.050000000000000044,average,ANImf,108
SRR24759616_binette_bin18.fasta,108_1,0.050000000000000044,average,ANImf,108
SRR24759613_binette_bin25.fasta,108_2,0.050000000000000044,average,ANImf,108
SRR24759596_binette_bin13.fasta,109_1,0.050000000000000044,average,ANImf,109
SRR24759597_binette_bin25.fasta,109_1,0.050000000000000044,average,ANImf,109
SRR24759598_binette_bin24.fasta,109_1,0.050000000000000044,average,ANImf,109
SRR24759599_binette_bin21.fasta,109_1,0.050000000000000044,average,ANImf,109
SRR24759600_binette_bin23.fasta,109_1,0.050000000000000044,average,ANImf,109
SRR24759601_binette_bin9.fasta,109_1,0.050000000000000044,average,ANImf,109
SRR24759602_binette_bin19.fasta,109_1,0.050000000000000044,average,ANImf,109
SRR24759603_binette_bin23.fasta,109_1,0.050000000000000044,average,ANImf,109
SRR24759604_binette_bin24.fasta,109_1,0.050000000000000044,average,ANImf,109
SRR24759605_binette_bin37.fasta,109_1,0.050000000000000044,average,ANImf,109
SRR24759606_binette_bin21.fasta,109_1,0.050000000000000044,average,ANImf,109
SRR24759607_binette_bin9.fasta,109_1,0.050000000000000044,average,ANImf,109
SRR24759608_binette_bin22.fasta,109_1,0.050000000000000044,average,ANImf,109
SRR24759609_binette_bin18.fasta,109_1,0.050000000000000044,average,ANImf,109
SRR24759610_binette_bin15.fasta,109_1,0.050000000000000044,average,ANImf,109
SRR24759611_binette_bin16.fasta,109_1,0.050000000000000044,average,ANImf,109
SRR24759612_binette_bin16.fasta,109_1,0.050000000000000044,average,ANImf,109
SRR24759612_binette_bin29.fasta,109_1,0.050000000000000044,average,ANImf,109
SRR24759613_binette_bin17.fasta,109_1,0.050000000000000044,average,ANImf,109
SRR24759614_binette_bin17.fasta,109_1,0.050000000000000044,average,ANImf,109
SRR24759615_binette_bin20.fasta,109_1,0.050000000000000044,average,ANImf,109
SRR24759616_binette_bin16.fasta,109_2,0.050000000000000044,average,ANImf,109
SRR24759599_binette_bin40.fasta,109_3,0.050000000000000044,average,ANImf,109
SRR24759596_binette_bin18.fasta,110_0,0.050000000000000044,average,ANImf,110
SRR24759605_binette_bin29.fasta,111_0,0.050000000000000044,average,ANImf,111
SRR24759605_binette_bin34.fasta,112_0,0.050000000000000044,average,ANImf,112
SRR24759615_binette_bin61.fasta,113_0,0.050000000000000044,average,ANImf,113
SRR24759600_binette_bin45.fasta,114_0,0.050000000000000044,average,ANImf,114
SRR24759601_binette_bin35.fasta,115_0,0.050000000000000044,average,ANImf,115
SRR24759608_binette_bin44.fasta,116_0,0.050000000000000044,average,ANImf,116
SRR24759602_binette_bin29.fasta,117_0,0.050000000000000044,average,ANImf,117
SRR24759614_binette_bin23.fasta,118_0,0.050000000000000044,average,ANImf,118
SRR24759596_binette_bin14.fasta,119_1,0.050000000000000044,average,ANImf,119
SRR24759605_binette_bin26.fasta,119_2,0.050000000000000044,average,ANImf,119
SRR24759597_binette_bin36.fasta,120_0,0.050000000000000044,average,ANImf,120
SRR24759599_binette_bin63.fasta,121_0,0.050000000000000044,average,ANImf,121
SRR24759600_binette_bin29.fasta,122_1,0.050000000000000044,average,ANImf,122
SRR24759603_binette_bin30.fasta,122_1,0.050000000000000044,average,ANImf,122
SRR24759604_binette_bin30.fasta,122_1,0.050000000000000044,average,ANImf,122
SRR24759606_binette_bin27.fasta,122_1,0.050000000000000044,average,ANImf,122
SRR24759607_binette_bin15.fasta,122_1,0.050000000000000044,average,ANImf,122
SRR24759611_binette_bin44.fasta,122_1,0.050000000000000044,average,ANImf,122
SRR24759608_binette_bin34.fasta,122_2,0.050000000000000044,average,ANImf,122
SRR24759609_binette_bin43.fasta,123_0,0.050000000000000044,average,ANImf,123
SRR24759613_binette_bin24.fasta,124_0,0.050000000000000044,average,ANImf,124
SRR24759616_binette_bin23.fasta,125_0,0.050000000000000044,average,ANImf,125
SRR24759597_binette_bin27.fasta,126_1,0.050000000000000044,average,ANImf,126
SRR24759599_binette_bin41.fasta,126_2,0.050000000000000044,average,ANImf,126
SRR24759602_binette_bin17.fasta,127_0,0.050000000000000044,average,ANImf,127
SRR24759603_binette_bin27.fasta,128_0,0.050000000000000044,average,ANImf,128
SRR24759598_binette_bin38.fasta,129_1,0.050000000000000044,average,ANImf,129
SRR24759608_binette_bin30.fasta,129_2,0.050000000000000044,average,ANImf,129
SRR24759597_binette_bin23.fasta,130_1,0.050000000000000044,average,ANImf,130
SRR24759612_binette_bin17.fasta,130_2,0.050000000000000044,average,ANImf,130
SRR24759615_binette_bin39.fasta,130_3,0.050000000000000044,average,ANImf,130
SRR24759613_binette_bin27.fasta,130_4,0.050000000000000044,average,ANImf,130
SRR24759601_binette_bin16.fasta,130_5,0.050000000000000044,average,ANImf,130
SRR24759612_binette_bin23.fasta,131_0,0.050000000000000044,average,ANImf,131
SRR24759605_binette_bin28.fasta,132_0,0.050000000000000044,average,ANImf,132
SRR24759599_binette_bin67.fasta,133_0,0.050000000000000044,average,ANImf,133
SRR24759604_binette_bin43.fasta,134_0,0.050000000000000044,average,ANImf,134
SRR24759613_binette_bin60.fasta,135_0,0.050000000000000044,average,ANImf,135
SRR24759598_binette_bin67.fasta,136_0,0.050000000000000044,average,ANImf,136
SRR24759610_binette_bin103.fasta,137_0,0.050000000000000044,average,ANImf,137
SRR24759601_binette_bin28.fasta,138_0,0.050000000000000044,average,ANImf,138
SRR24759615_binette_bin66.fasta,139_0,0.050000000000000044,average,ANImf,139
SRR24759605_binette_bin42.fasta,140_0,0.050000000000000044,average,ANImf,140
SRR24759596_binette_bin6.fasta,141_1,0.050000000000000044,average,ANImf,141
SRR24759597_binette_bin12.fasta,141_1,0.050000000000000044,average,ANImf,141
SRR24759598_binette_bin12.fasta,141_1,0.050000000000000044,average,ANImf,141
SRR24759599_binette_bin20.fasta,141_1,0.050000000000000044,average,ANImf,141
SRR24759600_binette_bin10.fasta,141_1,0.050000000000000044,average,ANImf,141
SRR24759601_binette_bin13.fasta,141_1,0.050000000000000044,average,ANImf,141
SRR24759602_binette_bin10.fasta,141_1,0.050000000000000044,average,ANImf,141
SRR24759603_binette_bin18.fasta,141_1,0.050000000000000044,average,ANImf,141
SRR24759604_binette_bin6.fasta,141_1,0.050000000000000044,average,ANImf,141
SRR24759605_binette_bin13.fasta,141_1,0.050000000000000044,average,ANImf,141
SRR24759606_binette_bin9.fasta,141_1,0.050000000000000044,average,ANImf,141
SRR24759607_binette_bin7.fasta,141_1,0.050000000000000044,average,ANImf,141
SRR24759608_binette_bin12.fasta,141_1,0.050000000000000044,average,ANImf,141
SRR24759609_binette_bin12.fasta,141_1,0.050000000000000044,average,ANImf,141
SRR24759610_binette_bin13.fasta,141_1,0.050000000000000044,average,ANImf,141
SRR24759611_binette_bin15.fasta,141_1,0.050000000000000044,average,ANImf,141
SRR24759612_binette_bin12.fasta,141_1,0.050000000000000044,average,ANImf,141
SRR24759613_binette_bin16.fasta,141_1,0.050000000000000044,average,ANImf,141
SRR24759614_binette_bin14.fasta,141_1,0.050000000000000044,average,ANImf,141
SRR24759615_binette_bin18.fasta,141_1,0.050000000000000044,average,ANImf,141
SRR24759616_binette_bin14.fasta,141_1,0.050000000000000044,average,ANImf,141
SRR24759611_binette_bin18.fasta,141_2,0.050000000000000044,average,ANImf,141
SRR24759597_binette_bin42.fasta,142_0,0.050000000000000044,average,ANImf,142
SRR24759614_binette_bin52.fasta,143_0,0.050000000000000044,average,ANImf,143
SRR24759607_binette_bin35.fasta,144_0,0.050000000000000044,average,ANImf,144
SRR24759598_binette_bin65.fasta,145_0,0.050000000000000044,average,ANImf,145
SRR24759602_binette_bin55.fasta,146_0,0.050000000000000044,average,ANImf,146
SRR24759603_binette_bin90.fasta,147_0,0.050000000000000044,average,ANImf,147
SRR24759604_binette_bin52.fasta,148_0,0.050000000000000044,average,ANImf,148
SRR24759610_binette_bin95.fasta,149_0,0.050000000000000044,average,ANImf,149
SRR24759604_binette_bin29.fasta,150_1,0.050000000000000044,average,ANImf,150
SRR24759606_binette_bin48.fasta,150_2,0.050000000000000044,average,ANImf,150
SRR24759609_binette_bin62.fasta,151_0,0.050000000000000044,average,ANImf,151
SRR24759597_binette_bin28.fasta,152_1,0.050000000000000044,average,ANImf,152
SRR24759599_binette_bin43.fasta,152_2,0.050000000000000044,average,ANImf,152
SRR24759601_binette_bin18.fasta,152_3,0.050000000000000044,average,ANImf,152
SRR24759600_binette_bin55.fasta,153_0,0.050000000000000044,average,ANImf,153
SRR24759615_binette_bin40.fasta,154_0,0.050000000000000044,average,ANImf,154
SRR24759607_binette_bin33.fasta,155_0,0.050000000000000044,average,ANImf,155
SRR24759608_binette_bin48.fasta,156_0,0.050000000000000044,average,ANImf,156
SRR24759598_binette_bin55.fasta,157_0,0.050000000000000044,average,ANImf,157
SRR24759603_binette_bin36.fasta,158_0,0.050000000000000044,average,ANImf,158
SRR24759614_binette_bin96.fasta,159_0,0.050000000000000044,average,ANImf,159
SRR24759613_binette_bin58.fasta,160_0,0.050000000000000044,average,ANImf,160
SRR24759600_binette_bin114.fasta,161_0,0.050000000000000044,average,ANImf,161
SRR24759601_binette_bin41.fasta,162_0,0.050000000000000044,average,ANImf,162
SRR24759598_binette_bin111.fasta,163_0,0.050000000000000044,average,ANImf,163
SRR24759608_binette_bin85.fasta,164_0,0.050000000000000044,average,ANImf,164
SRR24759606_binette_bin44.fasta,165_0,0.050000000000000044,average,ANImf,165
SRR24759600_binette_bin103.fasta,166_0,0.050000000000000044,average,ANImf,166
SRR24759610_binette_bin63.fasta,167_0,0.050000000000000044,average,ANImf,167
SRR24759600_binette_bin75.fasta,168_0,0.050000000000000044,average,ANImf,168
SRR24759608_binette_bin96.fasta,169_0,0.050000000000000044,average,ANImf,169
SRR24759598_binette_bin110.fasta,170_0,0.050000000000000044,average,ANImf,170
SRR24759607_binette_bin28.fasta,171_0,0.050000000000000044,average,ANImf,171
SRR24759600_binette_bin115.fasta,172_1,0.050000000000000044,average,ANImf,172
SRR24759615_binette_bin92.fasta,172_2,0.050000000000000044,average,ANImf,172
SRR24759599_binette_bin95.fasta,173_0,0.050000000000000044,average,ANImf,173
SRR24759607_binette_bin36.fasta,174_1,0.050000000000000044,average,ANImf,174
SRR24759608_binette_bin93.fasta,174_2,0.050000000000000044,average,ANImf,174
SRR24759600_binette_bin107.fasta,175_1,0.050000000000000044,average,ANImf,175
SRR24759610_binette_bin70.fasta,175_2,0.050000000000000044,average,ANImf,175
SRR24759615_binette_bin63.fasta,176_0,0.050000000000000044,average,ANImf,176
SRR24759603_binette_bin88.fasta,177_0,0.050000000000000044,average,ANImf,177
SRR24759597_binette_bin60.fasta,178_0,0.050000000000000044,average,ANImf,178
SRR24759615_binette_bin43.fasta,179_0,0.050000000000000044,average,ANImf,179
SRR24759598_binette_bin113.fasta,180_0,0.050000000000000044,average,ANImf,180
SRR24759604_binette_bin96.fasta,181_0,0.050000000000000044,average,ANImf,181
SRR24759610_binette_bin105.fasta,182_0,0.050000000000000044,average,ANImf,182
SRR24759608_binette_bin95.fasta,183_0,0.050000000000000044,average,ANImf,183
SRR24759598_binette_bin104.fasta,184_0,0.050000000000000044,average,ANImf,184
SRR24759610_binette_bin75.fasta,185_0,0.050000000000000044,average,ANImf,185
SRR24759600_binette_bin111.fasta,186_0,0.050000000000000044,average,ANImf,186
SRR24759613_binette_bin44.fasta,187_0,0.050000000000000044,average,ANImf,187
SRR24759598_binette_bin48.fasta,188_0,0.050000000000000044,average,ANImf,188
SRR24759609_binette_bin59.fasta,189_0,0.050000000000000044,average,ANImf,189
SRR24759614_binette_bin46.fasta,190_0,0.050000000000000044,average,ANImf,190
SRR24759599_binette_bin75.fasta,191_0,0.050000000000000044,average,ANImf,191
SRR24759604_binette_bin102.fasta,192_0,0.050000000000000044,average,ANImf,192
SRR24759615_binette_bin35.fasta,193_0,0.050000000000000044,average,ANImf,193
SRR24759600_binette_bin76.fasta,194_0,0.050000000000000044,average,ANImf,194
SRR24759610_binette_bin66.fasta,195_0,0.050000000000000044,average,ANImf,195
SRR24759601_binette_bin36.fasta,196_1,0.050000000000000044,average,ANImf,196
SRR24759615_binette_bin88.fasta,196_2,0.050000000000000044,average,ANImf,196
SRR24759598_binette_bin43.fasta,196_3,0.050000000000000044,average,ANImf,196
SRR24759600_binette_bin50.fasta,196_4,0.050000000000000044,average,ANImf,196
SRR24759602_binette_bin44.fasta,196_5,0.050000000000000044,average,ANImf,196
SRR24759597_binette_bin39.fasta,196_6,0.050000000000000044,average,ANImf,196
SRR24759610_binette_bin55.fasta,196_7,0.050000000000000044,average,ANImf,196
SRR24759599_binette_bin50.fasta,196_8,0.050000000000000044,average,ANImf,196
SRR24759607_binette_bin25.fasta,196_9,0.050000000000000044,average,ANImf,196
SRR24759609_binette_bin65.fasta,196_10,0.050000000000000044,average,ANImf,196
SRR24759614_binette_bin58.fasta,196_11,0.050000000000000044,average,ANImf,196
SRR24759603_binette_bin46.fasta,196_12,0.050000000000000044,average,ANImf,196
SRR24759599_binette_bin98.fasta,196_13,0.050000000000000044,average,ANImf,196
SRR24759604_binette_bin57.fasta,196_14,0.050000000000000044,average,ANImf,196
SRR24759615_binette_bin68.fasta,196_15,0.050000000000000044,average,ANImf,196
SRR24759606_binette_bin90.fasta,197_0,0.050000000000000044,average,ANImf,197
SRR24759608_binette_bin65.fasta,198_0,0.050000000000000044,average,ANImf,198
SRR24759598_binette_bin108.fasta,199_0,0.050000000000000044,average,ANImf,199
SRR24759608_binette_bin47.fasta,200_0,0.050000000000000044,average,ANImf,200
SRR24759610_binette_bin65.fasta,201_0,0.050000000000000044,average,ANImf,201
SRR24759600_binette_bin112.fasta,202_0,0.050000000000000044,average,ANImf,202
SRR24759610_binette_bin108.fasta,203_0,0.050000000000000044,average,ANImf,203
SRR24759608_binette_bin90.fasta,204_0,0.050000000000000044,average,ANImf,204
SRR24759596_binette_bin1.fasta,205_1,0.050000000000000044,average,ANImf,205
SRR24759597_binette_bin4.fasta,205_1,0.050000000000000044,average,ANImf,205
SRR24759598_binette_bin5.fasta,205_1,0.050000000000000044,average,ANImf,205
SRR24759599_binette_bin8.fasta,205_1,0.050000000000000044,average,ANImf,205
SRR24759600_binette_bin7.fasta,205_1,0.050000000000000044,average,ANImf,205
SRR24759601_binette_bin11.fasta,205_1,0.050000000000000044,average,ANImf,205
SRR24759602_binette_bin4.fasta,205_1,0.050000000000000044,average,ANImf,205
SRR24759603_binette_bin8.fasta,205_1,0.050000000000000044,average,ANImf,205
SRR24759604_binette_bin4.fasta,205_1,0.050000000000000044,average,ANImf,205
SRR24759605_binette_bin6.fasta,205_1,0.050000000000000044,average,ANImf,205
SRR24759606_binette_bin6.fasta,205_1,0.050000000000000044,average,ANImf,205
SRR24759607_binette_bin13.fasta,205_1,0.050000000000000044,average,ANImf,205
SRR24759608_binette_bin4.fasta,205_1,0.050000000000000044,average,ANImf,205
SRR24759609_binette_bin2.fasta,205_1,0.050000000000000044,average,ANImf,205
SRR24759610_binette_bin4.fasta,205_1,0.050000000000000044,average,ANImf,205
SRR24759611_binette_bin2.fasta,205_1,0.050000000000000044,average,ANImf,205
SRR24759612_binette_bin2.fasta,205_1,0.050000000000000044,average,ANImf,205
SRR24759613_binette_bin2.fasta,205_1,0.050000000000000044,average,ANImf,205
SRR24759614_binette_bin2.fasta,205_1,0.050000000000000044,average,ANImf,205
SRR24759615_binette_bin7.fasta,205_1,0.050000000000000044,average,ANImf,205
SRR24759616_binette_bin4.fasta,205_1,0.050000000000000044,average,ANImf,205
SRR24759597_binette_bin18.fasta,206_1,0.050000000000000044,average,ANImf,206
SRR24759598_binette_bin9.fasta,206_1,0.050000000000000044,average,ANImf,206
SRR24759599_binette_bin4.fasta,206_1,0.050000000000000044,average,ANImf,206
SRR24759600_binette_bin15.fasta,206_1,0.050000000000000044,average,ANImf,206
SRR24759602_binette_bin15.fasta,206_1,0.050000000000000044,average,ANImf,206
SRR24759603_binette_bin10.fasta,206_1,0.050000000000000044,average,ANImf,206
SRR24759604_binette_bin7.fasta,206_1,0.050000000000000044,average,ANImf,206
SRR24759605_binette_bin2.fasta,206_1,0.050000000000000044,average,ANImf,206
SRR24759609_binette_bin8.fasta,206_1,0.050000000000000044,average,ANImf,206
SRR24759610_binette_bin2.fasta,206_1,0.050000000000000044,average,ANImf,206
SRR24759612_binette_bin26.fasta,206_1,0.050000000000000044,average,ANImf,206
SRR24759613_binette_bin5.fasta,206_1,0.050000000000000044,average,ANImf,206
SRR24759614_binette_bin36.fasta,206_1,0.050000000000000044,average,ANImf,206
SRR24759612_binette_bin40.fasta,207_0,0.050000000000000044,average,ANImf,207
SRR24759612_binette_bin1.fasta,208_0,0.050000000000000044,average,ANImf,208
SRR24759603_binette_bin2.fasta,209_1,0.050000000000000044,average,ANImf,209
SRR24759605_binette_bin19.fasta,209_1,0.050000000000000044,average,ANImf,209
SRR24759607_binette_bin1.fasta,209_1,0.050000000000000044,average,ANImf,209
SRR24759615_binette_bin5.fasta,209_1,0.050000000000000044,average,ANImf,209
SRR24759615_binette_bin28.fasta,210_0,0.050000000000000044,average,ANImf,210
SRR24759610_binette_bin53.fasta,211_0,0.050000000000000044,average,ANImf,211
SRR24759615_binette_bin54.fasta,212_0,0.050000000000000044,average,ANImf,212
SRR24759603_binette_bin49.fasta,213_1,0.050000000000000044,average,ANImf,213
SRR24759606_binette_bin52.fasta,213_1,0.050000000000000044,average,ANImf,213
SRR24759600_binette_bin39.fasta,214_1,0.050000000000000044,average,ANImf,214
SRR24759600_binette_bin4.fasta,214_1,0.050000000000000044,average,ANImf,214
SRR24759603_binette_bin5.fasta,214_1,0.050000000000000044,average,ANImf,214
SRR24759606_binette_bin2.fasta,214_1,0.050000000000000044,average,ANImf,214
SRR24759608_binette_bin11.fasta,214_1,0.050000000000000044,average,ANImf,214
SRR24759614_binette_bin27.fasta,214_1,0.050000000000000044,average,ANImf,214
SRR24759615_binette_bin3.fasta,214_1,0.050000000000000044,average,ANImf,214
SRR24759601_binette_bin31.fasta,215_0,0.050000000000000044,average,ANImf,215
SRR24759600_binette_bin81.fasta,216_0,0.050000000000000044,average,ANImf,216
SRR24759600_binette_bin6.fasta,217_0,0.050000000000000044,average,ANImf,217
SRR24759609_binette_bin44.fasta,218_0,0.050000000000000044,average,ANImf,218
SRR24759597_binette_bin6.fasta,219_1,0.050000000000000044,average,ANImf,219
SRR24759599_binette_bin30.fasta,219_1,0.050000000000000044,average,ANImf,219
SRR24759603_binette_bin6.fasta,219_1,0.050000000000000044,average,ANImf,219
SRR24759614_binette_bin10.fasta,219_1,0.050000000000000044,average,ANImf,219
SRR24759615_binette_bin57.fasta,219_1,0.050000000000000044,average,ANImf,219
SRR24759616_binette_bin13.fasta,219_1,0.050000000000000044,average,ANImf,219
SRR24759605_binette_bin22.fasta,220_0,0.050000000000000044,average,ANImf,220
SRR24759597_binette_bin64.fasta,221_0,0.050000000000000044,average,ANImf,221
SRR24759614_binette_bin63.fasta,222_0,0.050000000000000044,average,ANImf,222
SRR24759613_binette_bin46.fasta,223_0,0.050000000000000044,average,ANImf,223
SRR24759614_binette_bin49.fasta,224_0,0.050000000000000044,average,ANImf,224
SRR24759602_binette_bin8.fasta,225_1,0.050000000000000044,average,ANImf,225
SRR24759615_binette_bin26.fasta,225_1,0.050000000000000044,average,ANImf,225
SRR24759606_binette_bin1.fasta,226_0,0.050000000000000044,average,ANImf,226
SRR24759607_binette_bin19.fasta,227_0,0.050000000000000044,average,ANImf,227
SRR24759598_binette_bin16.fasta,228_1,0.050000000000000044,average,ANImf,228
SRR24759600_binette_bin41.fasta,228_1,0.050000000000000044,average,ANImf,228
SRR24759603_binette_bin1.fasta,228_1,0.050000000000000044,average,ANImf,228
SRR24759608_binette_bin1.fasta,228_1,0.050000000000000044,average,ANImf,228
SRR24759600_binette_bin24.fasta,229_0,0.050000000000000044,average,ANImf,229
SRR24759600_binette_bin26.fasta,230_0,0.050000000000000044,average,ANImf,230
SRR24759604_binette_bin88.fasta,231_1,0.050000000000000044,average,ANImf,231
SRR24759615_binette_bin70.fasta,231_1,0.050000000000000044,average,ANImf,231
SRR24759598_binette_bin63.fasta,232_1,0.050000000000000044,average,ANImf,232
SRR24759615_binette_bin56.fasta,232_1,0.050000000000000044,average,ANImf,232
SRR24759605_binette_bin40.fasta,233_0,0.050000000000000044,average,ANImf,233
SRR24759597_binette_bin2.fasta,234_1,0.050000000000000044,average,ANImf,234
SRR24759598_binette_bin1.fasta,234_1,0.050000000000000044,average,ANImf,234
SRR24759599_binette_bin2.fasta,234_1,0.050000000000000044,average,ANImf,234
SRR24759600_binette_bin5.fasta,234_1,0.050000000000000044,average,ANImf,234
SRR24759601_binette_bin34.fasta,234_1,0.050000000000000044,average,ANImf,234
SRR24759601_binette_bin4.fasta,234_1,0.050000000000000044,average,ANImf,234
SRR24759602_binette_bin1.fasta,234_1,0.050000000000000044,average,ANImf,234
SRR24759603_binette_bin3.fasta,234_1,0.050000000000000044,average,ANImf,234
SRR24759604_binette_bin1.fasta,234_1,0.050000000000000044,average,ANImf,234
SRR24759605_binette_bin1.fasta,234_1,0.050000000000000044,average,ANImf,234
SRR24759607_binette_bin5.fasta,234_1,0.050000000000000044,average,ANImf,234
SRR24759608_binette_bin3.fasta,234_1,0.050000000000000044,average,ANImf,234
SRR24759610_binette_bin29.fasta,234_1,0.050000000000000044,average,ANImf,234
SRR24759615_binette_bin1.fasta,234_1,0.050000000000000044,average,ANImf,234
SRR24759616_binette_bin1.fasta,234_1,0.050000000000000044,average,ANImf,234
SRR24759611_binette_bin42.fasta,235_0,0.050000000000000044,average,ANImf,235
SRR24759612_binette_bin30.fasta,236_0,0.050000000000000044,average,ANImf,236
SRR24759597_binette_bin75.fasta,237_0,0.050000000000000044,average,ANImf,237
SRR24759611_binette_bin79.fasta,238_0,0.050000000000000044,average,ANImf,238
SRR24759607_binette_bin44.fasta,239_0,0.050000000000000044,average,ANImf,239
SRR24759599_binette_bin37.fasta,240_0,0.050000000000000044,average,ANImf,240
SRR24759616_binette_bin27.fasta,241_0,0.050000000000000044,average,ANImf,241
SRR24759597_binette_bin7.fasta,242_1,0.050000000000000044,average,ANImf,242
SRR24759600_binette_bin33.fasta,242_1,0.050000000000000044,average,ANImf,242
SRR24759604_binette_bin22.fasta,242_1,0.050000000000000044,average,ANImf,242
SRR24759605_binette_bin15.fasta,242_1,0.050000000000000044,average,ANImf,242
SRR24759598_binette_bin100.fasta,243_0,0.050000000000000044,average,ANImf,243
SRR24759613_binette_bin45.fasta,244_0,0.050000000000000044,average,ANImf,244
SRR24759598_binette_bin3.fasta,245_0,0.050000000000000044,average,ANImf,245
SRR24759616_binette_bin31.fasta,246_0,0.050000000000000044,average,ANImf,246
SRR24759598_binette_bin52.fasta,247_0,0.050000000000000044,average,ANImf,247
SRR24759598_binette_bin54.fasta,248_0,0.050000000000000044,average,ANImf,248
SRR24759597_binette_bin9.fasta,249_1,0.050000000000000044,average,ANImf,249
SRR24759598_binette_bin2.fasta,249_1,0.050000000000000044,average,ANImf,249
SRR24759599_binette_bin1.fasta,249_1,0.050000000000000044,average,ANImf,249
SRR24759602_binette_bin6.fasta,249_1,0.050000000000000044,average,ANImf,249
SRR24759603_binette_bin4.fasta,249_1,0.050000000000000044,average,ANImf,249
SRR24759606_binette_bin4.fasta,249_1,0.050000000000000044,average,ANImf,249
SRR24759610_binette_bin1.fasta,249_1,0.050000000000000044,average,ANImf,249
SRR24759611_binette_bin1.fasta,249_1,0.050000000000000044,average,ANImf,249
SRR24759613_binette_bin9.fasta,249_1,0.050000000000000044,average,ANImf,249
SRR24759615_binette_bin4.fasta,249_1,0.050000000000000044,average,ANImf,249
SRR24759616_binette_bin2.fasta,249_1,0.050000000000000044,average,ANImf,249
SRR24759609_binette_bin7.fasta,249_2,0.050000000000000044,average,ANImf,249
SRR24759602_binette_bin21.fasta,249_3,0.050000000000000044,average,ANImf,249
SRR24759600_binette_bin65.fasta,250_0,0.050000000000000044,average,ANImf,250
SRR24759603_binette_bin86.fasta,251_0,0.050000000000000044,average,ANImf,251
SRR24759598_binette_bin57.fasta,252_1,0.050000000000000044,average,ANImf,252
SRR24759599_binette_bin97.fasta,252_1,0.050000000000000044,average,ANImf,252
SRR24759610_binette_bin68.fasta,252_1,0.050000000000000044,average,ANImf,252
SRR24759616_binette_bin30.fasta,253_0,0.050000000000000044,average,ANImf,253
SRR24759603_binette_bin57.fasta,254_0,0.050000000000000044,average,ANImf,254
SRR24759606_binette_bin46.fasta,255_0,0.050000000000000044,average,ANImf,255
SRR24759598_binette_bin109.fasta,256_0,0.050000000000000044,average,ANImf,256
SRR24759604_binette_bin95.fasta,257_1,0.050000000000000044,average,ANImf,257
SRR24759611_binette_bin71.fasta,257_1,0.050000000000000044,average,ANImf,257
SRR24759596_binette_bin57.fasta,258_1,0.050000000000000044,average,ANImf,258
SRR24759598_binette_bin59.fasta,258_1,0.050000000000000044,average,ANImf,258
SRR24759599_binette_bin70.fasta,258_1,0.050000000000000044,average,ANImf,258
SRR24759600_binette_bin47.fasta,258_1,0.050000000000000044,average,ANImf,258
SRR24759605_binette_bin84.fasta,258_1,0.050000000000000044,average,ANImf,258
SRR24759606_binette_bin51.fasta,258_1,0.050000000000000044,average,ANImf,258
SRR24759608_binette_bin62.fasta,258_1,0.050000000000000044,average,ANImf,258
SRR24759609_binette_bin84.fasta,258_1,0.050000000000000044,average,ANImf,258
SRR24759610_binette_bin44.fasta,258_1,0.050000000000000044,average,ANImf,258
SRR24759611_binette_bin86.fasta,258_1,0.050000000000000044,average,ANImf,258
SRR24759612_binette_bin67.fasta,258_1,0.050000000000000044,average,ANImf,258
SRR24759614_binette_bin100.fasta,258_1,0.050000000000000044,average,ANImf,258
SRR24759612_binette_bin63.fasta,259_1,0.050000000000000044,average,ANImf,259
SRR24759616_binette_bin83.fasta,259_1,0.050000000000000044,average,ANImf,259
SRR24759603_binette_bin45.fasta,260_0,0.050000000000000044,average,ANImf,260
SRR24759608_binette_bin26.fasta,261_1,0.050000000000000044,average,ANImf,261
SRR24759609_binette_bin26.fasta,261_1,0.050000000000000044,average,ANImf,261
SRR24759611_binette_bin37.fasta,261_1,0.050000000000000044,average,ANImf,261
SRR24759612_binette_bin37.fasta,261_1,0.050000000000000044,average,ANImf,261
SRR24759615_binette_bin82.fasta,261_1,0.050000000000000044,average,ANImf,261
SRR24759616_binette_bin74.fasta,261_1,0.050000000000000044,average,ANImf,261
SRR24759597_binette_bin41.fasta,262_1,0.050000000000000044,average,ANImf,262
SRR24759598_binette_bin36.fasta,262_1,0.050000000000000044,average,ANImf,262
SRR24759605_binette_bin33.fasta,262_1,0.050000000000000044,average,ANImf,262
SRR24759610_binette_bin46.fasta,262_1,0.050000000000000044,average,ANImf,262
SRR24759598_binette_bin7.fasta,263_1,0.050000000000000044,average,ANImf,263
SRR24759600_binette_bin20.fasta,263_1,0.050000000000000044,average,ANImf,263
SRR24759601_binette_bin15.fasta,263_1,0.050000000000000044,average,ANImf,263
SRR24759605_binette_bin10.fasta,263_1,0.050000000000000044,average,ANImf,263
SRR24759606_binette_bin33.fasta,263_1,0.050000000000000044,average,ANImf,263
SRR24759608_binette_bin16.fasta,263_1,0.050000000000000044,average,ANImf,263
SRR24759611_binette_bin7.fasta,263_1,0.050000000000000044,average,ANImf,263
SRR24759614_binette_bin26.fasta,263_1,0.050000000000000044,average,ANImf,263
SRR24759615_binette_bin17.fasta,263_1,0.050000000000000044,average,ANImf,263
SRR24759615_binette_bin32.fasta,264_0,0.050000000000000044,average,ANImf,264
SRR24759596_binette_bin25.fasta,265_1,0.050000000000000044,average,ANImf,265
SRR24759609_binette_bin37.fasta,265_1,0.050000000000000044,average,ANImf,265
SRR24759612_binette_bin61.fasta,265_1,0.050000000000000044,average,ANImf,265
SRR24759596_binette_bin8.fasta,266_1,0.050000000000000044,average,ANImf,266
SRR24759597_binette_bin19.fasta,266_1,0.050000000000000044,average,ANImf,266
SRR24759598_binette_bin22.fasta,266_1,0.050000000000000044,average,ANImf,266
SRR24759599_binette_bin16.fasta,266_1,0.050000000000000044,average,ANImf,266
SRR24759600_binette_bin22.fasta,266_1,0.050000000000000044,average,ANImf,266
SRR24759602_binette_bin13.fasta,266_1,0.050000000000000044,average,ANImf,266
SRR24759603_binette_bin22.fasta,266_1,0.050000000000000044,average,ANImf,266
SRR24759604_binette_bin8.fasta,266_1,0.050000000000000044,average,ANImf,266
SRR24759606_binette_bin13.fasta,266_1,0.050000000000000044,average,ANImf,266
SRR24759607_binette_bin4.fasta,266_1,0.050000000000000044,average,ANImf,266
SRR24759608_binette_bin19.fasta,266_1,0.050000000000000044,average,ANImf,266
SRR24759609_binette_bin19.fasta,266_1,0.050000000000000044,average,ANImf,266
SRR24759610_binette_bin22.fasta,266_1,0.050000000000000044,average,ANImf,266
SRR24759611_binette_bin21.fasta,266_1,0.050000000000000044,average,ANImf,266
SRR24759612_binette_bin9.fasta,266_1,0.050000000000000044,average,ANImf,266
SRR24759613_binette_bin10.fasta,266_1,0.050000000000000044,average,ANImf,266
SRR24759614_binette_bin19.fasta,266_1,0.050000000000000044,average,ANImf,266
SRR24759615_binette_bin27.fasta,266_1,0.050000000000000044,average,ANImf,266
SRR24759596_binette_bin12.fasta,266_2,0.050000000000000044,average,ANImf,266
SRR24759597_binette_bin24.fasta,266_2,0.050000000000000044,average,ANImf,266
SRR24759598_binette_bin11.fasta,266_2,0.050000000000000044,average,ANImf,266
SRR24759599_binette_bin7.fasta,266_2,0.050000000000000044,average,ANImf,266
SRR24759600_binette_bin35.fasta,266_2,0.050000000000000044,average,ANImf,266
SRR24759601_binette_bin1.fasta,266_2,0.050000000000000044,average,ANImf,266
SRR24759602_binette_bin2.fasta,266_2,0.050000000000000044,average,ANImf,266
SRR24759603_binette_bin7.fasta,266_2,0.050000000000000044,average,ANImf,266
SRR24759604_binette_bin20.fasta,266_2,0.050000000000000044,average,ANImf,266
SRR24759605_binette_bin4.fasta,266_2,0.050000000000000044,average,ANImf,266
SRR24759606_binette_bin3.fasta,266_2,0.050000000000000044,average,ANImf,266
SRR24759608_binette_bin6.fasta,266_2,0.050000000000000044,average,ANImf,266
SRR24759609_binette_bin10.fasta,266_2,0.050000000000000044,average,ANImf,266
SRR24759610_binette_bin21.fasta,266_2,0.050000000000000044,average,ANImf,266
SRR24759610_binette_bin27.fasta,266_2,0.050000000000000044,average,ANImf,266
SRR24759611_binette_bin6.fasta,266_2,0.050000000000000044,average,ANImf,266
SRR24759612_binette_bin14.fasta,266_2,0.050000000000000044,average,ANImf,266
SRR24759613_binette_bin18.fasta,266_2,0.050000000000000044,average,ANImf,266
SRR24759614_binette_bin7.fasta,266_2,0.050000000000000044,average,ANImf,266
SRR24759615_binette_bin8.fasta,266_2,0.050000000000000044,average,ANImf,266
SRR24759616_binette_bin7.fasta,266_2,0.050000000000000044,average,ANImf,266
SRR24759596_binette_bin19.fasta,267_0,0.050000000000000044,average,ANImf,267
SRR24759600_binette_bin62.fasta,268_0,0.050000000000000044,average,ANImf,268
SRR24759611_binette_bin35.fasta,269_0,0.050000000000000044,average,ANImf,269
SRR24759596_binette_bin56.fasta,270_1,0.050000000000000044,average,ANImf,270
SRR24759597_binette_bin30.fasta,270_1,0.050000000000000044,average,ANImf,270
SRR24759598_binette_bin102.fasta,270_1,0.050000000000000044,average,ANImf,270
SRR24759600_binette_bin72.fasta,270_1,0.050000000000000044,average,ANImf,270
SRR24759601_binette_bin17.fasta,270_1,0.050000000000000044,average,ANImf,270
SRR24759602_binette_bin50.fasta,270_1,0.050000000000000044,average,ANImf,270
SRR24759604_binette_bin90.fasta,270_1,0.050000000000000044,average,ANImf,270
SRR24759605_binette_bin77.fasta,270_1,0.050000000000000044,average,ANImf,270
SRR24759606_binette_bin79.fasta,270_1,0.050000000000000044,average,ANImf,270
SRR24759610_binette_bin96.fasta,270_1,0.050000000000000044,average,ANImf,270
SRR24759611_binette_bin50.fasta,270_1,0.050000000000000044,average,ANImf,270
SRR24759613_binette_bin26.fasta,270_1,0.050000000000000044,average,ANImf,270
SRR24759614_binette_bin99.fasta,270_1,0.050000000000000044,average,ANImf,270
SRR24759615_binette_bin42.fasta,270_1,0.050000000000000044,average,ANImf,270
SRR24759616_binette_bin79.fasta,270_1,0.050000000000000044,average,ANImf,270
SRR24759603_binette_bin50.fasta,271_1,0.050000000000000044,average,ANImf,271
SRR24759613_binette_bin42.fasta,271_1,0.050000000000000044,average,ANImf,271
SRR24759597_binette_bin43.fasta,272_1,0.050000000000000044,average,ANImf,272
SRR24759602_binette_bin35.fasta,272_1,0.050000000000000044,average,ANImf,272
SRR24759614_binette_bin47.fasta,272_1,0.050000000000000044,average,ANImf,272
SRR24759600_binette_bin56.fasta,273_1,0.050000000000000044,average,ANImf,273
SRR24759602_binette_bin43.fasta,273_1,0.050000000000000044,average,ANImf,273
SRR24759609_binette_bin49.fasta,273_1,0.050000000000000044,average,ANImf,273
SRR24759611_binette_bin26.fasta,273_2,0.050000000000000044,average,ANImf,273
SRR24759598_binette_bin105.fasta,274_0,0.050000000000000044,average,ANImf,274
SRR24759608_binette_bin64.fasta,275_0,0.050000000000000044,average,ANImf,275
SRR24759602_binette_bin52.fasta,276_1,0.050000000000000044,average,ANImf,276
SRR24759608_binette_bin63.fasta,276_2,0.050000000000000044,average,ANImf,276
SRR24759609_binette_bin50.fasta,276_3,0.050000000000000044,average,ANImf,276
SRR24759606_binette_bin86.fasta,277_0,0.050000000000000044,average,ANImf,277
SRR24759615_binette_bin47.fasta,278_0,0.050000000000000044,average,ANImf,278
SRR24759599_binette_bin61.fasta,279_0,0.050000000000000044,average,ANImf,279
SRR24759598_binette_bin51.fasta,280_1,0.050000000000000044,average,ANImf,280
SRR24759599_binette_bin38.fasta,280_1,0.050000000000000044,average,ANImf,280
SRR24759600_binette_bin46.fasta,280_1,0.050000000000000044,average,ANImf,280
SRR24759604_binette_bin92.fasta,280_1,0.050000000000000044,average,ANImf,280
SRR24759608_binette_bin52.fasta,280_1,0.050000000000000044,average,ANImf,280
SRR24759611_binette_bin38.fasta,280_1,0.050000000000000044,average,ANImf,280
SRR24759613_binette_bin15.fasta,281_0,0.050000000000000044,average,ANImf,281
SRR24759597_binette_bin54.fasta,282_0,0.050000000000000044,average,ANImf,282
SRR24759610_binette_bin64.fasta,283_0,0.050000000000000044,average,ANImf,283
SRR24759596_binette_bin26.fasta,284_1,0.050000000000000044,average,ANImf,284
SRR24759600_binette_bin40.fasta,284_1,0.050000000000000044,average,ANImf,284
SRR24759602_binette_bin32.fasta,284_1,0.050000000000000044,average,ANImf,284
SRR24759604_binette_bin40.fasta,284_1,0.050000000000000044,average,ANImf,284
SRR24759605_binette_bin20.fasta,284_1,0.050000000000000044,average,ANImf,284
SRR24759610_binette_bin48.fasta,284_1,0.050000000000000044,average,ANImf,284
SRR24759612_binette_bin32.fasta,284_1,0.050000000000000044,average,ANImf,284
SRR24759616_binette_bin33.fasta,284_1,0.050000000000000044,average,ANImf,284
SRR24759597_binette_bin49.fasta,285_0,0.050000000000000044,average,ANImf,285
SRR24759601_binette_bin42.fasta,286_0,0.050000000000000044,average,ANImf,286
SRR24759609_binette_bin32.fasta,287_0,0.050000000000000044,average,ANImf,287
SRR24759601_binette_bin26.fasta,288_1,0.050000000000000044,average,ANImf,288
SRR24759608_binette_bin35.fasta,288_1,0.050000000000000044,average,ANImf,288
SRR24759596_binette_bin7.fasta,289_1,0.050000000000000044,average,ANImf,289
SRR24759597_binette_bin11.fasta,289_1,0.050000000000000044,average,ANImf,289
SRR24759598_binette_bin17.fasta,289_1,0.050000000000000044,average,ANImf,289
SRR24759598_binette_bin30.fasta,289_1,0.050000000000000044,average,ANImf,289
SRR24759599_binette_bin12.fasta,289_1,0.050000000000000044,average,ANImf,289
SRR24759599_binette_bin22.fasta,289_1,0.050000000000000044,average,ANImf,289
SRR24759600_binette_bin12.fasta,289_1,0.050000000000000044,average,ANImf,289
SRR24759601_binette_bin8.fasta,289_1,0.050000000000000044,average,ANImf,289
SRR24759602_binette_bin9.fasta,289_1,0.050000000000000044,average,ANImf,289
SRR24759603_binette_bin15.fasta,289_1,0.050000000000000044,average,ANImf,289
SRR24759604_binette_bin10.fasta,289_1,0.050000000000000044,average,ANImf,289
SRR24759605_binette_bin14.fasta,289_1,0.050000000000000044,average,ANImf,289
SRR24759606_binette_bin10.fasta,289_1,0.050000000000000044,average,ANImf,289
SRR24759607_binette_bin8.fasta,289_1,0.050000000000000044,average,ANImf,289
SRR24759608_binette_bin20.fasta,289_1,0.050000000000000044,average,ANImf,289
SRR24759609_binette_bin14.fasta,289_1,0.050000000000000044,average,ANImf,289
SRR24759609_binette_bin25.fasta,289_1,0.050000000000000044,average,ANImf,289
SRR24759610_binette_bin17.fasta,289_1,0.050000000000000044,average,ANImf,289
SRR24759610_binette_bin24.fasta,289_1,0.050000000000000044,average,ANImf,289
SRR24759611_binette_bin11.fasta,289_1,0.050000000000000044,average,ANImf,289
SRR24759612_binette_bin10.fasta,289_1,0.050000000000000044,average,ANImf,289
SRR24759614_binette_bin15.fasta,289_1,0.050000000000000044,average,ANImf,289
SRR24759614_binette_bin32.fasta,289_1,0.050000000000000044,average,ANImf,289
SRR24759615_binette_bin14.fasta,289_1,0.050000000000000044,average,ANImf,289
SRR24759616_binette_bin11.fasta,289_1,0.050000000000000044,average,ANImf,289
SRR24759613_binette_bin21.fasta,290_0,0.050000000000000044,average,ANImf,290
SRR24759607_binette_bin18.fasta,291_0,0.050000000000000044,average,ANImf,291
SRR24759606_binette_bin39.fasta,292_0,0.050000000000000044,average,ANImf,292
SRR24759615_binette_bin44.fasta,293_0,0.050000000000000044,average,ANImf,293
SRR24759608_binette_bin45.fasta,294_0,0.050000000000000044,average,ANImf,294
SRR24759609_binette_bin35.fasta,295_0,0.050000000000000044,average,ANImf,295
SRR24759606_binette_bin32.fasta,296_0,0.050000000000000044,average,ANImf,296
SRR24759597_binette_bin29.fasta,297_1,0.050000000000000044,average,ANImf,297
SRR24759609_binette_bin29.fasta,297_1,0.050000000000000044,average,ANImf,297
SRR24759611_binette_bin24.fasta,297_1,0.050000000000000044,average,ANImf,297
SRR24759614_binette_bin25.fasta,297_1,0.050000000000000044,average,ANImf,297
SRR24759612_binette_bin27.fasta,298_0,0.050000000000000044,average,ANImf,298
SRR24759599_binette_bin56.fasta,299_0,0.050000000000000044,average,ANImf,299
SRR24759606_binette_bin34.fasta,300_0,0.050000000000000044,average,ANImf,300
SRR24759614_binette_bin54.fasta,301_0,0.050000000000000044,average,ANImf,301
SRR24759602_binette_bin45.fasta,302_0,0.050000000000000044,average,ANImf,302
SRR24759596_binette_bin9.fasta,303_1,0.050000000000000044,average,ANImf,303
SRR24759598_binette_bin21.fasta,303_1,0.050000000000000044,average,ANImf,303
SRR24759599_binette_bin14.fasta,303_1,0.050000000000000044,average,ANImf,303
SRR24759600_binette_bin30.fasta,303_1,0.050000000000000044,average,ANImf,303
SRR24759602_binette_bin11.fasta,303_1,0.050000000000000044,average,ANImf,303
SRR24759603_binette_bin12.fasta,303_1,0.050000000000000044,average,ANImf,303
SRR24759604_binette_bin19.fasta,303_1,0.050000000000000044,average,ANImf,303
SRR24759605_binette_bin12.fasta,303_1,0.050000000000000044,average,ANImf,303
SRR24759606_binette_bin12.fasta,303_1,0.050000000000000044,average,ANImf,303
SRR24759608_binette_bin10.fasta,303_1,0.050000000000000044,average,ANImf,303
SRR24759609_binette_bin9.fasta,303_1,0.050000000000000044,average,ANImf,303
SRR24759610_binette_bin5.fasta,303_1,0.050000000000000044,average,ANImf,303
SRR24759611_binette_bin25.fasta,303_1,0.050000000000000044,average,ANImf,303
SRR24759612_binette_bin7.fasta,303_1,0.050000000000000044,average,ANImf,303
SRR24759613_binette_bin11.fasta,303_1,0.050000000000000044,average,ANImf,303
SRR24759614_binette_bin12.fasta,303_1,0.050000000000000044,average,ANImf,303
SRR24759615_binette_bin22.fasta,303_1,0.050000000000000044,average,ANImf,303
SRR24759616_binette_bin6.fasta,303_1,0.050000000000000044,average,ANImf,303
SRR24759615_binette_bin24.fasta,303_2,0.050000000000000044,average,ANImf,303
SRR24759601_binette_bin32.fasta,304_0,0.050000000000000044,average,ANImf,304
SRR24759605_binette_bin31.fasta,305_0,0.050000000000000044,average,ANImf,305
SRR24759611_binette_bin36.fasta,306_0,0.050000000000000044,average,ANImf,306
SRR24759597_binette_bin26.fasta,307_0,0.050000000000000044,average,ANImf,307
SRR24759598_binette_bin56.fasta,308_0,0.050000000000000044,average,ANImf,308
SRR24759597_binette_bin32.fasta,309_0,0.050000000000000044,average,ANImf,309
SRR24759604_binette_bin28.fasta,310_0,0.050000000000000044,average,ANImf,310
SRR24759609_binette_bin48.fasta,311_0,0.050000000000000044,average,ANImf,311
SRR24759597_binette_bin10.fasta,312_1,0.050000000000000044,average,ANImf,312
SRR24759598_binette_bin13.fasta,312_1,0.050000000000000044,average,ANImf,312
SRR24759599_binette_bin26.fasta,312_1,0.050000000000000044,average,ANImf,312
SRR24759601_binette_bin10.fasta,312_1,0.050000000000000044,average,ANImf,312
SRR24759603_binette_bin26.fasta,312_1,0.050000000000000044,average,ANImf,312
SRR24759604_binette_bin16.fasta,312_1,0.050000000000000044,average,ANImf,312
SRR24759605_binette_bin8.fasta,312_1,0.050000000000000044,average,ANImf,312
SRR24759606_binette_bin18.fasta,312_1,0.050000000000000044,average,ANImf,312
SRR24759607_binette_bin10.fasta,312_1,0.050000000000000044,average,ANImf,312
SRR24759608_binette_bin21.fasta,312_1,0.050000000000000044,average,ANImf,312
SRR24759609_binette_bin13.fasta,312_1,0.050000000000000044,average,ANImf,312
SRR24759610_binette_bin8.fasta,312_1,0.050000000000000044,average,ANImf,312
SRR24759611_binette_bin20.fasta,312_1,0.050000000000000044,average,ANImf,312
SRR24759612_binette_bin5.fasta,312_1,0.050000000000000044,average,ANImf,312
SRR24759613_binette_bin19.fasta,312_1,0.050000000000000044,average,ANImf,312
SRR24759614_binette_bin11.fasta,312_1,0.050000000000000044,average,ANImf,312
SRR24759615_binette_bin19.fasta,312_1,0.050000000000000044,average,ANImf,312
SRR24759616_binette_bin8.fasta,312_1,0.050000000000000044,average,ANImf,312
SRR24759600_binette_bin25.fasta,312_2,0.050000000000000044,average,ANImf,312
SRR24759602_binette_bin20.fasta,312_3,0.050000000000000044,average,ANImf,312
SRR24759596_binette_bin23.fasta,313_0,0.050000000000000044,average,ANImf,313
SRR24759599_binette_bin71.fasta,314_0,0.050000000000000044,average,ANImf,314
SRR24759601_binette_bin22.fasta,315_0,0.050000000000000044,average,ANImf,315
SRR24759608_binette_bin36.fasta,316_0,0.050000000000000044,average,ANImf,316
SRR24759600_binette_bin38.fasta,317_0,0.050000000000000044,average,ANImf,317
SRR24759609_binette_bin30.fasta,318_0,0.050000000000000044,average,ANImf,318
SRR24759611_binette_bin40.fasta,319_0,0.050000000000000044,average,ANImf,319
SRR24759614_binette_bin57.fasta,320_0,0.050000000000000044,average,ANImf,320
SRR24759610_binette_bin9.fasta,321_1,0.050000000000000044,average,ANImf,321
SRR24759612_binette_bin11.fasta,321_1,0.050000000000000044,average,ANImf,321
SRR24759600_binette_bin27.fasta,321_2,0.050000000000000044,average,ANImf,321
SRR24759608_binette_bin23.fasta,321_3,0.050000000000000044,average,ANImf,321
SRR24759609_binette_bin15.fasta,322_0,0.050000000000000044,average,ANImf,322
SRR24759599_binette_bin31.fasta,323_0,0.050000000000000044,average,ANImf,323
SRR24759601_binette_bin19.fasta,324_0,0.050000000000000044,average,ANImf,324
SRR24759606_binette_bin29.fasta,325_1,0.050000000000000044,average,ANImf,325
SRR24759614_binette_bin24.fasta,325_1,0.050000000000000044,average,ANImf,325
SRR24759599_binette_bin28.fasta,326_1,0.050000000000000044,average,ANImf,326
SRR24759602_binette_bin22.fasta,326_1,0.050000000000000044,average,ANImf,326
SRR24759613_binette_bin32.fasta,326_1,0.050000000000000044,average,ANImf,326
SRR24759601_binette_bin29.fasta,327_0,0.050000000000000044,average,ANImf,327
SRR24759602_binette_bin31.fasta,328_0,0.050000000000000044,average,ANImf,328
SRR24759608_binette_bin29.fasta,329_0,0.050000000000000044,average,ANImf,329
SRR24759611_binette_bin34.fasta,330_0,0.050000000000000044,average,ANImf,330
SRR24759609_binette_bin92.fasta,331_0,0.050000000000000044,average,ANImf,331
SRR24759602_binette_bin25.fasta,332_0,0.050000000000000044,average,ANImf,332
SRR24759611_binette_bin74.fasta,333_0,0.050000000000000044,average,ANImf,333
SRR24759603_binette_bin29.fasta,334_1,0.050000000000000044,average,ANImf,334
SRR24759608_binette_bin39.fasta,334_1,0.050000000000000044,average,ANImf,334
SRR24759614_binette_bin53.fasta,335_0,0.050000000000000044,average,ANImf,335
SRR24759613_binette_bin22.fasta,336_0,0.050000000000000044,average,ANImf,336
SRR24759608_binette_bin15.fasta,337_0,0.050000000000000044,average,ANImf,337
SRR24759599_binette_bin3.fasta,338_1,0.050000000000000044,average,ANImf,338
SRR24759600_binette_bin13.fasta,338_1,0.050000000000000044,average,ANImf,338
SRR24759602_binette_bin14.fasta,338_1,0.050000000000000044,average,ANImf,338
SRR24759606_binette_bin5.fasta,338_1,0.050000000000000044,average,ANImf,338
SRR24759608_binette_bin9.fasta,338_1,0.050000000000000044,average,ANImf,338
SRR24759609_binette_bin4.fasta,338_1,0.050000000000000044,average,ANImf,338
SRR24759610_binette_bin18.fasta,338_1,0.050000000000000044,average,ANImf,338
SRR24759611_binette_bin10.fasta,338_1,0.050000000000000044,average,ANImf,338
SRR24759612_binette_bin8.fasta,338_1,0.050000000000000044,average,ANImf,338
SRR24759613_binette_bin3.fasta,338_1,0.050000000000000044,average,ANImf,338
SRR24759614_binette_bin9.fasta,338_1,0.050000000000000044,average,ANImf,338
SRR24759608_binette_bin61.fasta,339_0,0.050000000000000044,average,ANImf,339
SRR24759611_binette_bin30.fasta,340_0,0.050000000000000044,average,ANImf,340
SRR24759598_binette_bin53.fasta,341_0,0.050000000000000044,average,ANImf,341
SRR24759608_binette_bin88.fasta,342_0,0.050000000000000044,average,ANImf,342
SRR24759598_binette_bin78.fasta,343_1,0.050000000000000044,average,ANImf,343
SRR24759599_binette_bin78.fasta,343_1,0.050000000000000044,average,ANImf,343
SRR24759597_binette_bin59.fasta,344_1,0.050000000000000044,average,ANImf,344
SRR24759598_binette_bin112.fasta,344_1,0.050000000000000044,average,ANImf,344
SRR24759599_binette_bin73.fasta,344_1,0.050000000000000044,average,ANImf,344
SRR24759600_binette_bin78.fasta,344_1,0.050000000000000044,average,ANImf,344
SRR24759601_binette_bin61.fasta,344_1,0.050000000000000044,average,ANImf,344
SRR24759604_binette_bin56.fasta,344_1,0.050000000000000044,average,ANImf,344
SRR24759608_binette_bin43.fasta,344_1,0.050000000000000044,average,ANImf,344
SRR24759611_binette_bin89.fasta,344_1,0.050000000000000044,average,ANImf,344
SRR24759612_binette_bin68.fasta,344_1,0.050000000000000044,average,ANImf,344
SRR24759613_binette_bin61.fasta,344_1,0.050000000000000044,average,ANImf,344
SRR24759614_binette_bin66.fasta,344_1,0.050000000000000044,average,ANImf,344
SRR24759615_binette_bin50.fasta,344_1,0.050000000000000044,average,ANImf,344
SRR24759596_binette_bin33.fasta,344_2,0.050000000000000044,average,ANImf,344
SRR24759597_binette_bin8.fasta,345_1,0.050000000000000044,average,ANImf,345
SRR24759599_binette_bin17.fasta,345_1,0.050000000000000044,average,ANImf,345
SRR24759600_binette_bin3.fasta,345_1,0.050000000000000044,average,ANImf,345
SRR24759605_binette_bin35.fasta,346_0,0.050000000000000044,average,ANImf,346
SRR24759603_binette_bin20.fasta,347_0,0.050000000000000044,average,ANImf,347
SRR24759612_binette_bin35.fasta,348_0,0.050000000000000044,average,ANImf,348
SRR24759598_binette_bin26.fasta,349_1,0.050000000000000044,average,ANImf,349
SRR24759600_binette_bin21.fasta,349_1,0.050000000000000044,average,ANImf,349
SRR24759604_binette_bin12.fasta,349_1,0.050000000000000044,average,ANImf,349
SRR24759615_binette_bin34.fasta,349_1,0.050000000000000044,average,ANImf,349
SRR24759616_binette_bin28.fasta,350_0,0.050000000000000044,average,ANImf,350
SRR24759614_binette_bin61.fasta,351_0,0.050000000000000044,average,ANImf,351
SRR24759601_binette_bin39.fasta,352_0,0.050000000000000044,average,ANImf,352
SRR24759597_binette_bin17.fasta,353_1,0.050000000000000044,average,ANImf,353
SRR24759598_binette_bin35.fasta,353_1,0.050000000000000044,average,ANImf,353
SRR24759599_binette_bin5.fasta,353_1,0.050000000000000044,average,ANImf,353
SRR24759600_binette_bin1.fasta,353_1,0.050000000000000044,average,ANImf,353
SRR24759601_binette_bin14.fasta,353_1,0.050000000000000044,average,ANImf,353
SRR24759603_binette_bin16.fasta,353_1,0.050000000000000044,average,ANImf,353
SRR24759604_binette_bin2.fasta,353_1,0.050000000000000044,average,ANImf,353
SRR24759608_binette_bin2.fasta,353_1,0.050000000000000044,average,ANImf,353
SRR24759610_binette_bin6.fasta,353_1,0.050000000000000044,average,ANImf,353
SRR24759615_binette_bin2.fasta,353_1,0.050000000000000044,average,ANImf,353
SRR24759600_binette_bin79.fasta,354_0,0.050000000000000044,average,ANImf,354
SRR24759610_binette_bin60.fasta,355_0,0.050000000000000044,average,ANImf,355
SRR24759597_binette_bin76.fasta,356_0,0.050000000000000044,average,ANImf,356
SRR24759598_binette_bin47.fasta,357_0,0.050000000000000044,average,ANImf,357
SRR24759614_binette_bin55.fasta,358_0,0.050000000000000044,average,ANImf,358
SRR24759606_binette_bin16.fasta,359_0,0.050000000000000044,average,ANImf,359
SRR24759609_binette_bin33.fasta,360_0,0.050000000000000044,average,ANImf,360
SRR24759611_binette_bin82.fasta,361_0,0.050000000000000044,average,ANImf,361
SRR24759607_binette_bin31.fasta,362_0,0.050000000000000044,average,ANImf,362
SRR24759610_binette_bin41.fasta,363_0,0.050000000000000044,average,ANImf,363
SRR24759615_binette_bin84.fasta,364_0,0.050000000000000044,average,ANImf,364
SRR24759598_binette_bin19.fasta,365_1,0.050000000000000044,average,ANImf,365
SRR24759599_binette_bin11.fasta,365_1,0.050000000000000044,average,ANImf,365
SRR24759600_binette_bin11.fasta,365_1,0.050000000000000044,average,ANImf,365
SRR24759601_binette_bin30.fasta,365_1,0.050000000000000044,average,ANImf,365
SRR24759603_binette_bin28.fasta,365_1,0.050000000000000044,average,ANImf,365
SRR24759604_binette_bin9.fasta,365_1,0.050000000000000044,average,ANImf,365
SRR24759608_binette_bin31.fasta,365_1,0.050000000000000044,average,ANImf,365
SRR24759611_binette_bin23.fasta,365_1,0.050000000000000044,average,ANImf,365
SRR24759614_binette_bin39.fasta,365_1,0.050000000000000044,average,ANImf,365
SRR24759615_binette_bin11.fasta,365_1,0.050000000000000044,average,ANImf,365
SRR24759610_binette_bin59.fasta,366_0,0.050000000000000044,average,ANImf,366
SRR24759615_binette_bin85.fasta,367_0,0.050000000000000044,average,ANImf,367
SRR24759600_binette_bin109.fasta,368_0,0.050000000000000044,average,ANImf,368
SRR24759600_binette_bin60.fasta,369_1,0.050000000000000044,average,ANImf,369
SRR24759604_binette_bin47.fasta,369_2,0.050000000000000044,average,ANImf,369
SRR24759611_binette_bin80.fasta,370_0,0.050000000000000044,average,ANImf,370
SRR24759610_binette_bin42.fasta,371_1,0.050000000000000044,average,ANImf,371
SRR24759616_binette_bin22.fasta,371_1,0.050000000000000044,average,ANImf,371
SRR24759599_binette_bin88.fasta,372_1,0.050000000000000044,average,ANImf,372
SRR24759611_binette_bin77.fasta,372_1,0.050000000000000044,average,ANImf,372
SRR24759602_binette_bin54.fasta,373_1,0.050000000000000044,average,ANImf,373
SRR24759611_binette_bin49.fasta,373_1,0.050000000000000044,average,ANImf,373
SRR24759604_binette_bin99.fasta,374_1,0.050000000000000044,average,ANImf,374
SRR24759613_binette_bin55.fasta,374_1,0.050000000000000044,average,ANImf,374
SRR24759604_binette_bin41.fasta,375_1,0.050000000000000044,average,ANImf,375
SRR24759610_binette_bin49.fasta,375_1,0.050000000000000044,average,ANImf,375
SRR24759596_binette_bin24.fasta,375_2,0.050000000000000044,average,ANImf,375
SRR24759601_binette_bin60.fasta,375_2,0.050000000000000044,average,ANImf,375
SRR24759602_binette_bin42.fasta,375_2,0.050000000000000044,average,ANImf,375
SRR24759609_binette_bin66.fasta,375_2,0.050000000000000044,average,ANImf,375
SRR24759599_binette_bin51.fasta,375_3,0.050000000000000044,average,ANImf,375
SRR24759600_binette_bin52.fasta,375_3,0.050000000000000044,average,ANImf,375
SRR24759615_binette_bin55.fasta,375_3,0.050000000000000044,average,ANImf,375
SRR24759614_binette_bin62.fasta,375_4,0.050000000000000044,average,ANImf,375
SRR24759607_binette_bin32.fasta,376_0,0.050000000000000044,average,ANImf,376
SRR24759604_binette_bin55.fasta,377_1,0.050000000000000044,average,ANImf,377
SRR24759607_binette_bin23.fasta,377_2,0.050000000000000044,average,ANImf,377
SRR24759597_binette_bin31.fasta,378_1,0.050000000000000044,average,ANImf,378
SRR24759598_binette_bin32.fasta,378_1,0.050000000000000044,average,ANImf,378
SRR24759599_binette_bin57.fasta,378_1,0.050000000000000044,average,ANImf,378
SRR24759602_binette_bin24.fasta,378_1,0.050000000000000044,average,ANImf,378
SRR24759603_binette_bin13.fasta,378_1,0.050000000000000044,average,ANImf,378
SRR24759606_binette_bin28.fasta,378_1,0.050000000000000044,average,ANImf,378
SRR24759608_binette_bin24.fasta,378_1,0.050000000000000044,average,ANImf,378
SRR24759609_binette_bin20.fasta,378_1,0.050000000000000044,average,ANImf,378
SRR24759611_binette_bin27.fasta,378_1,0.050000000000000044,average,ANImf,378
SRR24759612_binette_bin18.fasta,378_1,0.050000000000000044,average,ANImf,378
SRR24759614_binette_bin21.fasta,378_1,0.050000000000000044,average,ANImf,378
SRR24759616_binette_bin20.fasta,378_1,0.050000000000000044,average,ANImf,378
SRR24759596_binette_bin4.fasta,378_2,0.050000000000000044,average,ANImf,378
SRR24759597_binette_bin5.fasta,378_2,0.050000000000000044,average,ANImf,378
SRR24759598_binette_bin15.fasta,378_2,0.050000000000000044,average,ANImf,378
SRR24759599_binette_bin13.fasta,378_2,0.050000000000000044,average,ANImf,378
SRR24759599_binette_bin35.fasta,378_2,0.050000000000000044,average,ANImf,378
SRR24759600_binette_bin19.fasta,378_2,0.050000000000000044,average,ANImf,378
SRR24759600_binette_bin36.fasta,378_2,0.050000000000000044,average,ANImf,378
SRR24759601_binette_bin6.fasta,378_2,0.050000000000000044,average,ANImf,378
SRR24759602_binette_bin5.fasta,378_2,0.050000000000000044,average,ANImf,378
SRR24759604_binette_bin15.fasta,378_2,0.050000000000000044,average,ANImf,378
SRR24759604_binette_bin31.fasta,378_2,0.050000000000000044,average,ANImf,378
SRR24759605_binette_bin11.fasta,378_2,0.050000000000000044,average,ANImf,378
SRR24759606_binette_bin11.fasta,378_2,0.050000000000000044,average,ANImf,378
SRR24759606_binette_bin22.fasta,378_2,0.050000000000000044,average,ANImf,378
SRR24759607_binette_bin2.fasta,378_2,0.050000000000000044,average,ANImf,378
SRR24759608_binette_bin33.fasta,378_2,0.050000000000000044,average,ANImf,378
SRR24759608_binette_bin7.fasta,378_2,0.050000000000000044,average,ANImf,378
SRR24759609_binette_bin6.fasta,378_2,0.050000000000000044,average,ANImf,378
SRR24759610_binette_bin12.fasta,378_2,0.050000000000000044,average,ANImf,378
SRR24759610_binette_bin36.fasta,378_2,0.050000000000000044,average,ANImf,378
SRR24759611_binette_bin13.fasta,378_2,0.050000000000000044,average,ANImf,378
SRR24759612_binette_bin6.fasta,378_2,0.050000000000000044,average,ANImf,378
SRR24759613_binette_bin13.fasta,378_2,0.050000000000000044,average,ANImf,378
SRR24759613_binette_bin28.fasta,378_2,0.050000000000000044,average,ANImf,378
SRR24759614_binette_bin5.fasta,378_2,0.050000000000000044,average,ANImf,378
SRR24759615_binette_bin13.fasta,378_2,0.050000000000000044,average,ANImf,378
SRR24759616_binette_bin9.fasta,378_2,0.050000000000000044,average,ANImf,378
SRR24759612_binette_bin28.fasta,379_0,0.050000000000000044,average,ANImf,379
SRR24759611_binette_bin48.fasta,380_0,0.050000000000000044,average,ANImf,380
SRR24759613_binette_bin41.fasta,381_0,0.050000000000000044,average,ANImf,381
SRR24759613_binette_bin47.fasta,382_0,0.050000000000000044,average,ANImf,382
SRR24759599_binette_bin44.fasta,383_1,0.050000000000000044,average,ANImf,383
SRR24759611_binette_bin88.fasta,383_1,0.050000000000000044,average,ANImf,383
SRR24759597_binette_bin58.fasta,384_1,0.050000000000000044,average,ANImf,384
SRR24759598_binette_bin58.fasta,384_1,0.050000000000000044,average,ANImf,384
SRR24759600_binette_bin61.fasta,384_1,0.050000000000000044,average,ANImf,384
SRR24759599_binette_bin48.fasta,384_2,0.050000000000000044,average,ANImf,384
SRR24759608_binette_bin53.fasta,384_3,0.050000000000000044,average,ANImf,384
SRR24759615_binette_bin38.fasta,385_0,0.050000000000000044,average,ANImf,385
SRR24759610_binette_bin54.fasta,386_0,0.050000000000000044,average,ANImf,386
SRR24759603_binette_bin53.fasta,387_0,0.050000000000000044,average,ANImf,387
SRR24759613_binette_bin39.fasta,388_0,0.050000000000000044,average,ANImf,388
SRR24759616_binette_bin77.fasta,389_0,0.050000000000000044,average,ANImf,389
SRR24759603_binette_bin52.fasta,390_0,0.050000000000000044,average,ANImf,390
SRR24759598_binette_bin44.fasta,391_0,0.050000000000000044,average,ANImf,391
SRR24759600_binette_bin80.fasta,392_0,0.050000000000000044,average,ANImf,392
SRR24759600_binette_bin102.fasta,393_0,0.050000000000000044,average,ANImf,393
SRR24759605_binette_bin3.fasta,394_1,0.050000000000000044,average,ANImf,394
SRR24759613_binette_bin7.fasta,394_1,0.050000000000000044,average,ANImf,394
SRR24759598_binette_bin6.fasta,395_1,0.050000000000000044,average,ANImf,395
SRR24759603_binette_bin37.fasta,395_1,0.050000000000000044,average,ANImf,395
SRR24759605_binette_bin7.fasta,395_1,0.050000000000000044,average,ANImf,395
SRR24759609_binette_bin3.fasta,395_1,0.050000000000000044,average,ANImf,395
SRR24759614_binette_bin8.fasta,395_1,0.050000000000000044,average,ANImf,395
SRR24759616_binette_bin5.fasta,395_1,0.050000000000000044,average,ANImf,395
SRR24759596_binette_bin3.fasta,396_1,0.050000000000000044,average,ANImf,396
SRR24759597_binette_bin1.fasta,396_1,0.050000000000000044,average,ANImf,396
SRR24759598_binette_bin4.fasta,396_1,0.050000000000000044,average,ANImf,396
SRR24759599_binette_bin9.fasta,396_1,0.050000000000000044,average,ANImf,396
SRR24759600_binette_bin9.fasta,396_1,0.050000000000000044,average,ANImf,396
SRR24759601_binette_bin2.fasta,396_1,0.050000000000000044,average,ANImf,396
SRR24759602_binette_bin3.fasta,396_1,0.050000000000000044,average,ANImf,396
SRR24759603_binette_bin11.fasta,396_1,0.050000000000000044,average,ANImf,396
SRR24759604_binette_bin5.fasta,396_1,0.050000000000000044,average,ANImf,396
SRR24759605_binette_bin9.fasta,396_1,0.050000000000000044,average,ANImf,396
SRR24759606_binette_bin8.fasta,396_1,0.050000000000000044,average,ANImf,396
SRR24759607_binette_bin16.fasta,396_1,0.050000000000000044,average,ANImf,396
SRR24759608_binette_bin5.fasta,396_1,0.050000000000000044,average,ANImf,396
SRR24759609_binette_bin1.fasta,396_1,0.050000000000000044,average,ANImf,396
SRR24759610_binette_bin7.fasta,396_1,0.050000000000000044,average,ANImf,396
SRR24759611_binette_bin4.fasta,396_1,0.050000000000000044,average,ANImf,396
SRR24759612_binette_bin3.fasta,396_1,0.050000000000000044,average,ANImf,396
SRR24759613_binette_bin4.fasta,396_1,0.050000000000000044,average,ANImf,396
SRR24759614_binette_bin4.fasta,396_1,0.050000000000000044,average,ANImf,396
SRR24759615_binette_bin6.fasta,396_1,0.050000000000000044,average,ANImf,396
SRR24759616_binette_bin3.fasta,396_1,0.050000000000000044,average,ANImf,396
SRR24759607_binette_bin24.fasta,397_0,0.050000000000000044,average,ANImf,397
SRR24759600_binette_bin106.fasta,398_1,0.050000000000000044,average,ANImf,398
SRR24759608_binette_bin55.fasta,398_2,0.050000000000000044,average,ANImf,398
SRR24759598_binette_bin98.fasta,398_3,0.050000000000000044,average,ANImf,398
SRR24759615_binette_bin87.fasta,398_4,0.050000000000000044,average,ANImf,398
SRR24759599_binette_bin68.fasta,398_5,0.050000000000000044,average,ANImf,398
SRR24759610_binette_bin93.fasta,399_0,0.050000000000000044,average,ANImf,399
SRR24759597_binette_bin74.fasta,400_0,0.050000000000000044,average,ANImf,400
SRR24759597_binette_bin77.fasta,401_0,0.050000000000000044,average,ANImf,401
SRR24759600_binette_bin67.fasta,402_0,0.050000000000000044,average,ANImf,402
SRR24759612_binette_bin42.fasta,403_0,0.050000000000000044,average,ANImf,403
SRR24759609_binette_bin42.fasta,404_0,0.050000000000000044,average,ANImf,404
SRR24759609_binette_bin41.fasta,405_0,0.050000000000000044,average,ANImf,405
SRR24759610_binette_bin97.fasta,406_0,0.050000000000000044,average,ANImf,406
SRR24759601_binette_bin25.fasta,407_0,0.050000000000000044,average,ANImf,407
SRR24759602_binette_bin34.fasta,408_0,0.050000000000000044,average,ANImf,408
SRR24759597_binette_bin22.fasta,409_1,0.050000000000000044,average,ANImf,409
SRR24759598_binette_bin14.fasta,409_1,0.050000000000000044,average,ANImf,409
SRR24759599_binette_bin15.fasta,409_1,0.050000000000000044,average,ANImf,409
SRR24759600_binette_bin17.fasta,409_1,0.050000000000000044,average,ANImf,409
SRR24759603_binette_bin24.fasta,409_1,0.050000000000000044,average,ANImf,409
SRR24759604_binette_bin25.fasta,409_1,0.050000000000000044,average,ANImf,409
SRR24759606_binette_bin15.fasta,409_1,0.050000000000000044,average,ANImf,409
SRR24759608_binette_bin14.fasta,409_1,0.050000000000000044,average,ANImf,409
SRR24759610_binette_bin19.fasta,409_1,0.050000000000000044,average,ANImf,409
SRR24759611_binette_bin14.fasta,409_1,0.050000000000000044,average,ANImf,409
SRR24759613_binette_bin14.fasta,409_1,0.050000000000000044,average,ANImf,409
SRR24759615_binette_bin15.fasta,409_1,0.050000000000000044,average,ANImf,409
SRR24759604_binette_bin26.fasta,409_2,0.050000000000000044,average,ANImf,409
SRR24759601_binette_bin24.fasta,410_0,0.050000000000000044,average,ANImf,410
SRR24759614_binette_bin41.fasta,411_0,0.050000000000000044,average,ANImf,411
SRR24759605_binette_bin32.fasta,412_0,0.050000000000000044,average,ANImf,412
SRR24759599_binette_bin25.fasta,413_1,0.050000000000000044,average,ANImf,413
SRR24759602_binette_bin26.fasta,413_1,0.050000000000000044,average,ANImf,413
SRR24759603_binette_bin17.fasta,413_1,0.050000000000000044,average,ANImf,413
SRR24759615_binette_bin23.fasta,413_1,0.050000000000000044,average,ANImf,413
SRR24759616_binette_bin17.fasta,413_1,0.050000000000000044,average,ANImf,413
SRR24759599_binette_bin39.fasta,414_0,0.050000000000000044,average,ANImf,414
SRR24759604_binette_bin46.fasta,415_0,0.050000000000000044,average,ANImf,415
SRR24759597_binette_bin33.fasta,416_0,0.050000000000000044,average,ANImf,416
SRR24759609_binette_bin36.fasta,417_0,0.050000000000000044,average,ANImf,417
SRR24759600_binette_bin105.fasta,418_0,0.050000000000000044,average,ANImf,418
SRR24759615_binette_bin83.fasta,419_0,0.050000000000000044,average,ANImf,419
SRR24759614_binette_bin59.fasta,420_0,0.050000000000000044,average,ANImf,420
SRR24759601_binette_bin23.fasta,421_0,0.050000000000000044,average,ANImf,421
SRR24759609_binette_bin51.fasta,422_0,0.050000000000000044,average,ANImf,422
SRR24759599_binette_bin46.fasta,423_0,0.050000000000000044,average,ANImf,423
SRR24759600_binette_bin66.fasta,424_0,0.050000000000000044,average,ANImf,424
SRR24759604_binette_bin58.fasta,425_0,0.050000000000000044,average,ANImf,425
SRR24759604_binette_bin37.fasta,426_0,0.050000000000000044,average,ANImf,426
SRR24759606_binette_bin89.fasta,427_0,0.050000000000000044,average,ANImf,427
SRR24759602_binette_bin72.fasta,428_0,0.050000000000000044,average,ANImf,428
SRR24759599_binette_bin60.fasta,429_0,0.050000000000000044,average,ANImf,429
SRR24759604_binette_bin44.fasta,430_0,0.050000000000000044,average,ANImf,430
SRR24759608_binette_bin66.fasta,431_0,0.050000000000000044,average,ANImf,431
SRR24759609_binette_bin64.fasta,432_0,0.050000000000000044,average,ANImf,432
SRR24759612_binette_bin34.fasta,433_1,0.050000000000000044,average,ANImf,433
SRR24759614_binette_bin45.fasta,433_1,0.050000000000000044,average,ANImf,433
SRR24759607_binette_bin20.fasta,434_0,0.050000000000000044,average,ANImf,434
SRR24759611_binette_bin47.fasta,435_0,0.050000000000000044,average,ANImf,435
SRR24759596_binette_bin27.fasta,436_1,0.050000000000000044,average,ANImf,436
SRR24759597_binette_bin56.fasta,436_1,0.050000000000000044,average,ANImf,436
SRR24759606_binette_bin36.fasta,437_0,0.050000000000000044,average,ANImf,437
SRR24759615_binette_bin51.fasta,438_0,0.050000000000000044,average,ANImf,438
SRR24759609_binette_bin54.fasta,439_0,0.050000000000000044,average,ANImf,439
SRR24759614_binette_bin48.fasta,440_0,0.050000000000000044,average,ANImf,440
SRR24759600_binette_bin68.fasta,441_0,0.050000000000000044,average,ANImf,441
SRR24759599_binette_bin55.fasta,442_0,0.050000000000000044,average,ANImf,442
SRR24759611_binette_bin39.fasta,443_0,0.050000000000000044,average,ANImf,443
SRR24759598_binette_bin23.fasta,444_1,0.050000000000000044,average,ANImf,444
SRR24759599_binette_bin27.fasta,444_1,0.050000000000000044,average,ANImf,444
SRR24759614_binette_bin30.fasta,444_1,0.050000000000000044,average,ANImf,444
SRR24759608_binette_bin41.fasta,445_0,0.050000000000000044,average,ANImf,445
SRR24759610_binette_bin39.fasta,446_0,0.050000000000000044,average,ANImf,446
SRR24759606_binette_bin35.fasta,447_0,0.050000000000000044,average,ANImf,447
SRR24759615_binette_bin45.fasta,448_0,0.050000000000000044,average,ANImf,448
SRR24759598_binette_bin45.fasta,449_0,0.050000000000000044,average,ANImf,449
SRR24759610_binette_bin26.fasta,450_1,0.050000000000000044,average,ANImf,450
SRR24759613_binette_bin31.fasta,450_1,0.050000000000000044,average,ANImf,450
SRR24759597_binette_bin20.fasta,450_2,0.050000000000000044,average,ANImf,450
SRR24759601_binette_bin7.fasta,450_2,0.050000000000000044,average,ANImf,450
SRR24759603_binette_bin31.fasta,450_2,0.050000000000000044,average,ANImf,450
SRR24759615_binette_bin21.fasta,450_2,0.050000000000000044,average,ANImf,450
SRR24759596_binette_bin10.fasta,450_3,0.050000000000000044,average,ANImf,450
SRR24759598_binette_bin34.fasta,450_3,0.050000000000000044,average,ANImf,450
SRR24759598_binette_bin37.fasta,450_3,0.050000000000000044,average,ANImf,450
SRR24759599_binette_bin32.fasta,450_3,0.050000000000000044,average,ANImf,450
SRR24759603_binette_bin21.fasta,450_3,0.050000000000000044,average,ANImf,450
SRR24759603_binette_bin32.fasta,450_3,0.050000000000000044,average,ANImf,450
SRR24759607_binette_bin12.fasta,450_3,0.050000000000000044,average,ANImf,450
SRR24759608_binette_bin13.fasta,450_3,0.050000000000000044,average,ANImf,450
SRR24759610_binette_bin16.fasta,450_3,0.050000000000000044,average,ANImf,450
SRR24759611_binette_bin8.fasta,450_3,0.050000000000000044,average,ANImf,450
SRR24759608_binette_bin37.fasta,451_0,0.050000000000000044,average,ANImf,451
SRR24759609_binette_bin23.fasta,452_0,0.050000000000000044,average,ANImf,452
SRR24759614_binette_bin28.fasta,453_0,0.050000000000000044,average,ANImf,453
SRR24759596_binette_bin16.fasta,454_0,0.050000000000000044,average,ANImf,454
SRR24759600_binette_bin49.fasta,455_0,0.050000000000000044,average,ANImf,455
SRR24759610_binette_bin43.fasta,456_0,0.050000000000000044,average,ANImf,456
SRR24759614_binette_bin56.fasta,457_0,0.050000000000000044,average,ANImf,457
SRR24759599_binette_bin45.fasta,458_0,0.050000000000000044,average,ANImf,458
SRR24759606_binette_bin42.fasta,459_0,0.050000000000000044,average,ANImf,459
SRR24759607_binette_bin26.fasta,460_0,0.050000000000000044,average,ANImf,460
SRR24759606_binette_bin31.fasta,461_0,0.050000000000000044,average,ANImf,461
SRR24759614_binette_bin34.fasta,462_0,0.050000000000000044,average,ANImf,462
SRR24759600_binette_bin42.fasta,463_0,0.050000000000000044,average,ANImf,463
SRR24759612_binette_bin38.fasta,464_0,0.050000000000000044,average,ANImf,464
SRR24759614_binette_bin38.fasta,465_0,0.050000000000000044,average,ANImf,465
SRR24759601_binette_bin40.fasta,466_0,0.050000000000000044,average,ANImf,466
SRR24759597_binette_bin52.fasta,467_0,0.050000000000000044,average,ANImf,467
SRR24759608_binette_bin87.fasta,468_0,0.050000000000000044,average,ANImf,468
SRR24759615_binette_bin62.fasta,469_0,0.050000000000000044,average,ANImf,469
SRR24759606_binette_bin37.fasta,470_0,0.050000000000000044,average,ANImf,470
SRR24759610_binette_bin104.fasta,471_0,0.050000000000000044,average,ANImf,471
SRR24759604_binette_bin53.fasta,472_0,0.050000000000000044,average,ANImf,472
SRR24759599_binette_bin59.fasta,473_0,0.050000000000000044,average,ANImf,473
SRR24759610_binette_bin69.fasta,474_0,0.050000000000000044,average,ANImf,474
SRR24759609_binette_bin39.fasta,475_0,0.050000000000000044,average,ANImf,475
SRR24759609_binette_bin82.fasta,476_0,0.050000000000000044,average,ANImf,476
SRR24759611_binette_bin45.fasta,477_0,0.050000000000000044,average,ANImf,477
SRR24759600_binette_bin63.fasta,478_0,0.050000000000000044,average,ANImf,478
SRR24759601_binette_bin37.fasta,479_0,0.050000000000000044,average,ANImf,479
SRR24759601_binette_bin27.fasta,480_0,0.050000000000000044,average,ANImf,480
SRR24759615_binette_bin60.fasta,481_0,0.050000000000000044,average,ANImf,481
SRR24759602_binette_bin41.fasta,482_0,0.050000000000000044,average,ANImf,482
SRR24759606_binette_bin26.fasta,483_0,0.050000000000000044,average,ANImf,483
SRR24759600_binette_bin54.fasta,484_0,0.050000000000000044,average,ANImf,484
SRR24759608_binette_bin58.fasta,485_0,0.050000000000000044,average,ANImf,485
SRR24759609_binette_bin57.fasta,486_0,0.050000000000000044,average,ANImf,486
SRR24759597_binette_bin34.fasta,487_0,0.050000000000000044,average,ANImf,487
SRR24759608_binette_bin46.fasta,488_0,0.050000000000000044,average,ANImf,488
SRR24759610_binette_bin34.fasta,489_1,0.050000000000000044,average,ANImf,489
SRR24759616_binette_bin25.fasta,489_1,0.050000000000000044,average,ANImf,489
SRR24759598_binette_bin20.fasta,490_1,0.050000000000000044,average,ANImf,490
SRR24759600_binette_bin31.fasta,490_1,0.050000000000000044,average,ANImf,490
SRR24759605_binette_bin16.fasta,490_1,0.050000000000000044,average,ANImf,490
SRR24759607_binette_bin3.fasta,490_1,0.050000000000000044,average,ANImf,490
SRR24759608_binette_bin57.fasta,490_1,0.050000000000000044,average,ANImf,490
SRR24759610_binette_bin14.fasta,490_1,0.050000000000000044,average,ANImf,490
SRR24759613_binette_bin12.fasta,490_1,0.050000000000000044,average,ANImf,490
SRR24759614_binette_bin20.fasta,490_1,0.050000000000000044,average,ANImf,490
SRR24759615_binette_bin30.fasta,490_1,0.050000000000000044,average,ANImf,490
SRR24759609_binette_bin22.fasta,491_1,0.050000000000000044,average,ANImf,491
SRR24759612_binette_bin19.fasta,491_1,0.050000000000000044,average,ANImf,491
SRR24759596_binette_bin5.fasta,492_1,0.050000000000000044,average,ANImf,492
SRR24759597_binette_bin15.fasta,492_1,0.050000000000000044,average,ANImf,492
SRR24759598_binette_bin29.fasta,492_1,0.050000000000000044,average,ANImf,492
SRR24759599_binette_bin19.fasta,492_1,0.050000000000000044,average,ANImf,492
SRR24759600_binette_bin37.fasta,492_1,0.050000000000000044,average,ANImf,492
SRR24759602_binette_bin16.fasta,492_1,0.050000000000000044,average,ANImf,492
SRR24759603_binette_bin25.fasta,492_1,0.050000000000000044,average,ANImf,492
SRR24759604_binette_bin17.fasta,492_1,0.050000000000000044,average,ANImf,492
SRR24759605_binette_bin24.fasta,492_1,0.050000000000000044,average,ANImf,492
SRR24759606_binette_bin23.fasta,492_1,0.050000000000000044,average,ANImf,492
SRR24759610_binette_bin32.fasta,492_1,0.050000000000000044,average,ANImf,492
SRR24759611_binette_bin5.fasta,492_1,0.050000000000000044,average,ANImf,492
SRR24759612_binette_bin15.fasta,492_1,0.050000000000000044,average,ANImf,492
SRR24759613_binette_bin29.fasta,492_1,0.050000000000000044,average,ANImf,492
SRR24759614_binette_bin18.fasta,492_1,0.050000000000000044,average,ANImf,492
SRR24759616_binette_bin19.fasta,492_1,0.050000000000000044,average,ANImf,492
SRR24759598_binette_bin27.fasta,492_2,0.050000000000000044,average,ANImf,492
SRR24759600_binette_bin28.fasta,492_2,0.050000000000000044,average,ANImf,492
SRR24759606_binette_bin17.fasta,492_2,0.050000000000000044,average,ANImf,492
SRR24759608_binette_bin25.fasta,492_2,0.050000000000000044,average,ANImf,492
SRR24759613_binette_bin20.fasta,492_2,0.050000000000000044,average,ANImf,492
SRR24759615_binette_bin33.fasta,492_2,0.050000000000000044,average,ANImf,492
SRR24759605_binette_bin23.fasta,493_0,0.050000000000000044,average,ANImf,493
SRR24759605_binette_bin21.fasta,494_1,0.050000000000000044,average,ANImf,494
SRR24759608_binette_bin92.fasta,494_1,0.050000000000000044,average,ANImf,494
SRR24759615_binette_bin37.fasta,494_1,0.050000000000000044,average,ANImf,494
SRR24759602_binette_bin47.fasta,495_1,0.050000000000000044,average,ANImf,495
SRR24759614_binette_bin35.fasta,495_1,0.050000000000000044,average,ANImf,495
SRR24759596_binette_bin20.fasta,496_0,0.050000000000000044,average,ANImf,496
SRR24759601_binette_bin33.fasta,497_0,0.050000000000000044,average,ANImf,497
SRR24759598_binette_bin41.fasta,498_1,0.050000000000000044,average,ANImf,498
SRR24759604_binette_bin94.fasta,498_1,0.050000000000000044,average,ANImf,498
SRR24759613_binette_bin34.fasta,499_0,0.050000000000000044,average,ANImf,499
SRR24759605_binette_bin36.fasta,500_0,0.050000000000000044,average,ANImf,500
SRR24759601_binette_bin43.fasta,501_0,0.050000000000000044,average,ANImf,501
SRR24759610_binette_bin62.fasta,502_0,0.050000000000000044,average,ANImf,502
SRR24759597_binette_bin61.fasta,503_0,0.050000000000000044,average,ANImf,503
SRR24759599_binette_bin66.fasta,504_0,0.050000000000000044,average,ANImf,504
SRR24759604_binette_bin27.fasta,505_0,0.050000000000000044,average,ANImf,505
SRR24759616_binette_bin78.fasta,506_0,0.050000000000000044,average,ANImf,506
SRR24759598_binette_bin70.fasta,507_0,0.050000000000000044,average,ANImf,507
SRR24759599_binette_bin77.fasta,508_0,0.050000000000000044,average,ANImf,508
SRR24759603_binette_bin55.fasta,509_0,0.050000000000000044,average,ANImf,509
SRR24759604_binette_bin36.fasta,510_0,0.050000000000000044,average,ANImf,510
SRR24759600_binette_bin108.fasta,511_0,0.050000000000000044,average,ANImf,511
SRR24759615_binette_bin48.fasta,512_0,0.050000000000000044,average,ANImf,512
SRR24759608_binette_bin69.fasta,513_1,0.050000000000000044,average,ANImf,513
SRR24759611_binette_bin43.fasta,513_1,0.050000000000000044,average,ANImf,513
SRR24759604_binette_bin34.fasta,514_0,0.050000000000000044,average,ANImf,514
SRR24759603_binette_bin42.fasta,515_0,0.050000000000000044,average,ANImf,515
SRR24759605_binette_bin30.fasta,516_1,0.050000000000000044,average,ANImf,516
SRR24759610_binette_bin45.fasta,516_1,0.050000000000000044,average,ANImf,516
SRR24759615_binette_bin86.fasta,517_0,0.050000000000000044,average,ANImf,517
SRR24759598_binette_bin42.fasta,518_0,0.050000000000000044,average,ANImf,518
SRR24759600_binette_bin104.fasta,519_0,0.050000000000000044,average,ANImf,519
SRR24759600_binette_bin51.fasta,520_0,0.050000000000000044,average,ANImf,520
SRR24759610_binette_bin37.fasta,521_0,0.050000000000000044,average,ANImf,521
SRR24759599_binette_bin47.fasta,522_0,0.050000000000000044,average,ANImf,522
SRR24759616_binette_bin72.fasta,523_0,0.050000000000000044,average,ANImf,523
SRR24759609_binette_bin79.fasta,524_0,0.050000000000000044,average,ANImf,524
SRR24759611_binette_bin28.fasta,525_0,0.050000000000000044,average,ANImf,525
SRR24759602_binette_bin30.fasta,526_0,0.050000000000000044,average,ANImf,526
SRR24759612_binette_bin25.fasta,527_0,0.050000000000000044,average,ANImf,527
SRR24759599_binette_bin58.fasta,528_1,0.050000000000000044,average,ANImf,528
SRR24759603_binette_bin34.fasta,528_1,0.050000000000000044,average,ANImf,528
SRR24759604_binette_bin33.fasta,528_1,0.050000000000000044,average,ANImf,528
SRR24759609_binette_bin45.fasta,528_1,0.050000000000000044,average,ANImf,528
SRR24759597_binette_bin38.fasta,529_1,0.050000000000000044,average,ANImf,529
SRR24759599_binette_bin53.fasta,529_1,0.050000000000000044,average,ANImf,529
SRR24759600_binette_bin57.fasta,529_1,0.050000000000000044,average,ANImf,529
SRR24759614_binette_bin33.fasta,529_1,0.050000000000000044,average,ANImf,529
SRR24759615_binette_bin36.fasta,529_1,0.050000000000000044,average,ANImf,529
SRR24759606_binette_bin40.fasta,530_0,0.050000000000000044,average,ANImf,530
SRR24759596_binette_bin22.fasta,531_0,0.050000000000000044,average,ANImf,531
SRR24759597_binette_bin47.fasta,532_0,0.050000000000000044,average,ANImf,532
SRR24759604_binette_bin91.fasta,533_0,0.050000000000000044,average,ANImf,533
SRR24759605_binette_bin39.fasta,534_1,0.050000000000000044,average,ANImf,534
SRR24759616_binette_bin26.fasta,534_1,0.050000000000000044,average,ANImf,534
SRR24759608_binette_bin59.fasta,535_1,0.050000000000000044,average,ANImf,535
SRR24759610_binette_bin47.fasta,535_1,0.050000000000000044,average,ANImf,535
SRR24759614_binette_bin50.fasta,536_0,0.050000000000000044,average,ANImf,536
SRR24759598_binette_bin103.fasta,537_0,0.050000000000000044,average,ANImf,537
SRR24759602_binette_bin36.fasta,538_0,0.050000000000000044,average,ANImf,538
SRR24759596_binette_bin58.fasta,539_1,0.050000000000000044,average,ANImf,539
SRR24759604_binette_bin101.fasta,539_2,0.050000000000000044,average,ANImf,539
SRR24759605_binette_bin90.fasta,539_3,0.050000000000000044,average,ANImf,539
SRR24759609_binette_bin91.fasta,540_0,0.050000000000000044,average,ANImf,540
SRR24759596_binette_bin54.fasta,541_1,0.050000000000000044,average,ANImf,541
SRR24759599_binette_bin89.fasta,541_1,0.050000000000000044,average,ANImf,541
SRR24759598_binette_bin99.fasta,541_2,0.050000000000000044,average,ANImf,541
SRR24759602_binette_bin49.fasta,541_2,0.050000000000000044,average,ANImf,541
SRR24759609_binette_bin31.fasta,541_2,0.050000000000000044,average,ANImf,541
SRR24759610_binette_bin76.fasta,541_2,0.050000000000000044,average,ANImf,541
SRR24759614_binette_bin65.fasta,541_2,0.050000000000000044,average,ANImf,541
SRR24759616_binette_bin71.fasta,541_2,0.050000000000000044,average,ANImf,541
SRR24759603_binette_bin92.fasta,542_1,0.050000000000000044,average,ANImf,542
SRR24759609_binette_bin90.fasta,542_1,0.050000000000000044,average,ANImf,542
SRR24759610_binette_bin30.fasta,543_1,0.050000000000000044,average,ANImf,543
SRR24759614_binette_bin6.fasta,543_1,0.050000000000000044,average,ANImf,543
SRR24759616_binette_bin12.fasta,544_0,0.050000000000000044,average,ANImf,544
SRR24759600_binette_bin101.fasta,545_0,0.050000000000000044,average,ANImf,545
SRR24759605_binette_bin81.fasta,546_0,0.050000000000000044,average,ANImf,546
SRR24759597_binette_bin3.fasta,547_1,0.050000000000000044,average,ANImf,547
SRR24759598_binette_bin8.fasta,547_1,0.050000000000000044,average,ANImf,547
SRR24759600_binette_bin8.fasta,547_1,0.050000000000000044,average,ANImf,547
SRR24759603_binette_bin9.fasta,547_1,0.050000000000000044,average,ANImf,547
SRR24759604_binette_bin14.fasta,547_1,0.050000000000000044,average,ANImf,547
SRR24759605_binette_bin5.fasta,547_1,0.050000000000000044,average,ANImf,547
SRR24759606_binette_bin7.fasta,547_1,0.050000000000000044,average,ANImf,547
SRR24759610_binette_bin3.fasta,547_1,0.050000000000000044,average,ANImf,547
SRR24759611_binette_bin3.fasta,547_1,0.050000000000000044,average,ANImf,547
SRR24759613_binette_bin1.fasta,547_1,0.050000000000000044,average,ANImf,547
SRR24759614_binette_bin3.fasta,547_1,0.050000000000000044,average,ANImf,547
SRR24759615_binette_bin16.fasta,547_1,0.050000000000000044,average,ANImf,547
SRR24759612_binette_bin31.fasta,548_0,0.050000000000000044,average,ANImf,548
SRR24759597_binette_bin14.fasta,549_1,0.050000000000000044,average,ANImf,549
SRR24759599_binette_bin23.fasta,549_1,0.050000000000000044,average,ANImf,549
SRR24759600_binette_bin14.fasta,549_1,0.050000000000000044,average,ANImf,549
SRR24759604_binette_bin18.fasta,549_1,0.050000000000000044,average,ANImf,549
SRR24759616_binette_bin15.fasta,549_1,0.050000000000000044,average,ANImf,549
SRR24759616_binette_bin24.fasta,550_0,0.050000000000000044,average,ANImf,550
SRR24759597_binette_bin45.fasta,551_1,0.050000000000000044,average,ANImf,551
SRR24759600_binette_bin100.fasta,551_1,0.050000000000000044,average,ANImf,551
SRR24759598_binette_bin101.fasta,552_0,0.050000000000000044,average,ANImf,552
SRR24759605_binette_bin88.fasta,553_0,0.050000000000000044,average,ANImf,553
SRR24759616_binette_bin34.fasta,554_0,0.050000000000000044,average,ANImf,554
SRR24759610_binette_bin33.fasta,555_0,0.050000000000000044,average,ANImf,555
SRR24759605_binette_bin82.fasta,556_1,0.050000000000000044,average,ANImf,556
SRR24759612_binette_bin24.fasta,556_1,0.050000000000000044,average,ANImf,556
SRR24759599_binette_bin54.fasta,556_2,0.050000000000000044,average,ANImf,556
SRR24759598_binette_bin49.fasta,556_3,0.050000000000000044,average,ANImf,556
SRR24759613_binette_bin33.fasta,556_4,0.050000000000000044,average,ANImf,556
SRR24759607_binette_bin27.fasta,557_1,0.050000000000000044,average,ANImf,557
SRR24759616_binette_bin84.fasta,557_1,0.050000000000000044,average,ANImf,557
SRR24759599_binette_bin49.fasta,558_0,0.050000000000000044,average,ANImf,558
SRR24759606_binette_bin87.fasta,559_0,0.050000000000000044,average,ANImf,559
SRR24759598_binette_bin61.fasta,560_1,0.050000000000000044,average,ANImf,560
SRR24759599_binette_bin86.fasta,560_1,0.050000000000000044,average,ANImf,560
SRR24759610_binette_bin101.fasta,560_1,0.050000000000000044,average,ANImf,560
SRR24759614_binette_bin97.fasta,560_1,0.050000000000000044,average,ANImf,560
SRR24759616_binette_bin81.fasta,560_1,0.050000000000000044,average,ANImf,560
SRR24759602_binette_bin76.fasta,561_0,0.050000000000000044,average,ANImf,561
SRR24759606_binette_bin78.fasta,562_0,0.050000000000000044,average,ANImf,562
SRR24759610_binette_bin56.fasta,563_0,0.050000000000000044,average,ANImf,563
SRR24759608_binette_bin40.fasta,564_0,0.050000000000000044,average,ANImf,564
SRR24759613_binette_bin36.fasta,565_0,0.050000000000000044,average,ANImf,565
SRR24759600_binette_bin69.fasta,566_0,0.050000000000000044,average,ANImf,566
SRR24759603_binette_bin44.fasta,567_0,0.050000000000000044,average,ANImf,567
SRR24759614_binette_bin93.fasta,568_0,0.050000000000000044,average,ANImf,568
SRR24759612_binette_bin62.fasta,569_0,0.050000000000000044,average,ANImf,569
SRR24759596_binette_bin21.fasta,570_1,0.050000000000000044,average,ANImf,570
SRR24759597_binette_bin40.fasta,570_1,0.050000000000000044,average,ANImf,570
SRR24759598_binette_bin68.fasta,570_1,0.050000000000000044,average,ANImf,570
SRR24759602_binette_bin33.fasta,570_1,0.050000000000000044,average,ANImf,570
SRR24759603_binette_bin40.fasta,570_1,0.050000000000000044,average,ANImf,570
SRR24759609_binette_bin47.fasta,570_1,0.050000000000000044,average,ANImf,570
SRR24759616_binette_bin29.fasta,570_1,0.050000000000000044,average,ANImf,570
SRR24759599_binette_bin33.fasta,571_1,0.050000000000000044,average,ANImf,571
SRR24759600_binette_bin34.fasta,571_1,0.050000000000000044,average,ANImf,571
SRR24759605_binette_bin25.fasta,571_1,0.050000000000000044,average,ANImf,571
SRR24759606_binette_bin24.fasta,571_1,0.050000000000000044,average,ANImf,571
SRR24759608_binette_bin60.fasta,571_1,0.050000000000000044,average,ANImf,571
SRR24759609_binette_bin53.fasta,571_1,0.050000000000000044,average,ANImf,571
SRR24759612_binette_bin21.fasta,571_1,0.050000000000000044,average,ANImf,571
SRR24759614_binette_bin37.fasta,571_1,0.050000000000000044,average,ANImf,571
SRR24759613_binette_bin54.fasta,572_0,0.050000000000000044,average,ANImf,572
SRR24759610_binette_bin25.fasta,573_0,0.050000000000000044,average,ANImf,573
SRR24759615_binette_bin64.fasta,574_0,0.050000000000000044,average,ANImf,574
SRR24759609_binette_bin80.fasta,575_0,0.050000000000000044,average,ANImf,575
SRR24759606_binette_bin50.fasta,576_0,0.050000000000000044,average,ANImf,576
SRR24759610_binette_bin98.fasta,577_0,0.050000000000000044,average,ANImf,577
SRR24759597_binette_bin37.fasta,578_0,0.050000000000000044,average,ANImf,578
SRR24759611_binette_bin41.fasta,579_0,0.050000000000000044,average,ANImf,579
SRR24759614_binette_bin92.fasta,580_0,0.050000000000000044,average,ANImf,580
SRR24759611_binette_bin78.fasta,581_0,0.050000000000000044,average,ANImf,581
SRR24759612_binette_bin66.fasta,582_0,0.050000000000000044,average,ANImf,582
SRR24759609_binette_bin52.fasta,583_0,0.050000000000000044,average,ANImf,583
SRR24759612_binette_bin33.fasta,584_0,0.050000000000000044,average,ANImf,584
SRR24759606_binette_bin49.fasta,585_0,0.050000000000000044,average,ANImf,585
SRR24759614_binette_bin103.fasta,586_0,0.050000000000000044,average,ANImf,586
SRR24759602_binette_bin48.fasta,587_0,0.050000000000000044,average,ANImf,587
SRR24759597_binette_bin46.fasta,588_0,0.050000000000000044,average,ANImf,588
SRR24759605_binette_bin38.fasta,589_0,0.050000000000000044,average,ANImf,589
SRR24759599_binette_bin29.fasta,590_1,0.050000000000000044,average,ANImf,590
SRR24759601_binette_bin20.fasta,590_1,0.050000000000000044,average,ANImf,590
SRR24759607_binette_bin14.fasta,590_1,0.050000000000000044,average,ANImf,590
SRR24759612_binette_bin22.fasta,590_1,0.050000000000000044,average,ANImf,590
SRR24759602_binette_bin18.fasta,590_2,0.050000000000000044,average,ANImf,590
SRR24759604_binette_bin21.fasta,590_3,0.050000000000000044,average,ANImf,590
SRR24759610_binette_bin23.fasta,590_4,0.050000000000000044,average,ANImf,590
SRR24759608_binette_bin84.fasta,591_0,0.050000000000000044,average,ANImf,591
SRR24759602_binette_bin27.fasta,592_1,0.050000000000000044,average,ANImf,592
SRR24759609_binette_bin24.fasta,592_2,0.050000000000000044,average,ANImf,592
SRR24759606_binette_bin30.fasta,593_1,0.050000000000000044,average,ANImf,593
SRR24759614_binette_bin43.fasta,593_2,0.050000000000000044,average,ANImf,593
SRR24759598_binette_bin39.fasta,594_1,0.050000000000000044,average,ANImf,594
SRR24759609_binette_bin21.fasta,594_2,0.050000000000000044,average,ANImf,594
SRR24759608_binette_bin27.fasta,595_1,0.050000000000000044,average,ANImf,595
SRR24759609_binette_bin94.fasta,595_1,0.050000000000000044,average,ANImf,595
SRR24759611_binette_bin22.fasta,595_1,0.050000000000000044,average,ANImf,595
SRR24759613_binette_bin43.fasta,595_2,0.050000000000000044,average,ANImf,595
SRR24759614_binette_bin22.fasta,596_0,0.050000000000000044,average,ANImf,596
SRR24759606_binette_bin38.fasta,597_0,0.050000000000000044,average,ANImf,597
SRR24759610_binette_bin38.fasta,598_0,0.050000000000000044,average,ANImf,598
SRR24759599_binette_bin64.fasta,599_0,0.050000000000000044,average,ANImf,599
SRR24759600_binette_bin59.fasta,600_0,0.050000000000000044,average,ANImf,600
SRR24759597_binette_bin57.fasta,601_1,0.050000000000000044,average,ANImf,601
SRR24759602_binette_bin51.fasta,601_2,0.050000000000000044,average,ANImf,601
SRR24759609_binette_bin67.fasta,601_3,0.050000000000000044,average,ANImf,601
SRR24759610_binette_bin73.fasta,601_4,0.050000000000000044,average,ANImf,601
SRR24759596_binette_bin17.fasta,602_0,0.050000000000000044,average,ANImf,602
SRR24759613_binette_bin30.fasta,603_0,0.050000000000000044,average,ANImf,603
SRR24759602_binette_bin23.fasta,604_0,0.050000000000000044,average,ANImf,604
SRR24759612_binette_bin60.fasta,605_0,0.050000000000000044,average,ANImf,605
SRR24759602_binette_bin38.fasta,606_0,0.050000000000000044,average,ANImf,606
SRR24759615_binette_bin46.fasta,607_0,0.050000000000000044,average,ANImf,607
SRR24759600_binette_bin32.fasta,608_1,0.050000000000000044,average,ANImf,608
SRR24759607_binette_bin21.fasta,608_1,0.050000000000000044,average,ANImf,608
SRR24759610_binette_bin31.fasta,608_1,0.050000000000000044,average,ANImf,608
SRR24759614_binette_bin31.fasta,608_1,0.050000000000000044,average,ANImf,608
SRR24759616_binette_bin21.fasta,608_1,0.050000000000000044,average,ANImf,608
SRR24759596_binette_bin2.fasta,609_1,0.050000000000000044,average,ANImf,609
SRR24759597_binette_bin13.fasta,609_1,0.050000000000000044,average,ANImf,609
SRR24759598_binette_bin28.fasta,609_1,0.050000000000000044,average,ANImf,609
SRR24759598_binette_bin33.fasta,609_1,0.050000000000000044,average,ANImf,609
SRR24759599_binette_bin10.fasta,609_1,0.050000000000000044,average,ANImf,609
SRR24759599_binette_bin42.fasta,609_1,0.050000000000000044,average,ANImf,609
SRR24759600_binette_bin16.fasta,609_1,0.050000000000000044,average,ANImf,609
SRR24759600_binette_bin43.fasta,609_1,0.050000000000000044,average,ANImf,609
SRR24759601_binette_bin3.fasta,609_1,0.050000000000000044,average,ANImf,609
SRR24759602_binette_bin7.fasta,609_1,0.050000000000000044,average,ANImf,609
SRR24759603_binette_bin33.fasta,609_1,0.050000000000000044,average,ANImf,609
SRR24759604_binette_bin3.fasta,609_1,0.050000000000000044,average,ANImf,609
SRR24759605_binette_bin18.fasta,609_1,0.050000000000000044,average,ANImf,609
SRR24759606_binette_bin14.fasta,609_1,0.050000000000000044,average,ANImf,609
SRR24759606_binette_bin19.fasta,609_1,0.050000000000000044,average,ANImf,609
SRR24759607_binette_bin6.fasta,609_1,0.050000000000000044,average,ANImf,609
SRR24759608_binette_bin18.fasta,609_1,0.050000000000000044,average,ANImf,609
SRR24759608_binette_bin28.fasta,609_1,0.050000000000000044,average,ANImf,609
SRR24759609_binette_bin11.fasta,609_1,0.050000000000000044,average,ANImf,609
SRR24759609_binette_bin28.fasta,609_1,0.050000000000000044,average,ANImf,609
SRR24759610_binette_bin11.fasta,609_1,0.050000000000000044,average,ANImf,609
SRR24759610_binette_bin40.fasta,609_1,0.050000000000000044,average,ANImf,609
SRR24759611_binette_bin19.fasta,609_1,0.050000000000000044,average,ANImf,609
SRR24759611_binette_bin9.fasta,609_1,0.050000000000000044,average,ANImf,609
SRR24759612_binette_bin4.fasta,609_1,0.050000000000000044,average,ANImf,609
SRR24759613_binette_bin35.fasta,609_1,0.050000000000000044,average,ANImf,609
SRR24759613_binette_bin8.fasta,609_1,0.050000000000000044,average,ANImf,609
SRR24759614_binette_bin13.fasta,609_1,0.050000000000000044,average,ANImf,609
SRR24759614_binette_bin29.fasta,609_1,0.050000000000000044,average,ANImf,609
SRR24759615_binette_bin10.fasta,609_1,0.050000000000000044,average,ANImf,609
SRR24759616_binette_bin10.fasta,609_1,0.050000000000000044,average,ANImf,609
SRR24759611_binette_bin29.fasta,610_0,0.050000000000000044,average,ANImf,610
SRR24759604_binette_bin51.fasta,611_0,0.050000000000000044,average,ANImf,611
SRR24759597_binette_bin35.fasta,612_0,0.050000000000000044,average,ANImf,612
SRR24759611_binette_bin75.fasta,613_0,0.050000000000000044,average,ANImf,613
SRR24759606_binette_bin64.fasta,614_0,0.050000000000000044,average,ANImf,614
