classification	user_genome	closest_genome_reference	closest_genome_reference_radius	closest_genome_taxonomy	closest_genome_ani	closest_genome_af	closest_placement_reference	closest_placement_radius	closest_placement_taxonomy	closest_placement_ani	closest_placement_af	pplacer_taxonomy	classification_method	note	other_related_references(genome_id,species_name,radius,ANI,AF)	msa_percent	translation_table	red_value	warnings	ncbi_taxonomy	lca_frac	target_tax_level	lineage	ncbi_taxonomy	TaxID
Unclassified Archaea	SRR24759600_binette_bin47.fasta	N/A	N/A	N/A	N/A	N/A	N/A	N/A	N/A	N/A	N/A	N/A	N/A	N/A	N/A	N/A	N/A	N/A	Insufficient number of amino acids in MSA (1.3%)	unclassified	NA	NA	NA	unclassified	12908
Unclassified Archaea	SRR24759601_binette_bin46.fasta	N/A	N/A	N/A	N/A	N/A	N/A	N/A	N/A	N/A	N/A	N/A	N/A	N/A	N/A	N/A	N/A	N/A	Insufficient number of amino acids in MSA (1.6%)	unclassified	NA	NA	NA	unclassified	12908
Unclassified Archaea	SRR24759603_binette_bin45.fasta	N/A	N/A	N/A	N/A	N/A	N/A	N/A	N/A	N/A	N/A	N/A	N/A	N/A	N/A	N/A	N/A	N/A	Insufficient number of amino acids in MSA (4.4%)	unclassified	NA	NA	NA	unclassified	12908
Unclassified Archaea	SRR24759608_binette_bin88.fasta	N/A	N/A	N/A	N/A	N/A	N/A	N/A	N/A	N/A	N/A	N/A	N/A	N/A	N/A	N/A	N/A	N/A	Insufficient number of amino acids in MSA (0.6%)	unclassified	NA	NA	NA	unclassified	12908
Unclassified Archaea	SRR24759610_binette_bin75.fasta	N/A	N/A	N/A	N/A	N/A	N/A	N/A	N/A	N/A	N/A	N/A	N/A	N/A	N/A	N/A	N/A	N/A	Insufficient number of amino acids in MSA (1.8%)	unclassified	NA	NA	NA	unclassified	12908
Unclassified	SRR24759596_binette_bin19.fasta	N/A	N/A	N/A	N/A	N/A	N/A	N/A	N/A	N/A	N/A	N/A	N/A	N/A	N/A	N/A	N/A	N/A	No bacterial or archaeal marker	unclassified	NA	NA	NA	unclassified	12908
Unclassified	SRR24759596_binette_bin33.fasta	N/A	N/A	N/A	N/A	N/A	N/A	N/A	N/A	N/A	N/A	N/A	N/A	N/A	N/A	N/A	N/A	N/A	No bacterial or archaeal marker	unclassified	NA	NA	NA	unclassified	12908
Unclassified	SRR24759596_binette_bin58.fasta	N/A	N/A	N/A	N/A	N/A	N/A	N/A	N/A	N/A	N/A	N/A	N/A	N/A	N/A	N/A	N/A	N/A	No bacterial or archaeal marker	unclassified	NA	NA	NA	unclassified	12908
Unclassified	SRR24759597_binette_bin47.fasta	N/A	N/A	N/A	N/A	N/A	N/A	N/A	N/A	N/A	N/A	N/A	N/A	N/A	N/A	N/A	N/A	N/A	No bacterial or archaeal marker	unclassified	NA	NA	NA	unclassified	12908
Unclassified	SRR24759597_binette_bin62.fasta	N/A	N/A	N/A	N/A	N/A	N/A	N/A	N/A	N/A	N/A	N/A	N/A	N/A	N/A	N/A	N/A	N/A	No bacterial or archaeal marker	unclassified	NA	NA	NA	unclassified	12908
Unclassified	SRR24759598_binette_bin103.fasta	N/A	N/A	N/A	N/A	N/A	N/A	N/A	N/A	N/A	N/A	N/A	N/A	N/A	N/A	N/A	N/A	N/A	No bacterial or archaeal marker	unclassified	NA	NA	NA	unclassified	12908
Unclassified	SRR24759598_binette_bin105.fasta	N/A	N/A	N/A	N/A	N/A	N/A	N/A	N/A	N/A	N/A	N/A	N/A	N/A	N/A	N/A	N/A	N/A	No bacterial or archaeal marker	unclassified	NA	NA	NA	unclassified	12908
Unclassified	SRR24759598_binette_bin109.fasta	N/A	N/A	N/A	N/A	N/A	N/A	N/A	N/A	N/A	N/A	N/A	N/A	N/A	N/A	N/A	N/A	N/A	No bacterial or archaeal marker	unclassified	NA	NA	NA	unclassified	12908
Unclassified	SRR24759598_binette_bin52.fasta	N/A	N/A	N/A	N/A	N/A	N/A	N/A	N/A	N/A	N/A	N/A	N/A	N/A	N/A	N/A	N/A	N/A	No bacterial or archaeal marker	unclassified	NA	NA	NA	unclassified	12908
Unclassified	SRR24759598_binette_bin98.fasta	N/A	N/A	N/A	N/A	N/A	N/A	N/A	N/A	N/A	N/A	N/A	N/A	N/A	N/A	N/A	N/A	N/A	No bacterial or archaeal marker	unclassified	NA	NA	NA	unclassified	12908
Unclassified	SRR24759599_binette_bin44.fasta	N/A	N/A	N/A	N/A	N/A	N/A	N/A	N/A	N/A	N/A	N/A	N/A	N/A	N/A	N/A	N/A	N/A	No bacterial or archaeal marker	unclassified	NA	NA	NA	unclassified	12908
Unclassified	SRR24759599_binette_bin78.fasta	N/A	N/A	N/A	N/A	N/A	N/A	N/A	N/A	N/A	N/A	N/A	N/A	N/A	N/A	N/A	N/A	N/A	No bacterial or archaeal marker	unclassified	NA	NA	NA	unclassified	12908
Unclassified	SRR24759599_binette_bin80.fasta	N/A	N/A	N/A	N/A	N/A	N/A	N/A	N/A	N/A	N/A	N/A	N/A	N/A	N/A	N/A	N/A	N/A	No bacterial or archaeal marker	unclassified	NA	NA	NA	unclassified	12908
Unclassified	SRR24759599_binette_bin89.fasta	N/A	N/A	N/A	N/A	N/A	N/A	N/A	N/A	N/A	N/A	N/A	N/A	N/A	N/A	N/A	N/A	N/A	No bacterial or archaeal marker	unclassified	NA	NA	NA	unclassified	12908
Unclassified	SRR24759600_binette_bin103.fasta	N/A	N/A	N/A	N/A	N/A	N/A	N/A	N/A	N/A	N/A	N/A	N/A	N/A	N/A	N/A	N/A	N/A	No bacterial or archaeal marker	unclassified	NA	NA	NA	unclassified	12908
Unclassified	SRR24759600_binette_bin108.fasta	N/A	N/A	N/A	N/A	N/A	N/A	N/A	N/A	N/A	N/A	N/A	N/A	N/A	N/A	N/A	N/A	N/A	No bacterial or archaeal marker	unclassified	NA	NA	NA	unclassified	12908
Unclassified	SRR24759600_binette_bin111.fasta	N/A	N/A	N/A	N/A	N/A	N/A	N/A	N/A	N/A	N/A	N/A	N/A	N/A	N/A	N/A	N/A	N/A	No bacterial or archaeal marker	unclassified	NA	NA	NA	unclassified	12908
Unclassified	SRR24759600_binette_bin51.fasta	N/A	N/A	N/A	N/A	N/A	N/A	N/A	N/A	N/A	N/A	N/A	N/A	N/A	N/A	N/A	N/A	N/A	No bacterial or archaeal marker	unclassified	NA	NA	NA	unclassified	12908
Unclassified	SRR24759600_binette_bin56.fasta	N/A	N/A	N/A	N/A	N/A	N/A	N/A	N/A	N/A	N/A	N/A	N/A	N/A	N/A	N/A	N/A	N/A	No bacterial or archaeal marker	unclassified	NA	NA	NA	unclassified	12908
Unclassified	SRR24759600_binette_bin61.fasta	N/A	N/A	N/A	N/A	N/A	N/A	N/A	N/A	N/A	N/A	N/A	N/A	N/A	N/A	N/A	N/A	N/A	No bacterial or archaeal marker	unclassified	NA	NA	NA	unclassified	12908
Unclassified	SRR24759600_binette_bin76.fasta	N/A	N/A	N/A	N/A	N/A	N/A	N/A	N/A	N/A	N/A	N/A	N/A	N/A	N/A	N/A	N/A	N/A	No bacterial or archaeal marker	unclassified	NA	NA	NA	unclassified	12908
Unclassified	SRR24759600_binette_bin79.fasta	N/A	N/A	N/A	N/A	N/A	N/A	N/A	N/A	N/A	N/A	N/A	N/A	N/A	N/A	N/A	N/A	N/A	No bacterial or archaeal marker	unclassified	NA	NA	NA	unclassified	12908
Unclassified	SRR24759600_binette_bin80.fasta	N/A	N/A	N/A	N/A	N/A	N/A	N/A	N/A	N/A	N/A	N/A	N/A	N/A	N/A	N/A	N/A	N/A	No bacterial or archaeal marker	unclassified	NA	NA	NA	unclassified	12908
Unclassified	SRR24759600_binette_bin86.fasta	N/A	N/A	N/A	N/A	N/A	N/A	N/A	N/A	N/A	N/A	N/A	N/A	N/A	N/A	N/A	N/A	N/A	No bacterial or archaeal marker	unclassified	NA	NA	NA	unclassified	12908
Unclassified	SRR24759601_binette_bin43.fasta	N/A	N/A	N/A	N/A	N/A	N/A	N/A	N/A	N/A	N/A	N/A	N/A	N/A	N/A	N/A	N/A	N/A	No bacterial or archaeal marker	unclassified	NA	NA	NA	unclassified	12908
Unclassified	SRR24759602_binette_bin33.fasta	N/A	N/A	N/A	N/A	N/A	N/A	N/A	N/A	N/A	N/A	N/A	N/A	N/A	N/A	N/A	N/A	N/A	No bacterial or archaeal marker	unclassified	NA	NA	NA	unclassified	12908
Unclassified	SRR24759602_binette_bin35.fasta	N/A	N/A	N/A	N/A	N/A	N/A	N/A	N/A	N/A	N/A	N/A	N/A	N/A	N/A	N/A	N/A	N/A	No bacterial or archaeal marker	unclassified	NA	NA	NA	unclassified	12908
Unclassified	SRR24759602_binette_bin45.fasta	N/A	N/A	N/A	N/A	N/A	N/A	N/A	N/A	N/A	N/A	N/A	N/A	N/A	N/A	N/A	N/A	N/A	No bacterial or archaeal marker	unclassified	NA	NA	NA	unclassified	12908
Unclassified	SRR24759602_binette_bin49.fasta	N/A	N/A	N/A	N/A	N/A	N/A	N/A	N/A	N/A	N/A	N/A	N/A	N/A	N/A	N/A	N/A	N/A	No bacterial or archaeal marker	unclassified	NA	NA	NA	unclassified	12908
Unclassified	SRR24759602_binette_bin52.fasta	N/A	N/A	N/A	N/A	N/A	N/A	N/A	N/A	N/A	N/A	N/A	N/A	N/A	N/A	N/A	N/A	N/A	No bacterial or archaeal marker	unclassified	NA	NA	NA	unclassified	12908
Unclassified	SRR24759602_binette_bin73.fasta	N/A	N/A	N/A	N/A	N/A	N/A	N/A	N/A	N/A	N/A	N/A	N/A	N/A	N/A	N/A	N/A	N/A	No bacterial or archaeal marker	unclassified	NA	NA	NA	unclassified	12908
Unclassified	SRR24759602_binette_bin77.fasta	N/A	N/A	N/A	N/A	N/A	N/A	N/A	N/A	N/A	N/A	N/A	N/A	N/A	N/A	N/A	N/A	N/A	No bacterial or archaeal marker	unclassified	NA	NA	NA	unclassified	12908
Unclassified	SRR24759602_binette_bin78.fasta	N/A	N/A	N/A	N/A	N/A	N/A	N/A	N/A	N/A	N/A	N/A	N/A	N/A	N/A	N/A	N/A	N/A	No bacterial or archaeal marker	unclassified	NA	NA	NA	unclassified	12908
Unclassified	SRR24759603_binette_bin34.fasta	N/A	N/A	N/A	N/A	N/A	N/A	N/A	N/A	N/A	N/A	N/A	N/A	N/A	N/A	N/A	N/A	N/A	No bacterial or archaeal marker	unclassified	NA	NA	NA	unclassified	12908
Unclassified	SRR24759603_binette_bin44.fasta	N/A	N/A	N/A	N/A	N/A	N/A	N/A	N/A	N/A	N/A	N/A	N/A	N/A	N/A	N/A	N/A	N/A	No bacterial or archaeal marker	unclassified	NA	NA	NA	unclassified	12908
Unclassified	SRR24759603_binette_bin54.fasta	N/A	N/A	N/A	N/A	N/A	N/A	N/A	N/A	N/A	N/A	N/A	N/A	N/A	N/A	N/A	N/A	N/A	No bacterial or archaeal marker	unclassified	NA	NA	NA	unclassified	12908
Unclassified	SRR24759603_binette_bin55.fasta	N/A	N/A	N/A	N/A	N/A	N/A	N/A	N/A	N/A	N/A	N/A	N/A	N/A	N/A	N/A	N/A	N/A	No bacterial or archaeal marker	unclassified	NA	NA	NA	unclassified	12908
Unclassified	SRR24759604_binette_bin100.fasta	N/A	N/A	N/A	N/A	N/A	N/A	N/A	N/A	N/A	N/A	N/A	N/A	N/A	N/A	N/A	N/A	N/A	No bacterial or archaeal marker	unclassified	NA	NA	NA	unclassified	12908
Unclassified	SRR24759604_binette_bin101.fasta	N/A	N/A	N/A	N/A	N/A	N/A	N/A	N/A	N/A	N/A	N/A	N/A	N/A	N/A	N/A	N/A	N/A	No bacterial or archaeal marker	unclassified	NA	NA	NA	unclassified	12908
Unclassified	SRR24759604_binette_bin34.fasta	N/A	N/A	N/A	N/A	N/A	N/A	N/A	N/A	N/A	N/A	N/A	N/A	N/A	N/A	N/A	N/A	N/A	No bacterial or archaeal marker	unclassified	NA	NA	NA	unclassified	12908
Unclassified	SRR24759604_binette_bin57.fasta	N/A	N/A	N/A	N/A	N/A	N/A	N/A	N/A	N/A	N/A	N/A	N/A	N/A	N/A	N/A	N/A	N/A	No bacterial or archaeal marker	unclassified	NA	NA	NA	unclassified	12908
Unclassified	SRR24759604_binette_bin88.fasta	N/A	N/A	N/A	N/A	N/A	N/A	N/A	N/A	N/A	N/A	N/A	N/A	N/A	N/A	N/A	N/A	N/A	No bacterial or archaeal marker	unclassified	NA	NA	NA	unclassified	12908
Unclassified	SRR24759604_binette_bin91.fasta	N/A	N/A	N/A	N/A	N/A	N/A	N/A	N/A	N/A	N/A	N/A	N/A	N/A	N/A	N/A	N/A	N/A	No bacterial or archaeal marker	unclassified	NA	NA	NA	unclassified	12908
Unclassified	SRR24759604_binette_bin98.fasta	N/A	N/A	N/A	N/A	N/A	N/A	N/A	N/A	N/A	N/A	N/A	N/A	N/A	N/A	N/A	N/A	N/A	No bacterial or archaeal marker	unclassified	NA	NA	NA	unclassified	12908
Unclassified	SRR24759605_binette_bin51.fasta	N/A	N/A	N/A	N/A	N/A	N/A	N/A	N/A	N/A	N/A	N/A	N/A	N/A	N/A	N/A	N/A	N/A	No bacterial or archaeal marker	unclassified	NA	NA	NA	unclassified	12908
Unclassified	SRR24759605_binette_bin81.fasta	N/A	N/A	N/A	N/A	N/A	N/A	N/A	N/A	N/A	N/A	N/A	N/A	N/A	N/A	N/A	N/A	N/A	No bacterial or archaeal marker	unclassified	NA	NA	NA	unclassified	12908
Unclassified	SRR24759605_binette_bin85.fasta	N/A	N/A	N/A	N/A	N/A	N/A	N/A	N/A	N/A	N/A	N/A	N/A	N/A	N/A	N/A	N/A	N/A	No bacterial or archaeal marker	unclassified	NA	NA	NA	unclassified	12908
Unclassified	SRR24759605_binette_bin88.fasta	N/A	N/A	N/A	N/A	N/A	N/A	N/A	N/A	N/A	N/A	N/A	N/A	N/A	N/A	N/A	N/A	N/A	No bacterial or archaeal marker	unclassified	NA	NA	NA	unclassified	12908
Unclassified	SRR24759605_binette_bin90.fasta	N/A	N/A	N/A	N/A	N/A	N/A	N/A	N/A	N/A	N/A	N/A	N/A	N/A	N/A	N/A	N/A	N/A	No bacterial or archaeal marker	unclassified	NA	NA	NA	unclassified	12908
Unclassified	SRR24759606_binette_bin64.fasta	N/A	N/A	N/A	N/A	N/A	N/A	N/A	N/A	N/A	N/A	N/A	N/A	N/A	N/A	N/A	N/A	N/A	No bacterial or archaeal marker	unclassified	NA	NA	NA	unclassified	12908
Unclassified	SRR24759606_binette_bin86.fasta	N/A	N/A	N/A	N/A	N/A	N/A	N/A	N/A	N/A	N/A	N/A	N/A	N/A	N/A	N/A	N/A	N/A	No bacterial or archaeal marker	unclassified	NA	NA	NA	unclassified	12908
Unclassified	SRR24759606_binette_bin87.fasta	N/A	N/A	N/A	N/A	N/A	N/A	N/A	N/A	N/A	N/A	N/A	N/A	N/A	N/A	N/A	N/A	N/A	No bacterial or archaeal marker	unclassified	NA	NA	NA	unclassified	12908
Unclassified	SRR24759607_binette_bin32.fasta	N/A	N/A	N/A	N/A	N/A	N/A	N/A	N/A	N/A	N/A	N/A	N/A	N/A	N/A	N/A	N/A	N/A	No bacterial or archaeal marker	unclassified	NA	NA	NA	unclassified	12908
Unclassified	SRR24759607_binette_bin43.fasta	N/A	N/A	N/A	N/A	N/A	N/A	N/A	N/A	N/A	N/A	N/A	N/A	N/A	N/A	N/A	N/A	N/A	No bacterial or archaeal marker	unclassified	NA	NA	NA	unclassified	12908
Unclassified	SRR24759607_binette_bin44.fasta	N/A	N/A	N/A	N/A	N/A	N/A	N/A	N/A	N/A	N/A	N/A	N/A	N/A	N/A	N/A	N/A	N/A	No bacterial or archaeal marker	unclassified	NA	NA	NA	unclassified	12908
Unclassified	SRR24759608_binette_bin53.fasta	N/A	N/A	N/A	N/A	N/A	N/A	N/A	N/A	N/A	N/A	N/A	N/A	N/A	N/A	N/A	N/A	N/A	No bacterial or archaeal marker	unclassified	NA	NA	NA	unclassified	12908
Unclassified	SRR24759608_binette_bin55.fasta	N/A	N/A	N/A	N/A	N/A	N/A	N/A	N/A	N/A	N/A	N/A	N/A	N/A	N/A	N/A	N/A	N/A	No bacterial or archaeal marker	unclassified	NA	NA	NA	unclassified	12908
Unclassified	SRR24759608_binette_bin63.fasta	N/A	N/A	N/A	N/A	N/A	N/A	N/A	N/A	N/A	N/A	N/A	N/A	N/A	N/A	N/A	N/A	N/A	No bacterial or archaeal marker	unclassified	NA	NA	NA	unclassified	12908
Unclassified	SRR24759608_binette_bin86.fasta	N/A	N/A	N/A	N/A	N/A	N/A	N/A	N/A	N/A	N/A	N/A	N/A	N/A	N/A	N/A	N/A	N/A	No bacterial or archaeal marker	unclassified	NA	NA	NA	unclassified	12908
Unclassified	SRR24759608_binette_bin94.fasta	N/A	N/A	N/A	N/A	N/A	N/A	N/A	N/A	N/A	N/A	N/A	N/A	N/A	N/A	N/A	N/A	N/A	No bacterial or archaeal marker	unclassified	NA	NA	NA	unclassified	12908
Unclassified	SRR24759608_binette_bin95.fasta	N/A	N/A	N/A	N/A	N/A	N/A	N/A	N/A	N/A	N/A	N/A	N/A	N/A	N/A	N/A	N/A	N/A	No bacterial or archaeal marker	unclassified	NA	NA	NA	unclassified	12908
Unclassified	SRR24759609_binette_bin69.fasta	N/A	N/A	N/A	N/A	N/A	N/A	N/A	N/A	N/A	N/A	N/A	N/A	N/A	N/A	N/A	N/A	N/A	No bacterial or archaeal marker	unclassified	NA	NA	NA	unclassified	12908
Unclassified	SRR24759609_binette_bin79.fasta	N/A	N/A	N/A	N/A	N/A	N/A	N/A	N/A	N/A	N/A	N/A	N/A	N/A	N/A	N/A	N/A	N/A	No bacterial or archaeal marker	unclassified	NA	NA	NA	unclassified	12908
Unclassified	SRR24759609_binette_bin87.fasta	N/A	N/A	N/A	N/A	N/A	N/A	N/A	N/A	N/A	N/A	N/A	N/A	N/A	N/A	N/A	N/A	N/A	No bacterial or archaeal marker	unclassified	NA	NA	NA	unclassified	12908
Unclassified	SRR24759609_binette_bin90.fasta	N/A	N/A	N/A	N/A	N/A	N/A	N/A	N/A	N/A	N/A	N/A	N/A	N/A	N/A	N/A	N/A	N/A	No bacterial or archaeal marker	unclassified	NA	NA	NA	unclassified	12908
Unclassified	SRR24759609_binette_bin91.fasta	N/A	N/A	N/A	N/A	N/A	N/A	N/A	N/A	N/A	N/A	N/A	N/A	N/A	N/A	N/A	N/A	N/A	No bacterial or archaeal marker	unclassified	NA	NA	NA	unclassified	12908
Unclassified	SRR24759610_binette_bin37.fasta	N/A	N/A	N/A	N/A	N/A	N/A	N/A	N/A	N/A	N/A	N/A	N/A	N/A	N/A	N/A	N/A	N/A	No bacterial or archaeal marker	unclassified	NA	NA	NA	unclassified	12908
Unclassified	SRR24759610_binette_bin74.fasta	N/A	N/A	N/A	N/A	N/A	N/A	N/A	N/A	N/A	N/A	N/A	N/A	N/A	N/A	N/A	N/A	N/A	No bacterial or archaeal marker	unclassified	NA	NA	NA	unclassified	12908
Unclassified	SRR24759610_binette_bin92.fasta	N/A	N/A	N/A	N/A	N/A	N/A	N/A	N/A	N/A	N/A	N/A	N/A	N/A	N/A	N/A	N/A	N/A	No bacterial or archaeal marker	unclassified	NA	NA	NA	unclassified	12908
Unclassified	SRR24759611_binette_bin28.fasta	N/A	N/A	N/A	N/A	N/A	N/A	N/A	N/A	N/A	N/A	N/A	N/A	N/A	N/A	N/A	N/A	N/A	No bacterial or archaeal marker	unclassified	NA	NA	NA	unclassified	12908
Unclassified	SRR24759611_binette_bin71.fasta	N/A	N/A	N/A	N/A	N/A	N/A	N/A	N/A	N/A	N/A	N/A	N/A	N/A	N/A	N/A	N/A	N/A	No bacterial or archaeal marker	unclassified	NA	NA	NA	unclassified	12908
Unclassified	SRR24759611_binette_bin73.fasta	N/A	N/A	N/A	N/A	N/A	N/A	N/A	N/A	N/A	N/A	N/A	N/A	N/A	N/A	N/A	N/A	N/A	No bacterial or archaeal marker	unclassified	NA	NA	NA	unclassified	12908
Unclassified	SRR24759611_binette_bin80.fasta	N/A	N/A	N/A	N/A	N/A	N/A	N/A	N/A	N/A	N/A	N/A	N/A	N/A	N/A	N/A	N/A	N/A	No bacterial or archaeal marker	unclassified	NA	NA	NA	unclassified	12908
Unclassified	SRR24759611_binette_bin84.fasta	N/A	N/A	N/A	N/A	N/A	N/A	N/A	N/A	N/A	N/A	N/A	N/A	N/A	N/A	N/A	N/A	N/A	No bacterial or archaeal marker	unclassified	NA	NA	NA	unclassified	12908
Unclassified	SRR24759611_binette_bin92.fasta	N/A	N/A	N/A	N/A	N/A	N/A	N/A	N/A	N/A	N/A	N/A	N/A	N/A	N/A	N/A	N/A	N/A	No bacterial or archaeal marker	unclassified	NA	NA	NA	unclassified	12908
Unclassified	SRR24759612_binette_bin25.fasta	N/A	N/A	N/A	N/A	N/A	N/A	N/A	N/A	N/A	N/A	N/A	N/A	N/A	N/A	N/A	N/A	N/A	No bacterial or archaeal marker	unclassified	NA	NA	NA	unclassified	12908
Unclassified	SRR24759612_binette_bin65.fasta	N/A	N/A	N/A	N/A	N/A	N/A	N/A	N/A	N/A	N/A	N/A	N/A	N/A	N/A	N/A	N/A	N/A	No bacterial or archaeal marker	unclassified	NA	NA	NA	unclassified	12908
Unclassified	SRR24759613_binette_bin39.fasta	N/A	N/A	N/A	N/A	N/A	N/A	N/A	N/A	N/A	N/A	N/A	N/A	N/A	N/A	N/A	N/A	N/A	No bacterial or archaeal marker	unclassified	NA	NA	NA	unclassified	12908
Unclassified	SRR24759613_binette_bin46.fasta	N/A	N/A	N/A	N/A	N/A	N/A	N/A	N/A	N/A	N/A	N/A	N/A	N/A	N/A	N/A	N/A	N/A	No bacterial or archaeal marker	unclassified	NA	NA	NA	unclassified	12908
Unclassified	SRR24759613_binette_bin47.fasta	N/A	N/A	N/A	N/A	N/A	N/A	N/A	N/A	N/A	N/A	N/A	N/A	N/A	N/A	N/A	N/A	N/A	No bacterial or archaeal marker	unclassified	NA	NA	NA	unclassified	12908
Unclassified	SRR24759613_binette_bin54.fasta	N/A	N/A	N/A	N/A	N/A	N/A	N/A	N/A	N/A	N/A	N/A	N/A	N/A	N/A	N/A	N/A	N/A	No bacterial or archaeal marker	unclassified	NA	NA	NA	unclassified	12908
Unclassified	SRR24759613_binette_bin59.fasta	N/A	N/A	N/A	N/A	N/A	N/A	N/A	N/A	N/A	N/A	N/A	N/A	N/A	N/A	N/A	N/A	N/A	No bacterial or archaeal marker	unclassified	NA	NA	NA	unclassified	12908
Unclassified	SRR24759614_binette_bin50.fasta	N/A	N/A	N/A	N/A	N/A	N/A	N/A	N/A	N/A	N/A	N/A	N/A	N/A	N/A	N/A	N/A	N/A	No bacterial or archaeal marker	unclassified	NA	NA	NA	unclassified	12908
Unclassified	SRR24759614_binette_bin98.fasta	N/A	N/A	N/A	N/A	N/A	N/A	N/A	N/A	N/A	N/A	N/A	N/A	N/A	N/A	N/A	N/A	N/A	No bacterial or archaeal marker	unclassified	NA	NA	NA	unclassified	12908
Unclassified	SRR24759615_binette_bin48.fasta	N/A	N/A	N/A	N/A	N/A	N/A	N/A	N/A	N/A	N/A	N/A	N/A	N/A	N/A	N/A	N/A	N/A	No bacterial or archaeal marker	unclassified	NA	NA	NA	unclassified	12908
Unclassified	SRR24759615_binette_bin54.fasta	N/A	N/A	N/A	N/A	N/A	N/A	N/A	N/A	N/A	N/A	N/A	N/A	N/A	N/A	N/A	N/A	N/A	No bacterial or archaeal marker	unclassified	NA	NA	NA	unclassified	12908
Unclassified	SRR24759615_binette_bin56.fasta	N/A	N/A	N/A	N/A	N/A	N/A	N/A	N/A	N/A	N/A	N/A	N/A	N/A	N/A	N/A	N/A	N/A	No bacterial or archaeal marker	unclassified	NA	NA	NA	unclassified	12908
Unclassified	SRR24759615_binette_bin87.fasta	N/A	N/A	N/A	N/A	N/A	N/A	N/A	N/A	N/A	N/A	N/A	N/A	N/A	N/A	N/A	N/A	N/A	No bacterial or archaeal marker	unclassified	NA	NA	NA	unclassified	12908
Unclassified	SRR24759616_binette_bin72.fasta	N/A	N/A	N/A	N/A	N/A	N/A	N/A	N/A	N/A	N/A	N/A	N/A	N/A	N/A	N/A	N/A	N/A	No bacterial or archaeal marker	unclassified	NA	NA	NA	unclassified	12908
Unclassified	SRR24759616_binette_bin75.fasta	N/A	N/A	N/A	N/A	N/A	N/A	N/A	N/A	N/A	N/A	N/A	N/A	N/A	N/A	N/A	N/A	N/A	No bacterial or archaeal marker	unclassified	NA	NA	NA	unclassified	12908
Unclassified	SRR24759616_binette_bin77.fasta	N/A	N/A	N/A	N/A	N/A	N/A	N/A	N/A	N/A	N/A	N/A	N/A	N/A	N/A	N/A	N/A	N/A	No bacterial or archaeal marker	unclassified	NA	NA	NA	unclassified	12908
Unclassified	SRR24759616_binette_bin82.fasta	N/A	N/A	N/A	N/A	N/A	N/A	N/A	N/A	N/A	N/A	N/A	N/A	N/A	N/A	N/A	N/A	N/A	No bacterial or archaeal marker	unclassified	NA	NA	NA	unclassified	12908
Unclassified Bacteria	SRR24759596_binette_bin16.fasta	N/A	N/A	N/A	N/A	N/A	N/A	N/A	N/A	N/A	N/A	N/A	N/A	N/A	N/A	N/A	N/A	N/A	Insufficient number of amino acids in MSA (7.4%)	unclassified	NA	NA	NA	unclassified	12908
Unclassified Bacteria	SRR24759596_binette_bin20.fasta	N/A	N/A	N/A	N/A	N/A	N/A	N/A	N/A	N/A	N/A	N/A	N/A	N/A	N/A	N/A	N/A	N/A	Insufficient number of amino acids in MSA (6.8%)	unclassified	NA	NA	NA	unclassified	12908
Unclassified Bacteria	SRR24759596_binette_bin22.fasta	N/A	N/A	N/A	N/A	N/A	N/A	N/A	N/A	N/A	N/A	N/A	N/A	N/A	N/A	N/A	N/A	N/A	Insufficient number of amino acids in MSA (1.3%)	unclassified	NA	NA	NA	unclassified	12908
Unclassified Bacteria	SRR24759596_binette_bin23.fasta	N/A	N/A	N/A	N/A	N/A	N/A	N/A	N/A	N/A	N/A	N/A	N/A	N/A	N/A	N/A	N/A	N/A	Insufficient number of amino acids in MSA (3.2%)	unclassified	NA	NA	NA	unclassified	12908
Unclassified Bacteria	SRR24759596_binette_bin27.fasta	N/A	N/A	N/A	N/A	N/A	N/A	N/A	N/A	N/A	N/A	N/A	N/A	N/A	N/A	N/A	N/A	N/A	Insufficient number of amino acids in MSA (5.0%)	unclassified	NA	NA	NA	unclassified	12908
Unclassified Bacteria	SRR24759596_binette_bin28.fasta	N/A	N/A	N/A	N/A	N/A	N/A	N/A	N/A	N/A	N/A	N/A	N/A	N/A	N/A	N/A	N/A	N/A	Insufficient number of amino acids in MSA (0.8%)	unclassified	NA	NA	NA	unclassified	12908
Unclassified Bacteria	SRR24759597_binette_bin26.fasta	N/A	N/A	N/A	N/A	N/A	N/A	N/A	N/A	N/A	N/A	N/A	N/A	N/A	N/A	N/A	N/A	N/A	Insufficient number of amino acids in MSA (6.4%)	unclassified	NA	NA	NA	unclassified	12908
Unclassified Bacteria	SRR24759597_binette_bin29.fasta	N/A	N/A	N/A	N/A	N/A	N/A	N/A	N/A	N/A	N/A	N/A	N/A	N/A	N/A	N/A	N/A	N/A	Insufficient number of amino acids in MSA (2.0%)	unclassified	NA	NA	NA	unclassified	12908
Unclassified Bacteria	SRR24759597_binette_bin32.fasta	N/A	N/A	N/A	N/A	N/A	N/A	N/A	N/A	N/A	N/A	N/A	N/A	N/A	N/A	N/A	N/A	N/A	Insufficient number of amino acids in MSA (4.7%)	unclassified	NA	NA	NA	unclassified	12908
Unclassified Bacteria	SRR24759597_binette_bin34.fasta	N/A	N/A	N/A	N/A	N/A	N/A	N/A	N/A	N/A	N/A	N/A	N/A	N/A	N/A	N/A	N/A	N/A	Insufficient number of amino acids in MSA (7.9%)	unclassified	NA	NA	NA	unclassified	12908
Unclassified Bacteria	SRR24759597_binette_bin37.fasta	N/A	N/A	N/A	N/A	N/A	N/A	N/A	N/A	N/A	N/A	N/A	N/A	N/A	N/A	N/A	N/A	N/A	Insufficient number of amino acids in MSA (8.9%)	unclassified	NA	NA	NA	unclassified	12908
Unclassified Bacteria	SRR24759597_binette_bin42.fasta	N/A	N/A	N/A	N/A	N/A	N/A	N/A	N/A	N/A	N/A	N/A	N/A	N/A	N/A	N/A	N/A	N/A	Insufficient number of amino acids in MSA (6.9%)	unclassified	NA	NA	NA	unclassified	12908
Unclassified Bacteria	SRR24759597_binette_bin44.fasta	N/A	N/A	N/A	N/A	N/A	N/A	N/A	N/A	N/A	N/A	N/A	N/A	N/A	N/A	N/A	N/A	N/A	Insufficient number of amino acids in MSA (0.4%)	unclassified	NA	NA	NA	unclassified	12908
Unclassified Bacteria	SRR24759597_binette_bin45.fasta	N/A	N/A	N/A	N/A	N/A	N/A	N/A	N/A	N/A	N/A	N/A	N/A	N/A	N/A	N/A	N/A	N/A	Insufficient number of amino acids in MSA (4.1%)	unclassified	NA	NA	NA	unclassified	12908
Unclassified Bacteria	SRR24759597_binette_bin46.fasta	N/A	N/A	N/A	N/A	N/A	N/A	N/A	N/A	N/A	N/A	N/A	N/A	N/A	N/A	N/A	N/A	N/A	Insufficient number of amino acids in MSA (4.0%)	unclassified	NA	NA	NA	unclassified	12908
Unclassified Bacteria	SRR24759597_binette_bin48.fasta	N/A	N/A	N/A	N/A	N/A	N/A	N/A	N/A	N/A	N/A	N/A	N/A	N/A	N/A	N/A	N/A	N/A	Insufficient number of amino acids in MSA (0.4%)	unclassified	NA	NA	NA	unclassified	12908
Unclassified Bacteria	SRR24759597_binette_bin49.fasta	N/A	N/A	N/A	N/A	N/A	N/A	N/A	N/A	N/A	N/A	N/A	N/A	N/A	N/A	N/A	N/A	N/A	Insufficient number of amino acids in MSA (6.5%)	unclassified	NA	NA	NA	unclassified	12908
Unclassified Bacteria	SRR24759597_binette_bin50.fasta	N/A	N/A	N/A	N/A	N/A	N/A	N/A	N/A	N/A	N/A	N/A	N/A	N/A	N/A	N/A	N/A	N/A	Insufficient number of amino acids in MSA (3.7%)	unclassified	NA	NA	NA	unclassified	12908
Unclassified Bacteria	SRR24759597_binette_bin51.fasta	N/A	N/A	N/A	N/A	N/A	N/A	N/A	N/A	N/A	N/A	N/A	N/A	N/A	N/A	N/A	N/A	N/A	Insufficient number of amino acids in MSA (5.0%)	unclassified	NA	NA	NA	unclassified	12908
Unclassified Bacteria	SRR24759597_binette_bin54.fasta	N/A	N/A	N/A	N/A	N/A	N/A	N/A	N/A	N/A	N/A	N/A	N/A	N/A	N/A	N/A	N/A	N/A	Insufficient number of amino acids in MSA (4.4%)	unclassified	NA	NA	NA	unclassified	12908
Unclassified Bacteria	SRR24759597_binette_bin55.fasta	N/A	N/A	N/A	N/A	N/A	N/A	N/A	N/A	N/A	N/A	N/A	N/A	N/A	N/A	N/A	N/A	N/A	Insufficient number of amino acids in MSA (0.5%)	unclassified	NA	NA	NA	unclassified	12908
Unclassified Bacteria	SRR24759597_binette_bin57.fasta	N/A	N/A	N/A	N/A	N/A	N/A	N/A	N/A	N/A	N/A	N/A	N/A	N/A	N/A	N/A	N/A	N/A	Insufficient number of amino acids in MSA (1.3%)	unclassified	NA	NA	NA	unclassified	12908
Unclassified Bacteria	SRR24759597_binette_bin60.fasta	N/A	N/A	N/A	N/A	N/A	N/A	N/A	N/A	N/A	N/A	N/A	N/A	N/A	N/A	N/A	N/A	N/A	Insufficient number of amino acids in MSA (1.4%)	unclassified	NA	NA	NA	unclassified	12908
Unclassified Bacteria	SRR24759597_binette_bin61.fasta	N/A	N/A	N/A	N/A	N/A	N/A	N/A	N/A	N/A	N/A	N/A	N/A	N/A	N/A	N/A	N/A	N/A	Insufficient number of amino acids in MSA (7.2%)	unclassified	NA	NA	NA	unclassified	12908
Unclassified Bacteria	SRR24759597_binette_bin64.fasta	N/A	N/A	N/A	N/A	N/A	N/A	N/A	N/A	N/A	N/A	N/A	N/A	N/A	N/A	N/A	N/A	N/A	Insufficient number of amino acids in MSA (3.6%)	unclassified	NA	NA	NA	unclassified	12908
Unclassified Bacteria	SRR24759597_binette_bin74.fasta	N/A	N/A	N/A	N/A	N/A	N/A	N/A	N/A	N/A	N/A	N/A	N/A	N/A	N/A	N/A	N/A	N/A	Insufficient number of amino acids in MSA (1.3%)	unclassified	NA	NA	NA	unclassified	12908
Unclassified Bacteria	SRR24759597_binette_bin75.fasta	N/A	N/A	N/A	N/A	N/A	N/A	N/A	N/A	N/A	N/A	N/A	N/A	N/A	N/A	N/A	N/A	N/A	Insufficient number of amino acids in MSA (5.0%)	unclassified	NA	NA	NA	unclassified	12908
Unclassified Bacteria	SRR24759597_binette_bin76.fasta	N/A	N/A	N/A	N/A	N/A	N/A	N/A	N/A	N/A	N/A	N/A	N/A	N/A	N/A	N/A	N/A	N/A	Insufficient number of amino acids in MSA (1.4%)	unclassified	NA	NA	NA	unclassified	12908
Unclassified Bacteria	SRR24759597_binette_bin77.fasta	N/A	N/A	N/A	N/A	N/A	N/A	N/A	N/A	N/A	N/A	N/A	N/A	N/A	N/A	N/A	N/A	N/A	Insufficient number of amino acids in MSA (0.8%)	unclassified	NA	NA	NA	unclassified	12908
Unclassified Bacteria	SRR24759597_binette_bin78.fasta	N/A	N/A	N/A	N/A	N/A	N/A	N/A	N/A	N/A	N/A	N/A	N/A	N/A	N/A	N/A	N/A	N/A	Insufficient number of amino acids in MSA (2.5%)	unclassified	NA	NA	NA	unclassified	12908
Unclassified Bacteria	SRR24759598_binette_bin100.fasta	N/A	N/A	N/A	N/A	N/A	N/A	N/A	N/A	N/A	N/A	N/A	N/A	N/A	N/A	N/A	N/A	N/A	Insufficient number of amino acids in MSA (2.7%)	unclassified	NA	NA	NA	unclassified	12908
Unclassified Bacteria	SRR24759598_binette_bin101.fasta	N/A	N/A	N/A	N/A	N/A	N/A	N/A	N/A	N/A	N/A	N/A	N/A	N/A	N/A	N/A	N/A	N/A	Insufficient number of amino acids in MSA (0.8%)	unclassified	NA	NA	NA	unclassified	12908
Unclassified Bacteria	SRR24759598_binette_bin104.fasta	N/A	N/A	N/A	N/A	N/A	N/A	N/A	N/A	N/A	N/A	N/A	N/A	N/A	N/A	N/A	N/A	N/A	Insufficient number of amino acids in MSA (3.2%)	unclassified	NA	NA	NA	unclassified	12908
Unclassified Bacteria	SRR24759598_binette_bin106.fasta	N/A	N/A	N/A	N/A	N/A	N/A	N/A	N/A	N/A	N/A	N/A	N/A	N/A	N/A	N/A	N/A	N/A	Insufficient number of amino acids in MSA (3.1%)	unclassified	NA	NA	NA	unclassified	12908
Unclassified Bacteria	SRR24759598_binette_bin107.fasta	N/A	N/A	N/A	N/A	N/A	N/A	N/A	N/A	N/A	N/A	N/A	N/A	N/A	N/A	N/A	N/A	N/A	Insufficient number of amino acids in MSA (0.5%)	unclassified	NA	NA	NA	unclassified	12908
Unclassified Bacteria	SRR24759598_binette_bin108.fasta	N/A	N/A	N/A	N/A	N/A	N/A	N/A	N/A	N/A	N/A	N/A	N/A	N/A	N/A	N/A	N/A	N/A	Insufficient number of amino acids in MSA (7.7%)	unclassified	NA	NA	NA	unclassified	12908
Unclassified Bacteria	SRR24759598_binette_bin110.fasta	N/A	N/A	N/A	N/A	N/A	N/A	N/A	N/A	N/A	N/A	N/A	N/A	N/A	N/A	N/A	N/A	N/A	Insufficient number of amino acids in MSA (2.0%)	unclassified	NA	NA	NA	unclassified	12908
Unclassified Bacteria	SRR24759598_binette_bin111.fasta	N/A	N/A	N/A	N/A	N/A	N/A	N/A	N/A	N/A	N/A	N/A	N/A	N/A	N/A	N/A	N/A	N/A	Insufficient number of amino acids in MSA (0.5%)	unclassified	NA	NA	NA	unclassified	12908
Unclassified Bacteria	SRR24759598_binette_bin113.fasta	N/A	N/A	N/A	N/A	N/A	N/A	N/A	N/A	N/A	N/A	N/A	N/A	N/A	N/A	N/A	N/A	N/A	Insufficient number of amino acids in MSA (5.0%)	unclassified	NA	NA	NA	unclassified	12908
Unclassified Bacteria	SRR24759598_binette_bin36.fasta	N/A	N/A	N/A	N/A	N/A	N/A	N/A	N/A	N/A	N/A	N/A	N/A	N/A	N/A	N/A	N/A	N/A	Insufficient number of amino acids in MSA (4.3%)	unclassified	NA	NA	NA	unclassified	12908
Unclassified Bacteria	SRR24759598_binette_bin41.fasta	N/A	N/A	N/A	N/A	N/A	N/A	N/A	N/A	N/A	N/A	N/A	N/A	N/A	N/A	N/A	N/A	N/A	Insufficient number of amino acids in MSA (1.4%)	unclassified	NA	NA	NA	unclassified	12908
Unclassified Bacteria	SRR24759598_binette_bin42.fasta	N/A	N/A	N/A	N/A	N/A	N/A	N/A	N/A	N/A	N/A	N/A	N/A	N/A	N/A	N/A	N/A	N/A	Insufficient number of amino acids in MSA (1.7%)	unclassified	NA	NA	NA	unclassified	12908
Unclassified Bacteria	SRR24759598_binette_bin43.fasta	N/A	N/A	N/A	N/A	N/A	N/A	N/A	N/A	N/A	N/A	N/A	N/A	N/A	N/A	N/A	N/A	N/A	Insufficient number of amino acids in MSA (8.5%)	unclassified	NA	NA	NA	unclassified	12908
Unclassified Bacteria	SRR24759598_binette_bin44.fasta	N/A	N/A	N/A	N/A	N/A	N/A	N/A	N/A	N/A	N/A	N/A	N/A	N/A	N/A	N/A	N/A	N/A	Insufficient number of amino acids in MSA (2.3%)	unclassified	NA	NA	NA	unclassified	12908
Unclassified Bacteria	SRR24759598_binette_bin45.fasta	N/A	N/A	N/A	N/A	N/A	N/A	N/A	N/A	N/A	N/A	N/A	N/A	N/A	N/A	N/A	N/A	N/A	Insufficient number of amino acids in MSA (9.6%)	unclassified	NA	NA	NA	unclassified	12908
Unclassified Bacteria	SRR24759598_binette_bin46.fasta	N/A	N/A	N/A	N/A	N/A	N/A	N/A	N/A	N/A	N/A	N/A	N/A	N/A	N/A	N/A	N/A	N/A	Insufficient number of amino acids in MSA (3.2%)	unclassified	NA	NA	NA	unclassified	12908
Unclassified Bacteria	SRR24759598_binette_bin47.fasta	N/A	N/A	N/A	N/A	N/A	N/A	N/A	N/A	N/A	N/A	N/A	N/A	N/A	N/A	N/A	N/A	N/A	Insufficient number of amino acids in MSA (1.2%)	unclassified	NA	NA	NA	unclassified	12908
Unclassified Bacteria	SRR24759598_binette_bin48.fasta	N/A	N/A	N/A	N/A	N/A	N/A	N/A	N/A	N/A	N/A	N/A	N/A	N/A	N/A	N/A	N/A	N/A	Insufficient number of amino acids in MSA (9.0%)	unclassified	NA	NA	NA	unclassified	12908
Unclassified Bacteria	SRR24759598_binette_bin49.fasta	N/A	N/A	N/A	N/A	N/A	N/A	N/A	N/A	N/A	N/A	N/A	N/A	N/A	N/A	N/A	N/A	N/A	Insufficient number of amino acids in MSA (3.5%)	unclassified	NA	NA	NA	unclassified	12908
Unclassified Bacteria	SRR24759598_binette_bin50.fasta	N/A	N/A	N/A	N/A	N/A	N/A	N/A	N/A	N/A	N/A	N/A	N/A	N/A	N/A	N/A	N/A	N/A	Insufficient number of amino acids in MSA (2.7%)	unclassified	NA	NA	NA	unclassified	12908
Unclassified Bacteria	SRR24759598_binette_bin53.fasta	N/A	N/A	N/A	N/A	N/A	N/A	N/A	N/A	N/A	N/A	N/A	N/A	N/A	N/A	N/A	N/A	N/A	Insufficient number of amino acids in MSA (3.9%)	unclassified	NA	NA	NA	unclassified	12908
Unclassified Bacteria	SRR24759598_binette_bin54.fasta	N/A	N/A	N/A	N/A	N/A	N/A	N/A	N/A	N/A	N/A	N/A	N/A	N/A	N/A	N/A	N/A	N/A	Insufficient number of amino acids in MSA (4.1%)	unclassified	NA	NA	NA	unclassified	12908
Unclassified Bacteria	SRR24759598_binette_bin55.fasta	N/A	N/A	N/A	N/A	N/A	N/A	N/A	N/A	N/A	N/A	N/A	N/A	N/A	N/A	N/A	N/A	N/A	Insufficient number of amino acids in MSA (2.8%)	unclassified	NA	NA	NA	unclassified	12908
Unclassified Bacteria	SRR24759598_binette_bin60.fasta	N/A	N/A	N/A	N/A	N/A	N/A	N/A	N/A	N/A	N/A	N/A	N/A	N/A	N/A	N/A	N/A	N/A	Insufficient number of amino acids in MSA (1.8%)	unclassified	NA	NA	NA	unclassified	12908
Unclassified Bacteria	SRR24759598_binette_bin61.fasta	N/A	N/A	N/A	N/A	N/A	N/A	N/A	N/A	N/A	N/A	N/A	N/A	N/A	N/A	N/A	N/A	N/A	Insufficient number of amino acids in MSA (0.8%)	unclassified	NA	NA	NA	unclassified	12908
Unclassified Bacteria	SRR24759598_binette_bin62.fasta	N/A	N/A	N/A	N/A	N/A	N/A	N/A	N/A	N/A	N/A	N/A	N/A	N/A	N/A	N/A	N/A	N/A	Insufficient number of amino acids in MSA (5.3%)	unclassified	NA	NA	NA	unclassified	12908
Unclassified Bacteria	SRR24759598_binette_bin65.fasta	N/A	N/A	N/A	N/A	N/A	N/A	N/A	N/A	N/A	N/A	N/A	N/A	N/A	N/A	N/A	N/A	N/A	Insufficient number of amino acids in MSA (7.2%)	unclassified	NA	NA	NA	unclassified	12908
Unclassified Bacteria	SRR24759598_binette_bin67.fasta	N/A	N/A	N/A	N/A	N/A	N/A	N/A	N/A	N/A	N/A	N/A	N/A	N/A	N/A	N/A	N/A	N/A	Insufficient number of amino acids in MSA (4.2%)	unclassified	NA	NA	NA	unclassified	12908
Unclassified Bacteria	SRR24759598_binette_bin69.fasta	N/A	N/A	N/A	N/A	N/A	N/A	N/A	N/A	N/A	N/A	N/A	N/A	N/A	N/A	N/A	N/A	N/A	Insufficient number of amino acids in MSA (0.6%)	unclassified	NA	NA	NA	unclassified	12908
Unclassified Bacteria	SRR24759598_binette_bin70.fasta	N/A	N/A	N/A	N/A	N/A	N/A	N/A	N/A	N/A	N/A	N/A	N/A	N/A	N/A	N/A	N/A	N/A	Insufficient number of amino acids in MSA (3.2%)	unclassified	NA	NA	NA	unclassified	12908
Unclassified Bacteria	SRR24759598_binette_bin71.fasta	N/A	N/A	N/A	N/A	N/A	N/A	N/A	N/A	N/A	N/A	N/A	N/A	N/A	N/A	N/A	N/A	N/A	Insufficient number of amino acids in MSA (0.9%)	unclassified	NA	NA	NA	unclassified	12908
Unclassified Bacteria	SRR24759599_binette_bin40.fasta	N/A	N/A	N/A	N/A	N/A	N/A	N/A	N/A	N/A	N/A	N/A	N/A	N/A	N/A	N/A	N/A	N/A	Insufficient number of amino acids in MSA (9.7%)	unclassified	NA	NA	NA	unclassified	12908
Unclassified Bacteria	SRR24759599_binette_bin45.fasta	N/A	N/A	N/A	N/A	N/A	N/A	N/A	N/A	N/A	N/A	N/A	N/A	N/A	N/A	N/A	N/A	N/A	Insufficient number of amino acids in MSA (5.9%)	unclassified	NA	NA	NA	unclassified	12908
Unclassified Bacteria	SRR24759599_binette_bin47.fasta	N/A	N/A	N/A	N/A	N/A	N/A	N/A	N/A	N/A	N/A	N/A	N/A	N/A	N/A	N/A	N/A	N/A	Insufficient number of amino acids in MSA (1.4%)	unclassified	NA	NA	NA	unclassified	12908
Unclassified Bacteria	SRR24759599_binette_bin48.fasta	N/A	N/A	N/A	N/A	N/A	N/A	N/A	N/A	N/A	N/A	N/A	N/A	N/A	N/A	N/A	N/A	N/A	Insufficient number of amino acids in MSA (0.7%)	unclassified	NA	NA	NA	unclassified	12908
Unclassified Bacteria	SRR24759599_binette_bin49.fasta	N/A	N/A	N/A	N/A	N/A	N/A	N/A	N/A	N/A	N/A	N/A	N/A	N/A	N/A	N/A	N/A	N/A	Insufficient number of amino acids in MSA (1.8%)	unclassified	NA	NA	NA	unclassified	12908
Unclassified Bacteria	SRR24759599_binette_bin50.fasta	N/A	N/A	N/A	N/A	N/A	N/A	N/A	N/A	N/A	N/A	N/A	N/A	N/A	N/A	N/A	N/A	N/A	Insufficient number of amino acids in MSA (7.2%)	unclassified	NA	NA	NA	unclassified	12908
Unclassified Bacteria	SRR24759599_binette_bin51.fasta	N/A	N/A	N/A	N/A	N/A	N/A	N/A	N/A	N/A	N/A	N/A	N/A	N/A	N/A	N/A	N/A	N/A	Insufficient number of amino acids in MSA (2.7%)	unclassified	NA	NA	NA	unclassified	12908
Unclassified Bacteria	SRR24759599_binette_bin52.fasta	N/A	N/A	N/A	N/A	N/A	N/A	N/A	N/A	N/A	N/A	N/A	N/A	N/A	N/A	N/A	N/A	N/A	Insufficient number of amino acids in MSA (1.8%)	unclassified	NA	NA	NA	unclassified	12908
Unclassified Bacteria	SRR24759599_binette_bin54.fasta	N/A	N/A	N/A	N/A	N/A	N/A	N/A	N/A	N/A	N/A	N/A	N/A	N/A	N/A	N/A	N/A	N/A	Insufficient number of amino acids in MSA (4.2%)	unclassified	NA	NA	NA	unclassified	12908
Unclassified Bacteria	SRR24759599_binette_bin55.fasta	N/A	N/A	N/A	N/A	N/A	N/A	N/A	N/A	N/A	N/A	N/A	N/A	N/A	N/A	N/A	N/A	N/A	Insufficient number of amino acids in MSA (1.5%)	unclassified	NA	NA	NA	unclassified	12908
Unclassified Bacteria	SRR24759599_binette_bin56.fasta	N/A	N/A	N/A	N/A	N/A	N/A	N/A	N/A	N/A	N/A	N/A	N/A	N/A	N/A	N/A	N/A	N/A	Insufficient number of amino acids in MSA (3.0%)	unclassified	NA	NA	NA	unclassified	12908
Unclassified Bacteria	SRR24759599_binette_bin59.fasta	N/A	N/A	N/A	N/A	N/A	N/A	N/A	N/A	N/A	N/A	N/A	N/A	N/A	N/A	N/A	N/A	N/A	Insufficient number of amino acids in MSA (5.2%)	unclassified	NA	NA	NA	unclassified	12908
Unclassified Bacteria	SRR24759599_binette_bin60.fasta	N/A	N/A	N/A	N/A	N/A	N/A	N/A	N/A	N/A	N/A	N/A	N/A	N/A	N/A	N/A	N/A	N/A	Insufficient number of amino acids in MSA (7.4%)	unclassified	NA	NA	NA	unclassified	12908
Unclassified Bacteria	SRR24759599_binette_bin61.fasta	N/A	N/A	N/A	N/A	N/A	N/A	N/A	N/A	N/A	N/A	N/A	N/A	N/A	N/A	N/A	N/A	N/A	Insufficient number of amino acids in MSA (1.6%)	unclassified	NA	NA	NA	unclassified	12908
Unclassified Bacteria	SRR24759599_binette_bin62.fasta	N/A	N/A	N/A	N/A	N/A	N/A	N/A	N/A	N/A	N/A	N/A	N/A	N/A	N/A	N/A	N/A	N/A	Insufficient number of amino acids in MSA (0.6%)	unclassified	NA	NA	NA	unclassified	12908
Unclassified Bacteria	SRR24759599_binette_bin64.fasta	N/A	N/A	N/A	N/A	N/A	N/A	N/A	N/A	N/A	N/A	N/A	N/A	N/A	N/A	N/A	N/A	N/A	Insufficient number of amino acids in MSA (5.6%)	unclassified	NA	NA	NA	unclassified	12908
Unclassified Bacteria	SRR24759599_binette_bin65.fasta	N/A	N/A	N/A	N/A	N/A	N/A	N/A	N/A	N/A	N/A	N/A	N/A	N/A	N/A	N/A	N/A	N/A	Insufficient number of amino acids in MSA (0.8%)	unclassified	NA	NA	NA	unclassified	12908
Unclassified Bacteria	SRR24759599_binette_bin66.fasta	N/A	N/A	N/A	N/A	N/A	N/A	N/A	N/A	N/A	N/A	N/A	N/A	N/A	N/A	N/A	N/A	N/A	Insufficient number of amino acids in MSA (1.6%)	unclassified	NA	NA	NA	unclassified	12908
Unclassified Bacteria	SRR24759599_binette_bin67.fasta	N/A	N/A	N/A	N/A	N/A	N/A	N/A	N/A	N/A	N/A	N/A	N/A	N/A	N/A	N/A	N/A	N/A	Insufficient number of amino acids in MSA (6.1%)	unclassified	NA	NA	NA	unclassified	12908
Unclassified Bacteria	SRR24759599_binette_bin68.fasta	N/A	N/A	N/A	N/A	N/A	N/A	N/A	N/A	N/A	N/A	N/A	N/A	N/A	N/A	N/A	N/A	N/A	Insufficient number of amino acids in MSA (0.6%)	unclassified	NA	NA	NA	unclassified	12908
Unclassified Bacteria	SRR24759599_binette_bin71.fasta	N/A	N/A	N/A	N/A	N/A	N/A	N/A	N/A	N/A	N/A	N/A	N/A	N/A	N/A	N/A	N/A	N/A	Insufficient number of amino acids in MSA (3.9%)	unclassified	NA	NA	NA	unclassified	12908
Unclassified Bacteria	SRR24759599_binette_bin72.fasta	N/A	N/A	N/A	N/A	N/A	N/A	N/A	N/A	N/A	N/A	N/A	N/A	N/A	N/A	N/A	N/A	N/A	Insufficient number of amino acids in MSA (4.6%)	unclassified	NA	NA	NA	unclassified	12908
Unclassified Bacteria	SRR24759599_binette_bin74.fasta	N/A	N/A	N/A	N/A	N/A	N/A	N/A	N/A	N/A	N/A	N/A	N/A	N/A	N/A	N/A	N/A	N/A	Insufficient number of amino acids in MSA (0.8%)	unclassified	NA	NA	NA	unclassified	12908
Unclassified Bacteria	SRR24759599_binette_bin76.fasta	N/A	N/A	N/A	N/A	N/A	N/A	N/A	N/A	N/A	N/A	N/A	N/A	N/A	N/A	N/A	N/A	N/A	Insufficient number of amino acids in MSA (5.8%)	unclassified	NA	NA	NA	unclassified	12908
Unclassified Bacteria	SRR24759599_binette_bin77.fasta	N/A	N/A	N/A	N/A	N/A	N/A	N/A	N/A	N/A	N/A	N/A	N/A	N/A	N/A	N/A	N/A	N/A	Insufficient number of amino acids in MSA (0.8%)	unclassified	NA	NA	NA	unclassified	12908
Unclassified Bacteria	SRR24759599_binette_bin88.fasta	N/A	N/A	N/A	N/A	N/A	N/A	N/A	N/A	N/A	N/A	N/A	N/A	N/A	N/A	N/A	N/A	N/A	Insufficient number of amino acids in MSA (3.0%)	unclassified	NA	NA	NA	unclassified	12908
Unclassified Bacteria	SRR24759599_binette_bin93.fasta	N/A	N/A	N/A	N/A	N/A	N/A	N/A	N/A	N/A	N/A	N/A	N/A	N/A	N/A	N/A	N/A	N/A	Insufficient number of amino acids in MSA (4.6%)	unclassified	NA	NA	NA	unclassified	12908
Unclassified Bacteria	SRR24759599_binette_bin95.fasta	N/A	N/A	N/A	N/A	N/A	N/A	N/A	N/A	N/A	N/A	N/A	N/A	N/A	N/A	N/A	N/A	N/A	Insufficient number of amino acids in MSA (4.4%)	unclassified	NA	NA	NA	unclassified	12908
Unclassified Bacteria	SRR24759599_binette_bin98.fasta	N/A	N/A	N/A	N/A	N/A	N/A	N/A	N/A	N/A	N/A	N/A	N/A	N/A	N/A	N/A	N/A	N/A	Insufficient number of amino acids in MSA (7.5%)	unclassified	NA	NA	NA	unclassified	12908
Unclassified Bacteria	SRR24759600_binette_bin101.fasta	N/A	N/A	N/A	N/A	N/A	N/A	N/A	N/A	N/A	N/A	N/A	N/A	N/A	N/A	N/A	N/A	N/A	Insufficient number of amino acids in MSA (0.3%)	unclassified	NA	NA	NA	unclassified	12908
Unclassified Bacteria	SRR24759600_binette_bin102.fasta	N/A	N/A	N/A	N/A	N/A	N/A	N/A	N/A	N/A	N/A	N/A	N/A	N/A	N/A	N/A	N/A	N/A	Insufficient number of amino acids in MSA (1.2%)	unclassified	NA	NA	NA	unclassified	12908
Unclassified Bacteria	SRR24759600_binette_bin104.fasta	N/A	N/A	N/A	N/A	N/A	N/A	N/A	N/A	N/A	N/A	N/A	N/A	N/A	N/A	N/A	N/A	N/A	Insufficient number of amino acids in MSA (2.0%)	unclassified	NA	NA	NA	unclassified	12908
Unclassified Bacteria	SRR24759600_binette_bin105.fasta	N/A	N/A	N/A	N/A	N/A	N/A	N/A	N/A	N/A	N/A	N/A	N/A	N/A	N/A	N/A	N/A	N/A	Insufficient number of amino acids in MSA (0.8%)	unclassified	NA	NA	NA	unclassified	12908
Unclassified Bacteria	SRR24759600_binette_bin106.fasta	N/A	N/A	N/A	N/A	N/A	N/A	N/A	N/A	N/A	N/A	N/A	N/A	N/A	N/A	N/A	N/A	N/A	Insufficient number of amino acids in MSA (0.7%)	unclassified	NA	NA	NA	unclassified	12908
Unclassified Bacteria	SRR24759600_binette_bin107.fasta	N/A	N/A	N/A	N/A	N/A	N/A	N/A	N/A	N/A	N/A	N/A	N/A	N/A	N/A	N/A	N/A	N/A	Insufficient number of amino acids in MSA (4.3%)	unclassified	NA	NA	NA	unclassified	12908
Unclassified Bacteria	SRR24759600_binette_bin109.fasta	N/A	N/A	N/A	N/A	N/A	N/A	N/A	N/A	N/A	N/A	N/A	N/A	N/A	N/A	N/A	N/A	N/A	Insufficient number of amino acids in MSA (0.5%)	unclassified	NA	NA	NA	unclassified	12908
Unclassified Bacteria	SRR24759600_binette_bin112.fasta	N/A	N/A	N/A	N/A	N/A	N/A	N/A	N/A	N/A	N/A	N/A	N/A	N/A	N/A	N/A	N/A	N/A	Insufficient number of amino acids in MSA (1.4%)	unclassified	NA	NA	NA	unclassified	12908
Unclassified Bacteria	SRR24759600_binette_bin113.fasta	N/A	N/A	N/A	N/A	N/A	N/A	N/A	N/A	N/A	N/A	N/A	N/A	N/A	N/A	N/A	N/A	N/A	Insufficient number of amino acids in MSA (5.3%)	unclassified	NA	NA	NA	unclassified	12908
Unclassified Bacteria	SRR24759600_binette_bin114.fasta	N/A	N/A	N/A	N/A	N/A	N/A	N/A	N/A	N/A	N/A	N/A	N/A	N/A	N/A	N/A	N/A	N/A	Insufficient number of amino acids in MSA (3.7%)	unclassified	NA	NA	NA	unclassified	12908
Unclassified Bacteria	SRR24759600_binette_bin115.fasta	N/A	N/A	N/A	N/A	N/A	N/A	N/A	N/A	N/A	N/A	N/A	N/A	N/A	N/A	N/A	N/A	N/A	Insufficient number of amino acids in MSA (2.7%)	unclassified	NA	NA	NA	unclassified	12908
Unclassified Bacteria	SRR24759600_binette_bin116.fasta	N/A	N/A	N/A	N/A	N/A	N/A	N/A	N/A	N/A	N/A	N/A	N/A	N/A	N/A	N/A	N/A	N/A	Insufficient number of amino acids in MSA (3.2%)	unclassified	NA	NA	NA	unclassified	12908
Unclassified Bacteria	SRR24759600_binette_bin44.fasta	N/A	N/A	N/A	N/A	N/A	N/A	N/A	N/A	N/A	N/A	N/A	N/A	N/A	N/A	N/A	N/A	N/A	Insufficient number of amino acids in MSA (2.8%)	unclassified	NA	NA	NA	unclassified	12908
Unclassified Bacteria	SRR24759600_binette_bin45.fasta	N/A	N/A	N/A	N/A	N/A	N/A	N/A	N/A	N/A	N/A	N/A	N/A	N/A	N/A	N/A	N/A	N/A	Insufficient number of amino acids in MSA (8.0%)	unclassified	NA	NA	NA	unclassified	12908
Unclassified Bacteria	SRR24759600_binette_bin49.fasta	N/A	N/A	N/A	N/A	N/A	N/A	N/A	N/A	N/A	N/A	N/A	N/A	N/A	N/A	N/A	N/A	N/A	Insufficient number of amino acids in MSA (1.2%)	unclassified	NA	NA	NA	unclassified	12908
Unclassified Bacteria	SRR24759600_binette_bin50.fasta	N/A	N/A	N/A	N/A	N/A	N/A	N/A	N/A	N/A	N/A	N/A	N/A	N/A	N/A	N/A	N/A	N/A	Insufficient number of amino acids in MSA (7.2%)	unclassified	NA	NA	NA	unclassified	12908
Unclassified Bacteria	SRR24759600_binette_bin53.fasta	N/A	N/A	N/A	N/A	N/A	N/A	N/A	N/A	N/A	N/A	N/A	N/A	N/A	N/A	N/A	N/A	N/A	Insufficient number of amino acids in MSA (2.3%)	unclassified	NA	NA	NA	unclassified	12908
Unclassified Bacteria	SRR24759600_binette_bin54.fasta	N/A	N/A	N/A	N/A	N/A	N/A	N/A	N/A	N/A	N/A	N/A	N/A	N/A	N/A	N/A	N/A	N/A	Insufficient number of amino acids in MSA (8.5%)	unclassified	NA	NA	NA	unclassified	12908
Unclassified Bacteria	SRR24759600_binette_bin59.fasta	N/A	N/A	N/A	N/A	N/A	N/A	N/A	N/A	N/A	N/A	N/A	N/A	N/A	N/A	N/A	N/A	N/A	Insufficient number of amino acids in MSA (7.2%)	unclassified	NA	NA	NA	unclassified	12908
Unclassified Bacteria	SRR24759600_binette_bin60.fasta	N/A	N/A	N/A	N/A	N/A	N/A	N/A	N/A	N/A	N/A	N/A	N/A	N/A	N/A	N/A	N/A	N/A	Insufficient number of amino acids in MSA (2.3%)	unclassified	NA	NA	NA	unclassified	12908
Unclassified Bacteria	SRR24759600_binette_bin62.fasta	N/A	N/A	N/A	N/A	N/A	N/A	N/A	N/A	N/A	N/A	N/A	N/A	N/A	N/A	N/A	N/A	N/A	Insufficient number of amino acids in MSA (7.1%)	unclassified	NA	NA	NA	unclassified	12908
Unclassified Bacteria	SRR24759600_binette_bin63.fasta	N/A	N/A	N/A	N/A	N/A	N/A	N/A	N/A	N/A	N/A	N/A	N/A	N/A	N/A	N/A	N/A	N/A	Insufficient number of amino acids in MSA (5.4%)	unclassified	NA	NA	NA	unclassified	12908
Unclassified Bacteria	SRR24759600_binette_bin65.fasta	N/A	N/A	N/A	N/A	N/A	N/A	N/A	N/A	N/A	N/A	N/A	N/A	N/A	N/A	N/A	N/A	N/A	Insufficient number of amino acids in MSA (4.9%)	unclassified	NA	NA	NA	unclassified	12908
Unclassified Bacteria	SRR24759600_binette_bin66.fasta	N/A	N/A	N/A	N/A	N/A	N/A	N/A	N/A	N/A	N/A	N/A	N/A	N/A	N/A	N/A	N/A	N/A	Insufficient number of amino acids in MSA (4.4%)	unclassified	NA	NA	NA	unclassified	12908
Unclassified Bacteria	SRR24759600_binette_bin67.fasta	N/A	N/A	N/A	N/A	N/A	N/A	N/A	N/A	N/A	N/A	N/A	N/A	N/A	N/A	N/A	N/A	N/A	Insufficient number of amino acids in MSA (4.0%)	unclassified	NA	NA	NA	unclassified	12908
Unclassified Bacteria	SRR24759600_binette_bin68.fasta	N/A	N/A	N/A	N/A	N/A	N/A	N/A	N/A	N/A	N/A	N/A	N/A	N/A	N/A	N/A	N/A	N/A	Insufficient number of amino acids in MSA (1.6%)	unclassified	NA	NA	NA	unclassified	12908
Unclassified Bacteria	SRR24759600_binette_bin69.fasta	N/A	N/A	N/A	N/A	N/A	N/A	N/A	N/A	N/A	N/A	N/A	N/A	N/A	N/A	N/A	N/A	N/A	Insufficient number of amino acids in MSA (1.6%)	unclassified	NA	NA	NA	unclassified	12908
Unclassified Bacteria	SRR24759600_binette_bin74.fasta	N/A	N/A	N/A	N/A	N/A	N/A	N/A	N/A	N/A	N/A	N/A	N/A	N/A	N/A	N/A	N/A	N/A	Insufficient number of amino acids in MSA (0.7%)	unclassified	NA	NA	NA	unclassified	12908
Unclassified Bacteria	SRR24759600_binette_bin75.fasta	N/A	N/A	N/A	N/A	N/A	N/A	N/A	N/A	N/A	N/A	N/A	N/A	N/A	N/A	N/A	N/A	N/A	Insufficient number of amino acids in MSA (2.0%)	unclassified	NA	NA	NA	unclassified	12908
Unclassified Bacteria	SRR24759600_binette_bin77.fasta	N/A	N/A	N/A	N/A	N/A	N/A	N/A	N/A	N/A	N/A	N/A	N/A	N/A	N/A	N/A	N/A	N/A	Insufficient number of amino acids in MSA (4.0%)	unclassified	NA	NA	NA	unclassified	12908
Unclassified Bacteria	SRR24759600_binette_bin81.fasta	N/A	N/A	N/A	N/A	N/A	N/A	N/A	N/A	N/A	N/A	N/A	N/A	N/A	N/A	N/A	N/A	N/A	Insufficient number of amino acids in MSA (2.0%)	unclassified	NA	NA	NA	unclassified	12908
Unclassified Bacteria	SRR24759600_binette_bin99.fasta	N/A	N/A	N/A	N/A	N/A	N/A	N/A	N/A	N/A	N/A	N/A	N/A	N/A	N/A	N/A	N/A	N/A	Insufficient number of amino acids in MSA (3.6%)	unclassified	NA	NA	NA	unclassified	12908
Unclassified Bacteria	SRR24759601_binette_bin17.fasta	N/A	N/A	N/A	N/A	N/A	N/A	N/A	N/A	N/A	N/A	N/A	N/A	N/A	N/A	N/A	N/A	N/A	Insufficient number of amino acids in MSA (0.8%)	unclassified	NA	NA	NA	unclassified	12908
Unclassified Bacteria	SRR24759601_binette_bin21.fasta	N/A	N/A	N/A	N/A	N/A	N/A	N/A	N/A	N/A	N/A	N/A	N/A	N/A	N/A	N/A	N/A	N/A	Insufficient number of amino acids in MSA (2.2%)	unclassified	NA	NA	NA	unclassified	12908
Unclassified Bacteria	SRR24759601_binette_bin22.fasta	N/A	N/A	N/A	N/A	N/A	N/A	N/A	N/A	N/A	N/A	N/A	N/A	N/A	N/A	N/A	N/A	N/A	Insufficient number of amino acids in MSA (6.0%)	unclassified	NA	NA	NA	unclassified	12908
Unclassified Bacteria	SRR24759601_binette_bin24.fasta	N/A	N/A	N/A	N/A	N/A	N/A	N/A	N/A	N/A	N/A	N/A	N/A	N/A	N/A	N/A	N/A	N/A	Insufficient number of amino acids in MSA (5.1%)	unclassified	NA	NA	NA	unclassified	12908
Unclassified Bacteria	SRR24759601_binette_bin25.fasta	N/A	N/A	N/A	N/A	N/A	N/A	N/A	N/A	N/A	N/A	N/A	N/A	N/A	N/A	N/A	N/A	N/A	Insufficient number of amino acids in MSA (4.9%)	unclassified	NA	NA	NA	unclassified	12908
Unclassified Bacteria	SRR24759601_binette_bin27.fasta	N/A	N/A	N/A	N/A	N/A	N/A	N/A	N/A	N/A	N/A	N/A	N/A	N/A	N/A	N/A	N/A	N/A	Insufficient number of amino acids in MSA (3.5%)	unclassified	NA	NA	NA	unclassified	12908
Unclassified Bacteria	SRR24759601_binette_bin29.fasta	N/A	N/A	N/A	N/A	N/A	N/A	N/A	N/A	N/A	N/A	N/A	N/A	N/A	N/A	N/A	N/A	N/A	Insufficient number of amino acids in MSA (9.5%)	unclassified	NA	NA	NA	unclassified	12908
Unclassified Bacteria	SRR24759601_binette_bin31.fasta	N/A	N/A	N/A	N/A	N/A	N/A	N/A	N/A	N/A	N/A	N/A	N/A	N/A	N/A	N/A	N/A	N/A	Insufficient number of amino acids in MSA (7.0%)	unclassified	NA	NA	NA	unclassified	12908
Unclassified Bacteria	SRR24759601_binette_bin32.fasta	N/A	N/A	N/A	N/A	N/A	N/A	N/A	N/A	N/A	N/A	N/A	N/A	N/A	N/A	N/A	N/A	N/A	Insufficient number of amino acids in MSA (8.8%)	unclassified	NA	NA	NA	unclassified	12908
Unclassified Bacteria	SRR24759601_binette_bin35.fasta	N/A	N/A	N/A	N/A	N/A	N/A	N/A	N/A	N/A	N/A	N/A	N/A	N/A	N/A	N/A	N/A	N/A	Insufficient number of amino acids in MSA (8.3%)	unclassified	NA	NA	NA	unclassified	12908
Unclassified Bacteria	SRR24759601_binette_bin36.fasta	N/A	N/A	N/A	N/A	N/A	N/A	N/A	N/A	N/A	N/A	N/A	N/A	N/A	N/A	N/A	N/A	N/A	Insufficient number of amino acids in MSA (4.6%)	unclassified	NA	NA	NA	unclassified	12908
Unclassified Bacteria	SRR24759601_binette_bin37.fasta	N/A	N/A	N/A	N/A	N/A	N/A	N/A	N/A	N/A	N/A	N/A	N/A	N/A	N/A	N/A	N/A	N/A	Insufficient number of amino acids in MSA (5.6%)	unclassified	NA	NA	NA	unclassified	12908
Unclassified Bacteria	SRR24759601_binette_bin39.fasta	N/A	N/A	N/A	N/A	N/A	N/A	N/A	N/A	N/A	N/A	N/A	N/A	N/A	N/A	N/A	N/A	N/A	Insufficient number of amino acids in MSA (3.2%)	unclassified	NA	NA	NA	unclassified	12908
Unclassified Bacteria	SRR24759601_binette_bin40.fasta	N/A	N/A	N/A	N/A	N/A	N/A	N/A	N/A	N/A	N/A	N/A	N/A	N/A	N/A	N/A	N/A	N/A	Insufficient number of amino acids in MSA (8.2%)	unclassified	NA	NA	NA	unclassified	12908
Unclassified Bacteria	SRR24759601_binette_bin41.fasta	N/A	N/A	N/A	N/A	N/A	N/A	N/A	N/A	N/A	N/A	N/A	N/A	N/A	N/A	N/A	N/A	N/A	Insufficient number of amino acids in MSA (6.5%)	unclassified	NA	NA	NA	unclassified	12908
Unclassified Bacteria	SRR24759601_binette_bin42.fasta	N/A	N/A	N/A	N/A	N/A	N/A	N/A	N/A	N/A	N/A	N/A	N/A	N/A	N/A	N/A	N/A	N/A	Insufficient number of amino acids in MSA (2.5%)	unclassified	NA	NA	NA	unclassified	12908
Unclassified Bacteria	SRR24759601_binette_bin44.fasta	N/A	N/A	N/A	N/A	N/A	N/A	N/A	N/A	N/A	N/A	N/A	N/A	N/A	N/A	N/A	N/A	N/A	Insufficient number of amino acids in MSA (3.2%)	unclassified	NA	NA	NA	unclassified	12908
Unclassified Bacteria	SRR24759601_binette_bin45.fasta	N/A	N/A	N/A	N/A	N/A	N/A	N/A	N/A	N/A	N/A	N/A	N/A	N/A	N/A	N/A	N/A	N/A	Insufficient number of amino acids in MSA (1.2%)	unclassified	NA	NA	NA	unclassified	12908
Unclassified Bacteria	SRR24759601_binette_bin58.fasta	N/A	N/A	N/A	N/A	N/A	N/A	N/A	N/A	N/A	N/A	N/A	N/A	N/A	N/A	N/A	N/A	N/A	Insufficient number of amino acids in MSA (1.7%)	unclassified	NA	NA	NA	unclassified	12908
Unclassified Bacteria	SRR24759601_binette_bin59.fasta	N/A	N/A	N/A	N/A	N/A	N/A	N/A	N/A	N/A	N/A	N/A	N/A	N/A	N/A	N/A	N/A	N/A	Insufficient number of amino acids in MSA (0.8%)	unclassified	NA	NA	NA	unclassified	12908
Unclassified Bacteria	SRR24759602_binette_bin20.fasta	N/A	N/A	N/A	N/A	N/A	N/A	N/A	N/A	N/A	N/A	N/A	N/A	N/A	N/A	N/A	N/A	N/A	Insufficient number of amino acids in MSA (7.8%)	unclassified	NA	NA	NA	unclassified	12908
Unclassified Bacteria	SRR24759602_binette_bin21.fasta	N/A	N/A	N/A	N/A	N/A	N/A	N/A	N/A	N/A	N/A	N/A	N/A	N/A	N/A	N/A	N/A	N/A	Insufficient number of amino acids in MSA (1.5%)	unclassified	NA	NA	NA	unclassified	12908
Unclassified Bacteria	SRR24759602_binette_bin23.fasta	N/A	N/A	N/A	N/A	N/A	N/A	N/A	N/A	N/A	N/A	N/A	N/A	N/A	N/A	N/A	N/A	N/A	Insufficient number of amino acids in MSA (7.4%)	unclassified	NA	NA	NA	unclassified	12908
Unclassified Bacteria	SRR24759602_binette_bin27.fasta	N/A	N/A	N/A	N/A	N/A	N/A	N/A	N/A	N/A	N/A	N/A	N/A	N/A	N/A	N/A	N/A	N/A	Insufficient number of amino acids in MSA (8.8%)	unclassified	NA	NA	NA	unclassified	12908
Unclassified Bacteria	SRR24759602_binette_bin28.fasta	N/A	N/A	N/A	N/A	N/A	N/A	N/A	N/A	N/A	N/A	N/A	N/A	N/A	N/A	N/A	N/A	N/A	Insufficient number of amino acids in MSA (9.9%)	unclassified	NA	NA	NA	unclassified	12908
Unclassified Bacteria	SRR24759602_binette_bin30.fasta	N/A	N/A	N/A	N/A	N/A	N/A	N/A	N/A	N/A	N/A	N/A	N/A	N/A	N/A	N/A	N/A	N/A	Insufficient number of amino acids in MSA (2.0%)	unclassified	NA	NA	NA	unclassified	12908
Unclassified Bacteria	SRR24759602_binette_bin31.fasta	N/A	N/A	N/A	N/A	N/A	N/A	N/A	N/A	N/A	N/A	N/A	N/A	N/A	N/A	N/A	N/A	N/A	Insufficient number of amino acids in MSA (4.7%)	unclassified	NA	NA	NA	unclassified	12908
Unclassified Bacteria	SRR24759602_binette_bin34.fasta	N/A	N/A	N/A	N/A	N/A	N/A	N/A	N/A	N/A	N/A	N/A	N/A	N/A	N/A	N/A	N/A	N/A	Insufficient number of amino acids in MSA (6.5%)	unclassified	NA	NA	NA	unclassified	12908
Unclassified Bacteria	SRR24759602_binette_bin36.fasta	N/A	N/A	N/A	N/A	N/A	N/A	N/A	N/A	N/A	N/A	N/A	N/A	N/A	N/A	N/A	N/A	N/A	Insufficient number of amino acids in MSA (0.4%)	unclassified	NA	NA	NA	unclassified	12908
Unclassified Bacteria	SRR24759602_binette_bin37.fasta	N/A	N/A	N/A	N/A	N/A	N/A	N/A	N/A	N/A	N/A	N/A	N/A	N/A	N/A	N/A	N/A	N/A	Insufficient number of amino acids in MSA (0.4%)	unclassified	NA	NA	NA	unclassified	12908
Unclassified Bacteria	SRR24759602_binette_bin38.fasta	N/A	N/A	N/A	N/A	N/A	N/A	N/A	N/A	N/A	N/A	N/A	N/A	N/A	N/A	N/A	N/A	N/A	Insufficient number of amino acids in MSA (5.0%)	unclassified	NA	NA	NA	unclassified	12908
Unclassified Bacteria	SRR24759602_binette_bin40.fasta	N/A	N/A	N/A	N/A	N/A	N/A	N/A	N/A	N/A	N/A	N/A	N/A	N/A	N/A	N/A	N/A	N/A	Insufficient number of amino acids in MSA (0.8%)	unclassified	NA	NA	NA	unclassified	12908
Unclassified Bacteria	SRR24759602_binette_bin41.fasta	N/A	N/A	N/A	N/A	N/A	N/A	N/A	N/A	N/A	N/A	N/A	N/A	N/A	N/A	N/A	N/A	N/A	Insufficient number of amino acids in MSA (2.6%)	unclassified	NA	NA	NA	unclassified	12908
Unclassified Bacteria	SRR24759602_binette_bin42.fasta	N/A	N/A	N/A	N/A	N/A	N/A	N/A	N/A	N/A	N/A	N/A	N/A	N/A	N/A	N/A	N/A	N/A	Insufficient number of amino acids in MSA (0.2%)	unclassified	NA	NA	NA	unclassified	12908
Unclassified Bacteria	SRR24759602_binette_bin44.fasta	N/A	N/A	N/A	N/A	N/A	N/A	N/A	N/A	N/A	N/A	N/A	N/A	N/A	N/A	N/A	N/A	N/A	Insufficient number of amino acids in MSA (1.1%)	unclassified	NA	NA	NA	unclassified	12908
Unclassified Bacteria	SRR24759602_binette_bin46.fasta	N/A	N/A	N/A	N/A	N/A	N/A	N/A	N/A	N/A	N/A	N/A	N/A	N/A	N/A	N/A	N/A	N/A	Insufficient number of amino acids in MSA (6.1%)	unclassified	NA	NA	NA	unclassified	12908
Unclassified Bacteria	SRR24759602_binette_bin48.fasta	N/A	N/A	N/A	N/A	N/A	N/A	N/A	N/A	N/A	N/A	N/A	N/A	N/A	N/A	N/A	N/A	N/A	Insufficient number of amino acids in MSA (7.0%)	unclassified	NA	NA	NA	unclassified	12908
Unclassified Bacteria	SRR24759602_binette_bin51.fasta	N/A	N/A	N/A	N/A	N/A	N/A	N/A	N/A	N/A	N/A	N/A	N/A	N/A	N/A	N/A	N/A	N/A	Insufficient number of amino acids in MSA (1.8%)	unclassified	NA	NA	NA	unclassified	12908
Unclassified Bacteria	SRR24759602_binette_bin54.fasta	N/A	N/A	N/A	N/A	N/A	N/A	N/A	N/A	N/A	N/A	N/A	N/A	N/A	N/A	N/A	N/A	N/A	Insufficient number of amino acids in MSA (1.6%)	unclassified	NA	NA	NA	unclassified	12908
Unclassified Bacteria	SRR24759602_binette_bin55.fasta	N/A	N/A	N/A	N/A	N/A	N/A	N/A	N/A	N/A	N/A	N/A	N/A	N/A	N/A	N/A	N/A	N/A	Insufficient number of amino acids in MSA (2.5%)	unclassified	NA	NA	NA	unclassified	12908
Unclassified Bacteria	SRR24759602_binette_bin72.fasta	N/A	N/A	N/A	N/A	N/A	N/A	N/A	N/A	N/A	N/A	N/A	N/A	N/A	N/A	N/A	N/A	N/A	Insufficient number of amino acids in MSA (3.1%)	unclassified	NA	NA	NA	unclassified	12908
Unclassified Bacteria	SRR24759602_binette_bin75.fasta	N/A	N/A	N/A	N/A	N/A	N/A	N/A	N/A	N/A	N/A	N/A	N/A	N/A	N/A	N/A	N/A	N/A	Insufficient number of amino acids in MSA (1.4%)	unclassified	NA	NA	NA	unclassified	12908
Unclassified Bacteria	SRR24759602_binette_bin76.fasta	N/A	N/A	N/A	N/A	N/A	N/A	N/A	N/A	N/A	N/A	N/A	N/A	N/A	N/A	N/A	N/A	N/A	Insufficient number of amino acids in MSA (0.8%)	unclassified	NA	NA	NA	unclassified	12908
Unclassified Bacteria	SRR24759603_binette_bin36.fasta	N/A	N/A	N/A	N/A	N/A	N/A	N/A	N/A	N/A	N/A	N/A	N/A	N/A	N/A	N/A	N/A	N/A	Insufficient number of amino acids in MSA (7.3%)	unclassified	NA	NA	NA	unclassified	12908
Unclassified Bacteria	SRR24759603_binette_bin39.fasta	N/A	N/A	N/A	N/A	N/A	N/A	N/A	N/A	N/A	N/A	N/A	N/A	N/A	N/A	N/A	N/A	N/A	Insufficient number of amino acids in MSA (0.9%)	unclassified	NA	NA	NA	unclassified	12908
Unclassified Bacteria	SRR24759603_binette_bin41.fasta	N/A	N/A	N/A	N/A	N/A	N/A	N/A	N/A	N/A	N/A	N/A	N/A	N/A	N/A	N/A	N/A	N/A	Insufficient number of amino acids in MSA (3.1%)	unclassified	NA	NA	NA	unclassified	12908
Unclassified Bacteria	SRR24759603_binette_bin42.fasta	N/A	N/A	N/A	N/A	N/A	N/A	N/A	N/A	N/A	N/A	N/A	N/A	N/A	N/A	N/A	N/A	N/A	Insufficient number of amino acids in MSA (0.8%)	unclassified	NA	NA	NA	unclassified	12908
Unclassified Bacteria	SRR24759603_binette_bin46.fasta	N/A	N/A	N/A	N/A	N/A	N/A	N/A	N/A	N/A	N/A	N/A	N/A	N/A	N/A	N/A	N/A	N/A	Insufficient number of amino acids in MSA (4.5%)	unclassified	NA	NA	NA	unclassified	12908
Unclassified Bacteria	SRR24759603_binette_bin49.fasta	N/A	N/A	N/A	N/A	N/A	N/A	N/A	N/A	N/A	N/A	N/A	N/A	N/A	N/A	N/A	N/A	N/A	Insufficient number of amino acids in MSA (5.0%)	unclassified	NA	NA	NA	unclassified	12908
Unclassified Bacteria	SRR24759603_binette_bin51.fasta	N/A	N/A	N/A	N/A	N/A	N/A	N/A	N/A	N/A	N/A	N/A	N/A	N/A	N/A	N/A	N/A	N/A	Insufficient number of amino acids in MSA (3.3%)	unclassified	NA	NA	NA	unclassified	12908
Unclassified Bacteria	SRR24759603_binette_bin52.fasta	N/A	N/A	N/A	N/A	N/A	N/A	N/A	N/A	N/A	N/A	N/A	N/A	N/A	N/A	N/A	N/A	N/A	Insufficient number of amino acids in MSA (0.7%)	unclassified	NA	NA	NA	unclassified	12908
Unclassified Bacteria	SRR24759603_binette_bin53.fasta	N/A	N/A	N/A	N/A	N/A	N/A	N/A	N/A	N/A	N/A	N/A	N/A	N/A	N/A	N/A	N/A	N/A	Insufficient number of amino acids in MSA (0.8%)	unclassified	NA	NA	NA	unclassified	12908
Unclassified Bacteria	SRR24759603_binette_bin56.fasta	N/A	N/A	N/A	N/A	N/A	N/A	N/A	N/A	N/A	N/A	N/A	N/A	N/A	N/A	N/A	N/A	N/A	Insufficient number of amino acids in MSA (0.8%)	unclassified	NA	NA	NA	unclassified	12908
Unclassified Bacteria	SRR24759603_binette_bin57.fasta	N/A	N/A	N/A	N/A	N/A	N/A	N/A	N/A	N/A	N/A	N/A	N/A	N/A	N/A	N/A	N/A	N/A	Insufficient number of amino acids in MSA (0.8%)	unclassified	NA	NA	NA	unclassified	12908
Unclassified Bacteria	SRR24759603_binette_bin86.fasta	N/A	N/A	N/A	N/A	N/A	N/A	N/A	N/A	N/A	N/A	N/A	N/A	N/A	N/A	N/A	N/A	N/A	Insufficient number of amino acids in MSA (3.3%)	unclassified	NA	NA	NA	unclassified	12908
Unclassified Bacteria	SRR24759603_binette_bin88.fasta	N/A	N/A	N/A	N/A	N/A	N/A	N/A	N/A	N/A	N/A	N/A	N/A	N/A	N/A	N/A	N/A	N/A	Insufficient number of amino acids in MSA (1.0%)	unclassified	NA	NA	NA	unclassified	12908
Unclassified Bacteria	SRR24759603_binette_bin89.fasta	N/A	N/A	N/A	N/A	N/A	N/A	N/A	N/A	N/A	N/A	N/A	N/A	N/A	N/A	N/A	N/A	N/A	Insufficient number of amino acids in MSA (0.8%)	unclassified	NA	NA	NA	unclassified	12908
Unclassified Bacteria	SRR24759603_binette_bin90.fasta	N/A	N/A	N/A	N/A	N/A	N/A	N/A	N/A	N/A	N/A	N/A	N/A	N/A	N/A	N/A	N/A	N/A	Insufficient number of amino acids in MSA (0.6%)	unclassified	NA	NA	NA	unclassified	12908
Unclassified Bacteria	SRR24759604_binette_bin102.fasta	N/A	N/A	N/A	N/A	N/A	N/A	N/A	N/A	N/A	N/A	N/A	N/A	N/A	N/A	N/A	N/A	N/A	Insufficient number of amino acids in MSA (5.4%)	unclassified	NA	NA	NA	unclassified	12908
Unclassified Bacteria	SRR24759604_binette_bin27.fasta	N/A	N/A	N/A	N/A	N/A	N/A	N/A	N/A	N/A	N/A	N/A	N/A	N/A	N/A	N/A	N/A	N/A	Insufficient number of amino acids in MSA (5.9%)	unclassified	NA	NA	NA	unclassified	12908
Unclassified Bacteria	SRR24759604_binette_bin28.fasta	N/A	N/A	N/A	N/A	N/A	N/A	N/A	N/A	N/A	N/A	N/A	N/A	N/A	N/A	N/A	N/A	N/A	Insufficient number of amino acids in MSA (6.5%)	unclassified	NA	NA	NA	unclassified	12908
Unclassified Bacteria	SRR24759604_binette_bin35.fasta	N/A	N/A	N/A	N/A	N/A	N/A	N/A	N/A	N/A	N/A	N/A	N/A	N/A	N/A	N/A	N/A	N/A	Insufficient number of amino acids in MSA (7.7%)	unclassified	NA	NA	NA	unclassified	12908
Unclassified Bacteria	SRR24759604_binette_bin36.fasta	N/A	N/A	N/A	N/A	N/A	N/A	N/A	N/A	N/A	N/A	N/A	N/A	N/A	N/A	N/A	N/A	N/A	Insufficient number of amino acids in MSA (2.4%)	unclassified	NA	NA	NA	unclassified	12908
Unclassified Bacteria	SRR24759604_binette_bin42.fasta	N/A	N/A	N/A	N/A	N/A	N/A	N/A	N/A	N/A	N/A	N/A	N/A	N/A	N/A	N/A	N/A	N/A	Insufficient number of amino acids in MSA (1.4%)	unclassified	NA	NA	NA	unclassified	12908
Unclassified Bacteria	SRR24759604_binette_bin43.fasta	N/A	N/A	N/A	N/A	N/A	N/A	N/A	N/A	N/A	N/A	N/A	N/A	N/A	N/A	N/A	N/A	N/A	Insufficient number of amino acids in MSA (8.1%)	unclassified	NA	NA	NA	unclassified	12908
Unclassified Bacteria	SRR24759604_binette_bin44.fasta	N/A	N/A	N/A	N/A	N/A	N/A	N/A	N/A	N/A	N/A	N/A	N/A	N/A	N/A	N/A	N/A	N/A	Insufficient number of amino acids in MSA (3.8%)	unclassified	NA	NA	NA	unclassified	12908
Unclassified Bacteria	SRR24759604_binette_bin45.fasta	N/A	N/A	N/A	N/A	N/A	N/A	N/A	N/A	N/A	N/A	N/A	N/A	N/A	N/A	N/A	N/A	N/A	Insufficient number of amino acids in MSA (1.8%)	unclassified	NA	NA	NA	unclassified	12908
Unclassified Bacteria	SRR24759604_binette_bin46.fasta	N/A	N/A	N/A	N/A	N/A	N/A	N/A	N/A	N/A	N/A	N/A	N/A	N/A	N/A	N/A	N/A	N/A	Insufficient number of amino acids in MSA (3.5%)	unclassified	NA	NA	NA	unclassified	12908
Unclassified Bacteria	SRR24759604_binette_bin47.fasta	N/A	N/A	N/A	N/A	N/A	N/A	N/A	N/A	N/A	N/A	N/A	N/A	N/A	N/A	N/A	N/A	N/A	Insufficient number of amino acids in MSA (0.8%)	unclassified	NA	NA	NA	unclassified	12908
Unclassified Bacteria	SRR24759604_binette_bin48.fasta	N/A	N/A	N/A	N/A	N/A	N/A	N/A	N/A	N/A	N/A	N/A	N/A	N/A	N/A	N/A	N/A	N/A	Insufficient number of amino acids in MSA (0.8%)	unclassified	NA	NA	NA	unclassified	12908
Unclassified Bacteria	SRR24759604_binette_bin50.fasta	N/A	N/A	N/A	N/A	N/A	N/A	N/A	N/A	N/A	N/A	N/A	N/A	N/A	N/A	N/A	N/A	N/A	Insufficient number of amino acids in MSA (0.8%)	unclassified	NA	NA	NA	unclassified	12908
Unclassified Bacteria	SRR24759604_binette_bin51.fasta	N/A	N/A	N/A	N/A	N/A	N/A	N/A	N/A	N/A	N/A	N/A	N/A	N/A	N/A	N/A	N/A	N/A	Insufficient number of amino acids in MSA (2.6%)	unclassified	NA	NA	NA	unclassified	12908
Unclassified Bacteria	SRR24759604_binette_bin52.fasta	N/A	N/A	N/A	N/A	N/A	N/A	N/A	N/A	N/A	N/A	N/A	N/A	N/A	N/A	N/A	N/A	N/A	Insufficient number of amino acids in MSA (5.1%)	unclassified	NA	NA	NA	unclassified	12908
Unclassified Bacteria	SRR24759604_binette_bin53.fasta	N/A	N/A	N/A	N/A	N/A	N/A	N/A	N/A	N/A	N/A	N/A	N/A	N/A	N/A	N/A	N/A	N/A	Insufficient number of amino acids in MSA (4.0%)	unclassified	NA	NA	NA	unclassified	12908
Unclassified Bacteria	SRR24759604_binette_bin54.fasta	N/A	N/A	N/A	N/A	N/A	N/A	N/A	N/A	N/A	N/A	N/A	N/A	N/A	N/A	N/A	N/A	N/A	Insufficient number of amino acids in MSA (2.5%)	unclassified	NA	NA	NA	unclassified	12908
Unclassified Bacteria	SRR24759604_binette_bin55.fasta	N/A	N/A	N/A	N/A	N/A	N/A	N/A	N/A	N/A	N/A	N/A	N/A	N/A	N/A	N/A	N/A	N/A	Insufficient number of amino acids in MSA (7.4%)	unclassified	NA	NA	NA	unclassified	12908
Unclassified Bacteria	SRR24759604_binette_bin58.fasta	N/A	N/A	N/A	N/A	N/A	N/A	N/A	N/A	N/A	N/A	N/A	N/A	N/A	N/A	N/A	N/A	N/A	Insufficient number of amino acids in MSA (5.9%)	unclassified	NA	NA	NA	unclassified	12908
Unclassified Bacteria	SRR24759604_binette_bin87.fasta	N/A	N/A	N/A	N/A	N/A	N/A	N/A	N/A	N/A	N/A	N/A	N/A	N/A	N/A	N/A	N/A	N/A	Insufficient number of amino acids in MSA (0.8%)	unclassified	NA	NA	NA	unclassified	12908
Unclassified Bacteria	SRR24759604_binette_bin93.fasta	N/A	N/A	N/A	N/A	N/A	N/A	N/A	N/A	N/A	N/A	N/A	N/A	N/A	N/A	N/A	N/A	N/A	Insufficient number of amino acids in MSA (1.1%)	unclassified	NA	NA	NA	unclassified	12908
Unclassified Bacteria	SRR24759604_binette_bin96.fasta	N/A	N/A	N/A	N/A	N/A	N/A	N/A	N/A	N/A	N/A	N/A	N/A	N/A	N/A	N/A	N/A	N/A	Insufficient number of amino acids in MSA (1.9%)	unclassified	NA	NA	NA	unclassified	12908
Unclassified Bacteria	SRR24759605_binette_bin28.fasta	N/A	N/A	N/A	N/A	N/A	N/A	N/A	N/A	N/A	N/A	N/A	N/A	N/A	N/A	N/A	N/A	N/A	Insufficient number of amino acids in MSA (7.7%)	unclassified	NA	NA	NA	unclassified	12908
Unclassified Bacteria	SRR24759605_binette_bin30.fasta	N/A	N/A	N/A	N/A	N/A	N/A	N/A	N/A	N/A	N/A	N/A	N/A	N/A	N/A	N/A	N/A	N/A	Insufficient number of amino acids in MSA (5.9%)	unclassified	NA	NA	NA	unclassified	12908
Unclassified Bacteria	SRR24759605_binette_bin31.fasta	N/A	N/A	N/A	N/A	N/A	N/A	N/A	N/A	N/A	N/A	N/A	N/A	N/A	N/A	N/A	N/A	N/A	Insufficient number of amino acids in MSA (9.5%)	unclassified	NA	NA	NA	unclassified	12908
Unclassified Bacteria	SRR24759605_binette_bin32.fasta	N/A	N/A	N/A	N/A	N/A	N/A	N/A	N/A	N/A	N/A	N/A	N/A	N/A	N/A	N/A	N/A	N/A	Insufficient number of amino acids in MSA (7.6%)	unclassified	NA	NA	NA	unclassified	12908
Unclassified Bacteria	SRR24759605_binette_bin35.fasta	N/A	N/A	N/A	N/A	N/A	N/A	N/A	N/A	N/A	N/A	N/A	N/A	N/A	N/A	N/A	N/A	N/A	Insufficient number of amino acids in MSA (4.9%)	unclassified	NA	NA	NA	unclassified	12908
Unclassified Bacteria	SRR24759605_binette_bin36.fasta	N/A	N/A	N/A	N/A	N/A	N/A	N/A	N/A	N/A	N/A	N/A	N/A	N/A	N/A	N/A	N/A	N/A	Insufficient number of amino acids in MSA (5.5%)	unclassified	NA	NA	NA	unclassified	12908
Unclassified Bacteria	SRR24759605_binette_bin38.fasta	N/A	N/A	N/A	N/A	N/A	N/A	N/A	N/A	N/A	N/A	N/A	N/A	N/A	N/A	N/A	N/A	N/A	Insufficient number of amino acids in MSA (5.0%)	unclassified	NA	NA	NA	unclassified	12908
Unclassified Bacteria	SRR24759605_binette_bin40.fasta	N/A	N/A	N/A	N/A	N/A	N/A	N/A	N/A	N/A	N/A	N/A	N/A	N/A	N/A	N/A	N/A	N/A	Insufficient number of amino acids in MSA (0.6%)	unclassified	NA	NA	NA	unclassified	12908
Unclassified Bacteria	SRR24759605_binette_bin42.fasta	N/A	N/A	N/A	N/A	N/A	N/A	N/A	N/A	N/A	N/A	N/A	N/A	N/A	N/A	N/A	N/A	N/A	Insufficient number of amino acids in MSA (3.2%)	unclassified	NA	NA	NA	unclassified	12908
Unclassified Bacteria	SRR24759606_binette_bin26.fasta	N/A	N/A	N/A	N/A	N/A	N/A	N/A	N/A	N/A	N/A	N/A	N/A	N/A	N/A	N/A	N/A	N/A	Insufficient number of amino acids in MSA (3.1%)	unclassified	NA	NA	NA	unclassified	12908
Unclassified Bacteria	SRR24759606_binette_bin30.fasta	N/A	N/A	N/A	N/A	N/A	N/A	N/A	N/A	N/A	N/A	N/A	N/A	N/A	N/A	N/A	N/A	N/A	Insufficient number of amino acids in MSA (9.9%)	unclassified	NA	NA	NA	unclassified	12908
Unclassified Bacteria	SRR24759606_binette_bin34.fasta	N/A	N/A	N/A	N/A	N/A	N/A	N/A	N/A	N/A	N/A	N/A	N/A	N/A	N/A	N/A	N/A	N/A	Insufficient number of amino acids in MSA (0.4%)	unclassified	NA	NA	NA	unclassified	12908
Unclassified Bacteria	SRR24759606_binette_bin35.fasta	N/A	N/A	N/A	N/A	N/A	N/A	N/A	N/A	N/A	N/A	N/A	N/A	N/A	N/A	N/A	N/A	N/A	Insufficient number of amino acids in MSA (3.0%)	unclassified	NA	NA	NA	unclassified	12908
Unclassified Bacteria	SRR24759606_binette_bin36.fasta	N/A	N/A	N/A	N/A	N/A	N/A	N/A	N/A	N/A	N/A	N/A	N/A	N/A	N/A	N/A	N/A	N/A	Insufficient number of amino acids in MSA (4.1%)	unclassified	NA	NA	NA	unclassified	12908
Unclassified Bacteria	SRR24759606_binette_bin37.fasta	N/A	N/A	N/A	N/A	N/A	N/A	N/A	N/A	N/A	N/A	N/A	N/A	N/A	N/A	N/A	N/A	N/A	Insufficient number of amino acids in MSA (2.1%)	unclassified	NA	NA	NA	unclassified	12908
Unclassified Bacteria	SRR24759606_binette_bin38.fasta	N/A	N/A	N/A	N/A	N/A	N/A	N/A	N/A	N/A	N/A	N/A	N/A	N/A	N/A	N/A	N/A	N/A	Insufficient number of amino acids in MSA (6.9%)	unclassified	NA	NA	NA	unclassified	12908
Unclassified Bacteria	SRR24759606_binette_bin39.fasta	N/A	N/A	N/A	N/A	N/A	N/A	N/A	N/A	N/A	N/A	N/A	N/A	N/A	N/A	N/A	N/A	N/A	Insufficient number of amino acids in MSA (1.6%)	unclassified	NA	NA	NA	unclassified	12908
Unclassified Bacteria	SRR24759606_binette_bin40.fasta	N/A	N/A	N/A	N/A	N/A	N/A	N/A	N/A	N/A	N/A	N/A	N/A	N/A	N/A	N/A	N/A	N/A	Insufficient number of amino acids in MSA (0.2%)	unclassified	NA	NA	NA	unclassified	12908
Unclassified Bacteria	SRR24759606_binette_bin42.fasta	N/A	N/A	N/A	N/A	N/A	N/A	N/A	N/A	N/A	N/A	N/A	N/A	N/A	N/A	N/A	N/A	N/A	Insufficient number of amino acids in MSA (3.3%)	unclassified	NA	NA	NA	unclassified	12908
Unclassified Bacteria	SRR24759606_binette_bin43.fasta	N/A	N/A	N/A	N/A	N/A	N/A	N/A	N/A	N/A	N/A	N/A	N/A	N/A	N/A	N/A	N/A	N/A	Insufficient number of amino acids in MSA (1.5%)	unclassified	NA	NA	NA	unclassified	12908
Unclassified Bacteria	SRR24759606_binette_bin44.fasta	N/A	N/A	N/A	N/A	N/A	N/A	N/A	N/A	N/A	N/A	N/A	N/A	N/A	N/A	N/A	N/A	N/A	Insufficient number of amino acids in MSA (7.9%)	unclassified	NA	NA	NA	unclassified	12908
Unclassified Bacteria	SRR24759606_binette_bin46.fasta	N/A	N/A	N/A	N/A	N/A	N/A	N/A	N/A	N/A	N/A	N/A	N/A	N/A	N/A	N/A	N/A	N/A	Insufficient number of amino acids in MSA (5.0%)	unclassified	NA	NA	NA	unclassified	12908
Unclassified Bacteria	SRR24759606_binette_bin48.fasta	N/A	N/A	N/A	N/A	N/A	N/A	N/A	N/A	N/A	N/A	N/A	N/A	N/A	N/A	N/A	N/A	N/A	Insufficient number of amino acids in MSA (2.9%)	unclassified	NA	NA	NA	unclassified	12908
Unclassified Bacteria	SRR24759606_binette_bin49.fasta	N/A	N/A	N/A	N/A	N/A	N/A	N/A	N/A	N/A	N/A	N/A	N/A	N/A	N/A	N/A	N/A	N/A	Insufficient number of amino acids in MSA (2.9%)	unclassified	NA	NA	NA	unclassified	12908
Unclassified Bacteria	SRR24759606_binette_bin78.fasta	N/A	N/A	N/A	N/A	N/A	N/A	N/A	N/A	N/A	N/A	N/A	N/A	N/A	N/A	N/A	N/A	N/A	Insufficient number of amino acids in MSA (1.6%)	unclassified	NA	NA	NA	unclassified	12908
Unclassified Bacteria	SRR24759606_binette_bin89.fasta	N/A	N/A	N/A	N/A	N/A	N/A	N/A	N/A	N/A	N/A	N/A	N/A	N/A	N/A	N/A	N/A	N/A	Insufficient number of amino acids in MSA (8.4%)	unclassified	NA	NA	NA	unclassified	12908
Unclassified Bacteria	SRR24759606_binette_bin90.fasta	N/A	N/A	N/A	N/A	N/A	N/A	N/A	N/A	N/A	N/A	N/A	N/A	N/A	N/A	N/A	N/A	N/A	Insufficient number of amino acids in MSA (1.3%)	unclassified	NA	NA	NA	unclassified	12908
Unclassified Bacteria	SRR24759607_binette_bin19.fasta	N/A	N/A	N/A	N/A	N/A	N/A	N/A	N/A	N/A	N/A	N/A	N/A	N/A	N/A	N/A	N/A	N/A	Insufficient number of amino acids in MSA (7.9%)	unclassified	NA	NA	NA	unclassified	12908
Unclassified Bacteria	SRR24759607_binette_bin20.fasta	N/A	N/A	N/A	N/A	N/A	N/A	N/A	N/A	N/A	N/A	N/A	N/A	N/A	N/A	N/A	N/A	N/A	Insufficient number of amino acids in MSA (8.9%)	unclassified	NA	NA	NA	unclassified	12908
Unclassified Bacteria	SRR24759607_binette_bin23.fasta	N/A	N/A	N/A	N/A	N/A	N/A	N/A	N/A	N/A	N/A	N/A	N/A	N/A	N/A	N/A	N/A	N/A	Insufficient number of amino acids in MSA (8.2%)	unclassified	NA	NA	NA	unclassified	12908
Unclassified Bacteria	SRR24759607_binette_bin24.fasta	N/A	N/A	N/A	N/A	N/A	N/A	N/A	N/A	N/A	N/A	N/A	N/A	N/A	N/A	N/A	N/A	N/A	Insufficient number of amino acids in MSA (5.9%)	unclassified	NA	NA	NA	unclassified	12908
Unclassified Bacteria	SRR24759607_binette_bin25.fasta	N/A	N/A	N/A	N/A	N/A	N/A	N/A	N/A	N/A	N/A	N/A	N/A	N/A	N/A	N/A	N/A	N/A	Insufficient number of amino acids in MSA (6.1%)	unclassified	NA	NA	NA	unclassified	12908
Unclassified Bacteria	SRR24759607_binette_bin26.fasta	N/A	N/A	N/A	N/A	N/A	N/A	N/A	N/A	N/A	N/A	N/A	N/A	N/A	N/A	N/A	N/A	N/A	Insufficient number of amino acids in MSA (1.4%)	unclassified	NA	NA	NA	unclassified	12908
Unclassified Bacteria	SRR24759607_binette_bin27.fasta	N/A	N/A	N/A	N/A	N/A	N/A	N/A	N/A	N/A	N/A	N/A	N/A	N/A	N/A	N/A	N/A	N/A	Insufficient number of amino acids in MSA (5.4%)	unclassified	NA	NA	NA	unclassified	12908
Unclassified Bacteria	SRR24759607_binette_bin28.fasta	N/A	N/A	N/A	N/A	N/A	N/A	N/A	N/A	N/A	N/A	N/A	N/A	N/A	N/A	N/A	N/A	N/A	Insufficient number of amino acids in MSA (2.7%)	unclassified	NA	NA	NA	unclassified	12908
Unclassified Bacteria	SRR24759607_binette_bin29.fasta	N/A	N/A	N/A	N/A	N/A	N/A	N/A	N/A	N/A	N/A	N/A	N/A	N/A	N/A	N/A	N/A	N/A	Insufficient number of amino acids in MSA (4.8%)	unclassified	NA	NA	NA	unclassified	12908
Unclassified Bacteria	SRR24759607_binette_bin31.fasta	N/A	N/A	N/A	N/A	N/A	N/A	N/A	N/A	N/A	N/A	N/A	N/A	N/A	N/A	N/A	N/A	N/A	Insufficient number of amino acids in MSA (2.0%)	unclassified	NA	NA	NA	unclassified	12908
Unclassified Bacteria	SRR24759607_binette_bin33.fasta	N/A	N/A	N/A	N/A	N/A	N/A	N/A	N/A	N/A	N/A	N/A	N/A	N/A	N/A	N/A	N/A	N/A	Insufficient number of amino acids in MSA (2.0%)	unclassified	NA	NA	NA	unclassified	12908
Unclassified Bacteria	SRR24759607_binette_bin34.fasta	N/A	N/A	N/A	N/A	N/A	N/A	N/A	N/A	N/A	N/A	N/A	N/A	N/A	N/A	N/A	N/A	N/A	Insufficient number of amino acids in MSA (1.7%)	unclassified	NA	NA	NA	unclassified	12908
Unclassified Bacteria	SRR24759607_binette_bin35.fasta	N/A	N/A	N/A	N/A	N/A	N/A	N/A	N/A	N/A	N/A	N/A	N/A	N/A	N/A	N/A	N/A	N/A	Insufficient number of amino acids in MSA (4.1%)	unclassified	NA	NA	NA	unclassified	12908
Unclassified Bacteria	SRR24759607_binette_bin36.fasta	N/A	N/A	N/A	N/A	N/A	N/A	N/A	N/A	N/A	N/A	N/A	N/A	N/A	N/A	N/A	N/A	N/A	Insufficient number of amino acids in MSA (2.2%)	unclassified	NA	NA	NA	unclassified	12908
Unclassified Bacteria	SRR24759607_binette_bin42.fasta	N/A	N/A	N/A	N/A	N/A	N/A	N/A	N/A	N/A	N/A	N/A	N/A	N/A	N/A	N/A	N/A	N/A	Insufficient number of amino acids in MSA (3.7%)	unclassified	NA	NA	NA	unclassified	12908
Unclassified Bacteria	SRR24759607_binette_bin45.fasta	N/A	N/A	N/A	N/A	N/A	N/A	N/A	N/A	N/A	N/A	N/A	N/A	N/A	N/A	N/A	N/A	N/A	Insufficient number of amino acids in MSA (3.6%)	unclassified	NA	NA	NA	unclassified	12908
Unclassified Bacteria	SRR24759608_binette_bin26.fasta	N/A	N/A	N/A	N/A	N/A	N/A	N/A	N/A	N/A	N/A	N/A	N/A	N/A	N/A	N/A	N/A	N/A	Insufficient number of amino acids in MSA (2.7%)	unclassified	NA	NA	NA	unclassified	12908
Unclassified Bacteria	SRR24759608_binette_bin36.fasta	N/A	N/A	N/A	N/A	N/A	N/A	N/A	N/A	N/A	N/A	N/A	N/A	N/A	N/A	N/A	N/A	N/A	Insufficient number of amino acids in MSA (5.2%)	unclassified	NA	NA	NA	unclassified	12908
Unclassified Bacteria	SRR24759608_binette_bin40.fasta	N/A	N/A	N/A	N/A	N/A	N/A	N/A	N/A	N/A	N/A	N/A	N/A	N/A	N/A	N/A	N/A	N/A	Insufficient number of amino acids in MSA (6.2%)	unclassified	NA	NA	NA	unclassified	12908
Unclassified Bacteria	SRR24759608_binette_bin41.fasta	N/A	N/A	N/A	N/A	N/A	N/A	N/A	N/A	N/A	N/A	N/A	N/A	N/A	N/A	N/A	N/A	N/A	Insufficient number of amino acids in MSA (5.7%)	unclassified	NA	NA	NA	unclassified	12908
Unclassified Bacteria	SRR24759608_binette_bin42.fasta	N/A	N/A	N/A	N/A	N/A	N/A	N/A	N/A	N/A	N/A	N/A	N/A	N/A	N/A	N/A	N/A	N/A	Insufficient number of amino acids in MSA (1.4%)	unclassified	NA	NA	NA	unclassified	12908
Unclassified Bacteria	SRR24759608_binette_bin43.fasta	N/A	N/A	N/A	N/A	N/A	N/A	N/A	N/A	N/A	N/A	N/A	N/A	N/A	N/A	N/A	N/A	N/A	Insufficient number of amino acids in MSA (1.7%)	unclassified	NA	NA	NA	unclassified	12908
Unclassified Bacteria	SRR24759608_binette_bin45.fasta	N/A	N/A	N/A	N/A	N/A	N/A	N/A	N/A	N/A	N/A	N/A	N/A	N/A	N/A	N/A	N/A	N/A	Insufficient number of amino acids in MSA (1.1%)	unclassified	NA	NA	NA	unclassified	12908
Unclassified Bacteria	SRR24759608_binette_bin46.fasta	N/A	N/A	N/A	N/A	N/A	N/A	N/A	N/A	N/A	N/A	N/A	N/A	N/A	N/A	N/A	N/A	N/A	Insufficient number of amino acids in MSA (3.3%)	unclassified	NA	NA	NA	unclassified	12908
Unclassified Bacteria	SRR24759608_binette_bin48.fasta	N/A	N/A	N/A	N/A	N/A	N/A	N/A	N/A	N/A	N/A	N/A	N/A	N/A	N/A	N/A	N/A	N/A	Insufficient number of amino acids in MSA (2.8%)	unclassified	NA	NA	NA	unclassified	12908
Unclassified Bacteria	SRR24759608_binette_bin49.fasta	N/A	N/A	N/A	N/A	N/A	N/A	N/A	N/A	N/A	N/A	N/A	N/A	N/A	N/A	N/A	N/A	N/A	Insufficient number of amino acids in MSA (0.8%)	unclassified	NA	NA	NA	unclassified	12908
Unclassified Bacteria	SRR24759608_binette_bin50.fasta	N/A	N/A	N/A	N/A	N/A	N/A	N/A	N/A	N/A	N/A	N/A	N/A	N/A	N/A	N/A	N/A	N/A	Insufficient number of amino acids in MSA (6.2%)	unclassified	NA	NA	NA	unclassified	12908
Unclassified Bacteria	SRR24759608_binette_bin56.fasta	N/A	N/A	N/A	N/A	N/A	N/A	N/A	N/A	N/A	N/A	N/A	N/A	N/A	N/A	N/A	N/A	N/A	Insufficient number of amino acids in MSA (7.4%)	unclassified	NA	NA	NA	unclassified	12908
Unclassified Bacteria	SRR24759608_binette_bin58.fasta	N/A	N/A	N/A	N/A	N/A	N/A	N/A	N/A	N/A	N/A	N/A	N/A	N/A	N/A	N/A	N/A	N/A	Insufficient number of amino acids in MSA (5.0%)	unclassified	NA	NA	NA	unclassified	12908
Unclassified Bacteria	SRR24759608_binette_bin61.fasta	N/A	N/A	N/A	N/A	N/A	N/A	N/A	N/A	N/A	N/A	N/A	N/A	N/A	N/A	N/A	N/A	N/A	Insufficient number of amino acids in MSA (5.0%)	unclassified	NA	NA	NA	unclassified	12908
Unclassified Bacteria	SRR24759608_binette_bin64.fasta	N/A	N/A	N/A	N/A	N/A	N/A	N/A	N/A	N/A	N/A	N/A	N/A	N/A	N/A	N/A	N/A	N/A	Insufficient number of amino acids in MSA (0.6%)	unclassified	NA	NA	NA	unclassified	12908
Unclassified Bacteria	SRR24759608_binette_bin65.fasta	N/A	N/A	N/A	N/A	N/A	N/A	N/A	N/A	N/A	N/A	N/A	N/A	N/A	N/A	N/A	N/A	N/A	Insufficient number of amino acids in MSA (3.6%)	unclassified	NA	NA	NA	unclassified	12908
Unclassified Bacteria	SRR24759608_binette_bin66.fasta	N/A	N/A	N/A	N/A	N/A	N/A	N/A	N/A	N/A	N/A	N/A	N/A	N/A	N/A	N/A	N/A	N/A	Insufficient number of amino acids in MSA (0.9%)	unclassified	NA	NA	NA	unclassified	12908
Unclassified Bacteria	SRR24759608_binette_bin68.fasta	N/A	N/A	N/A	N/A	N/A	N/A	N/A	N/A	N/A	N/A	N/A	N/A	N/A	N/A	N/A	N/A	N/A	Insufficient number of amino acids in MSA (1.5%)	unclassified	NA	NA	NA	unclassified	12908
Unclassified Bacteria	SRR24759608_binette_bin71.fasta	N/A	N/A	N/A	N/A	N/A	N/A	N/A	N/A	N/A	N/A	N/A	N/A	N/A	N/A	N/A	N/A	N/A	Insufficient number of amino acids in MSA (1.4%)	unclassified	NA	NA	NA	unclassified	12908
Unclassified Bacteria	SRR24759608_binette_bin85.fasta	N/A	N/A	N/A	N/A	N/A	N/A	N/A	N/A	N/A	N/A	N/A	N/A	N/A	N/A	N/A	N/A	N/A	Insufficient number of amino acids in MSA (5.4%)	unclassified	NA	NA	NA	unclassified	12908
Unclassified Bacteria	SRR24759608_binette_bin87.fasta	N/A	N/A	N/A	N/A	N/A	N/A	N/A	N/A	N/A	N/A	N/A	N/A	N/A	N/A	N/A	N/A	N/A	Insufficient number of amino acids in MSA (9.7%)	unclassified	NA	NA	NA	unclassified	12908
Unclassified Bacteria	SRR24759608_binette_bin90.fasta	N/A	N/A	N/A	N/A	N/A	N/A	N/A	N/A	N/A	N/A	N/A	N/A	N/A	N/A	N/A	N/A	N/A	Insufficient number of amino acids in MSA (3.3%)	unclassified	NA	NA	NA	unclassified	12908
Unclassified Bacteria	SRR24759608_binette_bin91.fasta	N/A	N/A	N/A	N/A	N/A	N/A	N/A	N/A	N/A	N/A	N/A	N/A	N/A	N/A	N/A	N/A	N/A	Insufficient number of amino acids in MSA (0.9%)	unclassified	NA	NA	NA	unclassified	12908
Unclassified Bacteria	SRR24759608_binette_bin93.fasta	N/A	N/A	N/A	N/A	N/A	N/A	N/A	N/A	N/A	N/A	N/A	N/A	N/A	N/A	N/A	N/A	N/A	Insufficient number of amino acids in MSA (2.1%)	unclassified	NA	NA	NA	unclassified	12908
Unclassified Bacteria	SRR24759608_binette_bin96.fasta	N/A	N/A	N/A	N/A	N/A	N/A	N/A	N/A	N/A	N/A	N/A	N/A	N/A	N/A	N/A	N/A	N/A	Insufficient number of amino acids in MSA (3.7%)	unclassified	NA	NA	NA	unclassified	12908
Unclassified Bacteria	SRR24759609_binette_bin24.fasta	N/A	N/A	N/A	N/A	N/A	N/A	N/A	N/A	N/A	N/A	N/A	N/A	N/A	N/A	N/A	N/A	N/A	Insufficient number of amino acids in MSA (9.5%)	unclassified	NA	NA	NA	unclassified	12908
Unclassified Bacteria	SRR24759609_binette_bin30.fasta	N/A	N/A	N/A	N/A	N/A	N/A	N/A	N/A	N/A	N/A	N/A	N/A	N/A	N/A	N/A	N/A	N/A	Insufficient number of amino acids in MSA (6.6%)	unclassified	NA	NA	NA	unclassified	12908
Unclassified Bacteria	SRR24759609_binette_bin32.fasta	N/A	N/A	N/A	N/A	N/A	N/A	N/A	N/A	N/A	N/A	N/A	N/A	N/A	N/A	N/A	N/A	N/A	Insufficient number of amino acids in MSA (7.6%)	unclassified	NA	NA	NA	unclassified	12908
Unclassified Bacteria	SRR24759609_binette_bin33.fasta	N/A	N/A	N/A	N/A	N/A	N/A	N/A	N/A	N/A	N/A	N/A	N/A	N/A	N/A	N/A	N/A	N/A	Insufficient number of amino acids in MSA (1.4%)	unclassified	NA	NA	NA	unclassified	12908
Unclassified Bacteria	SRR24759609_binette_bin35.fasta	N/A	N/A	N/A	N/A	N/A	N/A	N/A	N/A	N/A	N/A	N/A	N/A	N/A	N/A	N/A	N/A	N/A	Insufficient number of amino acids in MSA (6.9%)	unclassified	NA	NA	NA	unclassified	12908
Unclassified Bacteria	SRR24759609_binette_bin36.fasta	N/A	N/A	N/A	N/A	N/A	N/A	N/A	N/A	N/A	N/A	N/A	N/A	N/A	N/A	N/A	N/A	N/A	Insufficient number of amino acids in MSA (2.8%)	unclassified	NA	NA	NA	unclassified	12908
Unclassified Bacteria	SRR24759609_binette_bin38.fasta	N/A	N/A	N/A	N/A	N/A	N/A	N/A	N/A	N/A	N/A	N/A	N/A	N/A	N/A	N/A	N/A	N/A	Insufficient number of amino acids in MSA (4.0%)	unclassified	NA	NA	NA	unclassified	12908
Unclassified Bacteria	SRR24759609_binette_bin39.fasta	N/A	N/A	N/A	N/A	N/A	N/A	N/A	N/A	N/A	N/A	N/A	N/A	N/A	N/A	N/A	N/A	N/A	Insufficient number of amino acids in MSA (8.8%)	unclassified	NA	NA	NA	unclassified	12908
Unclassified Bacteria	SRR24759609_binette_bin41.fasta	N/A	N/A	N/A	N/A	N/A	N/A	N/A	N/A	N/A	N/A	N/A	N/A	N/A	N/A	N/A	N/A	N/A	Insufficient number of amino acids in MSA (3.5%)	unclassified	NA	NA	NA	unclassified	12908
Unclassified Bacteria	SRR24759609_binette_bin42.fasta	N/A	N/A	N/A	N/A	N/A	N/A	N/A	N/A	N/A	N/A	N/A	N/A	N/A	N/A	N/A	N/A	N/A	Insufficient number of amino acids in MSA (5.4%)	unclassified	NA	NA	NA	unclassified	12908
Unclassified Bacteria	SRR24759609_binette_bin43.fasta	N/A	N/A	N/A	N/A	N/A	N/A	N/A	N/A	N/A	N/A	N/A	N/A	N/A	N/A	N/A	N/A	N/A	Insufficient number of amino acids in MSA (9.9%)	unclassified	NA	NA	NA	unclassified	12908
Unclassified Bacteria	SRR24759609_binette_bin44.fasta	N/A	N/A	N/A	N/A	N/A	N/A	N/A	N/A	N/A	N/A	N/A	N/A	N/A	N/A	N/A	N/A	N/A	Insufficient number of amino acids in MSA (4.4%)	unclassified	NA	NA	NA	unclassified	12908
Unclassified Bacteria	SRR24759609_binette_bin46.fasta	N/A	N/A	N/A	N/A	N/A	N/A	N/A	N/A	N/A	N/A	N/A	N/A	N/A	N/A	N/A	N/A	N/A	Insufficient number of amino acids in MSA (1.6%)	unclassified	NA	NA	NA	unclassified	12908
Unclassified Bacteria	SRR24759609_binette_bin48.fasta	N/A	N/A	N/A	N/A	N/A	N/A	N/A	N/A	N/A	N/A	N/A	N/A	N/A	N/A	N/A	N/A	N/A	Insufficient number of amino acids in MSA (2.0%)	unclassified	NA	NA	NA	unclassified	12908
Unclassified Bacteria	SRR24759609_binette_bin50.fasta	N/A	N/A	N/A	N/A	N/A	N/A	N/A	N/A	N/A	N/A	N/A	N/A	N/A	N/A	N/A	N/A	N/A	Insufficient number of amino acids in MSA (0.6%)	unclassified	NA	NA	NA	unclassified	12908
Unclassified Bacteria	SRR24759609_binette_bin51.fasta	N/A	N/A	N/A	N/A	N/A	N/A	N/A	N/A	N/A	N/A	N/A	N/A	N/A	N/A	N/A	N/A	N/A	Insufficient number of amino acids in MSA (3.8%)	unclassified	NA	NA	NA	unclassified	12908
Unclassified Bacteria	SRR24759609_binette_bin52.fasta	N/A	N/A	N/A	N/A	N/A	N/A	N/A	N/A	N/A	N/A	N/A	N/A	N/A	N/A	N/A	N/A	N/A	Insufficient number of amino acids in MSA (7.4%)	unclassified	NA	NA	NA	unclassified	12908
Unclassified Bacteria	SRR24759609_binette_bin54.fasta	N/A	N/A	N/A	N/A	N/A	N/A	N/A	N/A	N/A	N/A	N/A	N/A	N/A	N/A	N/A	N/A	N/A	Insufficient number of amino acids in MSA (1.8%)	unclassified	NA	NA	NA	unclassified	12908
Unclassified Bacteria	SRR24759609_binette_bin55.fasta	N/A	N/A	N/A	N/A	N/A	N/A	N/A	N/A	N/A	N/A	N/A	N/A	N/A	N/A	N/A	N/A	N/A	Insufficient number of amino acids in MSA (1.3%)	unclassified	NA	NA	NA	unclassified	12908
Unclassified Bacteria	SRR24759609_binette_bin56.fasta	N/A	N/A	N/A	N/A	N/A	N/A	N/A	N/A	N/A	N/A	N/A	N/A	N/A	N/A	N/A	N/A	N/A	Insufficient number of amino acids in MSA (4.6%)	unclassified	NA	NA	NA	unclassified	12908
Unclassified Bacteria	SRR24759609_binette_bin57.fasta	N/A	N/A	N/A	N/A	N/A	N/A	N/A	N/A	N/A	N/A	N/A	N/A	N/A	N/A	N/A	N/A	N/A	Insufficient number of amino acids in MSA (2.7%)	unclassified	NA	NA	NA	unclassified	12908
Unclassified Bacteria	SRR24759609_binette_bin59.fasta	N/A	N/A	N/A	N/A	N/A	N/A	N/A	N/A	N/A	N/A	N/A	N/A	N/A	N/A	N/A	N/A	N/A	Insufficient number of amino acids in MSA (3.8%)	unclassified	NA	NA	NA	unclassified	12908
Unclassified Bacteria	SRR24759609_binette_bin60.fasta	N/A	N/A	N/A	N/A	N/A	N/A	N/A	N/A	N/A	N/A	N/A	N/A	N/A	N/A	N/A	N/A	N/A	Insufficient number of amino acids in MSA (1.8%)	unclassified	NA	NA	NA	unclassified	12908
Unclassified Bacteria	SRR24759609_binette_bin61.fasta	N/A	N/A	N/A	N/A	N/A	N/A	N/A	N/A	N/A	N/A	N/A	N/A	N/A	N/A	N/A	N/A	N/A	Insufficient number of amino acids in MSA (1.6%)	unclassified	NA	NA	NA	unclassified	12908
Unclassified Bacteria	SRR24759609_binette_bin62.fasta	N/A	N/A	N/A	N/A	N/A	N/A	N/A	N/A	N/A	N/A	N/A	N/A	N/A	N/A	N/A	N/A	N/A	Insufficient number of amino acids in MSA (1.2%)	unclassified	NA	NA	NA	unclassified	12908
Unclassified Bacteria	SRR24759609_binette_bin63.fasta	N/A	N/A	N/A	N/A	N/A	N/A	N/A	N/A	N/A	N/A	N/A	N/A	N/A	N/A	N/A	N/A	N/A	Insufficient number of amino acids in MSA (0.9%)	unclassified	NA	NA	NA	unclassified	12908
Unclassified Bacteria	SRR24759609_binette_bin64.fasta	N/A	N/A	N/A	N/A	N/A	N/A	N/A	N/A	N/A	N/A	N/A	N/A	N/A	N/A	N/A	N/A	N/A	Insufficient number of amino acids in MSA (0.3%)	unclassified	NA	NA	NA	unclassified	12908
Unclassified Bacteria	SRR24759609_binette_bin65.fasta	N/A	N/A	N/A	N/A	N/A	N/A	N/A	N/A	N/A	N/A	N/A	N/A	N/A	N/A	N/A	N/A	N/A	Insufficient number of amino acids in MSA (0.5%)	unclassified	NA	NA	NA	unclassified	12908
Unclassified Bacteria	SRR24759609_binette_bin67.fasta	N/A	N/A	N/A	N/A	N/A	N/A	N/A	N/A	N/A	N/A	N/A	N/A	N/A	N/A	N/A	N/A	N/A	Insufficient number of amino acids in MSA (1.4%)	unclassified	NA	NA	NA	unclassified	12908
Unclassified Bacteria	SRR24759609_binette_bin80.fasta	N/A	N/A	N/A	N/A	N/A	N/A	N/A	N/A	N/A	N/A	N/A	N/A	N/A	N/A	N/A	N/A	N/A	Insufficient number of amino acids in MSA (1.5%)	unclassified	NA	NA	NA	unclassified	12908
Unclassified Bacteria	SRR24759609_binette_bin82.fasta	N/A	N/A	N/A	N/A	N/A	N/A	N/A	N/A	N/A	N/A	N/A	N/A	N/A	N/A	N/A	N/A	N/A	Insufficient number of amino acids in MSA (2.5%)	unclassified	NA	NA	NA	unclassified	12908
Unclassified Bacteria	SRR24759609_binette_bin86.fasta	N/A	N/A	N/A	N/A	N/A	N/A	N/A	N/A	N/A	N/A	N/A	N/A	N/A	N/A	N/A	N/A	N/A	Insufficient number of amino acids in MSA (1.5%)	unclassified	NA	NA	NA	unclassified	12908
Unclassified Bacteria	SRR24759609_binette_bin88.fasta	N/A	N/A	N/A	N/A	N/A	N/A	N/A	N/A	N/A	N/A	N/A	N/A	N/A	N/A	N/A	N/A	N/A	Insufficient number of amino acids in MSA (0.8%)	unclassified	NA	NA	NA	unclassified	12908
Unclassified Bacteria	SRR24759610_binette_bin102.fasta	N/A	N/A	N/A	N/A	N/A	N/A	N/A	N/A	N/A	N/A	N/A	N/A	N/A	N/A	N/A	N/A	N/A	Insufficient number of amino acids in MSA (3.2%)	unclassified	NA	NA	NA	unclassified	12908
Unclassified Bacteria	SRR24759610_binette_bin103.fasta	N/A	N/A	N/A	N/A	N/A	N/A	N/A	N/A	N/A	N/A	N/A	N/A	N/A	N/A	N/A	N/A	N/A	Insufficient number of amino acids in MSA (4.5%)	unclassified	NA	NA	NA	unclassified	12908
Unclassified Bacteria	SRR24759610_binette_bin104.fasta	N/A	N/A	N/A	N/A	N/A	N/A	N/A	N/A	N/A	N/A	N/A	N/A	N/A	N/A	N/A	N/A	N/A	Insufficient number of amino acids in MSA (9.8%)	unclassified	NA	NA	NA	unclassified	12908
Unclassified Bacteria	SRR24759610_binette_bin105.fasta	N/A	N/A	N/A	N/A	N/A	N/A	N/A	N/A	N/A	N/A	N/A	N/A	N/A	N/A	N/A	N/A	N/A	Insufficient number of amino acids in MSA (1.9%)	unclassified	NA	NA	NA	unclassified	12908
Unclassified Bacteria	SRR24759610_binette_bin106.fasta	N/A	N/A	N/A	N/A	N/A	N/A	N/A	N/A	N/A	N/A	N/A	N/A	N/A	N/A	N/A	N/A	N/A	Insufficient number of amino acids in MSA (5.5%)	unclassified	NA	NA	NA	unclassified	12908
Unclassified Bacteria	SRR24759610_binette_bin108.fasta	N/A	N/A	N/A	N/A	N/A	N/A	N/A	N/A	N/A	N/A	N/A	N/A	N/A	N/A	N/A	N/A	N/A	Insufficient number of amino acids in MSA (1.4%)	unclassified	NA	NA	NA	unclassified	12908
Unclassified Bacteria	SRR24759610_binette_bin34.fasta	N/A	N/A	N/A	N/A	N/A	N/A	N/A	N/A	N/A	N/A	N/A	N/A	N/A	N/A	N/A	N/A	N/A	Insufficient number of amino acids in MSA (7.8%)	unclassified	NA	NA	NA	unclassified	12908
Unclassified Bacteria	SRR24759610_binette_bin38.fasta	N/A	N/A	N/A	N/A	N/A	N/A	N/A	N/A	N/A	N/A	N/A	N/A	N/A	N/A	N/A	N/A	N/A	Insufficient number of amino acids in MSA (9.3%)	unclassified	NA	NA	NA	unclassified	12908
Unclassified Bacteria	SRR24759610_binette_bin39.fasta	N/A	N/A	N/A	N/A	N/A	N/A	N/A	N/A	N/A	N/A	N/A	N/A	N/A	N/A	N/A	N/A	N/A	Insufficient number of amino acids in MSA (3.7%)	unclassified	NA	NA	NA	unclassified	12908
Unclassified Bacteria	SRR24759610_binette_bin41.fasta	N/A	N/A	N/A	N/A	N/A	N/A	N/A	N/A	N/A	N/A	N/A	N/A	N/A	N/A	N/A	N/A	N/A	Insufficient number of amino acids in MSA (0.6%)	unclassified	NA	NA	NA	unclassified	12908
Unclassified Bacteria	SRR24759610_binette_bin42.fasta	N/A	N/A	N/A	N/A	N/A	N/A	N/A	N/A	N/A	N/A	N/A	N/A	N/A	N/A	N/A	N/A	N/A	Insufficient number of amino acids in MSA (2.2%)	unclassified	NA	NA	NA	unclassified	12908
Unclassified Bacteria	SRR24759610_binette_bin43.fasta	N/A	N/A	N/A	N/A	N/A	N/A	N/A	N/A	N/A	N/A	N/A	N/A	N/A	N/A	N/A	N/A	N/A	Insufficient number of amino acids in MSA (5.1%)	unclassified	NA	NA	NA	unclassified	12908
Unclassified Bacteria	SRR24759610_binette_bin47.fasta	N/A	N/A	N/A	N/A	N/A	N/A	N/A	N/A	N/A	N/A	N/A	N/A	N/A	N/A	N/A	N/A	N/A	Insufficient number of amino acids in MSA (0.4%)	unclassified	NA	NA	NA	unclassified	12908
Unclassified Bacteria	SRR24759610_binette_bin49.fasta	N/A	N/A	N/A	N/A	N/A	N/A	N/A	N/A	N/A	N/A	N/A	N/A	N/A	N/A	N/A	N/A	N/A	Insufficient number of amino acids in MSA (0.8%)	unclassified	NA	NA	NA	unclassified	12908
Unclassified Bacteria	SRR24759610_binette_bin51.fasta	N/A	N/A	N/A	N/A	N/A	N/A	N/A	N/A	N/A	N/A	N/A	N/A	N/A	N/A	N/A	N/A	N/A	Insufficient number of amino acids in MSA (0.6%)	unclassified	NA	NA	NA	unclassified	12908
Unclassified Bacteria	SRR24759610_binette_bin52.fasta	N/A	N/A	N/A	N/A	N/A	N/A	N/A	N/A	N/A	N/A	N/A	N/A	N/A	N/A	N/A	N/A	N/A	Insufficient number of amino acids in MSA (1.1%)	unclassified	NA	NA	NA	unclassified	12908
Unclassified Bacteria	SRR24759610_binette_bin53.fasta	N/A	N/A	N/A	N/A	N/A	N/A	N/A	N/A	N/A	N/A	N/A	N/A	N/A	N/A	N/A	N/A	N/A	Insufficient number of amino acids in MSA (4.4%)	unclassified	NA	NA	NA	unclassified	12908
Unclassified Bacteria	SRR24759610_binette_bin54.fasta	N/A	N/A	N/A	N/A	N/A	N/A	N/A	N/A	N/A	N/A	N/A	N/A	N/A	N/A	N/A	N/A	N/A	Insufficient number of amino acids in MSA (1.1%)	unclassified	NA	NA	NA	unclassified	12908
Unclassified Bacteria	SRR24759610_binette_bin55.fasta	N/A	N/A	N/A	N/A	N/A	N/A	N/A	N/A	N/A	N/A	N/A	N/A	N/A	N/A	N/A	N/A	N/A	Insufficient number of amino acids in MSA (0.5%)	unclassified	NA	NA	NA	unclassified	12908
Unclassified Bacteria	SRR24759610_binette_bin56.fasta	N/A	N/A	N/A	N/A	N/A	N/A	N/A	N/A	N/A	N/A	N/A	N/A	N/A	N/A	N/A	N/A	N/A	Insufficient number of amino acids in MSA (0.7%)	unclassified	NA	NA	NA	unclassified	12908
Unclassified Bacteria	SRR24759610_binette_bin58.fasta	N/A	N/A	N/A	N/A	N/A	N/A	N/A	N/A	N/A	N/A	N/A	N/A	N/A	N/A	N/A	N/A	N/A	Insufficient number of amino acids in MSA (4.0%)	unclassified	NA	NA	NA	unclassified	12908
Unclassified Bacteria	SRR24759610_binette_bin59.fasta	N/A	N/A	N/A	N/A	N/A	N/A	N/A	N/A	N/A	N/A	N/A	N/A	N/A	N/A	N/A	N/A	N/A	Insufficient number of amino acids in MSA (7.1%)	unclassified	NA	NA	NA	unclassified	12908
Unclassified Bacteria	SRR24759610_binette_bin60.fasta	N/A	N/A	N/A	N/A	N/A	N/A	N/A	N/A	N/A	N/A	N/A	N/A	N/A	N/A	N/A	N/A	N/A	Insufficient number of amino acids in MSA (1.4%)	unclassified	NA	NA	NA	unclassified	12908
Unclassified Bacteria	SRR24759610_binette_bin62.fasta	N/A	N/A	N/A	N/A	N/A	N/A	N/A	N/A	N/A	N/A	N/A	N/A	N/A	N/A	N/A	N/A	N/A	Insufficient number of amino acids in MSA (2.5%)	unclassified	NA	NA	NA	unclassified	12908
Unclassified Bacteria	SRR24759610_binette_bin63.fasta	N/A	N/A	N/A	N/A	N/A	N/A	N/A	N/A	N/A	N/A	N/A	N/A	N/A	N/A	N/A	N/A	N/A	Insufficient number of amino acids in MSA (2.9%)	unclassified	NA	NA	NA	unclassified	12908
Unclassified Bacteria	SRR24759610_binette_bin64.fasta	N/A	N/A	N/A	N/A	N/A	N/A	N/A	N/A	N/A	N/A	N/A	N/A	N/A	N/A	N/A	N/A	N/A	Insufficient number of amino acids in MSA (6.8%)	unclassified	NA	NA	NA	unclassified	12908
Unclassified Bacteria	SRR24759610_binette_bin65.fasta	N/A	N/A	N/A	N/A	N/A	N/A	N/A	N/A	N/A	N/A	N/A	N/A	N/A	N/A	N/A	N/A	N/A	Insufficient number of amino acids in MSA (1.3%)	unclassified	NA	NA	NA	unclassified	12908
Unclassified Bacteria	SRR24759610_binette_bin66.fasta	N/A	N/A	N/A	N/A	N/A	N/A	N/A	N/A	N/A	N/A	N/A	N/A	N/A	N/A	N/A	N/A	N/A	Insufficient number of amino acids in MSA (2.3%)	unclassified	NA	NA	NA	unclassified	12908
Unclassified Bacteria	SRR24759610_binette_bin68.fasta	N/A	N/A	N/A	N/A	N/A	N/A	N/A	N/A	N/A	N/A	N/A	N/A	N/A	N/A	N/A	N/A	N/A	Insufficient number of amino acids in MSA (1.3%)	unclassified	NA	NA	NA	unclassified	12908
Unclassified Bacteria	SRR24759610_binette_bin70.fasta	N/A	N/A	N/A	N/A	N/A	N/A	N/A	N/A	N/A	N/A	N/A	N/A	N/A	N/A	N/A	N/A	N/A	Insufficient number of amino acids in MSA (3.4%)	unclassified	NA	NA	NA	unclassified	12908
Unclassified Bacteria	SRR24759610_binette_bin71.fasta	N/A	N/A	N/A	N/A	N/A	N/A	N/A	N/A	N/A	N/A	N/A	N/A	N/A	N/A	N/A	N/A	N/A	Insufficient number of amino acids in MSA (3.2%)	unclassified	NA	NA	NA	unclassified	12908
Unclassified Bacteria	SRR24759610_binette_bin72.fasta	N/A	N/A	N/A	N/A	N/A	N/A	N/A	N/A	N/A	N/A	N/A	N/A	N/A	N/A	N/A	N/A	N/A	Insufficient number of amino acids in MSA (0.9%)	unclassified	NA	NA	NA	unclassified	12908
Unclassified Bacteria	SRR24759610_binette_bin73.fasta	N/A	N/A	N/A	N/A	N/A	N/A	N/A	N/A	N/A	N/A	N/A	N/A	N/A	N/A	N/A	N/A	N/A	Insufficient number of amino acids in MSA (0.3%)	unclassified	NA	NA	NA	unclassified	12908
Unclassified Bacteria	SRR24759610_binette_bin78.fasta	N/A	N/A	N/A	N/A	N/A	N/A	N/A	N/A	N/A	N/A	N/A	N/A	N/A	N/A	N/A	N/A	N/A	Insufficient number of amino acids in MSA (2.1%)	unclassified	NA	NA	NA	unclassified	12908
Unclassified Bacteria	SRR24759610_binette_bin91.fasta	N/A	N/A	N/A	N/A	N/A	N/A	N/A	N/A	N/A	N/A	N/A	N/A	N/A	N/A	N/A	N/A	N/A	Insufficient number of amino acids in MSA (2.9%)	unclassified	NA	NA	NA	unclassified	12908
Unclassified Bacteria	SRR24759610_binette_bin93.fasta	N/A	N/A	N/A	N/A	N/A	N/A	N/A	N/A	N/A	N/A	N/A	N/A	N/A	N/A	N/A	N/A	N/A	Insufficient number of amino acids in MSA (1.2%)	unclassified	NA	NA	NA	unclassified	12908
Unclassified Bacteria	SRR24759610_binette_bin95.fasta	N/A	N/A	N/A	N/A	N/A	N/A	N/A	N/A	N/A	N/A	N/A	N/A	N/A	N/A	N/A	N/A	N/A	Insufficient number of amino acids in MSA (1.6%)	unclassified	NA	NA	NA	unclassified	12908
Unclassified Bacteria	SRR24759610_binette_bin97.fasta	N/A	N/A	N/A	N/A	N/A	N/A	N/A	N/A	N/A	N/A	N/A	N/A	N/A	N/A	N/A	N/A	N/A	Insufficient number of amino acids in MSA (1.2%)	unclassified	NA	NA	NA	unclassified	12908
Unclassified Bacteria	SRR24759610_binette_bin99.fasta	N/A	N/A	N/A	N/A	N/A	N/A	N/A	N/A	N/A	N/A	N/A	N/A	N/A	N/A	N/A	N/A	N/A	Insufficient number of amino acids in MSA (0.6%)	unclassified	NA	NA	NA	unclassified	12908
Unclassified Bacteria	SRR24759611_binette_bin26.fasta	N/A	N/A	N/A	N/A	N/A	N/A	N/A	N/A	N/A	N/A	N/A	N/A	N/A	N/A	N/A	N/A	N/A	Insufficient number of amino acids in MSA (1.6%)	unclassified	NA	NA	NA	unclassified	12908
Unclassified Bacteria	SRR24759611_binette_bin29.fasta	N/A	N/A	N/A	N/A	N/A	N/A	N/A	N/A	N/A	N/A	N/A	N/A	N/A	N/A	N/A	N/A	N/A	Insufficient number of amino acids in MSA (6.5%)	unclassified	NA	NA	NA	unclassified	12908
Unclassified Bacteria	SRR24759611_binette_bin30.fasta	N/A	N/A	N/A	N/A	N/A	N/A	N/A	N/A	N/A	N/A	N/A	N/A	N/A	N/A	N/A	N/A	N/A	Insufficient number of amino acids in MSA (4.3%)	unclassified	NA	NA	NA	unclassified	12908
Unclassified Bacteria	SRR24759611_binette_bin31.fasta	N/A	N/A	N/A	N/A	N/A	N/A	N/A	N/A	N/A	N/A	N/A	N/A	N/A	N/A	N/A	N/A	N/A	Insufficient number of amino acids in MSA (0.8%)	unclassified	NA	NA	NA	unclassified	12908
Unclassified Bacteria	SRR24759611_binette_bin32.fasta	N/A	N/A	N/A	N/A	N/A	N/A	N/A	N/A	N/A	N/A	N/A	N/A	N/A	N/A	N/A	N/A	N/A	Insufficient number of amino acids in MSA (2.5%)	unclassified	NA	NA	NA	unclassified	12908
Unclassified Bacteria	SRR24759611_binette_bin33.fasta	N/A	N/A	N/A	N/A	N/A	N/A	N/A	N/A	N/A	N/A	N/A	N/A	N/A	N/A	N/A	N/A	N/A	Insufficient number of amino acids in MSA (1.6%)	unclassified	NA	NA	NA	unclassified	12908
Unclassified Bacteria	SRR24759611_binette_bin35.fasta	N/A	N/A	N/A	N/A	N/A	N/A	N/A	N/A	N/A	N/A	N/A	N/A	N/A	N/A	N/A	N/A	N/A	Insufficient number of amino acids in MSA (6.0%)	unclassified	NA	NA	NA	unclassified	12908
Unclassified Bacteria	SRR24759611_binette_bin36.fasta	N/A	N/A	N/A	N/A	N/A	N/A	N/A	N/A	N/A	N/A	N/A	N/A	N/A	N/A	N/A	N/A	N/A	Insufficient number of amino acids in MSA (1.7%)	unclassified	NA	NA	NA	unclassified	12908
Unclassified Bacteria	SRR24759611_binette_bin39.fasta	N/A	N/A	N/A	N/A	N/A	N/A	N/A	N/A	N/A	N/A	N/A	N/A	N/A	N/A	N/A	N/A	N/A	Insufficient number of amino acids in MSA (6.2%)	unclassified	NA	NA	NA	unclassified	12908
Unclassified Bacteria	SRR24759611_binette_bin40.fasta	N/A	N/A	N/A	N/A	N/A	N/A	N/A	N/A	N/A	N/A	N/A	N/A	N/A	N/A	N/A	N/A	N/A	Insufficient number of amino acids in MSA (9.1%)	unclassified	NA	NA	NA	unclassified	12908
Unclassified Bacteria	SRR24759611_binette_bin41.fasta	N/A	N/A	N/A	N/A	N/A	N/A	N/A	N/A	N/A	N/A	N/A	N/A	N/A	N/A	N/A	N/A	N/A	Insufficient number of amino acids in MSA (1.9%)	unclassified	NA	NA	NA	unclassified	12908
Unclassified Bacteria	SRR24759611_binette_bin43.fasta	N/A	N/A	N/A	N/A	N/A	N/A	N/A	N/A	N/A	N/A	N/A	N/A	N/A	N/A	N/A	N/A	N/A	Insufficient number of amino acids in MSA (1.7%)	unclassified	NA	NA	NA	unclassified	12908
Unclassified Bacteria	SRR24759611_binette_bin45.fasta	N/A	N/A	N/A	N/A	N/A	N/A	N/A	N/A	N/A	N/A	N/A	N/A	N/A	N/A	N/A	N/A	N/A	Insufficient number of amino acids in MSA (1.6%)	unclassified	NA	NA	NA	unclassified	12908
Unclassified Bacteria	SRR24759611_binette_bin47.fasta	N/A	N/A	N/A	N/A	N/A	N/A	N/A	N/A	N/A	N/A	N/A	N/A	N/A	N/A	N/A	N/A	N/A	Insufficient number of amino acids in MSA (2.9%)	unclassified	NA	NA	NA	unclassified	12908
Unclassified Bacteria	SRR24759611_binette_bin48.fasta	N/A	N/A	N/A	N/A	N/A	N/A	N/A	N/A	N/A	N/A	N/A	N/A	N/A	N/A	N/A	N/A	N/A	Insufficient number of amino acids in MSA (3.5%)	unclassified	NA	NA	NA	unclassified	12908
Unclassified Bacteria	SRR24759611_binette_bin70.fasta	N/A	N/A	N/A	N/A	N/A	N/A	N/A	N/A	N/A	N/A	N/A	N/A	N/A	N/A	N/A	N/A	N/A	Insufficient number of amino acids in MSA (0.2%)	unclassified	NA	NA	NA	unclassified	12908
Unclassified Bacteria	SRR24759611_binette_bin74.fasta	N/A	N/A	N/A	N/A	N/A	N/A	N/A	N/A	N/A	N/A	N/A	N/A	N/A	N/A	N/A	N/A	N/A	Insufficient number of amino acids in MSA (2.9%)	unclassified	NA	NA	NA	unclassified	12908
Unclassified Bacteria	SRR24759611_binette_bin75.fasta	N/A	N/A	N/A	N/A	N/A	N/A	N/A	N/A	N/A	N/A	N/A	N/A	N/A	N/A	N/A	N/A	N/A	Insufficient number of amino acids in MSA (1.4%)	unclassified	NA	NA	NA	unclassified	12908
Unclassified Bacteria	SRR24759611_binette_bin78.fasta	N/A	N/A	N/A	N/A	N/A	N/A	N/A	N/A	N/A	N/A	N/A	N/A	N/A	N/A	N/A	N/A	N/A	Insufficient number of amino acids in MSA (2.4%)	unclassified	NA	NA	NA	unclassified	12908
Unclassified Bacteria	SRR24759611_binette_bin79.fasta	N/A	N/A	N/A	N/A	N/A	N/A	N/A	N/A	N/A	N/A	N/A	N/A	N/A	N/A	N/A	N/A	N/A	Insufficient number of amino acids in MSA (1.1%)	unclassified	NA	NA	NA	unclassified	12908
Unclassified Bacteria	SRR24759611_binette_bin82.fasta	N/A	N/A	N/A	N/A	N/A	N/A	N/A	N/A	N/A	N/A	N/A	N/A	N/A	N/A	N/A	N/A	N/A	Insufficient number of amino acids in MSA (0.4%)	unclassified	NA	NA	NA	unclassified	12908
Unclassified Bacteria	SRR24759612_binette_bin24.fasta	N/A	N/A	N/A	N/A	N/A	N/A	N/A	N/A	N/A	N/A	N/A	N/A	N/A	N/A	N/A	N/A	N/A	Insufficient number of amino acids in MSA (4.8%)	unclassified	NA	NA	NA	unclassified	12908
Unclassified Bacteria	SRR24759612_binette_bin27.fasta	N/A	N/A	N/A	N/A	N/A	N/A	N/A	N/A	N/A	N/A	N/A	N/A	N/A	N/A	N/A	N/A	N/A	Insufficient number of amino acids in MSA (6.6%)	unclassified	NA	NA	NA	unclassified	12908
Unclassified Bacteria	SRR24759612_binette_bin28.fasta	N/A	N/A	N/A	N/A	N/A	N/A	N/A	N/A	N/A	N/A	N/A	N/A	N/A	N/A	N/A	N/A	N/A	Insufficient number of amino acids in MSA (5.6%)	unclassified	NA	NA	NA	unclassified	12908
Unclassified Bacteria	SRR24759612_binette_bin30.fasta	N/A	N/A	N/A	N/A	N/A	N/A	N/A	N/A	N/A	N/A	N/A	N/A	N/A	N/A	N/A	N/A	N/A	Insufficient number of amino acids in MSA (6.0%)	unclassified	NA	NA	NA	unclassified	12908
Unclassified Bacteria	SRR24759612_binette_bin31.fasta	N/A	N/A	N/A	N/A	N/A	N/A	N/A	N/A	N/A	N/A	N/A	N/A	N/A	N/A	N/A	N/A	N/A	Insufficient number of amino acids in MSA (3.1%)	unclassified	NA	NA	NA	unclassified	12908
Unclassified Bacteria	SRR24759612_binette_bin33.fasta	N/A	N/A	N/A	N/A	N/A	N/A	N/A	N/A	N/A	N/A	N/A	N/A	N/A	N/A	N/A	N/A	N/A	Insufficient number of amino acids in MSA (6.4%)	unclassified	NA	NA	NA	unclassified	12908
Unclassified Bacteria	SRR24759612_binette_bin35.fasta	N/A	N/A	N/A	N/A	N/A	N/A	N/A	N/A	N/A	N/A	N/A	N/A	N/A	N/A	N/A	N/A	N/A	Insufficient number of amino acids in MSA (3.6%)	unclassified	NA	NA	NA	unclassified	12908
Unclassified Bacteria	SRR24759612_binette_bin36.fasta	N/A	N/A	N/A	N/A	N/A	N/A	N/A	N/A	N/A	N/A	N/A	N/A	N/A	N/A	N/A	N/A	N/A	Insufficient number of amino acids in MSA (1.8%)	unclassified	NA	NA	NA	unclassified	12908
Unclassified Bacteria	SRR24759612_binette_bin39.fasta	N/A	N/A	N/A	N/A	N/A	N/A	N/A	N/A	N/A	N/A	N/A	N/A	N/A	N/A	N/A	N/A	N/A	Insufficient number of amino acids in MSA (8.0%)	unclassified	NA	NA	NA	unclassified	12908
Unclassified Bacteria	SRR24759612_binette_bin40.fasta	N/A	N/A	N/A	N/A	N/A	N/A	N/A	N/A	N/A	N/A	N/A	N/A	N/A	N/A	N/A	N/A	N/A	Insufficient number of amino acids in MSA (6.5%)	unclassified	NA	NA	NA	unclassified	12908
Unclassified Bacteria	SRR24759612_binette_bin41.fasta	N/A	N/A	N/A	N/A	N/A	N/A	N/A	N/A	N/A	N/A	N/A	N/A	N/A	N/A	N/A	N/A	N/A	Insufficient number of amino acids in MSA (0.8%)	unclassified	NA	NA	NA	unclassified	12908
Unclassified Bacteria	SRR24759612_binette_bin42.fasta	N/A	N/A	N/A	N/A	N/A	N/A	N/A	N/A	N/A	N/A	N/A	N/A	N/A	N/A	N/A	N/A	N/A	Insufficient number of amino acids in MSA (1.5%)	unclassified	NA	NA	NA	unclassified	12908
Unclassified Bacteria	SRR24759612_binette_bin60.fasta	N/A	N/A	N/A	N/A	N/A	N/A	N/A	N/A	N/A	N/A	N/A	N/A	N/A	N/A	N/A	N/A	N/A	Insufficient number of amino acids in MSA (4.5%)	unclassified	NA	NA	NA	unclassified	12908
Unclassified Bacteria	SRR24759612_binette_bin62.fasta	N/A	N/A	N/A	N/A	N/A	N/A	N/A	N/A	N/A	N/A	N/A	N/A	N/A	N/A	N/A	N/A	N/A	Insufficient number of amino acids in MSA (0.6%)	unclassified	NA	NA	NA	unclassified	12908
Unclassified Bacteria	SRR24759612_binette_bin63.fasta	N/A	N/A	N/A	N/A	N/A	N/A	N/A	N/A	N/A	N/A	N/A	N/A	N/A	N/A	N/A	N/A	N/A	Insufficient number of amino acids in MSA (0.8%)	unclassified	NA	NA	NA	unclassified	12908
Unclassified Bacteria	SRR24759612_binette_bin66.fasta	N/A	N/A	N/A	N/A	N/A	N/A	N/A	N/A	N/A	N/A	N/A	N/A	N/A	N/A	N/A	N/A	N/A	Insufficient number of amino acids in MSA (0.7%)	unclassified	NA	NA	NA	unclassified	12908
Unclassified Bacteria	SRR24759613_binette_bin33.fasta	N/A	N/A	N/A	N/A	N/A	N/A	N/A	N/A	N/A	N/A	N/A	N/A	N/A	N/A	N/A	N/A	N/A	Insufficient number of amino acids in MSA (3.2%)	unclassified	NA	NA	NA	unclassified	12908
Unclassified Bacteria	SRR24759613_binette_bin34.fasta	N/A	N/A	N/A	N/A	N/A	N/A	N/A	N/A	N/A	N/A	N/A	N/A	N/A	N/A	N/A	N/A	N/A	Insufficient number of amino acids in MSA (0.8%)	unclassified	NA	NA	NA	unclassified	12908
Unclassified Bacteria	SRR24759613_binette_bin36.fasta	N/A	N/A	N/A	N/A	N/A	N/A	N/A	N/A	N/A	N/A	N/A	N/A	N/A	N/A	N/A	N/A	N/A	Insufficient number of amino acids in MSA (2.1%)	unclassified	NA	NA	NA	unclassified	12908
Unclassified Bacteria	SRR24759613_binette_bin37.fasta	N/A	N/A	N/A	N/A	N/A	N/A	N/A	N/A	N/A	N/A	N/A	N/A	N/A	N/A	N/A	N/A	N/A	Insufficient number of amino acids in MSA (2.2%)	unclassified	NA	NA	NA	unclassified	12908
Unclassified Bacteria	SRR24759613_binette_bin40.fasta	N/A	N/A	N/A	N/A	N/A	N/A	N/A	N/A	N/A	N/A	N/A	N/A	N/A	N/A	N/A	N/A	N/A	Insufficient number of amino acids in MSA (5.1%)	unclassified	NA	NA	NA	unclassified	12908
Unclassified Bacteria	SRR24759613_binette_bin41.fasta	N/A	N/A	N/A	N/A	N/A	N/A	N/A	N/A	N/A	N/A	N/A	N/A	N/A	N/A	N/A	N/A	N/A	Insufficient number of amino acids in MSA (2.5%)	unclassified	NA	NA	NA	unclassified	12908
Unclassified Bacteria	SRR24759613_binette_bin42.fasta	N/A	N/A	N/A	N/A	N/A	N/A	N/A	N/A	N/A	N/A	N/A	N/A	N/A	N/A	N/A	N/A	N/A	Insufficient number of amino acids in MSA (2.1%)	unclassified	NA	NA	NA	unclassified	12908
Unclassified Bacteria	SRR24759613_binette_bin44.fasta	N/A	N/A	N/A	N/A	N/A	N/A	N/A	N/A	N/A	N/A	N/A	N/A	N/A	N/A	N/A	N/A	N/A	Insufficient number of amino acids in MSA (1.9%)	unclassified	NA	NA	NA	unclassified	12908
Unclassified Bacteria	SRR24759613_binette_bin45.fasta	N/A	N/A	N/A	N/A	N/A	N/A	N/A	N/A	N/A	N/A	N/A	N/A	N/A	N/A	N/A	N/A	N/A	Insufficient number of amino acids in MSA (4.9%)	unclassified	NA	NA	NA	unclassified	12908
Unclassified Bacteria	SRR24759613_binette_bin55.fasta	N/A	N/A	N/A	N/A	N/A	N/A	N/A	N/A	N/A	N/A	N/A	N/A	N/A	N/A	N/A	N/A	N/A	Insufficient number of amino acids in MSA (0.8%)	unclassified	NA	NA	NA	unclassified	12908
Unclassified Bacteria	SRR24759613_binette_bin56.fasta	N/A	N/A	N/A	N/A	N/A	N/A	N/A	N/A	N/A	N/A	N/A	N/A	N/A	N/A	N/A	N/A	N/A	Insufficient number of amino acids in MSA (0.8%)	unclassified	NA	NA	NA	unclassified	12908
Unclassified Bacteria	SRR24759613_binette_bin58.fasta	N/A	N/A	N/A	N/A	N/A	N/A	N/A	N/A	N/A	N/A	N/A	N/A	N/A	N/A	N/A	N/A	N/A	Insufficient number of amino acids in MSA (5.0%)	unclassified	NA	NA	NA	unclassified	12908
Unclassified Bacteria	SRR24759614_binette_bin101.fasta	N/A	N/A	N/A	N/A	N/A	N/A	N/A	N/A	N/A	N/A	N/A	N/A	N/A	N/A	N/A	N/A	N/A	Insufficient number of amino acids in MSA (1.6%)	unclassified	NA	NA	NA	unclassified	12908
Unclassified Bacteria	SRR24759614_binette_bin103.fasta	N/A	N/A	N/A	N/A	N/A	N/A	N/A	N/A	N/A	N/A	N/A	N/A	N/A	N/A	N/A	N/A	N/A	Insufficient number of amino acids in MSA (3.7%)	unclassified	NA	NA	NA	unclassified	12908
Unclassified Bacteria	SRR24759614_binette_bin38.fasta	N/A	N/A	N/A	N/A	N/A	N/A	N/A	N/A	N/A	N/A	N/A	N/A	N/A	N/A	N/A	N/A	N/A	Insufficient number of amino acids in MSA (9.8%)	unclassified	NA	NA	NA	unclassified	12908
Unclassified Bacteria	SRR24759614_binette_bin40.fasta	N/A	N/A	N/A	N/A	N/A	N/A	N/A	N/A	N/A	N/A	N/A	N/A	N/A	N/A	N/A	N/A	N/A	Insufficient number of amino acids in MSA (4.5%)	unclassified	NA	NA	NA	unclassified	12908
Unclassified Bacteria	SRR24759614_binette_bin41.fasta	N/A	N/A	N/A	N/A	N/A	N/A	N/A	N/A	N/A	N/A	N/A	N/A	N/A	N/A	N/A	N/A	N/A	Insufficient number of amino acids in MSA (6.9%)	unclassified	NA	NA	NA	unclassified	12908
Unclassified Bacteria	SRR24759614_binette_bin43.fasta	N/A	N/A	N/A	N/A	N/A	N/A	N/A	N/A	N/A	N/A	N/A	N/A	N/A	N/A	N/A	N/A	N/A	Insufficient number of amino acids in MSA (7.7%)	unclassified	NA	NA	NA	unclassified	12908
Unclassified Bacteria	SRR24759614_binette_bin45.fasta	N/A	N/A	N/A	N/A	N/A	N/A	N/A	N/A	N/A	N/A	N/A	N/A	N/A	N/A	N/A	N/A	N/A	Insufficient number of amino acids in MSA (5.1%)	unclassified	NA	NA	NA	unclassified	12908
Unclassified Bacteria	SRR24759614_binette_bin46.fasta	N/A	N/A	N/A	N/A	N/A	N/A	N/A	N/A	N/A	N/A	N/A	N/A	N/A	N/A	N/A	N/A	N/A	Insufficient number of amino acids in MSA (7.1%)	unclassified	NA	NA	NA	unclassified	12908
Unclassified Bacteria	SRR24759614_binette_bin48.fasta	N/A	N/A	N/A	N/A	N/A	N/A	N/A	N/A	N/A	N/A	N/A	N/A	N/A	N/A	N/A	N/A	N/A	Insufficient number of amino acids in MSA (7.2%)	unclassified	NA	NA	NA	unclassified	12908
Unclassified Bacteria	SRR24759614_binette_bin49.fasta	N/A	N/A	N/A	N/A	N/A	N/A	N/A	N/A	N/A	N/A	N/A	N/A	N/A	N/A	N/A	N/A	N/A	Insufficient number of amino acids in MSA (6.6%)	unclassified	NA	NA	NA	unclassified	12908
Unclassified Bacteria	SRR24759614_binette_bin52.fasta	N/A	N/A	N/A	N/A	N/A	N/A	N/A	N/A	N/A	N/A	N/A	N/A	N/A	N/A	N/A	N/A	N/A	Insufficient number of amino acids in MSA (7.6%)	unclassified	NA	NA	NA	unclassified	12908
Unclassified Bacteria	SRR24759614_binette_bin53.fasta	N/A	N/A	N/A	N/A	N/A	N/A	N/A	N/A	N/A	N/A	N/A	N/A	N/A	N/A	N/A	N/A	N/A	Insufficient number of amino acids in MSA (6.3%)	unclassified	NA	NA	NA	unclassified	12908
Unclassified Bacteria	SRR24759614_binette_bin54.fasta	N/A	N/A	N/A	N/A	N/A	N/A	N/A	N/A	N/A	N/A	N/A	N/A	N/A	N/A	N/A	N/A	N/A	Insufficient number of amino acids in MSA (2.5%)	unclassified	NA	NA	NA	unclassified	12908
Unclassified Bacteria	SRR24759614_binette_bin55.fasta	N/A	N/A	N/A	N/A	N/A	N/A	N/A	N/A	N/A	N/A	N/A	N/A	N/A	N/A	N/A	N/A	N/A	Insufficient number of amino acids in MSA (2.1%)	unclassified	NA	NA	NA	unclassified	12908
Unclassified Bacteria	SRR24759614_binette_bin56.fasta	N/A	N/A	N/A	N/A	N/A	N/A	N/A	N/A	N/A	N/A	N/A	N/A	N/A	N/A	N/A	N/A	N/A	Insufficient number of amino acids in MSA (2.1%)	unclassified	NA	NA	NA	unclassified	12908
Unclassified Bacteria	SRR24759614_binette_bin58.fasta	N/A	N/A	N/A	N/A	N/A	N/A	N/A	N/A	N/A	N/A	N/A	N/A	N/A	N/A	N/A	N/A	N/A	Insufficient number of amino acids in MSA (3.2%)	unclassified	NA	NA	NA	unclassified	12908
Unclassified Bacteria	SRR24759614_binette_bin59.fasta	N/A	N/A	N/A	N/A	N/A	N/A	N/A	N/A	N/A	N/A	N/A	N/A	N/A	N/A	N/A	N/A	N/A	Insufficient number of amino acids in MSA (4.4%)	unclassified	NA	NA	NA	unclassified	12908
Unclassified Bacteria	SRR24759614_binette_bin61.fasta	N/A	N/A	N/A	N/A	N/A	N/A	N/A	N/A	N/A	N/A	N/A	N/A	N/A	N/A	N/A	N/A	N/A	Insufficient number of amino acids in MSA (2.8%)	unclassified	NA	NA	NA	unclassified	12908
Unclassified Bacteria	SRR24759614_binette_bin62.fasta	N/A	N/A	N/A	N/A	N/A	N/A	N/A	N/A	N/A	N/A	N/A	N/A	N/A	N/A	N/A	N/A	N/A	Insufficient number of amino acids in MSA (2.0%)	unclassified	NA	NA	NA	unclassified	12908
Unclassified Bacteria	SRR24759614_binette_bin63.fasta	N/A	N/A	N/A	N/A	N/A	N/A	N/A	N/A	N/A	N/A	N/A	N/A	N/A	N/A	N/A	N/A	N/A	Insufficient number of amino acids in MSA (1.6%)	unclassified	NA	NA	NA	unclassified	12908
Unclassified Bacteria	SRR24759614_binette_bin64.fasta	N/A	N/A	N/A	N/A	N/A	N/A	N/A	N/A	N/A	N/A	N/A	N/A	N/A	N/A	N/A	N/A	N/A	Insufficient number of amino acids in MSA (2.1%)	unclassified	NA	NA	NA	unclassified	12908
Unclassified Bacteria	SRR24759614_binette_bin67.fasta	N/A	N/A	N/A	N/A	N/A	N/A	N/A	N/A	N/A	N/A	N/A	N/A	N/A	N/A	N/A	N/A	N/A	Insufficient number of amino acids in MSA (3.2%)	unclassified	NA	NA	NA	unclassified	12908
Unclassified Bacteria	SRR24759614_binette_bin92.fasta	N/A	N/A	N/A	N/A	N/A	N/A	N/A	N/A	N/A	N/A	N/A	N/A	N/A	N/A	N/A	N/A	N/A	Insufficient number of amino acids in MSA (4.0%)	unclassified	NA	NA	NA	unclassified	12908
Unclassified Bacteria	SRR24759614_binette_bin93.fasta	N/A	N/A	N/A	N/A	N/A	N/A	N/A	N/A	N/A	N/A	N/A	N/A	N/A	N/A	N/A	N/A	N/A	Insufficient number of amino acids in MSA (2.8%)	unclassified	NA	NA	NA	unclassified	12908
Unclassified Bacteria	SRR24759614_binette_bin96.fasta	N/A	N/A	N/A	N/A	N/A	N/A	N/A	N/A	N/A	N/A	N/A	N/A	N/A	N/A	N/A	N/A	N/A	Insufficient number of amino acids in MSA (2.2%)	unclassified	NA	NA	NA	unclassified	12908
Unclassified Bacteria	SRR24759615_binette_bin35.fasta	N/A	N/A	N/A	N/A	N/A	N/A	N/A	N/A	N/A	N/A	N/A	N/A	N/A	N/A	N/A	N/A	N/A	Insufficient number of amino acids in MSA (9.3%)	unclassified	NA	NA	NA	unclassified	12908
Unclassified Bacteria	SRR24759615_binette_bin36.fasta	N/A	N/A	N/A	N/A	N/A	N/A	N/A	N/A	N/A	N/A	N/A	N/A	N/A	N/A	N/A	N/A	N/A	Insufficient number of amino acids in MSA (1.4%)	unclassified	NA	NA	NA	unclassified	12908
Unclassified Bacteria	SRR24759615_binette_bin38.fasta	N/A	N/A	N/A	N/A	N/A	N/A	N/A	N/A	N/A	N/A	N/A	N/A	N/A	N/A	N/A	N/A	N/A	Insufficient number of amino acids in MSA (1.7%)	unclassified	NA	NA	NA	unclassified	12908
Unclassified Bacteria	SRR24759615_binette_bin39.fasta	N/A	N/A	N/A	N/A	N/A	N/A	N/A	N/A	N/A	N/A	N/A	N/A	N/A	N/A	N/A	N/A	N/A	Insufficient number of amino acids in MSA (7.5%)	unclassified	NA	NA	NA	unclassified	12908
Unclassified Bacteria	SRR24759615_binette_bin40.fasta	N/A	N/A	N/A	N/A	N/A	N/A	N/A	N/A	N/A	N/A	N/A	N/A	N/A	N/A	N/A	N/A	N/A	Insufficient number of amino acids in MSA (4.3%)	unclassified	NA	NA	NA	unclassified	12908
Unclassified Bacteria	SRR24759615_binette_bin41.fasta	N/A	N/A	N/A	N/A	N/A	N/A	N/A	N/A	N/A	N/A	N/A	N/A	N/A	N/A	N/A	N/A	N/A	Insufficient number of amino acids in MSA (1.5%)	unclassified	NA	NA	NA	unclassified	12908
Unclassified Bacteria	SRR24759615_binette_bin43.fasta	N/A	N/A	N/A	N/A	N/A	N/A	N/A	N/A	N/A	N/A	N/A	N/A	N/A	N/A	N/A	N/A	N/A	Insufficient number of amino acids in MSA (9.7%)	unclassified	NA	NA	NA	unclassified	12908
Unclassified Bacteria	SRR24759615_binette_bin44.fasta	N/A	N/A	N/A	N/A	N/A	N/A	N/A	N/A	N/A	N/A	N/A	N/A	N/A	N/A	N/A	N/A	N/A	Insufficient number of amino acids in MSA (7.4%)	unclassified	NA	NA	NA	unclassified	12908
Unclassified Bacteria	SRR24759615_binette_bin45.fasta	N/A	N/A	N/A	N/A	N/A	N/A	N/A	N/A	N/A	N/A	N/A	N/A	N/A	N/A	N/A	N/A	N/A	Insufficient number of amino acids in MSA (4.6%)	unclassified	NA	NA	NA	unclassified	12908
Unclassified Bacteria	SRR24759615_binette_bin46.fasta	N/A	N/A	N/A	N/A	N/A	N/A	N/A	N/A	N/A	N/A	N/A	N/A	N/A	N/A	N/A	N/A	N/A	Insufficient number of amino acids in MSA (4.4%)	unclassified	NA	NA	NA	unclassified	12908
Unclassified Bacteria	SRR24759615_binette_bin47.fasta	N/A	N/A	N/A	N/A	N/A	N/A	N/A	N/A	N/A	N/A	N/A	N/A	N/A	N/A	N/A	N/A	N/A	Insufficient number of amino acids in MSA (2.2%)	unclassified	NA	NA	NA	unclassified	12908
Unclassified Bacteria	SRR24759615_binette_bin49.fasta	N/A	N/A	N/A	N/A	N/A	N/A	N/A	N/A	N/A	N/A	N/A	N/A	N/A	N/A	N/A	N/A	N/A	Insufficient number of amino acids in MSA (0.3%)	unclassified	NA	NA	NA	unclassified	12908
Unclassified Bacteria	SRR24759615_binette_bin51.fasta	N/A	N/A	N/A	N/A	N/A	N/A	N/A	N/A	N/A	N/A	N/A	N/A	N/A	N/A	N/A	N/A	N/A	Insufficient number of amino acids in MSA (1.7%)	unclassified	NA	NA	NA	unclassified	12908
Unclassified Bacteria	SRR24759615_binette_bin52.fasta	N/A	N/A	N/A	N/A	N/A	N/A	N/A	N/A	N/A	N/A	N/A	N/A	N/A	N/A	N/A	N/A	N/A	Insufficient number of amino acids in MSA (1.6%)	unclassified	NA	NA	NA	unclassified	12908
Unclassified Bacteria	SRR24759615_binette_bin58.fasta	N/A	N/A	N/A	N/A	N/A	N/A	N/A	N/A	N/A	N/A	N/A	N/A	N/A	N/A	N/A	N/A	N/A	Insufficient number of amino acids in MSA (4.2%)	unclassified	NA	NA	NA	unclassified	12908
Unclassified Bacteria	SRR24759615_binette_bin59.fasta	N/A	N/A	N/A	N/A	N/A	N/A	N/A	N/A	N/A	N/A	N/A	N/A	N/A	N/A	N/A	N/A	N/A	Insufficient number of amino acids in MSA (1.5%)	unclassified	NA	NA	NA	unclassified	12908
Unclassified Bacteria	SRR24759615_binette_bin60.fasta	N/A	N/A	N/A	N/A	N/A	N/A	N/A	N/A	N/A	N/A	N/A	N/A	N/A	N/A	N/A	N/A	N/A	Insufficient number of amino acids in MSA (2.3%)	unclassified	NA	NA	NA	unclassified	12908
Unclassified Bacteria	SRR24759615_binette_bin61.fasta	N/A	N/A	N/A	N/A	N/A	N/A	N/A	N/A	N/A	N/A	N/A	N/A	N/A	N/A	N/A	N/A	N/A	Insufficient number of amino acids in MSA (4.0%)	unclassified	NA	NA	NA	unclassified	12908
Unclassified Bacteria	SRR24759615_binette_bin63.fasta	N/A	N/A	N/A	N/A	N/A	N/A	N/A	N/A	N/A	N/A	N/A	N/A	N/A	N/A	N/A	N/A	N/A	Insufficient number of amino acids in MSA (4.8%)	unclassified	NA	NA	NA	unclassified	12908
Unclassified Bacteria	SRR24759615_binette_bin64.fasta	N/A	N/A	N/A	N/A	N/A	N/A	N/A	N/A	N/A	N/A	N/A	N/A	N/A	N/A	N/A	N/A	N/A	Insufficient number of amino acids in MSA (2.5%)	unclassified	NA	NA	NA	unclassified	12908
Unclassified Bacteria	SRR24759615_binette_bin66.fasta	N/A	N/A	N/A	N/A	N/A	N/A	N/A	N/A	N/A	N/A	N/A	N/A	N/A	N/A	N/A	N/A	N/A	Insufficient number of amino acids in MSA (3.1%)	unclassified	NA	NA	NA	unclassified	12908
Unclassified Bacteria	SRR24759615_binette_bin67.fasta	N/A	N/A	N/A	N/A	N/A	N/A	N/A	N/A	N/A	N/A	N/A	N/A	N/A	N/A	N/A	N/A	N/A	Insufficient number of amino acids in MSA (2.3%)	unclassified	NA	NA	NA	unclassified	12908
Unclassified Bacteria	SRR24759615_binette_bin68.fasta	N/A	N/A	N/A	N/A	N/A	N/A	N/A	N/A	N/A	N/A	N/A	N/A	N/A	N/A	N/A	N/A	N/A	Insufficient number of amino acids in MSA (2.1%)	unclassified	NA	NA	NA	unclassified	12908
Unclassified Bacteria	SRR24759615_binette_bin69.fasta	N/A	N/A	N/A	N/A	N/A	N/A	N/A	N/A	N/A	N/A	N/A	N/A	N/A	N/A	N/A	N/A	N/A	Insufficient number of amino acids in MSA (2.3%)	unclassified	NA	NA	NA	unclassified	12908
Unclassified Bacteria	SRR24759615_binette_bin71.fasta	N/A	N/A	N/A	N/A	N/A	N/A	N/A	N/A	N/A	N/A	N/A	N/A	N/A	N/A	N/A	N/A	N/A	Insufficient number of amino acids in MSA (2.0%)	unclassified	NA	NA	NA	unclassified	12908
Unclassified Bacteria	SRR24759615_binette_bin83.fasta	N/A	N/A	N/A	N/A	N/A	N/A	N/A	N/A	N/A	N/A	N/A	N/A	N/A	N/A	N/A	N/A	N/A	Insufficient number of amino acids in MSA (2.9%)	unclassified	NA	NA	NA	unclassified	12908
Unclassified Bacteria	SRR24759615_binette_bin84.fasta	N/A	N/A	N/A	N/A	N/A	N/A	N/A	N/A	N/A	N/A	N/A	N/A	N/A	N/A	N/A	N/A	N/A	Insufficient number of amino acids in MSA (1.6%)	unclassified	NA	NA	NA	unclassified	12908
Unclassified Bacteria	SRR24759615_binette_bin85.fasta	N/A	N/A	N/A	N/A	N/A	N/A	N/A	N/A	N/A	N/A	N/A	N/A	N/A	N/A	N/A	N/A	N/A	Insufficient number of amino acids in MSA (5.2%)	unclassified	NA	NA	NA	unclassified	12908
Unclassified Bacteria	SRR24759615_binette_bin86.fasta	N/A	N/A	N/A	N/A	N/A	N/A	N/A	N/A	N/A	N/A	N/A	N/A	N/A	N/A	N/A	N/A	N/A	Insufficient number of amino acids in MSA (0.8%)	unclassified	NA	NA	NA	unclassified	12908
Unclassified Bacteria	SRR24759615_binette_bin88.fasta	N/A	N/A	N/A	N/A	N/A	N/A	N/A	N/A	N/A	N/A	N/A	N/A	N/A	N/A	N/A	N/A	N/A	Insufficient number of amino acids in MSA (3.5%)	unclassified	NA	NA	NA	unclassified	12908
Unclassified Bacteria	SRR24759615_binette_bin92.fasta	N/A	N/A	N/A	N/A	N/A	N/A	N/A	N/A	N/A	N/A	N/A	N/A	N/A	N/A	N/A	N/A	N/A	Insufficient number of amino acids in MSA (6.5%)	unclassified	NA	NA	NA	unclassified	12908
Unclassified Bacteria	SRR24759616_binette_bin26.fasta	N/A	N/A	N/A	N/A	N/A	N/A	N/A	N/A	N/A	N/A	N/A	N/A	N/A	N/A	N/A	N/A	N/A	Insufficient number of amino acids in MSA (4.4%)	unclassified	NA	NA	NA	unclassified	12908
Unclassified Bacteria	SRR24759616_binette_bin27.fasta	N/A	N/A	N/A	N/A	N/A	N/A	N/A	N/A	N/A	N/A	N/A	N/A	N/A	N/A	N/A	N/A	N/A	Insufficient number of amino acids in MSA (5.7%)	unclassified	NA	NA	NA	unclassified	12908
Unclassified Bacteria	SRR24759616_binette_bin28.fasta	N/A	N/A	N/A	N/A	N/A	N/A	N/A	N/A	N/A	N/A	N/A	N/A	N/A	N/A	N/A	N/A	N/A	Insufficient number of amino acids in MSA (6.6%)	unclassified	NA	NA	NA	unclassified	12908
Unclassified Bacteria	SRR24759616_binette_bin30.fasta	N/A	N/A	N/A	N/A	N/A	N/A	N/A	N/A	N/A	N/A	N/A	N/A	N/A	N/A	N/A	N/A	N/A	Insufficient number of amino acids in MSA (6.4%)	unclassified	NA	NA	NA	unclassified	12908
Unclassified Bacteria	SRR24759616_binette_bin31.fasta	N/A	N/A	N/A	N/A	N/A	N/A	N/A	N/A	N/A	N/A	N/A	N/A	N/A	N/A	N/A	N/A	N/A	Insufficient number of amino acids in MSA (3.2%)	unclassified	NA	NA	NA	unclassified	12908
Unclassified Bacteria	SRR24759616_binette_bin34.fasta	N/A	N/A	N/A	N/A	N/A	N/A	N/A	N/A	N/A	N/A	N/A	N/A	N/A	N/A	N/A	N/A	N/A	Insufficient number of amino acids in MSA (3.1%)	unclassified	NA	NA	NA	unclassified	12908
Unclassified Bacteria	SRR24759616_binette_bin76.fasta	N/A	N/A	N/A	N/A	N/A	N/A	N/A	N/A	N/A	N/A	N/A	N/A	N/A	N/A	N/A	N/A	N/A	Insufficient number of amino acids in MSA (0.8%)	unclassified	NA	NA	NA	unclassified	12908
Unclassified Bacteria	SRR24759616_binette_bin78.fasta	N/A	N/A	N/A	N/A	N/A	N/A	N/A	N/A	N/A	N/A	N/A	N/A	N/A	N/A	N/A	N/A	N/A	Insufficient number of amino acids in MSA (0.8%)	unclassified	NA	NA	NA	unclassified	12908
s__	SRR24759596_binette_bin14.fasta	N/A	N/A	N/A	N/A	N/A	N/A	N/A	N/A	N/A	N/A	d__Bacteria;p__Pseudomonadota;c__Alphaproteobacteria;o__Rhizobiales;f__Rhizobiaceae;g__Bartonella_A;s__	taxonomic classification defined by topology and ANI	classification based on placement in class-level tree	GCF_016102465.1, s__Bartonella_A apihabitans, 95.0, 95.76, 0.609; GCF_016100455.1, s__Bartonella_A sp016100455, 95.0, 95.47, 0.581; GCF_030758755.1, s__Bartonella_A sp016102285, 95.0, 94.5, 0.564; GCF_001952075.1, s__Bartonella_A apis, 95.0, 94.22, 0.306; GCF_016100835.1, s__Bartonella_A choladocola, 95.0, 94.16, 0.178; GCA_946480935.1, s__Bartonella_A sp946480935, 95.0, 94.12, 0.415; GCF_946479275.1, s__Bartonella_A sp946479275, 95.0, 93.9, 0.274	14.75	11	0.99285	N/A	unclassified	NA	NA	NA	unclassified	12908
s__	SRR24759596_binette_bin17.fasta	N/A	N/A	N/A	N/A	N/A	GCF_019469425.1	95.0	d__Bacteria;p__Actinomycetota;c__Actinomycetes;o__Actinomycetales;f__Bifidobacteriaceae;g__Bombiscardovia;s__Bombiscardovia asteroides_I	95.17	0.162	d__Bacteria;p__Actinomycetota;c__Actinomycetes;o__Actinomycetales;f__Bifidobacteriaceae;g__Bombiscardovia;s__	taxonomic classification defined by topology and ANI	classification based on placement in class-level tree	GCF_000737865.1, s__Bombiscardovia coryneforme, 95.0, 97.63, 0.246; GCF_016101585.1, s__Bombiscardovia polysaccharolytica, 95.0, 97.49, 0.273; GCF_002715865.1, s__Bombiscardovia asteroides, 95.0, 97.21, 0.244; GCF_000967265.1, s__Bombiscardovia mellis, 95.0, 97.09, 0.277; GCF_030758775.1, s__Bombiscardovia asteroides_J, 95.0, 96.91, 0.191; GCF_016102005.1, s__Bombiscardovia choladohabitans, 95.17, 96.76, 0.219; GCF_009683175.1, s__Bombiscardovia asteroides_H, 95.0, 96.62, 0.221; GCF_003202755.1, s__Bombiscardovia asteroides_F, 95.0, 96.55, 0.155; GCF_020884755.1, s__Bombiscardovia mizhiensis, 95.0, 96.52, 0.174; GCF_007559275.1, s__Bombiscardovia apousia, 95.0, 96.42, 0.154; GCF_036986835.1, s__Bombiscardovia apis_A, 95.0, 96.38, 0.221	12.85	11	0.99634	N/A	unclassified	NA	NA	NA	unclassified	12908
s__	SRR24759596_binette_bin18.fasta	N/A	N/A	N/A	N/A	N/A	N/A	N/A	N/A	N/A	N/A	d__Bacteria;p__Pseudomonadota;c__Alphaproteobacteria;o__Rhizobiales;f__Rhizobiaceae;g__Bartonella_A;s__	taxonomic classification defined by topology and ANI	classification based on placement in class-level tree	GCF_001952075.1, s__Bartonella_A apis, 95.0, 95.01, 0.504; GCF_016102465.1, s__Bartonella_A apihabitans, 95.0, 94.4, 0.586; GCF_016100455.1, s__Bartonella_A sp016100455, 95.0, 94.0, 0.541; GCF_030758755.1, s__Bartonella_A sp016102285, 95.0, 93.12, 0.555; GCA_946480935.1, s__Bartonella_A sp946480935, 95.0, 92.92, 0.417; GCF_946479275.1, s__Bartonella_A sp946479275, 95.0, 92.01, 0.447; GCF_016100835.1, s__Bartonella_A choladocola, 95.0, 90.78, 0.189	18.59	11	0.99141	N/A	unclassified	NA	NA	NA	unclassified	12908
s__	SRR24759597_binette_bin23.fasta	N/A	N/A	N/A	N/A	N/A	GCF_016102465.1	95.0	d__Bacteria;p__Pseudomonadota;c__Alphaproteobacteria;o__Rhizobiales;f__Rhizobiaceae;g__Bartonella_A;s__Bartonella_A apihabitans	94.06	0.53	d__Bacteria;p__Pseudomonadota;c__Alphaproteobacteria;o__Rhizobiales;f__Rhizobiaceae;g__Bartonella_A;s__	taxonomic classification defined by topology and ANI	classification based on placement in class-level tree	GCF_030758755.1, s__Bartonella_A sp016102285, 95.0, 95.61, 0.602; GCA_946480935.1, s__Bartonella_A sp946480935, 95.0, 92.62, 0.421; GCF_016100455.1, s__Bartonella_A sp016100455, 95.0, 92.57, 0.499; GCF_001952075.1, s__Bartonella_A apis, 95.0, 91.8, 0.18; GCF_946479275.1, s__Bartonella_A sp946479275, 95.0, 90.31, 0.186	16.0	11	0.99716	N/A	unclassified	NA	NA	NA	unclassified	12908
s__	SRR24759597_binette_bin28.fasta	N/A	N/A	N/A	N/A	N/A	N/A	N/A	N/A	N/A	N/A	d__Bacteria;p__Pseudomonadota;c__Alphaproteobacteria;o__Rhizobiales;f__Rhizobiaceae;g__Bartonella_A;s__	taxonomic classification defined by topology and ANI	classification based on placement in class-level tree	GCA_946480935.1, s__Bartonella_A sp946480935, 95.0, 97.72, 0.422; GCF_946479275.1, s__Bartonella_A sp946479275, 95.0, 95.36, 0.171; GCF_016100455.1, s__Bartonella_A sp016100455, 95.0, 94.02, 0.327; GCF_001952075.1, s__Bartonella_A apis, 95.0, 93.98, 0.161; GCF_030758755.1, s__Bartonella_A sp016102285, 95.0, 93.54, 0.319; GCF_016102465.1, s__Bartonella_A apihabitans, 95.0, 93.54, 0.306	10.68	11	0.99276	N/A	unclassified	NA	NA	NA	unclassified	12908
s__	SRR24759597_binette_bin33.fasta	N/A	N/A	N/A	N/A	N/A	N/A	N/A	N/A	N/A	N/A	d__Bacteria;p__Pseudomonadota;c__Gammaproteobacteria;o__Enterobacterales;f__Enterobacteriaceae;g__Gilliamella;s__	taxonomic classification defined by topology and ANI	classification based on placement in class-level tree	GCA_946482005.1, s__Gilliamella sp946482005, 95.0, 97.68, 0.161; GCA_946481345.1, s__Gilliamella sp946481345, 95.0, 97.63, 0.257; GCF_002142215.1, s__Gilliamella sp002142215, 95.0, 96.79, 0.224; GCF_001693435.1, s__Gilliamella apicola_N, 95.0, 96.52, 0.325; GCF_003202655.1, s__Gilliamella apicola_R, 95.0, 96.33, 0.261; GCF_030758615.1, s__Gilliamella apis_A, 95.0, 96.25, 0.249; GCF_002142155.1, s__Gilliamella apis, 95.0, 95.82, 0.159; GCF_003202915.1, s__Gilliamella apicola_Q, 95.19, 95.49, 0.248; GCF_000599985.1, s__Gilliamella apicola, 95.0, 94.11, 0.302	11.04	11	0.98617	N/A	unclassified	NA	NA	NA	unclassified	12908
s__	SRR24759597_binette_bin35.fasta	N/A	N/A	N/A	N/A	N/A	N/A	N/A	N/A	N/A	N/A	d__Bacteria;p__Actinomycetota;c__Actinomycetes;o__Actinomycetales;f__Bifidobacteriaceae;g__Bombiscardovia;s__	taxonomic classification defined by topology and ANI	classification based on placement in class-level tree	GCF_000737865.1, s__Bombiscardovia coryneforme, 95.0, 98.21, 0.344; GCF_016101585.1, s__Bombiscardovia polysaccharolytica, 95.0, 96.05, 0.318; GCF_000967265.1, s__Bombiscardovia mellis, 95.0, 95.46, 0.27; GCF_007559275.1, s__Bombiscardovia apousia, 95.0, 94.67, 0.187; GCF_003202755.1, s__Bombiscardovia asteroides_F, 95.0, 94.62, 0.216; GCF_030758775.1, s__Bombiscardovia asteroides_J, 95.0, 94.46, 0.192; GCF_009683175.1, s__Bombiscardovia asteroides_H, 95.0, 94.29, 0.211; GCF_002715865.1, s__Bombiscardovia asteroides, 95.0, 94.18, 0.169; GCF_016102005.1, s__Bombiscardovia choladohabitans, 95.17, 94.1, 0.216; GCF_036986835.1, s__Bombiscardovia apis_A, 95.0, 93.72, 0.215; GCF_020884755.1, s__Bombiscardovia mizhiensis, 95.0, 93.48, 0.191; GCF_026537325.1, s__Bombiscardovia sp026537325, 95.0, 92.99, 0.17; GCF_019469425.1, s__Bombiscardovia asteroides_I, 95.0, 92.53, 0.156	14.36	11	0.98423	N/A	unclassified	NA	NA	NA	unclassified	12908
s__	SRR24759597_binette_bin36.fasta	N/A	N/A	N/A	N/A	N/A	N/A	N/A	N/A	N/A	N/A	d__Bacteria;p__Pseudomonadota;c__Alphaproteobacteria;o__Rhizobiales;f__Rhizobiaceae;g__Bartonella_A;s__	taxonomic classification defined by topology and ANI	classification based on placement in class-level tree	GCF_016100455.1, s__Bartonella_A sp016100455, 95.0, 96.94, 0.444; GCF_001952075.1, s__Bartonella_A apis, 95.0, 96.44, 0.212; GCF_016102465.1, s__Bartonella_A apihabitans, 95.0, 96.37, 0.503; GCA_946480935.1, s__Bartonella_A sp946480935, 95.0, 95.61, 0.283; GCF_030758755.1, s__Bartonella_A sp016102285, 95.0, 94.4, 0.368	10.37	11	0.99236	N/A	unclassified	NA	NA	NA	unclassified	12908
s__	SRR24759597_binette_bin39.fasta	N/A	N/A	N/A	N/A	N/A	GCA_946480935.1	95.0	d__Bacteria;p__Pseudomonadota;c__Alphaproteobacteria;o__Rhizobiales;f__Rhizobiaceae;g__Bartonella_A;s__Bartonella_A sp946480935	94.12	0.422	d__Bacteria;p__Pseudomonadota;c__Alphaproteobacteria;o__Rhizobiales;f__Rhizobiaceae;g__Bartonella_A;s__	taxonomic classification defined by topology and ANI	classification based on placement in class-level tree	GCF_030758755.1, s__Bartonella_A sp016102285, 95.0, 95.44, 0.634; GCF_016102465.1, s__Bartonella_A apihabitans, 95.0, 94.84, 0.618; GCF_016100455.1, s__Bartonella_A sp016100455, 95.0, 94.54, 0.585; GCF_001952075.1, s__Bartonella_A apis, 95.0, 94.1, 0.405; GCF_946479275.1, s__Bartonella_A sp946479275, 95.0, 93.58, 0.375; GCF_016100835.1, s__Bartonella_A choladocola, 95.0, 93.25, 0.33	11.32	11	0.99892	N/A	unclassified	NA	NA	NA	unclassified	12908
s__	SRR24759597_binette_bin52.fasta	N/A	N/A	N/A	N/A	N/A	N/A	N/A	N/A	N/A	N/A	d__Bacteria;p__Pseudomonadota;c__Gammaproteobacteria;o__Enterobacterales;f__Enterobacteriaceae;g__Gilliamella;s__	taxonomic classification defined by topology and ANI	classification based on placement in class-level tree	GCF_003202655.1, s__Gilliamella apicola_R, 95.0, 98.7, 0.207; GCA_946482005.1, s__Gilliamella sp946482005, 95.0, 98.68, 0.221; GCA_946481345.1, s__Gilliamella sp946481345, 95.0, 97.79, 0.18; GCF_003202915.1, s__Gilliamella apicola_Q, 95.19, 97.71, 0.178; GCF_030758615.1, s__Gilliamella apis_A, 95.0, 97.54, 0.223; GCF_002142215.1, s__Gilliamella sp002142215, 95.0, 96.64, 0.17; GCF_001693435.1, s__Gilliamella apicola_N, 95.0, 96.53, 0.277; GCF_002142155.1, s__Gilliamella apis, 95.0, 96.47, 0.154; GCF_000599985.1, s__Gilliamella apicola, 95.0, 95.31, 0.191	12.13	11	0.98943	N/A	unclassified	NA	NA	NA	unclassified	12908
s__	SRR24759597_binette_bin53.fasta	N/A	N/A	N/A	N/A	N/A	N/A	N/A	N/A	N/A	N/A	d__Bacteria;p__Pseudomonadota;c__Alphaproteobacteria;o__Rhizobiales;f__Rhizobiaceae;g__Bartonella_A;s__	taxonomic classification defined by topology and ANI	classification based on placement in class-level tree	GCF_001952075.1, s__Bartonella_A apis, 95.0, 95.51, 0.571; GCA_946480935.1, s__Bartonella_A sp946480935, 95.0, 94.55, 0.437; GCF_030758755.1, s__Bartonella_A sp016102285, 95.0, 94.53, 0.555; GCF_016102465.1, s__Bartonella_A apihabitans, 95.0, 93.96, 0.609; GCF_946479275.1, s__Bartonella_A sp946479275, 95.0, 93.68, 0.474; GCF_016100455.1, s__Bartonella_A sp016100455, 95.0, 93.4, 0.61; GCF_016100835.1, s__Bartonella_A choladocola, 95.0, 92.05, 0.286	20.08	11	0.992	N/A	unclassified	NA	NA	NA	unclassified	12908
s__	SRR24759598_binette_bin114.fasta	N/A	N/A	N/A	N/A	N/A	N/A	N/A	N/A	N/A	N/A	d__Bacteria;p__Pseudomonadota;c__Alphaproteobacteria;o__Rhizobiales;f__Rhizobiaceae;g__Bartonella_A;s__	taxonomic classification defined by topology and ANI	classification based on placement in class-level tree	GCF_016100835.1, s__Bartonella_A choladocola, 95.0, 97.1, 0.187; GCF_030758755.1, s__Bartonella_A sp016102285, 95.0, 96.94, 0.469; GCF_016102465.1, s__Bartonella_A apihabitans, 95.0, 96.71, 0.518; GCF_016100455.1, s__Bartonella_A sp016100455, 95.0, 96.38, 0.526; GCF_001952075.1, s__Bartonella_A apis, 95.0, 96.22, 0.238; GCA_946480935.1, s__Bartonella_A sp946480935, 95.0, 95.91, 0.406; GCF_946479275.1, s__Bartonella_A sp946479275, 95.0, 95.8, 0.209	12.89	11	0.99289	Genome has more than 10.0% of markers with multiple hits	unclassified	NA	NA	NA	unclassified	12908
s__	SRR24759598_binette_bin27.fasta	N/A	N/A	N/A	N/A	N/A	N/A	N/A	N/A	N/A	N/A	d__Bacteria;p__Pseudomonadota;c__Gammaproteobacteria;o__Enterobacterales;f__Enterobacteriaceae;g__Gilliamella;s__	taxonomic classification defined by topology and ANI	classification based on placement in class-level tree	GCF_000599985.1, s__Gilliamella apicola, 95.0, 98.24, 0.589; GCF_002142155.1, s__Gilliamella apis, 95.0, 97.82, 0.282; GCA_946481345.1, s__Gilliamella sp946481345, 95.0, 94.5, 0.24; GCF_001693435.1, s__Gilliamella apicola_N, 95.0, 94.4, 0.453; GCF_030758615.1, s__Gilliamella apis_A, 95.0, 94.06, 0.239; GCA_946482005.1, s__Gilliamella sp946482005, 95.0, 93.94, 0.298; GCF_002142215.1, s__Gilliamella sp002142215, 95.0, 92.99, 0.182; GCF_028751545.1, s__Gilliamella sp945273075, 95.0, 91.11, 0.208	23.97	11	0.98737	N/A	unclassified	NA	NA	NA	unclassified	12908
s__	SRR24759598_binette_bin38.fasta	N/A	N/A	N/A	N/A	N/A	N/A	N/A	N/A	N/A	N/A	d__Bacteria;p__Pseudomonadota;c__Alphaproteobacteria;o__Rhizobiales;f__Rhizobiaceae;g__Bartonella_A;s__	taxonomic classification defined by topology and ANI	classification based on placement in class-level tree	GCF_016100455.1, s__Bartonella_A sp016100455, 95.0, 94.0, 0.585; GCF_016102465.1, s__Bartonella_A apihabitans, 95.0, 93.68, 0.6; GCF_030758755.1, s__Bartonella_A sp016102285, 95.0, 93.68, 0.594; GCA_946480935.1, s__Bartonella_A sp946480935, 95.0, 93.21, 0.424; GCF_016100835.1, s__Bartonella_A choladocola, 95.0, 92.75, 0.235; GCF_001952075.1, s__Bartonella_A apis, 95.0, 91.72, 0.31; GCF_946479275.1, s__Bartonella_A sp946479275, 95.0, 91.33, 0.298	24.29	11	0.99288	N/A	unclassified	NA	NA	NA	unclassified	12908
s__	SRR24759598_binette_bin39.fasta	N/A	N/A	N/A	N/A	N/A	N/A	N/A	N/A	N/A	N/A	d__Bacteria;p__Actinomycetota;c__Actinomycetes;o__Actinomycetales;f__Bifidobacteriaceae;g__Bombiscardovia;s__	taxonomic classification defined by topology and ANI	classification based on placement in class-level tree	GCF_016101585.1, s__Bombiscardovia polysaccharolytica, 95.0, 96.35, 0.465; GCF_016102005.1, s__Bombiscardovia choladohabitans, 95.17, 94.85, 0.379; GCF_000967265.1, s__Bombiscardovia mellis, 95.0, 94.61, 0.384; GCF_003202755.1, s__Bombiscardovia asteroides_F, 95.0, 94.61, 0.326; GCF_030758775.1, s__Bombiscardovia asteroides_J, 95.0, 93.94, 0.279; GCF_009683175.1, s__Bombiscardovia asteroides_H, 95.0, 93.84, 0.317; GCF_036986835.1, s__Bombiscardovia apis_A, 95.0, 93.68, 0.324; GCF_007559275.1, s__Bombiscardovia apousia, 95.0, 93.58, 0.273; GCF_003202695.1, s__Bombiscardovia asteroides_G, 95.0, 93.36, 0.174; GCF_002715865.1, s__Bombiscardovia asteroides, 95.0, 93.25, 0.251; GCF_020884755.1, s__Bombiscardovia mizhiensis, 95.0, 92.91, 0.252; GCF_026537325.1, s__Bombiscardovia sp026537325, 95.0, 92.91, 0.22; GCF_019469425.1, s__Bombiscardovia asteroides_I, 95.0, 92.61, 0.225	17.71	11	0.99573	N/A	unclassified	NA	NA	NA	unclassified	12908
s__	SRR24759598_binette_bin56.fasta	N/A	N/A	N/A	N/A	N/A	N/A	N/A	N/A	N/A	N/A	d__Bacteria;p__Bacillota;c__Bacilli;o__Lactobacillales;f__Lactobacillaceae;g__Lactobacillus;s__	taxonomic classification defined by topology and ANI	classification based on placement in class-level tree	GCF_000970855.1, s__Lactobacillus helsingborgensis, 95.0, 98.35, 0.265; GCF_000967195.1, s__Lactobacillus kullabergensis, 95.0, 98.29, 0.229; GCF_019972815.1, s__Lactobacillus huangpiensis, 95.0, 98.11, 0.246; GCF_014323605.1, s__Lactobacillus kimbladii_B, 95.0, 97.96, 0.219; GCA_946477855.1, s__Lactobacillus sp946477855, 95.0, 97.09, 0.169; GCF_019972835.1, s__Lactobacillus laiwuensis, 95.0, 96.6, 0.17; GCF_000970755.1, s__Lactobacillus kimbladii, 95.0, 96.34, 0.171; GCF_036246285.1, s__Lactobacillus juensis, 95.0, 96.27, 0.16	13.98	11	0.9931	N/A	unclassified	NA	NA	NA	unclassified	12908
s__	SRR24759599_binette_bin27.fasta	N/A	N/A	N/A	N/A	N/A	GCF_030758615.1	95.0	d__Bacteria;p__Pseudomonadota;c__Gammaproteobacteria;o__Enterobacterales;f__Enterobacteriaceae;g__Gilliamella;s__Gilliamella apis_A	93.12	0.417	d__Bacteria;p__Pseudomonadota;c__Gammaproteobacteria;o__Enterobacterales;f__Enterobacteriaceae;g__Gilliamella;s__	taxonomic classification defined by topology and ANI	classification based on placement in class-level tree	GCF_000599985.1, s__Gilliamella apicola, 95.0, 95.08, 0.218; GCF_001693435.1, s__Gilliamella apicola_N, 95.0, 94.18, 0.152; GCA_946481345.1, s__Gilliamella sp946481345, 95.0, 93.68, 0.152; GCF_002142155.1, s__Gilliamella apis, 95.0, 92.51, 0.364; GCF_002142215.1, s__Gilliamella sp002142215, 95.0, 92.51, 0.325; GCF_003202655.1, s__Gilliamella apicola_R, 95.0, 91.62, 0.15; GCA_946480175.1, s__Gilliamella sp946480175, 95.0, 91.36, 0.159; GCF_003202915.1, s__Gilliamella apicola_Q, 95.19, 91.17, 0.179	20.35	11	0.99827	N/A	unclassified	NA	NA	NA	unclassified	12908
s__	SRR24759599_binette_bin31.fasta	N/A	N/A	N/A	N/A	N/A	GCF_019972815.1	95.0	d__Bacteria;p__Bacillota;c__Bacilli;o__Lactobacillales;f__Lactobacillaceae;g__Lactobacillus;s__Lactobacillus huangpiensis	95.92	0.313	d__Bacteria;p__Bacillota;c__Bacilli;o__Lactobacillales;f__Lactobacillaceae;g__Lactobacillus;s__	taxonomic classification defined by topology and ANI	classification based on placement in class-level tree	GCF_000967195.1, s__Lactobacillus kullabergensis, 95.0, 97.35, 0.357; GCF_014323605.1, s__Lactobacillus kimbladii_B, 95.0, 96.83, 0.331; GCF_000970755.1, s__Lactobacillus kimbladii, 95.0, 96.25, 0.313; GCF_000970775.1, s__Lactobacillus melliventris, 96.46, 95.93, 0.194; GCF_946477725.1, s__Lactobacillus sp946477725, 95.65, 95.76, 0.208; GCF_019972835.1, s__Lactobacillus laiwuensis, 95.0, 95.09, 0.278; GCF_036246345.1, s__Lactobacillus rizhaonensis, 95.0, 95.07, 0.162; GCF_036246285.1, s__Lactobacillus juensis, 95.0, 94.73, 0.278	19.84	11	0.99891	N/A	unclassified	NA	NA	NA	unclassified	12908
s__	SRR24759599_binette_bin37.fasta	N/A	N/A	N/A	N/A	N/A	GCF_041099235.1	95.11	d__Bacteria;p__Pseudomonadota;c__Gammaproteobacteria;o__Enterobacterales;f__Enterobacteriaceae;g__Morganella;s__Morganella morganii_E	96.5	0.485	d__Bacteria;p__Pseudomonadota;c__Gammaproteobacteria;o__Enterobacterales;f__Enterobacteriaceae;g__Morganella;s__	taxonomic classification defined by topology and ANI	classification based on placement in class-level tree	GCF_019243775.1, s__Morganella morganii, 95.0, 98.59, 0.632; GCF_000633515.1, s__Morganella morganii_B, 95.0, 95.47, 0.416; GCF_040560245.1, s__Morganella sibonii, 95.0, 95.37, 0.359; GCA_003996855.1, s__Morganella morganii_C, 95.0, 94.88, 0.303; GCA_019402645.1, s__Morganella morganii_D, 95.0, 94.29, 0.292	16.7	11	1.0	N/A	unclassified	NA	NA	NA	unclassified	12908
s__	SRR24759599_binette_bin38.fasta	N/A	N/A	N/A	N/A	N/A	N/A	N/A	N/A	N/A	N/A	d__Bacteria;p__Bacillota;c__Bacilli;o__Lactobacillales;f__Lactobacillaceae;g__Lactobacillus;s__	taxonomic classification fully defined by topology	classification based on placement in class-level tree	N/A	10.31	11	0.99953	Genome domain questionable ( 10.8% Bacterial, 1.9% Archaeal)	unclassified	NA	NA	NA	unclassified	12908
s__	SRR24759599_binette_bin39.fasta	N/A	N/A	N/A	N/A	N/A	GCA_946480175.1	95.0	d__Bacteria;p__Pseudomonadota;c__Gammaproteobacteria;o__Enterobacterales;f__Enterobacteriaceae;g__Gilliamella;s__Gilliamella sp946480175	96.94	0.455	d__Bacteria;p__Pseudomonadota;c__Gammaproteobacteria;o__Enterobacterales;f__Enterobacteriaceae;g__Gilliamella;s__	taxonomic classification defined by topology and ANI	classification based on placement in class-level tree	GCF_003202915.1, s__Gilliamella apicola_Q, 95.19, 95.08, 0.559; GCF_002142215.1, s__Gilliamella sp002142215, 95.0, 93.68, 0.28; GCF_003202655.1, s__Gilliamella apicola_R, 95.0, 93.02, 0.516; GCA_946482005.1, s__Gilliamella sp946482005, 95.0, 92.99, 0.196; GCF_002142155.1, s__Gilliamella apis, 95.0, 90.7, 0.154; GCF_019469165.1, s__Gilliamella apicola_E, 95.0, 90.0, 0.166	12.83	11	0.99579	N/A	unclassified	NA	NA	NA	unclassified	12908
s__	SRR24759599_binette_bin41.fasta	N/A	N/A	N/A	N/A	N/A	GCF_001952075.1	95.0	d__Bacteria;p__Pseudomonadota;c__Alphaproteobacteria;o__Rhizobiales;f__Rhizobiaceae;g__Bartonella_A;s__Bartonella_A apis	95.36	0.461	d__Bacteria;p__Pseudomonadota;c__Alphaproteobacteria;o__Rhizobiales;f__Rhizobiaceae;g__Bartonella_A;s__	taxonomic classification defined by topology and ANI	classification based on placement in class-level tree	GCF_016102465.1, s__Bartonella_A apihabitans, 95.0, 95.45, 0.536; GCF_016100455.1, s__Bartonella_A sp016100455, 95.0, 94.87, 0.487; GCF_030758755.1, s__Bartonella_A sp016102285, 95.0, 94.73, 0.48; GCA_946480935.1, s__Bartonella_A sp946480935, 95.0, 94.6, 0.328; GCF_946479275.1, s__Bartonella_A sp946479275, 95.0, 94.22, 0.41; GCF_016100835.1, s__Bartonella_A choladocola, 95.0, 92.88, 0.243	14.71	11	0.99806	N/A	unclassified	NA	NA	NA	unclassified	12908
s__	SRR24759599_binette_bin43.fasta	N/A	N/A	N/A	N/A	N/A	N/A	N/A	N/A	N/A	N/A	d__Bacteria;p__Pseudomonadota;c__Alphaproteobacteria;o__Rhizobiales;f__Rhizobiaceae;g__Bartonella_A;s__	taxonomic classification defined by topology and ANI	classification based on placement in class-level tree	GCA_946480935.1, s__Bartonella_A sp946480935, 95.0, 96.37, 0.357; GCF_016100455.1, s__Bartonella_A sp016100455, 95.0, 95.86, 0.377; GCF_030758755.1, s__Bartonella_A sp016102285, 95.0, 93.81, 0.285; GCF_016102465.1, s__Bartonella_A apihabitans, 95.0, 93.54, 0.283	11.8	11	0.99725	N/A	unclassified	NA	NA	NA	unclassified	12908
s__	SRR24759599_binette_bin46.fasta	N/A	N/A	N/A	N/A	N/A	GCF_002142215.1	95.0	d__Bacteria;p__Pseudomonadota;c__Gammaproteobacteria;o__Enterobacterales;f__Enterobacteriaceae;g__Gilliamella;s__Gilliamella sp002142215	95.29	0.496	d__Bacteria;p__Pseudomonadota;c__Gammaproteobacteria;o__Enterobacterales;f__Enterobacteriaceae;g__Gilliamella;s__	taxonomic classification defined by topology and ANI	classification based on placement in class-level tree	GCF_000599985.1, s__Gilliamella apicola, 95.0, 96.84, 0.249; GCF_030758615.1, s__Gilliamella apis_A, 95.0, 94.98, 0.546; GCF_003202655.1, s__Gilliamella apicola_R, 95.0, 94.89, 0.368; GCF_003202915.1, s__Gilliamella apicola_Q, 95.19, 94.15, 0.364; GCF_002142155.1, s__Gilliamella apis, 95.0, 94.06, 0.544; GCA_946481345.1, s__Gilliamella sp946481345, 95.0, 93.94, 0.233; GCF_001693435.1, s__Gilliamella apicola_N, 95.0, 93.84, 0.231; GCA_946482005.1, s__Gilliamella sp946482005, 95.0, 93.07, 0.18; GCA_946480175.1, s__Gilliamella sp946480175, 95.0, 92.06, 0.253; GCF_019469165.1, s__Gilliamella apicola_E, 95.0, 90.91, 0.197	13.46	11	0.9964	N/A	unclassified	NA	NA	NA	unclassified	12908
s__	SRR24759599_binette_bin63.fasta	N/A	N/A	N/A	N/A	N/A	N/A	N/A	N/A	N/A	N/A	d__Bacteria;p__Pseudomonadota;c__Alphaproteobacteria;o__Rhizobiales;f__Rhizobiaceae;g__Bartonella_A;s__	taxonomic classification defined by topology and ANI	classification based on placement in class-level tree	GCF_016102465.1, s__Bartonella_A apihabitans, 95.0, 96.52, 0.492; GCF_001952075.1, s__Bartonella_A apis, 95.0, 95.68, 0.391; GCA_946480935.1, s__Bartonella_A sp946480935, 95.0, 94.92, 0.345; GCF_016100455.1, s__Bartonella_A sp016100455, 95.0, 94.87, 0.406; GCF_030758755.1, s__Bartonella_A sp016102285, 95.0, 94.85, 0.45; GCF_946479275.1, s__Bartonella_A sp946479275, 95.0, 94.25, 0.316	17.75	11	0.99147	N/A	unclassified	NA	NA	NA	unclassified	12908
s__	SRR24759599_binette_bin75.fasta	N/A	N/A	N/A	N/A	N/A	N/A	N/A	N/A	N/A	N/A	d__Bacteria;p__Pseudomonadota;c__Alphaproteobacteria;o__Rhizobiales;f__Rhizobiaceae;g__Bartonella_A;s__	taxonomic classification defined by topology and ANI	classification based on placement in class-level tree	GCF_030758755.1, s__Bartonella_A sp016102285, 95.0, 96.02, 0.447; GCF_016102465.1, s__Bartonella_A apihabitans, 95.0, 95.89, 0.474; GCF_016100455.1, s__Bartonella_A sp016100455, 95.0, 95.86, 0.452; GCF_001952075.1, s__Bartonella_A apis, 95.0, 95.83, 0.244; GCA_946480935.1, s__Bartonella_A sp946480935, 95.0, 95.26, 0.354; GCF_946479275.1, s__Bartonella_A sp946479275, 95.0, 95.23, 0.203; GCF_016100835.1, s__Bartonella_A choladocola, 95.0, 94.49, 0.155	11.85	11	0.99377	Genome has more than 10.8% of markers with multiple hits	unclassified	NA	NA	NA	unclassified	12908
s__	SRR24759600_binette_bin117.fasta	N/A	N/A	N/A	N/A	N/A	GCF_016100835.1	95.0	d__Bacteria;p__Pseudomonadota;c__Alphaproteobacteria;o__Rhizobiales;f__Rhizobiaceae;g__Bartonella_A;s__Bartonella_A choladocola	94.94	0.292	d__Bacteria;p__Pseudomonadota;c__Alphaproteobacteria;o__Rhizobiales;f__Rhizobiaceae;g__Bartonella_A;s__	taxonomic classification defined by topology and ANI	classification based on placement in class-level tree	GCF_016100455.1, s__Bartonella_A sp016100455, 95.0, 96.19, 0.547; GCF_030758755.1, s__Bartonella_A sp016102285, 95.0, 96.1, 0.572; GCA_946480935.1, s__Bartonella_A sp946480935, 95.0, 96.01, 0.405; GCF_016102465.1, s__Bartonella_A apihabitans, 95.0, 95.99, 0.576; GCF_001952075.1, s__Bartonella_A apis, 95.0, 95.39, 0.34; GCF_946479275.1, s__Bartonella_A sp946479275, 95.0, 94.36, 0.336	18.21	11	0.98772	N/A	unclassified	NA	NA	NA	unclassified	12908
s__	SRR24759600_binette_bin2.fasta	N/A	N/A	N/A	N/A	N/A	N/A	N/A	N/A	N/A	N/A	d__Bacteria;p__Pseudomonadota;c__Alphaproteobacteria;o__Rhizobiales;f__Rhizobiaceae;g__Bartonella_A;s__	taxonomic classification fully defined by topology	classification based on placement in class-level tree	N/A	80.7	11	0.97156	N/A	unclassified	NA	NA	NA	unclassified	12908
s__	SRR24759600_binette_bin24.fasta	N/A	N/A	N/A	N/A	N/A	N/A	N/A	N/A	N/A	N/A	d__Bacteria;p__Pseudomonadota;c__Gammaproteobacteria;o__Enterobacterales;f__Enterobacteriaceae;g__Providencia;s__	taxonomic classification defined by topology and ANI	classification based on placement in class-level tree	GCF_000173415.1, s__Providencia alcalifaciens, 95.0, 97.45, 0.22; GCF_020381325.1, s__Providencia vermicola, 95.0, 95.93, 0.585; GCF_040396775.1, s__Providencia sp040396775, 95.0, 91.62, 0.347; GCF_019343475.1, s__Providencia sp019343475, 95.0, 91.52, 0.36; GCF_041075285.1, s__Providencia rettgeri_G, 95.0, 89.52, 0.173	35.27	11	0.99712	N/A	unclassified	NA	NA	NA	unclassified	12908
s__	SRR24759600_binette_bin25.fasta	N/A	N/A	N/A	N/A	N/A	N/A	N/A	N/A	N/A	N/A	d__Bacteria;p__Bacillota;c__Bacilli;o__Lactobacillales;f__Lactobacillaceae;g__Lactobacillus;s__	taxonomic classification defined by topology and ANI	classification based on placement in class-level tree	GCA_946479925.1, s__Lactobacillus sp946479925, 95.0, 95.89, 0.23; GCF_000970775.1, s__Lactobacillus melliventris, 96.46, 95.49, 0.489; GCF_946477725.1, s__Lactobacillus sp946477725, 95.65, 94.4, 0.492; GCF_014323605.1, s__Lactobacillus kimbladii_B, 95.0, 94.1, 0.507; GCF_000967195.1, s__Lactobacillus kullabergensis, 95.0, 93.86, 0.449; GCF_019972815.1, s__Lactobacillus huangpiensis, 95.0, 92.8, 0.457; GCF_000970755.1, s__Lactobacillus kimbladii, 95.0, 92.4, 0.448; GCF_036246345.1, s__Lactobacillus rizhaonensis, 95.0, 92.08, 0.457; GCF_019972835.1, s__Lactobacillus laiwuensis, 95.0, 90.82, 0.445; GCF_036246285.1, s__Lactobacillus juensis, 95.0, 90.82, 0.423; GCA_946477855.1, s__Lactobacillus sp946477855, 95.0, 89.46, 0.233	50.58	11	0.99512	Genome has more than 14.2% of markers with multiple hits	unclassified	NA	NA	NA	unclassified	12908
s__	SRR24759600_binette_bin26.fasta	N/A	N/A	N/A	N/A	N/A	GCF_000173415.1	95.0	d__Bacteria;p__Pseudomonadota;c__Gammaproteobacteria;o__Enterobacterales;f__Enterobacteriaceae;g__Providencia;s__Providencia alcalifaciens	98.54	0.607	d__Bacteria;p__Pseudomonadota;c__Gammaproteobacteria;o__Enterobacterales;f__Enterobacteriaceae;g__Providencia;s__	taxonomic classification defined by topology and ANI	classification based on placement in class-level tree	GCF_020381325.1, s__Providencia vermicola, 95.0, 98.02, 0.32; GCF_019343475.1, s__Providencia sp019343475, 95.0, 96.26, 0.259; GCA_900455085.1, s__Providencia rettgeri, 95.0, 95.76, 0.167; GCF_041075285.1, s__Providencia rettgeri_G, 95.0, 95.67, 0.186; GCF_040396775.1, s__Providencia sp040396775, 95.0, 95.49, 0.188; GCF_027595165.1, s__Providencia alcalifaciens_A, 95.0, 95.3, 0.3; GCF_023205015.1, s__Providencia rettgeri_E, 95.0, 95.26, 0.151; GCF_002843235.3, s__Providencia huaxiensis, 95.0, 95.21, 0.154; GCF_915403165.1, s__Providencia alcalifaciens_C, 95.0, 94.98, 0.305; GCF_029193595.2, s__Providencia hangzhouensis, 95.0, 94.97, 0.164; GCF_030315915.2, s__Providencia zhijiangensis, 95.0, 94.92, 0.327; GCF_020271745.1, s__Providencia alcalifaciens_B, 95.0, 94.88, 0.3; GCF_000156395.1, s__Providencia rustigianii, 95.0, 93.99, 0.188	28.06	11	0.99882	Genome has more than 10.8% of markers with multiple hits	unclassified	NA	NA	NA	unclassified	12908
s__	SRR24759600_binette_bin27.fasta	N/A	N/A	N/A	N/A	N/A	N/A	N/A	N/A	N/A	N/A	d__Bacteria;p__Bacillota;c__Bacilli;o__Lactobacillales;f__Lactobacillaceae;g__Lactobacillus;s__	taxonomic classification defined by topology and ANI	classification based on placement in class-level tree	GCF_014323605.1, s__Lactobacillus kimbladii_B, 95.0, 95.79, 0.506; GCF_000970755.1, s__Lactobacillus kimbladii, 95.0, 95.46, 0.468; GCF_000970775.1, s__Lactobacillus melliventris, 96.46, 94.88, 0.357; GCF_000967195.1, s__Lactobacillus kullabergensis, 95.0, 94.87, 0.437; GCF_019972835.1, s__Lactobacillus laiwuensis, 95.0, 93.81, 0.444; GCF_019972815.1, s__Lactobacillus huangpiensis, 95.0, 93.57, 0.447; GCF_946477725.1, s__Lactobacillus sp946477725, 95.65, 93.54, 0.314; GCA_946477855.1, s__Lactobacillus sp946477855, 95.0, 93.54, 0.246; GCF_036246285.1, s__Lactobacillus juensis, 95.0, 92.61, 0.43; GCF_036246345.1, s__Lactobacillus rizhaonensis, 95.0, 91.82, 0.294	25.34	11	0.99711	N/A	unclassified	NA	NA	NA	unclassified	12908
s__	SRR24759600_binette_bin38.fasta	N/A	N/A	N/A	N/A	N/A	N/A	N/A	N/A	N/A	N/A	d__Bacteria;p__Bacillota;c__Bacilli;o__Lactobacillales;f__Lactobacillaceae;g__Lactobacillus;s__	taxonomic classification defined by topology and ANI	classification based on placement in class-level tree	GCF_000970775.1, s__Lactobacillus melliventris, 96.46, 98.21, 0.461; GCF_000967195.1, s__Lactobacillus kullabergensis, 95.0, 97.65, 0.282; GCF_019972815.1, s__Lactobacillus huangpiensis, 95.0, 97.63, 0.242; GCF_946477725.1, s__Lactobacillus sp946477725, 95.65, 97.56, 0.396; GCF_014323605.1, s__Lactobacillus kimbladii_B, 95.0, 97.49, 0.32; GCF_000970755.1, s__Lactobacillus kimbladii, 95.0, 96.79, 0.329; GCF_019972835.1, s__Lactobacillus laiwuensis, 95.0, 96.61, 0.291; GCA_946477855.1, s__Lactobacillus sp946477855, 95.0, 96.42, 0.152; GCF_036246345.1, s__Lactobacillus rizhaonensis, 95.0, 96.15, 0.317; GCF_036246285.1, s__Lactobacillus juensis, 95.0, 95.85, 0.275	10.37	11	0.99241	Genome domain questionable ( 11.7% Bacterial, 1.9% Archaeal)	unclassified	NA	NA	NA	unclassified	12908
s__	SRR24759600_binette_bin42.fasta	N/A	N/A	N/A	N/A	N/A	GCF_000599985.1	95.0	d__Bacteria;p__Pseudomonadota;c__Gammaproteobacteria;o__Enterobacterales;f__Enterobacteriaceae;g__Gilliamella;s__Gilliamella apicola	98.28	0.32	d__Bacteria;p__Pseudomonadota;c__Gammaproteobacteria;o__Enterobacterales;f__Enterobacteriaceae;g__Gilliamella;s__	taxonomic classification defined by topology and ANI	classification based on placement in class-level tree	GCA_946481345.1, s__Gilliamella sp946481345, 95.0, 97.2, 0.367; GCF_030758615.1, s__Gilliamella apis_A, 95.0, 97.12, 0.578; GCF_002142215.1, s__Gilliamella sp002142215, 95.0, 96.89, 0.456; GCF_002142155.1, s__Gilliamella apis, 95.0, 96.29, 0.569; GCF_001693435.1, s__Gilliamella apicola_N, 95.0, 95.83, 0.248; GCF_003202915.1, s__Gilliamella apicola_Q, 95.19, 94.58, 0.179; GCA_946482005.1, s__Gilliamella sp946482005, 95.0, 94.49, 0.162; GCF_003202655.1, s__Gilliamella apicola_R, 95.0, 94.31, 0.18	22.8	11	0.9985	N/A	unclassified	NA	NA	NA	unclassified	12908
s__	SRR24759600_binette_bin55.fasta	N/A	N/A	N/A	N/A	N/A	GCA_946480935.1	95.0	d__Bacteria;p__Pseudomonadota;c__Alphaproteobacteria;o__Rhizobiales;f__Rhizobiaceae;g__Bartonella_A;s__Bartonella_A sp946480935	97.59	0.478	d__Bacteria;p__Pseudomonadota;c__Alphaproteobacteria;o__Rhizobiales;f__Rhizobiaceae;g__Bartonella_A;s__	taxonomic classification defined by topology and ANI	classification based on placement in class-level tree	GCF_001952075.1, s__Bartonella_A apis, 95.0, 95.55, 0.204; GCF_016100455.1, s__Bartonella_A sp016100455, 95.0, 94.02, 0.416; GCF_030758755.1, s__Bartonella_A sp016102285, 95.0, 93.81, 0.393; GCF_016102465.1, s__Bartonella_A apihabitans, 95.0, 93.54, 0.36	14.08	11	0.99864	N/A	unclassified	NA	NA	NA	unclassified	12908
s__	SRR24759600_binette_bin58.fasta	N/A	N/A	N/A	N/A	N/A	N/A	N/A	N/A	N/A	N/A	d__Bacteria;p__Pseudomonadota;c__Alphaproteobacteria;o__Rhizobiales;f__Rhizobiaceae;g__Bartonella_A;s__	taxonomic classification fully defined by topology	classification based on placement in class-level tree	N/A	13.03	11	0.95395	Genome domain questionable ( 13.3% Bacterial, 7.5% Archaeal)	unclassified	NA	NA	NA	unclassified	12908
s__	SRR24759600_binette_bin64.fasta	N/A	N/A	N/A	N/A	N/A	GCA_945285915.1	95.0	d__Bacteria;p__Pseudomonadota;c__Alphaproteobacteria;o__Rhizobiales;f__Rhizobiaceae;g__Bartonella_A;s__Bartonella_A sp945285915	95.64	0.595	d__Bacteria;p__Pseudomonadota;c__Alphaproteobacteria;o__Rhizobiales;f__Rhizobiaceae;g__Bartonella_A;s__	taxonomic classification defined by topology and ANI	classification based on placement in class-level tree	GCA_946478235.1, s__Bartonella_A sp946478235, 95.0, 96.7, 0.632; GCA_946478665.1, s__Bartonella_A sp946478665, 95.0, 95.11, 0.561	11.58	11	0.99801	N/A	unclassified	NA	NA	NA	unclassified	12908
s__	SRR24759601_binette_bin12.fasta	N/A	N/A	N/A	N/A	N/A	GCA_946478235.1	95.0	d__Bacteria;p__Pseudomonadota;c__Alphaproteobacteria;o__Rhizobiales;f__Rhizobiaceae;g__Bartonella_A;s__Bartonella_A sp946478235	97.46	0.644	d__Bacteria;p__Pseudomonadota;c__Alphaproteobacteria;o__Rhizobiales;f__Rhizobiaceae;g__Bartonella_A;s__	taxonomic classification defined by topology and ANI	classification based on placement in class-level tree	GCA_946478665.1, s__Bartonella_A sp946478665, 95.0, 93.97, 0.51; GCA_945285915.1, s__Bartonella_A sp945285915, 95.0, 93.94, 0.579	22.34	11	0.9978	N/A	unclassified	NA	NA	NA	unclassified	12908
s__	SRR24759601_binette_bin16.fasta	N/A	N/A	N/A	N/A	N/A	N/A	N/A	N/A	N/A	N/A	d__Bacteria;p__Pseudomonadota;c__Alphaproteobacteria;o__Rhizobiales;f__Rhizobiaceae;g__Bartonella_A;s__	taxonomic classification defined by topology and ANI	classification based on placement in class-level tree	GCF_016102465.1, s__Bartonella_A apihabitans, 95.0, 95.32, 0.541; GCF_016100455.1, s__Bartonella_A sp016100455, 95.0, 94.65, 0.512; GCF_001952075.1, s__Bartonella_A apis, 95.0, 93.98, 0.395; GCF_030758755.1, s__Bartonella_A sp016102285, 95.0, 93.68, 0.482; GCA_946480935.1, s__Bartonella_A sp946480935, 95.0, 92.64, 0.374; GCF_946479275.1, s__Bartonella_A sp946479275, 95.0, 91.15, 0.32; GCF_016100835.1, s__Bartonella_A choladocola, 95.0, 90.27, 0.178	21.03	11	0.99561	N/A	unclassified	NA	NA	NA	unclassified	12908
s__	SRR24759601_binette_bin18.fasta	N/A	N/A	N/A	N/A	N/A	GCA_946480935.1	95.0	d__Bacteria;p__Pseudomonadota;c__Alphaproteobacteria;o__Rhizobiales;f__Rhizobiaceae;g__Bartonella_A;s__Bartonella_A sp946480935	96.71	0.404	d__Bacteria;p__Pseudomonadota;c__Alphaproteobacteria;o__Rhizobiales;f__Rhizobiaceae;g__Bartonella_A;s__	taxonomic classification defined by topology and ANI	classification based on placement in class-level tree	GCF_016100835.1, s__Bartonella_A choladocola, 95.0, 96.27, 0.204; GCF_030758755.1, s__Bartonella_A sp016102285, 95.0, 95.09, 0.405; GCF_016100455.1, s__Bartonella_A sp016100455, 95.0, 94.02, 0.271; GCF_016102465.1, s__Bartonella_A apihabitans, 95.0, 93.68, 0.307	20.06	11	0.99915	N/A	unclassified	NA	NA	NA	unclassified	12908
s__	SRR24759601_binette_bin19.fasta	N/A	N/A	N/A	N/A	N/A	N/A	N/A	N/A	N/A	N/A	d__Bacteria;p__Bacillota;c__Bacilli;o__Lactobacillales;f__Lactobacillaceae;g__Lactobacillus;s__	taxonomic classification defined by topology and ANI	classification based on placement in class-level tree	GCF_000967195.1, s__Lactobacillus kullabergensis, 95.0, 97.28, 0.531; GCF_014323605.1, s__Lactobacillus kimbladii_B, 95.0, 96.05, 0.452; GCF_019972815.1, s__Lactobacillus huangpiensis, 95.0, 95.92, 0.457; GCA_946477855.1, s__Lactobacillus sp946477855, 95.0, 95.11, 0.202; GCF_019972835.1, s__Lactobacillus laiwuensis, 95.0, 94.5, 0.391; GCF_000970755.1, s__Lactobacillus kimbladii, 95.0, 94.4, 0.383; GCF_000970775.1, s__Lactobacillus melliventris, 96.46, 94.05, 0.178; GCF_036246285.1, s__Lactobacillus juensis, 95.0, 93.94, 0.374; GCF_946477725.1, s__Lactobacillus sp946477725, 95.65, 93.91, 0.172	18.9	11	0.99494	N/A	unclassified	NA	NA	NA	unclassified	12908
s__	SRR24759601_binette_bin23.fasta	N/A	N/A	N/A	N/A	N/A	GCA_946480175.1	95.0	d__Bacteria;p__Pseudomonadota;c__Gammaproteobacteria;o__Enterobacterales;f__Enterobacteriaceae;g__Gilliamella;s__Gilliamella sp946480175	97.63	0.333	d__Bacteria;p__Pseudomonadota;c__Gammaproteobacteria;o__Enterobacterales;f__Enterobacteriaceae;g__Gilliamella;s__	taxonomic classification defined by topology and ANI	classification based on placement in class-level tree	GCA_946481345.1, s__Gilliamella sp946481345, 95.0, 98.57, 0.16; GCF_001693435.1, s__Gilliamella apicola_N, 95.0, 97.65, 0.296; GCA_946482005.1, s__Gilliamella sp946482005, 95.0, 97.06, 0.203; GCF_000599985.1, s__Gilliamella apicola, 95.0, 96.8, 0.29; GCF_003202655.1, s__Gilliamella apicola_R, 95.0, 95.98, 0.316; GCF_003202915.1, s__Gilliamella apicola_Q, 95.19, 93.9, 0.29	10.01	11	0.99922	N/A	unclassified	NA	NA	NA	unclassified	12908
s__	SRR24759601_binette_bin26.fasta	N/A	N/A	N/A	N/A	N/A	GCF_002837055.1	95.82	d__Bacteria;p__Bacillota;c__Bacilli;o__Lactobacillales;f__Lactobacillaceae;g__Lactobacillus;s__Lactobacillus apis	97.43	0.618	d__Bacteria;p__Bacillota;c__Bacilli;o__Lactobacillales;f__Lactobacillaceae;g__Lactobacillus;s__	taxonomic classification defined by topology and ANI	classification based on placement in class-level tree	GCA_946482465.1, s__Lactobacillus sp946482465, 95.0, 98.19, 0.212; GCA_946477655.1, s__Lactobacillus apis_A, 95.0, 98.12, 0.454; GCA_946479925.1, s__Lactobacillus sp946479925, 95.0, 97.91, 0.263	10.44	11	0.99677	N/A	unclassified	NA	NA	NA	unclassified	12908
s__	SRR24759601_binette_bin28.fasta	N/A	N/A	N/A	N/A	N/A	GCF_001952075.1	95.0	d__Bacteria;p__Pseudomonadota;c__Alphaproteobacteria;o__Rhizobiales;f__Rhizobiaceae;g__Bartonella_A;s__Bartonella_A apis	93.98	0.42	d__Bacteria;p__Pseudomonadota;c__Alphaproteobacteria;o__Rhizobiales;f__Rhizobiaceae;g__Bartonella_A;s__	taxonomic classification defined by topology and ANI	classification based on placement in class-level tree	GCF_016102465.1, s__Bartonella_A apihabitans, 95.0, 94.62, 0.574; GCF_016100455.1, s__Bartonella_A sp016100455, 95.0, 94.15, 0.575; GCF_946479275.1, s__Bartonella_A sp946479275, 95.0, 93.9, 0.334; GCF_030758755.1, s__Bartonella_A sp016102285, 95.0, 93.68, 0.551; GCA_946480935.1, s__Bartonella_A sp946480935, 95.0, 92.64, 0.434; GCF_016100835.1, s__Bartonella_A choladocola, 95.0, 91.6, 0.208	12.81	11	1.0	N/A	unclassified	NA	NA	NA	unclassified	12908
s__	SRR24759601_binette_bin33.fasta	N/A	N/A	N/A	N/A	N/A	N/A	N/A	N/A	N/A	N/A	d__Bacteria;p__Pseudomonadota;c__Gammaproteobacteria;o__Enterobacterales;f__Enterobacteriaceae;g__Gilliamella;s__	taxonomic classification defined by topology and ANI	classification based on placement in class-level tree	GCA_946481345.1, s__Gilliamella sp946481345, 95.0, 98.62, 0.206; GCA_946480175.1, s__Gilliamella sp946480175, 95.0, 98.54, 0.272; GCA_946482005.1, s__Gilliamella sp946482005, 95.0, 97.54, 0.358; GCF_003202655.1, s__Gilliamella apicola_R, 95.0, 96.95, 0.177; GCF_001693435.1, s__Gilliamella apicola_N, 95.0, 96.66, 0.427; GCF_000599985.1, s__Gilliamella apicola, 95.0, 96.02, 0.408; GCF_028751545.1, s__Gilliamella sp945273075, 95.0, 93.29, 0.202	14.42	11	0.9865	N/A	unclassified	NA	NA	NA	unclassified	12908
s__	SRR24759602_binette_bin17.fasta	N/A	N/A	N/A	N/A	N/A	N/A	N/A	N/A	N/A	N/A	d__Bacteria;p__Pseudomonadota;c__Alphaproteobacteria;o__Rhizobiales;f__Rhizobiaceae;g__Bartonella_A;s__	taxonomic classification defined by topology and ANI	classification based on placement in class-level tree	GCF_016100455.1, s__Bartonella_A sp016100455, 95.0, 95.84, 0.578; GCF_016102465.1, s__Bartonella_A apihabitans, 95.0, 95.31, 0.579; GCF_030758755.1, s__Bartonella_A sp016102285, 95.0, 95.31, 0.561; GCF_001952075.1, s__Bartonella_A apis, 95.0, 94.44, 0.288; GCA_946480935.1, s__Bartonella_A sp946480935, 95.0, 94.37, 0.407; GCF_946479275.1, s__Bartonella_A sp946479275, 95.0, 93.58, 0.233	16.52	11	0.99564	N/A	unclassified	NA	NA	NA	unclassified	12908
s__	SRR24759602_binette_bin18.fasta	N/A	N/A	N/A	N/A	N/A	N/A	N/A	N/A	N/A	N/A	d__Bacteria;p__Actinomycetota;c__Actinomycetes;o__Actinomycetales;f__Bifidobacteriaceae;g__Bombiscardovia;s__	taxonomic classification defined by topology and ANI	classification based on placement in class-level tree	GCF_000967265.1, s__Bombiscardovia mellis, 95.0, 97.12, 0.574; GCF_016102005.1, s__Bombiscardovia choladohabitans, 95.17, 96.27, 0.491; GCF_009683175.1, s__Bombiscardovia asteroides_H, 95.0, 95.63, 0.445; GCF_036986835.1, s__Bombiscardovia apis_A, 95.0, 95.47, 0.446; GCF_030758775.1, s__Bombiscardovia asteroides_J, 95.0, 95.32, 0.414; GCF_016101585.1, s__Bombiscardovia polysaccharolytica, 95.0, 95.24, 0.37; GCF_007559275.1, s__Bombiscardovia apousia, 95.0, 95.13, 0.384; GCF_003202755.1, s__Bombiscardovia asteroides_F, 95.0, 94.84, 0.363; GCF_020884755.1, s__Bombiscardovia mizhiensis, 95.0, 94.66, 0.355; GCF_002715865.1, s__Bombiscardovia asteroides, 95.0, 94.4, 0.359; GCF_026537325.1, s__Bombiscardovia sp026537325, 95.0, 94.32, 0.283; GCF_003202695.1, s__Bombiscardovia asteroides_G, 95.0, 94.22, 0.178; GCF_019469425.1, s__Bombiscardovia asteroides_I, 95.0, 94.06, 0.282	28.08	11	0.99739	N/A	unclassified	NA	NA	NA	unclassified	12908
s__	SRR24759602_binette_bin25.fasta	N/A	N/A	N/A	N/A	N/A	GCF_019972815.1	95.0	d__Bacteria;p__Bacillota;c__Bacilli;o__Lactobacillales;f__Lactobacillaceae;g__Lactobacillus;s__Lactobacillus huangpiensis	98.74	0.499	d__Bacteria;p__Bacillota;c__Bacilli;o__Lactobacillales;f__Lactobacillaceae;g__Lactobacillus;s__	taxonomic classification defined by topology and ANI	classification based on placement in class-level tree	GCF_946477725.1, s__Lactobacillus sp946477725, 95.65, 96.17, 0.153; GCF_000970775.1, s__Lactobacillus melliventris, 96.46, 95.74, 0.164; GCF_000967195.1, s__Lactobacillus kullabergensis, 95.0, 95.12, 0.365; GCF_014323605.1, s__Lactobacillus kimbladii_B, 95.0, 94.91, 0.369; GCF_019972835.1, s__Lactobacillus laiwuensis, 95.0, 94.2, 0.299; GCF_036246285.1, s__Lactobacillus juensis, 95.0, 94.15, 0.3; GCF_000970755.1, s__Lactobacillus kimbladii, 95.0, 93.95, 0.269	11.76	11	0.99969	N/A	unclassified	NA	NA	NA	unclassified	12908
s__	SRR24759602_binette_bin29.fasta	N/A	N/A	N/A	N/A	N/A	GCF_016100455.1	95.0	d__Bacteria;p__Pseudomonadota;c__Alphaproteobacteria;o__Rhizobiales;f__Rhizobiaceae;g__Bartonella_A;s__Bartonella_A sp016100455	95.1	0.646	d__Bacteria;p__Pseudomonadota;c__Alphaproteobacteria;o__Rhizobiales;f__Rhizobiaceae;g__Bartonella_A;s__	taxonomic classification defined by topology and ANI	classification based on placement in class-level tree	GCF_016102465.1, s__Bartonella_A apihabitans, 95.0, 94.29, 0.661; GCF_001952075.1, s__Bartonella_A apis, 95.0, 94.22, 0.48; GCF_030758755.1, s__Bartonella_A sp016102285, 95.0, 93.94, 0.7; GCA_946480935.1, s__Bartonella_A sp946480935, 95.0, 93.32, 0.5; GCF_946479275.1, s__Bartonella_A sp946479275, 95.0, 93.29, 0.41; GCF_016100835.1, s__Bartonella_A choladocola, 95.0, 92.25, 0.301	10.31	11	0.99495	Genome not assigned to closest species as it falls outside its pre-defined ANI radius	unclassified	NA	NA	NA	unclassified	12908
s__	SRR24759602_binette_bin39.fasta	N/A	N/A	N/A	N/A	N/A	GCF_016100455.1	95.0	d__Bacteria;p__Pseudomonadota;c__Alphaproteobacteria;o__Rhizobiales;f__Rhizobiaceae;g__Bartonella_A;s__Bartonella_A sp016100455	96.32	0.617	d__Bacteria;p__Pseudomonadota;c__Alphaproteobacteria;o__Rhizobiales;f__Rhizobiaceae;g__Bartonella_A;s__	taxonomic classification defined by topology and ANI	classification based on placement in class-level tree	GCF_016102465.1, s__Bartonella_A apihabitans, 95.0, 97.45, 0.603; GCF_030758755.1, s__Bartonella_A sp016102285, 95.0, 96.57, 0.625; GCF_001952075.1, s__Bartonella_A apis, 95.0, 96.45, 0.333; GCA_946480935.1, s__Bartonella_A sp946480935, 95.0, 96.15, 0.475; GCF_946479275.1, s__Bartonella_A sp946479275, 95.0, 95.14, 0.325; GCF_016100835.1, s__Bartonella_A choladocola, 95.0, 92.47, 0.264	16.52	11	0.99831	N/A	unclassified	NA	NA	NA	unclassified	12908
s__	SRR24759603_binette_bin2.fasta	N/A	N/A	N/A	N/A	N/A	N/A	N/A	N/A	N/A	N/A	d__Bacteria;p__Pseudomonadota;c__Gammaproteobacteria;o__Pseudomonadales;f__Pseudomonadaceae;g__Entomomonas;s__	taxonomic classification fully defined by topology	classification based on placement in class-level tree	N/A	87.17	11	0.9718	N/A	unclassified	NA	NA	NA	unclassified	12908
s__	SRR24759603_binette_bin20.fasta	N/A	N/A	N/A	N/A	N/A	N/A	N/A	N/A	N/A	N/A	d__Bacteria;p__Bacteroidota;c__Bacteroidia;o__Bacteroidales;f__Dysgonomonadaceae;g__Dysgonomonas;s__	taxonomic classification fully defined by topology	classification based on placement in class-level tree	N/A	36.72	11	0.92826	N/A	unclassified	NA	NA	NA	unclassified	12908
s__	SRR24759603_binette_bin27.fasta	N/A	N/A	N/A	N/A	N/A	N/A	N/A	N/A	N/A	N/A	d__Bacteria;p__Pseudomonadota;c__Alphaproteobacteria;o__Rhizobiales;f__Rhizobiaceae;g__Bartonella_A;s__	taxonomic classification defined by topology and ANI	classification based on placement in class-level tree	GCA_946480935.1, s__Bartonella_A sp946480935, 95.0, 93.99, 0.452; GCF_016102465.1, s__Bartonella_A apihabitans, 95.0, 93.68, 0.579; GCF_016100455.1, s__Bartonella_A sp016100455, 95.0, 93.48, 0.59; GCF_030758755.1, s__Bartonella_A sp016102285, 95.0, 93.12, 0.575; GCF_016100835.1, s__Bartonella_A choladocola, 95.0, 93.12, 0.266; GCF_001952075.1, s__Bartonella_A apis, 95.0, 92.56, 0.355; GCF_946479275.1, s__Bartonella_A sp946479275, 95.0, 90.64, 0.32	25.1	11	0.99221	Genome has more than 10.0% of markers with multiple hits	unclassified	NA	NA	NA	unclassified	12908
s__	SRR24759603_binette_bin35.fasta	N/A	N/A	N/A	N/A	N/A	N/A	N/A	N/A	N/A	N/A	d__Bacteria;p__Pseudomonadota;c__Alphaproteobacteria;o__Rhizobiales;f__Rhizobiaceae;g__Bartonella_A;s__	taxonomic classification defined by topology and ANI	classification based on placement in class-level tree	GCF_001952075.1, s__Bartonella_A apis, 95.0, 97.41, 0.248	14.44	11	0.99444	Genome domain questionable ( 16.7% Bacterial, 7.5% Archaeal)	unclassified	NA	NA	NA	unclassified	12908
s__	SRR24759604_binette_bin21.fasta	N/A	N/A	N/A	N/A	N/A	GCF_000967265.1	95.0	d__Bacteria;p__Actinomycetota;c__Actinomycetes;o__Actinomycetales;f__Bifidobacteriaceae;g__Bombiscardovia;s__Bombiscardovia mellis	96.71	0.541	d__Bacteria;p__Actinomycetota;c__Actinomycetes;o__Actinomycetales;f__Bifidobacteriaceae;g__Bombiscardovia;s__	taxonomic classification defined by topology and ANI	classification based on placement in class-level tree	GCF_016101585.1, s__Bombiscardovia polysaccharolytica, 95.0, 95.37, 0.454; GCF_009683175.1, s__Bombiscardovia asteroides_H, 95.0, 95.35, 0.455; GCF_016102005.1, s__Bombiscardovia choladohabitans, 95.17, 95.32, 0.478; GCF_036986835.1, s__Bombiscardovia apis_A, 95.0, 95.32, 0.463; GCF_003202755.1, s__Bombiscardovia asteroides_F, 95.0, 94.84, 0.384; GCF_007559275.1, s__Bombiscardovia apousia, 95.0, 94.55, 0.377; GCF_030758775.1, s__Bombiscardovia asteroides_J, 95.0, 94.5, 0.386; GCF_002715865.1, s__Bombiscardovia asteroides, 95.0, 94.4, 0.378; GCF_020884755.1, s__Bombiscardovia mizhiensis, 95.0, 94.21, 0.364; GCF_026537325.1, s__Bombiscardovia sp026537325, 95.0, 93.57, 0.297; GCF_019469425.1, s__Bombiscardovia asteroides_I, 95.0, 93.54, 0.271; GCF_003202695.1, s__Bombiscardovia asteroides_G, 95.0, 93.16, 0.238	37.57	11	0.99874	Genome has more than 10.0% of markers with multiple hits	unclassified	NA	NA	NA	unclassified	12908
s__	SRR24759604_binette_bin26.fasta	N/A	N/A	N/A	N/A	N/A	GCF_003202655.1	95.0	d__Bacteria;p__Pseudomonadota;c__Gammaproteobacteria;o__Enterobacterales;f__Enterobacteriaceae;g__Gilliamella;s__Gilliamella apicola_R	97.69	0.599	d__Bacteria;p__Pseudomonadota;c__Gammaproteobacteria;o__Enterobacterales;f__Enterobacteriaceae;g__Gilliamella;s__	taxonomic classification defined by topology and ANI	classification based on placement in class-level tree	GCA_946482005.1, s__Gilliamella sp946482005, 95.0, 96.25, 0.199; GCF_003202915.1, s__Gilliamella apicola_Q, 95.19, 94.96, 0.511; GCF_030758615.1, s__Gilliamella apis_A, 95.0, 93.54, 0.365; GCF_002142215.1, s__Gilliamella sp002142215, 95.0, 92.77, 0.333; GCF_002142155.1, s__Gilliamella apis, 95.0, 91.45, 0.294; GCA_946480175.1, s__Gilliamella sp946480175, 95.0, 91.21, 0.301	11.04	11	1.0	N/A	unclassified	NA	NA	NA	unclassified	12908
s__	SRR24759604_binette_bin29.fasta	N/A	N/A	N/A	N/A	N/A	N/A	N/A	N/A	N/A	N/A	d__Bacteria;p__Pseudomonadota;c__Alphaproteobacteria;o__Rhizobiales;f__Rhizobiaceae;g__Bartonella_A;s__	taxonomic classification defined by topology and ANI	classification based on placement in class-level tree	GCF_946479275.1, s__Bartonella_A sp946479275, 95.0, 98.44, 0.491; GCA_946480935.1, s__Bartonella_A sp946480935, 95.0, 95.13, 0.301; GCF_016100835.1, s__Bartonella_A choladocola, 95.0, 94.16, 0.2; GCF_030758755.1, s__Bartonella_A sp016102285, 95.0, 93.69, 0.239; GCF_001952075.1, s__Bartonella_A apis, 95.0, 92.92, 0.325; GCF_016100455.1, s__Bartonella_A sp016100455, 95.0, 92.4, 0.256; GCF_016102465.1, s__Bartonella_A apihabitans, 95.0, 91.79, 0.246	16.48	11	0.99247	N/A	unclassified	NA	NA	NA	unclassified	12908
s__	SRR24759604_binette_bin37.fasta	N/A	N/A	N/A	N/A	N/A	GCF_002142215.1	95.0	d__Bacteria;p__Pseudomonadota;c__Gammaproteobacteria;o__Enterobacterales;f__Enterobacteriaceae;g__Gilliamella;s__Gilliamella sp002142215	97.83	0.314	d__Bacteria;p__Pseudomonadota;c__Gammaproteobacteria;o__Enterobacterales;f__Enterobacteriaceae;g__Gilliamella;s__	taxonomic classification defined by topology and ANI	classification based on placement in class-level tree	GCF_000599985.1, s__Gilliamella apicola, 95.0, 98.66, 0.499; GCF_002142155.1, s__Gilliamella apis, 95.0, 98.33, 0.299; GCF_030758615.1, s__Gilliamella apis_A, 95.0, 97.38, 0.299; GCA_946482005.1, s__Gilliamella sp946482005, 95.0, 96.4, 0.166; GCA_946481345.1, s__Gilliamella sp946481345, 95.0, 96.1, 0.367; GCF_001693435.1, s__Gilliamella apicola_N, 95.0, 95.93, 0.369	11.0	11	0.99846	N/A	unclassified	NA	NA	NA	unclassified	12908
s__	SRR24759604_binette_bin39.fasta	N/A	N/A	N/A	N/A	N/A	N/A	N/A	N/A	N/A	N/A	d__Bacteria;p__Pseudomonadota;c__Alphaproteobacteria;o__Rhizobiales;f__Rhizobiaceae;g__Bartonella_A;s__	taxonomic classification defined by topology and ANI	classification based on placement in class-level tree	GCF_016100455.1, s__Bartonella_A sp016100455, 95.0, 96.95, 0.447; GCF_001952075.1, s__Bartonella_A apis, 95.0, 96.68, 0.286; GCF_946479275.1, s__Bartonella_A sp946479275, 95.0, 96.58, 0.252; GCF_016102465.1, s__Bartonella_A apihabitans, 95.0, 96.55, 0.439; GCF_030758755.1, s__Bartonella_A sp016102285, 95.0, 96.36, 0.449; GCA_946480935.1, s__Bartonella_A sp946480935, 95.0, 96.35, 0.347; GCF_016100835.1, s__Bartonella_A choladocola, 95.0, 95.36, 0.173	11.08	11	0.99284	Genome domain questionable ( 14.2% Bacterial, 7.5% Archaeal)	unclassified	NA	NA	NA	unclassified	12908
s__	SRR24759605_binette_bin20.fasta	N/A	N/A	N/A	N/A	N/A	N/A	N/A	N/A	N/A	N/A	d__Bacteria;p__Bacillota;c__Bacilli;o__Lactobacillales;f__Lactobacillaceae;g__Lactobacillus;s__	taxonomic classification defined by topology and ANI	classification based on placement in class-level tree	GCF_002837055.1, s__Lactobacillus apis, 95.82, 96.29, 0.385; GCA_946477655.1, s__Lactobacillus apis_A, 95.0, 94.73, 0.168	14.1	11	0.99301	N/A	unclassified	NA	NA	NA	unclassified	12908
s__	SRR24759605_binette_bin22.fasta	N/A	N/A	N/A	N/A	N/A	GCA_946480835.1	95.0	d__Bacteria;p__Pseudomonadota;c__Gammaproteobacteria;o__Pseudomonadales;f__Pseudomonadaceae;g__Entomomonas;s__Entomomonas sp945283395	99.03	0.23	d__Bacteria;p__Pseudomonadota;c__Gammaproteobacteria;o__Pseudomonadales;f__Pseudomonadaceae;g__Entomomonas;s__	taxonomic classification defined by topology and ANI	classification based on placement in class-level tree	N/A	23.87	11	0.95514	Genome has more than 13.3% of markers with multiple hits	unclassified	NA	NA	NA	unclassified	12908
s__	SRR24759605_binette_bin23.fasta	N/A	N/A	N/A	N/A	N/A	GCF_000599985.1	95.0	d__Bacteria;p__Pseudomonadota;c__Gammaproteobacteria;o__Enterobacterales;f__Enterobacteriaceae;g__Gilliamella;s__Gilliamella apicola	97.42	0.382	d__Bacteria;p__Pseudomonadota;c__Gammaproteobacteria;o__Enterobacterales;f__Enterobacteriaceae;g__Gilliamella;s__	taxonomic classification defined by topology and ANI	classification based on placement in class-level tree	GCF_030758615.1, s__Gilliamella apis_A, 95.0, 97.28, 0.213; GCF_002142215.1, s__Gilliamella sp002142215, 95.0, 95.32, 0.179; GCA_946482005.1, s__Gilliamella sp946482005, 95.0, 93.37, 0.177; GCA_946481345.1, s__Gilliamella sp946481345, 95.0, 93.25, 0.18; GCF_001693435.1, s__Gilliamella apicola_N, 95.0, 92.99, 0.296	18.23	11	0.99921	N/A	unclassified	NA	NA	NA	unclassified	12908
s__	SRR24759605_binette_bin26.fasta	N/A	N/A	N/A	N/A	N/A	N/A	N/A	N/A	N/A	N/A	d__Bacteria;p__Pseudomonadota;c__Alphaproteobacteria;o__Rhizobiales;f__Rhizobiaceae;g__Bartonella_A;s__	taxonomic classification defined by topology and ANI	classification based on placement in class-level tree	GCF_016102465.1, s__Bartonella_A apihabitans, 95.0, 95.76, 0.577; GCF_016100455.1, s__Bartonella_A sp016100455, 95.0, 95.33, 0.509; GCF_001952075.1, s__Bartonella_A apis, 95.0, 95.01, 0.358; GCF_030758755.1, s__Bartonella_A sp016102285, 95.0, 94.4, 0.523; GCF_946479275.1, s__Bartonella_A sp946479275, 95.0, 93.92, 0.283; GCF_016100835.1, s__Bartonella_A choladocola, 95.0, 93.83, 0.175; GCA_946480935.1, s__Bartonella_A sp946480935, 95.0, 93.58, 0.38	10.56	11	0.99231	N/A	unclassified	NA	NA	NA	unclassified	12908
s__	SRR24759605_binette_bin27.fasta	N/A	N/A	N/A	N/A	N/A	N/A	N/A	N/A	N/A	N/A	d__Bacteria;p__Pseudomonadota;c__Alphaproteobacteria;o__Rhizobiales;f__Rhizobiaceae;g__Bartonella_A;s__	taxonomic classification defined by topology and ANI	classification based on placement in class-level tree	GCF_001952075.1, s__Bartonella_A apis, 95.0, 96.23, 0.534; GCF_946479275.1, s__Bartonella_A sp946479275, 95.0, 92.96, 0.513; GCA_946480935.1, s__Bartonella_A sp946480935, 95.0, 92.58, 0.447; GCF_016102465.1, s__Bartonella_A apihabitans, 95.0, 92.12, 0.563; GCF_030758755.1, s__Bartonella_A sp016102285, 95.0, 91.93, 0.542; GCF_016100455.1, s__Bartonella_A sp016100455, 95.0, 91.13, 0.557; GCF_016100835.1, s__Bartonella_A choladocola, 95.0, 90.66, 0.283	13.11	11	0.99448	N/A	unclassified	NA	NA	NA	unclassified	12908
s__	SRR24759605_binette_bin34.fasta	N/A	N/A	N/A	N/A	N/A	N/A	N/A	N/A	N/A	N/A	d__Bacteria;p__Pseudomonadota;c__Alphaproteobacteria;o__Rhizobiales;f__Rhizobiaceae;g__Bartonella_A;s__	taxonomic classification defined by topology and ANI	classification based on placement in class-level tree	GCF_001952075.1, s__Bartonella_A apis, 95.0, 95.8, 0.6; GCF_946479275.1, s__Bartonella_A sp946479275, 95.0, 92.33, 0.54; GCF_030758755.1, s__Bartonella_A sp016102285, 95.0, 91.74, 0.463; GCF_016100455.1, s__Bartonella_A sp016100455, 95.0, 90.84, 0.482; GCF_016102465.1, s__Bartonella_A apihabitans, 95.0, 90.4, 0.513; GCA_946480935.1, s__Bartonella_A sp946480935, 95.0, 90.11, 0.334; GCF_016100835.1, s__Bartonella_A choladocola, 95.0, 87.69, 0.219	10.03	11	0.99325	N/A	unclassified	NA	NA	NA	unclassified	12908
s__	SRR24759606_binette_bin16.fasta	N/A	N/A	N/A	N/A	N/A	GCF_002266425.1	95.0	d__Bacteria;p__Bacillota;c__Clostridia;o__Tissierellales;f__Tissierellaceae;g__Tissierella;s__Tissierella carlieri	98.9	0.328	d__Bacteria;p__Bacillota;c__Clostridia;o__Tissierellales;f__Tissierellaceae;g__Tissierella;s__	taxonomic classification defined by topology and ANI	classification based on placement in class-level tree	N/A	23.99	11	0.98923	N/A	unclassified	NA	NA	NA	unclassified	12908
s__	SRR24759606_binette_bin32.fasta	N/A	N/A	N/A	N/A	N/A	GCF_019972815.1	95.0	d__Bacteria;p__Bacillota;c__Bacilli;o__Lactobacillales;f__Lactobacillaceae;g__Lactobacillus;s__Lactobacillus huangpiensis	94.93	0.394	d__Bacteria;p__Bacillota;c__Bacilli;o__Lactobacillales;f__Lactobacillaceae;g__Lactobacillus;s__	taxonomic classification defined by topology and ANI	classification based on placement in class-level tree	GCF_000967195.1, s__Lactobacillus kullabergensis, 95.0, 96.46, 0.512; GCF_014323605.1, s__Lactobacillus kimbladii_B, 95.0, 94.53, 0.442; GCF_000970755.1, s__Lactobacillus kimbladii, 95.0, 93.62, 0.431; GCF_019972835.1, s__Lactobacillus laiwuensis, 95.0, 92.99, 0.463; GCA_946477855.1, s__Lactobacillus sp946477855, 95.0, 92.99, 0.255; GCF_036246285.1, s__Lactobacillus juensis, 95.0, 91.79, 0.39	12.75	11	0.99916	N/A	unclassified	NA	NA	NA	unclassified	12908
s__	SRR24759606_binette_bin50.fasta	N/A	N/A	N/A	N/A	N/A	N/A	N/A	N/A	N/A	N/A	d__Bacteria;p__Actinomycetota;c__Actinomycetes;o__Actinomycetales;f__Bifidobacteriaceae;g__Bombiscardovia;s__	taxonomic classification defined by topology and ANI	classification based on placement in class-level tree	GCF_016101585.1, s__Bombiscardovia polysaccharolytica, 95.0, 96.89, 0.36; GCF_030758775.1, s__Bombiscardovia asteroides_J, 95.0, 95.85, 0.399; GCF_003202755.1, s__Bombiscardovia asteroides_F, 95.0, 95.85, 0.33; GCF_007559275.1, s__Bombiscardovia apousia, 95.0, 95.82, 0.368; GCF_000967265.1, s__Bombiscardovia mellis, 95.0, 95.61, 0.446; GCF_009683175.1, s__Bombiscardovia asteroides_H, 95.0, 95.54, 0.378; GCF_020884755.1, s__Bombiscardovia mizhiensis, 95.0, 95.41, 0.344; GCF_036986835.1, s__Bombiscardovia apis_A, 95.0, 95.22, 0.386; GCF_016102005.1, s__Bombiscardovia choladohabitans, 95.17, 95.2, 0.461; GCF_026537325.1, s__Bombiscardovia sp026537325, 95.0, 95.02, 0.309; GCF_002715865.1, s__Bombiscardovia asteroides, 95.0, 94.86, 0.313; GCF_003202695.1, s__Bombiscardovia asteroides_G, 95.0, 94.58, 0.174; GCF_019469425.1, s__Bombiscardovia asteroides_I, 95.0, 94.05, 0.255	13.05	11	0.99705	N/A	unclassified	NA	NA	NA	unclassified	12908
s__	SRR24759607_binette_bin18.fasta	N/A	N/A	N/A	N/A	N/A	GCA_946477655.1	95.0	d__Bacteria;p__Bacillota;c__Bacilli;o__Lactobacillales;f__Lactobacillaceae;g__Lactobacillus;s__Lactobacillus apis_A	98.34	0.271	d__Bacteria;p__Bacillota;c__Bacilli;o__Lactobacillales;f__Lactobacillaceae;g__Lactobacillus;s__	taxonomic classification defined by topology and ANI	classification based on placement in class-level tree	GCA_946479925.1, s__Lactobacillus sp946479925, 95.0, 98.69, 0.168; GCF_000970775.1, s__Lactobacillus melliventris, 96.46, 98.49, 0.174; GCF_002837055.1, s__Lactobacillus apis, 95.82, 97.72, 0.513	16.5	11	0.99595	N/A	unclassified	NA	NA	NA	unclassified	12908
s__	SRR24759607_binette_bin46.fasta	N/A	N/A	N/A	N/A	N/A	GCF_016102465.1	95.0	d__Bacteria;p__Pseudomonadota;c__Alphaproteobacteria;o__Rhizobiales;f__Rhizobiaceae;g__Bartonella_A;s__Bartonella_A apihabitans	93.68	0.691	d__Bacteria;p__Pseudomonadota;c__Alphaproteobacteria;o__Rhizobiales;f__Rhizobiaceae;g__Bartonella_A;s__	taxonomic classification defined by topology and ANI	classification based on placement in class-level tree	GCF_001952075.1, s__Bartonella_A apis, 95.0, 95.34, 0.61; GCF_016100455.1, s__Bartonella_A sp016100455, 95.0, 94.0, 0.649; GCF_946479275.1, s__Bartonella_A sp946479275, 95.0, 93.58, 0.56; GCF_030758755.1, s__Bartonella_A sp016102285, 95.0, 93.5, 0.653; GCA_946480935.1, s__Bartonella_A sp946480935, 95.0, 93.23, 0.527; GCF_016100835.1, s__Bartonella_A choladocola, 95.0, 92.17, 0.419	17.95	11	0.99923	Genome not assigned to closest species as it falls outside its pre-defined ANI radius;Genome has more than 10.0% of markers with multiple hits	unclassified	NA	NA	NA	unclassified	12908
s__	SRR24759608_binette_bin23.fasta	N/A	N/A	N/A	N/A	N/A	GCF_019972815.1	95.0	d__Bacteria;p__Bacillota;c__Bacilli;o__Lactobacillales;f__Lactobacillaceae;g__Lactobacillus;s__Lactobacillus huangpiensis	96.64	0.439	d__Bacteria;p__Bacillota;c__Bacilli;o__Lactobacillales;f__Lactobacillaceae;g__Lactobacillus;s__	taxonomic classification defined by topology and ANI	classification based on placement in class-level tree	GCF_000967195.1, s__Lactobacillus kullabergensis, 95.0, 96.98, 0.471; GCF_014323605.1, s__Lactobacillus kimbladii_B, 95.0, 96.5, 0.429; GCF_000970755.1, s__Lactobacillus kimbladii, 95.0, 95.32, 0.382; GCA_946477855.1, s__Lactobacillus sp946477855, 95.0, 95.08, 0.162; GCF_019972835.1, s__Lactobacillus laiwuensis, 95.0, 94.61, 0.36; GCF_036246285.1, s__Lactobacillus juensis, 95.0, 94.18, 0.352	20.71	11	0.99887	N/A	unclassified	NA	NA	NA	unclassified	12908
s__	SRR24759608_binette_bin27.fasta	N/A	N/A	N/A	N/A	N/A	N/A	N/A	N/A	N/A	N/A	d__Bacteria;p__Actinomycetota;c__Actinomycetes;o__Actinomycetales;f__Bifidobacteriaceae;g__Bombiscardovia;s__	taxonomic classification defined by topology and ANI	classification based on placement in class-level tree	GCF_016101585.1, s__Bombiscardovia polysaccharolytica, 95.0, 92.92, 0.49; GCF_007559275.1, s__Bombiscardovia apousia, 95.0, 92.01, 0.413; GCF_000967265.1, s__Bombiscardovia mellis, 95.0, 91.96, 0.446; GCF_009683175.1, s__Bombiscardovia asteroides_H, 95.0, 91.78, 0.412; GCF_030758775.1, s__Bombiscardovia asteroides_J, 95.0, 91.75, 0.404; GCF_036986835.1, s__Bombiscardovia apis_A, 95.0, 91.52, 0.424; GCF_003202695.1, s__Bombiscardovia asteroides_G, 95.0, 91.49, 0.41; GCF_020884755.1, s__Bombiscardovia mizhiensis, 95.0, 91.26, 0.381; GCF_016102005.1, s__Bombiscardovia choladohabitans, 95.17, 91.23, 0.459; GCF_003202755.1, s__Bombiscardovia asteroides_F, 95.0, 91.23, 0.408; GCF_026537325.1, s__Bombiscardovia sp026537325, 95.0, 90.59, 0.364; GCF_002715865.1, s__Bombiscardovia asteroides, 95.0, 90.45, 0.358; GCF_019469425.1, s__Bombiscardovia asteroides_I, 95.0, 90.27, 0.327	20.47	11	0.9976	N/A	unclassified	NA	NA	NA	unclassified	12908
s__	SRR24759608_binette_bin29.fasta	N/A	N/A	N/A	N/A	N/A	N/A	N/A	N/A	N/A	N/A	d__Bacteria;p__Bacillota;c__Bacilli;o__Lactobacillales;f__Lactobacillaceae;g__Lactobacillus;s__	taxonomic classification defined by topology and ANI	classification based on placement in class-level tree	GCF_000967195.1, s__Lactobacillus kullabergensis, 95.0, 96.16, 0.588; GCF_019972815.1, s__Lactobacillus huangpiensis, 95.0, 95.92, 0.615; GCF_014323605.1, s__Lactobacillus kimbladii_B, 95.0, 95.79, 0.612; GCF_000970755.1, s__Lactobacillus kimbladii, 95.0, 94.02, 0.504; GCF_019972835.1, s__Lactobacillus laiwuensis, 95.0, 93.51, 0.517; GCA_946477855.1, s__Lactobacillus sp946477855, 95.0, 93.35, 0.239; GCF_036246285.1, s__Lactobacillus juensis, 95.0, 92.26, 0.505	18.8	11	0.99763	N/A	unclassified	NA	NA	NA	unclassified	12908
s__	SRR24759608_binette_bin30.fasta	N/A	N/A	N/A	N/A	N/A	N/A	N/A	N/A	N/A	N/A	d__Bacteria;p__Pseudomonadota;c__Alphaproteobacteria;o__Rhizobiales;f__Rhizobiaceae;g__Bartonella_A;s__	taxonomic classification defined by topology and ANI	classification based on placement in class-level tree	GCF_016100455.1, s__Bartonella_A sp016100455, 95.0, 94.87, 0.562; GCF_001952075.1, s__Bartonella_A apis, 95.0, 93.85, 0.34; GCF_016102465.1, s__Bartonella_A apihabitans, 95.0, 93.54, 0.505; GCA_946480935.1, s__Bartonella_A sp946480935, 95.0, 93.1, 0.395; GCF_030758755.1, s__Bartonella_A sp016102285, 95.0, 92.77, 0.496; GCF_016100835.1, s__Bartonella_A choladocola, 95.0, 92.15, 0.209; GCF_946479275.1, s__Bartonella_A sp946479275, 95.0, 91.49, 0.284	17.22	11	0.99238	Genome has more than 13.3% of markers with multiple hits	unclassified	NA	NA	NA	unclassified	12908
s__	SRR24759608_binette_bin34.fasta	N/A	N/A	N/A	N/A	N/A	N/A	N/A	N/A	N/A	N/A	d__Bacteria;p__Pseudomonadota;c__Alphaproteobacteria;o__Rhizobiales;f__Rhizobiaceae;g__Bartonella_A;s__	taxonomic classification defined by topology and ANI	classification based on placement in class-level tree	GCF_016102465.1, s__Bartonella_A apihabitans, 95.0, 96.52, 0.529; GCF_016100455.1, s__Bartonella_A sp016100455, 95.0, 96.47, 0.51; GCF_001952075.1, s__Bartonella_A apis, 95.0, 96.09, 0.483; GCF_030758755.1, s__Bartonella_A sp016102285, 95.0, 94.61, 0.496; GCA_946480935.1, s__Bartonella_A sp946480935, 95.0, 94.6, 0.367; GCF_946479275.1, s__Bartonella_A sp946479275, 95.0, 93.85, 0.389; GCF_016100835.1, s__Bartonella_A choladocola, 95.0, 93.78, 0.197	13.15	11	0.99116	N/A	unclassified	NA	NA	NA	unclassified	12908
s__	SRR24759608_binette_bin44.fasta	N/A	N/A	N/A	N/A	N/A	N/A	N/A	N/A	N/A	N/A	d__Bacteria;p__Pseudomonadota;c__Alphaproteobacteria;o__Rhizobiales;f__Rhizobiaceae;g__Bartonella_A;s__	taxonomic classification defined by topology and ANI	classification based on placement in class-level tree	GCF_016100455.1, s__Bartonella_A sp016100455, 95.0, 94.02, 0.496; GCF_016100835.1, s__Bartonella_A choladocola, 95.0, 93.68, 0.322; GCA_946480935.1, s__Bartonella_A sp946480935, 95.0, 93.21, 0.394; GCF_030758755.1, s__Bartonella_A sp016102285, 95.0, 92.77, 0.462; GCF_016102465.1, s__Bartonella_A apihabitans, 95.0, 92.4, 0.458; GCF_001952075.1, s__Bartonella_A apis, 95.0, 91.83, 0.316; GCF_946479275.1, s__Bartonella_A sp946479275, 95.0, 90.6, 0.293	15.65	11	0.99069	N/A	unclassified	NA	NA	NA	unclassified	12908
s__	SRR24759608_binette_bin47.fasta	N/A	N/A	N/A	N/A	N/A	N/A	N/A	N/A	N/A	N/A	d__Bacteria;p__Pseudomonadota;c__Alphaproteobacteria;o__Rhizobiales;f__Rhizobiaceae;g__Bartonella_A;s__	taxonomic classification defined by topology and ANI	classification based on placement in class-level tree	GCF_001952075.1, s__Bartonella_A apis, 95.0, 96.58, 0.263; GCA_946480935.1, s__Bartonella_A sp946480935, 95.0, 96.28, 0.322; GCF_016100835.1, s__Bartonella_A choladocola, 95.0, 96.12, 0.262; GCF_016102465.1, s__Bartonella_A apihabitans, 95.0, 95.64, 0.422; GCF_016100455.1, s__Bartonella_A sp016100455, 95.0, 95.46, 0.437; GCF_946479275.1, s__Bartonella_A sp946479275, 95.0, 94.69, 0.247; GCF_030758755.1, s__Bartonella_A sp016102285, 95.0, 94.62, 0.413	12.41	11	0.99326	N/A	unclassified	NA	NA	NA	unclassified	12908
s__	SRR24759608_binette_bin70.fasta	N/A	N/A	N/A	N/A	N/A	N/A	N/A	N/A	N/A	N/A	d__Bacteria;p__Pseudomonadota;c__Alphaproteobacteria;o__Rhizobiales;f__Rhizobiaceae;g__Bartonella_A;s__	taxonomic classification defined by topology and ANI	classification based on placement in class-level tree	GCF_016102465.1, s__Bartonella_A apihabitans, 95.0, 96.43, 0.472; GCF_001952075.1, s__Bartonella_A apis, 95.0, 96.41, 0.388; GCF_016100455.1, s__Bartonella_A sp016100455, 95.0, 96.25, 0.462; GCF_030758755.1, s__Bartonella_A sp016102285, 95.0, 95.61, 0.472; GCF_946479275.1, s__Bartonella_A sp946479275, 95.0, 95.23, 0.283; GCA_946480935.1, s__Bartonella_A sp946480935, 95.0, 95.19, 0.36; GCF_016100835.1, s__Bartonella_A choladocola, 95.0, 94.84, 0.17	11.36	11	0.99539	N/A	unclassified	NA	NA	NA	unclassified	12908
s__	SRR24759608_binette_bin84.fasta	N/A	N/A	N/A	N/A	N/A	GCF_002715865.1	95.0	d__Bacteria;p__Actinomycetota;c__Actinomycetes;o__Actinomycetales;f__Bifidobacteriaceae;g__Bombiscardovia;s__Bombiscardovia asteroides	94.06	0.201	d__Bacteria;p__Actinomycetota;c__Actinomycetes;o__Actinomycetales;f__Bifidobacteriaceae;g__Bombiscardovia;s__	taxonomic classification defined by topology and ANI	classification based on placement in class-level tree	GCF_000967265.1, s__Bombiscardovia mellis, 95.0, 96.37, 0.333; GCF_016102005.1, s__Bombiscardovia choladohabitans, 95.17, 95.76, 0.308; GCF_009683175.1, s__Bombiscardovia asteroides_H, 95.0, 95.11, 0.261; GCF_030758775.1, s__Bombiscardovia asteroides_J, 95.0, 95.09, 0.266; GCF_036986835.1, s__Bombiscardovia apis_A, 95.0, 94.97, 0.257; GCF_007559275.1, s__Bombiscardovia apousia, 95.0, 94.88, 0.238; GCF_016101585.1, s__Bombiscardovia polysaccharolytica, 95.0, 94.77, 0.233; GCF_003202755.1, s__Bombiscardovia asteroides_F, 95.0, 94.5, 0.215; GCF_020884755.1, s__Bombiscardovia mizhiensis, 95.0, 94.09, 0.22; GCF_026537325.1, s__Bombiscardovia sp026537325, 95.0, 93.97, 0.177; GCF_019469425.1, s__Bombiscardovia asteroides_I, 95.0, 93.81, 0.154	15.87	11	0.99703	N/A	unclassified	NA	NA	NA	unclassified	12908
s__	SRR24759609_binette_bin21.fasta	N/A	N/A	N/A	N/A	N/A	N/A	N/A	N/A	N/A	N/A	d__Bacteria;p__Actinomycetota;c__Actinomycetes;o__Actinomycetales;f__Bifidobacteriaceae;g__Bombiscardovia;s__	taxonomic classification defined by topology and ANI	classification based on placement in class-level tree	GCF_016102005.1, s__Bombiscardovia choladohabitans, 95.17, 95.32, 0.472; GCF_016101585.1, s__Bombiscardovia polysaccharolytica, 95.0, 95.12, 0.369; GCF_000967265.1, s__Bombiscardovia mellis, 95.0, 94.73, 0.425; GCF_003202755.1, s__Bombiscardovia asteroides_F, 95.0, 94.5, 0.345; GCF_007559275.1, s__Bombiscardovia apousia, 95.0, 94.33, 0.309; GCF_009683175.1, s__Bombiscardovia asteroides_H, 95.0, 94.32, 0.399; GCF_030758775.1, s__Bombiscardovia asteroides_J, 95.0, 94.18, 0.336; GCF_036986835.1, s__Bombiscardovia apis_A, 95.0, 94.06, 0.375; GCF_020884755.1, s__Bombiscardovia mizhiensis, 95.0, 93.57, 0.29; GCF_026537325.1, s__Bombiscardovia sp026537325, 95.0, 93.54, 0.238; GCF_002715865.1, s__Bombiscardovia asteroides, 95.0, 93.5, 0.284; GCF_003202695.1, s__Bombiscardovia asteroides_G, 95.0, 93.29, 0.192; GCF_019469425.1, s__Bombiscardovia asteroides_I, 95.0, 93.25, 0.233	22.5	11	0.99688	N/A	unclassified	NA	NA	NA	unclassified	12908
s__	SRR24759609_binette_bin23.fasta	N/A	N/A	N/A	N/A	N/A	GCA_946481345.1	95.0	d__Bacteria;p__Pseudomonadota;c__Gammaproteobacteria;o__Enterobacterales;f__Enterobacteriaceae;g__Gilliamella;s__Gilliamella sp946481345	97.23	0.252	d__Bacteria;p__Pseudomonadota;c__Gammaproteobacteria;o__Enterobacterales;f__Enterobacteriaceae;g__Gilliamella;s__	taxonomic classification defined by topology and ANI	classification based on placement in class-level tree	GCF_030758615.1, s__Gilliamella apis_A, 95.0, 98.24, 0.338; GCF_000599985.1, s__Gilliamella apicola, 95.0, 97.94, 0.476; GCF_002142155.1, s__Gilliamella apis, 95.0, 96.79, 0.29; GCF_002142215.1, s__Gilliamella sp002142215, 95.0, 96.65, 0.244; GCA_946482005.1, s__Gilliamella sp946482005, 95.0, 95.77, 0.198; GCF_001693435.1, s__Gilliamella apicola_N, 95.0, 95.6, 0.372	25.12	11	0.99503	N/A	unclassified	NA	NA	NA	unclassified	12908
s__	SRR24759609_binette_bin34.fasta	N/A	N/A	N/A	N/A	N/A	GCF_016102465.1	95.0	d__Bacteria;p__Pseudomonadota;c__Alphaproteobacteria;o__Rhizobiales;f__Rhizobiaceae;g__Bartonella_A;s__Bartonella_A apihabitans	93.81	0.634	d__Bacteria;p__Pseudomonadota;c__Alphaproteobacteria;o__Rhizobiales;f__Rhizobiaceae;g__Bartonella_A;s__	taxonomic classification defined by topology and ANI	classification based on placement in class-level tree	GCF_016100455.1, s__Bartonella_A sp016100455, 95.0, 93.87, 0.607; GCF_030758755.1, s__Bartonella_A sp016102285, 95.0, 93.68, 0.592; GCA_946480935.1, s__Bartonella_A sp946480935, 95.0, 92.99, 0.515; GCF_946479275.1, s__Bartonella_A sp946479275, 95.0, 92.92, 0.356; GCF_016100835.1, s__Bartonella_A choladocola, 95.0, 92.65, 0.221; GCF_001952075.1, s__Bartonella_A apis, 95.0, 91.49, 0.384	16.7	11	0.9963	N/A	unclassified	NA	NA	NA	unclassified	12908
s__	SRR24759609_binette_bin92.fasta	N/A	N/A	N/A	N/A	N/A	N/A	N/A	N/A	N/A	N/A	d__Bacteria;p__Bacillota;c__Bacilli;o__Lactobacillales;f__Lactobacillaceae;g__Lactobacillus;s__	taxonomic classification defined by topology and ANI	classification based on placement in class-level tree	GCF_036246285.1, s__Lactobacillus juensis, 95.0, 97.28, 0.362; GCF_019972815.1, s__Lactobacillus huangpiensis, 95.0, 96.97, 0.368; GCF_000967195.1, s__Lactobacillus kullabergensis, 95.0, 96.84, 0.369; GCF_000970755.1, s__Lactobacillus kimbladii, 95.0, 96.67, 0.322; GCF_014323605.1, s__Lactobacillus kimbladii_B, 95.0, 96.63, 0.341; GCA_946477855.1, s__Lactobacillus sp946477855, 95.0, 96.19, 0.161; GCF_019972835.1, s__Lactobacillus laiwuensis, 95.0, 96.06, 0.318	14.5	11	0.99724	N/A	unclassified	NA	NA	NA	unclassified	12908
s__	SRR24759610_binette_bin23.fasta	N/A	N/A	N/A	N/A	N/A	N/A	N/A	N/A	N/A	N/A	d__Bacteria;p__Actinomycetota;c__Actinomycetes;o__Actinomycetales;f__Bifidobacteriaceae;g__Bombiscardovia;s__	taxonomic classification defined by topology and ANI	classification based on placement in class-level tree	GCF_016101585.1, s__Bombiscardovia polysaccharolytica, 95.0, 95.68, 0.407; GCF_000967265.1, s__Bombiscardovia mellis, 95.0, 95.64, 0.445; GCF_016102005.1, s__Bombiscardovia choladohabitans, 95.17, 94.96, 0.384; GCF_030758775.1, s__Bombiscardovia asteroides_J, 95.0, 94.96, 0.374; GCF_007559275.1, s__Bombiscardovia apousia, 95.0, 94.77, 0.354; GCF_036986835.1, s__Bombiscardovia apis_A, 95.0, 94.62, 0.35; GCF_009683175.1, s__Bombiscardovia asteroides_H, 95.0, 94.43, 0.377; GCF_002715865.1, s__Bombiscardovia asteroides, 95.0, 94.29, 0.333; GCF_003202755.1, s__Bombiscardovia asteroides_F, 95.0, 94.18, 0.325; GCF_020884755.1, s__Bombiscardovia mizhiensis, 95.0, 93.97, 0.311; GCF_003202695.1, s__Bombiscardovia asteroides_G, 95.0, 93.85, 0.19; GCF_026537325.1, s__Bombiscardovia sp026537325, 95.0, 93.57, 0.266; GCF_019469425.1, s__Bombiscardovia asteroides_I, 95.0, 93.12, 0.241	22.74	11	0.99574	Genome has more than 11.7% of markers with multiple hits	unclassified	NA	NA	NA	unclassified	12908
s__	SRR24759610_binette_bin25.fasta	N/A	N/A	N/A	N/A	N/A	GCA_003052455.1	95.0	d__Bacteria;p__Actinomycetota;c__Actinomycetes;o__Actinomycetales;f__Cellulomonadaceae;g__Cellulosimicrobium;s__Cellulosimicrobium cinnabarinum	98.21	0.331	d__Bacteria;p__Actinomycetota;c__Actinomycetes;o__Actinomycetales;f__Cellulomonadaceae;g__Cellulosimicrobium;s__	taxonomic classification defined by topology and ANI	classification based on placement in class-level tree	GCF_004519295.1, s__Cellulosimicrobium funkei, 95.74, 97.52, 0.309; GCF_016921195.1, s__Cellulosimicrobium cellulans_F, 95.0, 94.65, 0.165; GCF_006539945.1, s__Cellulosimicrobium cellulans, 95.0, 94.42, 0.155; GCF_001019615.1, s__Cellulosimicrobium cellulans_E, 95.0, 94.29, 0.161; GCF_040448685.1, s__Cellulosimicrobium cellulans_G, 95.0, 94.18, 0.159; GCF_016907755.1, s__Cellulosimicrobium cellulans_D, 95.0, 94.18, 0.157; GCF_009708005.2, s__Cellulosimicrobium protaetiae, 95.0, 94.18, 0.151	27.58	11	0.99832	N/A	unclassified	NA	NA	NA	unclassified	12908
s__	SRR24759610_binette_bin31.fasta	N/A	N/A	N/A	N/A	N/A	GCF_000737865.1	95.0	d__Bacteria;p__Actinomycetota;c__Actinomycetes;o__Actinomycetales;f__Bifidobacteriaceae;g__Bombiscardovia;s__Bombiscardovia coryneforme	94.62	0.581	d__Bacteria;p__Actinomycetota;c__Actinomycetes;o__Actinomycetales;f__Bifidobacteriaceae;g__Bombiscardovia;s__	taxonomic classification defined by topology and ANI	classification based on placement in class-level tree	N/A	18.49	11	0.9961	N/A	unclassified	NA	NA	NA	unclassified	12908
s__	SRR24759610_binette_bin69.fasta	N/A	N/A	N/A	N/A	N/A	N/A	N/A	N/A	N/A	N/A	d__Bacteria;p__Pseudomonadota;c__Gammaproteobacteria;o__Enterobacterales;f__Enterobacteriaceae;g__Gilliamella;s__	taxonomic classification defined by topology and ANI	classification based on placement in class-level tree	GCF_000599985.1, s__Gilliamella apicola, 95.0, 96.47, 0.511; GCA_946482005.1, s__Gilliamella sp946482005, 95.0, 94.97, 0.295; GCF_001693435.1, s__Gilliamella apicola_N, 95.0, 93.05, 0.415; GCF_002142155.1, s__Gilliamella apis, 95.0, 92.71, 0.348; GCF_030758615.1, s__Gilliamella apis_A, 95.0, 92.42, 0.365; GCA_946481345.1, s__Gilliamella sp946481345, 95.0, 92.0, 0.296; GCF_002142215.1, s__Gilliamella sp002142215, 95.0, 91.23, 0.307; GCF_028751545.1, s__Gilliamella sp945273075, 95.0, 91.16, 0.303	17.91	11	0.98764	N/A	unclassified	NA	NA	NA	unclassified	12908
s__	SRR24759610_binette_bin98.fasta	N/A	N/A	N/A	N/A	N/A	N/A	N/A	N/A	N/A	N/A	d__Bacteria;p__Actinomycetota;c__Actinomycetes;o__Actinomycetales;f__Bifidobacteriaceae;g__Bombiscardovia;s__	taxonomic classification defined by topology and ANI	classification based on placement in class-level tree	GCF_003202695.1, s__Bombiscardovia asteroides_G, 95.0, 97.4, 0.294; GCF_030758775.1, s__Bombiscardovia asteroides_J, 95.0, 96.07, 0.256; GCF_002715865.1, s__Bombiscardovia asteroides, 95.0, 95.76, 0.253; GCF_007559275.1, s__Bombiscardovia apousia, 95.0, 95.73, 0.264; GCF_016101585.1, s__Bombiscardovia polysaccharolytica, 95.0, 95.56, 0.23; GCF_016102005.1, s__Bombiscardovia choladohabitans, 95.17, 95.45, 0.267; GCF_009683175.1, s__Bombiscardovia asteroides_H, 95.0, 95.38, 0.233; GCF_003202755.1, s__Bombiscardovia asteroides_F, 95.0, 95.29, 0.2; GCF_020884755.1, s__Bombiscardovia mizhiensis, 95.0, 95.26, 0.217; GCF_000967265.1, s__Bombiscardovia mellis, 95.0, 95.19, 0.245; GCF_026537325.1, s__Bombiscardovia sp026537325, 95.0, 95.01, 0.162; GCF_036986835.1, s__Bombiscardovia apis_A, 95.0, 94.92, 0.215	11.89	11	0.99639	N/A	unclassified	NA	NA	NA	unclassified	12908
s__	SRR24759611_binette_bin18.fasta	N/A	N/A	N/A	N/A	N/A	GCF_016100835.1	95.0	d__Bacteria;p__Pseudomonadota;c__Alphaproteobacteria;o__Rhizobiales;f__Rhizobiaceae;g__Bartonella_A;s__Bartonella_A choladocola	96.11	0.481	d__Bacteria;p__Pseudomonadota;c__Alphaproteobacteria;o__Rhizobiales;f__Rhizobiaceae;g__Bartonella_A;s__	taxonomic classification defined by topology and ANI	classification based on placement in class-level tree	GCF_016100455.1, s__Bartonella_A sp016100455, 95.0, 92.31, 0.362; GCF_030758755.1, s__Bartonella_A sp016102285, 95.0, 92.05, 0.348; GCF_001952075.1, s__Bartonella_A apis, 95.0, 91.8, 0.33; GCA_946480935.1, s__Bartonella_A sp946480935, 95.0, 91.68, 0.263; GCF_016102465.1, s__Bartonella_A apihabitans, 95.0, 91.16, 0.346; GCF_946479275.1, s__Bartonella_A sp946479275, 95.0, 90.45, 0.289	28.65	11	0.9963	N/A	unclassified	NA	NA	NA	unclassified	12908
s__	SRR24759611_binette_bin34.fasta	N/A	N/A	N/A	N/A	N/A	GCF_000967195.1	95.0	d__Bacteria;p__Bacillota;c__Bacilli;o__Lactobacillales;f__Lactobacillaceae;g__Lactobacillus;s__Lactobacillus kullabergensis	96.03	0.506	d__Bacteria;p__Bacillota;c__Bacilli;o__Lactobacillales;f__Lactobacillaceae;g__Lactobacillus;s__	taxonomic classification defined by topology and ANI	classification based on placement in class-level tree	GCF_000970855.1, s__Lactobacillus helsingborgensis, 95.0, 98.68, 0.355; GCF_019972815.1, s__Lactobacillus huangpiensis, 95.0, 95.61, 0.5; GCF_014323605.1, s__Lactobacillus kimbladii_B, 95.0, 94.59, 0.461; GCF_019972835.1, s__Lactobacillus laiwuensis, 95.0, 93.48, 0.464; GCA_946477855.1, s__Lactobacillus sp946477855, 95.0, 93.14, 0.229; GCF_000970755.1, s__Lactobacillus kimbladii, 95.0, 92.99, 0.437; GCF_036246285.1, s__Lactobacillus juensis, 95.0, 92.31, 0.373	16.64	11	0.99886	N/A	unclassified	NA	NA	NA	unclassified	12908
s__	SRR24759612_binette_bin17.fasta	N/A	N/A	N/A	N/A	N/A	GCF_016100835.1	95.0	d__Bacteria;p__Pseudomonadota;c__Alphaproteobacteria;o__Rhizobiales;f__Rhizobiaceae;g__Bartonella_A;s__Bartonella_A choladocola	92.75	0.247	d__Bacteria;p__Pseudomonadota;c__Alphaproteobacteria;o__Rhizobiales;f__Rhizobiaceae;g__Bartonella_A;s__	taxonomic classification defined by topology and ANI	classification based on placement in class-level tree	GCF_030758755.1, s__Bartonella_A sp016102285, 95.0, 93.68, 0.495; GCF_016100455.1, s__Bartonella_A sp016100455, 95.0, 93.62, 0.492; GCF_001952075.1, s__Bartonella_A apis, 95.0, 93.16, 0.375; GCF_016102465.1, s__Bartonella_A apihabitans, 95.0, 92.88, 0.488; GCF_946479275.1, s__Bartonella_A sp946479275, 95.0, 92.56, 0.336; GCA_946480935.1, s__Bartonella_A sp946480935, 95.0, 92.32, 0.381	29.51	11	0.98939	N/A	unclassified	NA	NA	NA	unclassified	12908
s__	SRR24759612_binette_bin19.fasta	N/A	N/A	N/A	N/A	N/A	GCA_946481345.1	95.0	d__Bacteria;p__Pseudomonadota;c__Gammaproteobacteria;o__Enterobacterales;f__Enterobacteriaceae;g__Gilliamella;s__Gilliamella sp946481345	96.65	0.299	d__Bacteria;p__Pseudomonadota;c__Gammaproteobacteria;o__Enterobacterales;f__Enterobacteriaceae;g__Gilliamella;s__	taxonomic classification defined by topology and ANI	classification based on placement in class-level tree	GCA_946482005.1, s__Gilliamella sp946482005, 95.0, 97.15, 0.215; GCF_002142155.1, s__Gilliamella apis, 95.0, 96.79, 0.214; GCF_001693435.1, s__Gilliamella apicola_N, 95.0, 96.71, 0.415; GCF_030758615.1, s__Gilliamella apis_A, 95.0, 93.5, 0.151; GCF_000599985.1, s__Gilliamella apicola, 95.0, 92.77, 0.343; GCF_028751545.1, s__Gilliamella sp945273075, 95.0, 90.27, 0.153	11.62	11	0.99671	N/A	unclassified	NA	NA	NA	unclassified	12908
s__	SRR24759612_binette_bin21.fasta	N/A	N/A	N/A	N/A	N/A	GCF_016102005.1	95.17	d__Bacteria;p__Actinomycetota;c__Actinomycetes;o__Actinomycetales;f__Bifidobacteriaceae;g__Bombiscardovia;s__Bombiscardovia choladohabitans	93.5	0.182	d__Bacteria;p__Actinomycetota;c__Actinomycetes;o__Actinomycetales;f__Bifidobacteriaceae;g__Bombiscardovia;s__	taxonomic classification defined by topology and ANI	classification based on placement in class-level tree	GCF_016101585.1, s__Bombiscardovia polysaccharolytica, 95.0, 95.37, 0.271; GCF_000967265.1, s__Bombiscardovia mellis, 95.0, 93.54, 0.205; GCF_003202755.1, s__Bombiscardovia asteroides_F, 95.0, 93.54, 0.181; GCF_036986835.1, s__Bombiscardovia apis_A, 95.0, 93.5, 0.176; GCF_007559275.1, s__Bombiscardovia apousia, 95.0, 92.81, 0.155; GCF_009683175.1, s__Bombiscardovia asteroides_H, 95.0, 92.63, 0.239; GCF_002715865.1, s__Bombiscardovia asteroides, 95.0, 92.51, 0.191; GCF_030758775.1, s__Bombiscardovia asteroides_J, 95.0, 92.51, 0.18; GCF_019469425.1, s__Bombiscardovia asteroides_I, 95.0, 92.51, 0.154; GCF_020884755.1, s__Bombiscardovia mizhiensis, 95.0, 91.82, 0.153	17.24	11	0.99793	N/A	unclassified	NA	NA	NA	unclassified	12908
s__	SRR24759612_binette_bin23.fasta	N/A	N/A	N/A	N/A	N/A	GCF_030758755.1	95.0	d__Bacteria;p__Pseudomonadota;c__Alphaproteobacteria;o__Rhizobiales;f__Rhizobiaceae;g__Bartonella_A;s__Bartonella_A sp016102285	94.62	0.553	d__Bacteria;p__Pseudomonadota;c__Alphaproteobacteria;o__Rhizobiales;f__Rhizobiaceae;g__Bartonella_A;s__	taxonomic classification defined by topology and ANI	classification based on placement in class-level tree	GCF_001952075.1, s__Bartonella_A apis, 95.0, 95.99, 0.327; GCF_016102465.1, s__Bartonella_A apihabitans, 95.0, 95.44, 0.631; GCF_016100455.1, s__Bartonella_A sp016100455, 95.0, 95.21, 0.619; GCA_946480935.1, s__Bartonella_A sp946480935, 95.0, 93.99, 0.41; GCF_946479275.1, s__Bartonella_A sp946479275, 95.0, 93.91, 0.268	15.17	11	0.99889	N/A	unclassified	NA	NA	NA	unclassified	12908
s__	SRR24759612_binette_bin38.fasta	N/A	N/A	N/A	N/A	N/A	GCF_000599985.1	95.0	d__Bacteria;p__Pseudomonadota;c__Gammaproteobacteria;o__Enterobacterales;f__Enterobacteriaceae;g__Gilliamella;s__Gilliamella apicola	99.1	0.566	d__Bacteria;p__Pseudomonadota;c__Gammaproteobacteria;o__Enterobacterales;f__Enterobacteriaceae;g__Gilliamella;s__	taxonomic classification defined by topology and ANI	classification based on placement in class-level tree	GCF_030758615.1, s__Gilliamella apis_A, 95.0, 97.87, 0.412; GCF_001693435.1, s__Gilliamella apicola_N, 95.0, 97.29, 0.533; GCA_946481345.1, s__Gilliamella sp946481345, 95.0, 97.16, 0.292; GCF_002142155.1, s__Gilliamella apis, 95.0, 96.88, 0.357; GCA_946482005.1, s__Gilliamella sp946482005, 95.0, 96.32, 0.329; GCF_002142215.1, s__Gilliamella sp002142215, 95.0, 96.23, 0.294; GCF_028751545.1, s__Gilliamella sp945273075, 95.0, 94.05, 0.362; GCF_003202915.1, s__Gilliamella apicola_Q, 95.19, 93.58, 0.159; GCF_003202655.1, s__Gilliamella apicola_R, 95.0, 92.46, 0.157	17.06	11	0.99909	N/A	unclassified	NA	NA	NA	unclassified	12908
s__	SRR24759613_binette_bin15.fasta	N/A	N/A	N/A	N/A	N/A	GCF_000967195.1	95.0	d__Bacteria;p__Bacillota;c__Bacilli;o__Lactobacillales;f__Lactobacillaceae;g__Lactobacillus;s__Lactobacillus kullabergensis	97.2	0.41	d__Bacteria;p__Bacillota;c__Bacilli;o__Lactobacillales;f__Lactobacillaceae;g__Lactobacillus;s__	taxonomic classification defined by topology and ANI	classification based on placement in class-level tree	GCF_019972815.1, s__Lactobacillus huangpiensis, 95.0, 95.11, 0.346; GCF_014323605.1, s__Lactobacillus kimbladii_B, 95.0, 93.97, 0.315; GCF_019972835.1, s__Lactobacillus laiwuensis, 95.0, 93.68, 0.336; GCF_000970755.1, s__Lactobacillus kimbladii, 95.0, 93.38, 0.332; GCF_036246285.1, s__Lactobacillus juensis, 95.0, 92.61, 0.313	29.17	11	0.99959	N/A	unclassified	NA	NA	NA	unclassified	12908
s__	SRR24759613_binette_bin21.fasta	N/A	N/A	N/A	N/A	N/A	N/A	N/A	N/A	N/A	N/A	d__Bacteria;p__Bacillota;c__Bacilli;o__Lactobacillales;f__Lactobacillaceae;g__Lactobacillus;s__	taxonomic classification defined by topology and ANI	classification based on placement in class-level tree	GCF_002837055.1, s__Lactobacillus apis, 95.82, 98.0, 0.314; GCA_946479925.1, s__Lactobacillus sp946479925, 95.0, 97.84, 0.194; GCF_000970775.1, s__Lactobacillus melliventris, 96.46, 97.74, 0.365; GCF_000970855.1, s__Lactobacillus helsingborgensis, 95.0, 97.58, 0.169; GCA_946477655.1, s__Lactobacillus apis_A, 95.0, 97.42, 0.219; GCF_946477725.1, s__Lactobacillus sp946477725, 95.65, 97.06, 0.336; GCF_036246345.1, s__Lactobacillus rizhaonensis, 95.0, 95.12, 0.285	22.26	11	0.99421	N/A	unclassified	NA	NA	NA	unclassified	12908
s__	SRR24759613_binette_bin22.fasta	N/A	N/A	N/A	N/A	N/A	N/A	N/A	N/A	N/A	N/A	d__Bacteria;p__Bacillota;c__Bacilli;o__Lactobacillales;f__Lactobacillaceae;g__Xylocopilactobacillus;s__	taxonomic novelty determined using RED	classification based on placement in class-level tree	N/A	21.47	11	0.93189	N/A	unclassified	NA	NA	NA	unclassified	12908
s__	SRR24759613_binette_bin23.fasta	N/A	N/A	N/A	N/A	N/A	N/A	N/A	N/A	N/A	N/A	d__Bacteria;p__Pseudomonadota;c__Alphaproteobacteria;o__Rhizobiales;f__Rhizobiaceae;g__Bartonella_A;s__	taxonomic classification defined by topology and ANI	classification based on placement in class-level tree	GCA_946478235.1, s__Bartonella_A sp946478235, 95.0, 97.19, 0.298; GCA_945285915.1, s__Bartonella_A sp945285915, 95.0, 95.08, 0.257; GCA_946478665.1, s__Bartonella_A sp946478665, 95.0, 94.88, 0.227	15.17	11	0.94887	N/A	unclassified	NA	NA	NA	unclassified	12908
s__	SRR24759613_binette_bin24.fasta	N/A	N/A	N/A	N/A	N/A	N/A	N/A	N/A	N/A	N/A	d__Bacteria;p__Pseudomonadota;c__Alphaproteobacteria;o__Rhizobiales;f__Rhizobiaceae;g__Bartonella_A;s__	taxonomic classification defined by topology and ANI	classification based on placement in class-level tree	GCF_946479275.1, s__Bartonella_A sp946479275, 95.0, 95.37, 0.377; GCF_016100455.1, s__Bartonella_A sp016100455, 95.0, 94.02, 0.483; GCF_030758755.1, s__Bartonella_A sp016102285, 95.0, 93.25, 0.458; GCA_946480935.1, s__Bartonella_A sp946480935, 95.0, 93.11, 0.348; GCF_001952075.1, s__Bartonella_A apis, 95.0, 92.65, 0.387; GCF_016102465.1, s__Bartonella_A apihabitans, 95.0, 92.61, 0.442; GCF_016100835.1, s__Bartonella_A choladocola, 95.0, 91.29, 0.175	10.68	11	0.99056	N/A	unclassified	NA	NA	NA	unclassified	12908
s__	SRR24759613_binette_bin25.fasta	N/A	N/A	N/A	N/A	N/A	GCF_946479275.1	95.0	d__Bacteria;p__Pseudomonadota;c__Alphaproteobacteria;o__Rhizobiales;f__Rhizobiaceae;g__Bartonella_A;s__Bartonella_A sp946479275	95.93	0.527	d__Bacteria;p__Pseudomonadota;c__Alphaproteobacteria;o__Rhizobiales;f__Rhizobiaceae;g__Bartonella_A;s__	taxonomic classification defined by topology and ANI	classification based on placement in class-level tree	GCF_016100835.1, s__Bartonella_A choladocola, 95.0, 93.68, 0.373; GCF_001952075.1, s__Bartonella_A apis, 95.0, 91.92, 0.501; GCF_030758755.1, s__Bartonella_A sp016102285, 95.0, 89.43, 0.298; GCF_016100455.1, s__Bartonella_A sp016100455, 95.0, 89.42, 0.308; GCA_946480935.1, s__Bartonella_A sp946480935, 95.0, 89.39, 0.249; GCF_016102465.1, s__Bartonella_A apihabitans, 95.0, 89.36, 0.296	26.29	11	0.99931	N/A	unclassified	NA	NA	NA	unclassified	12908
s__	SRR24759613_binette_bin27.fasta	N/A	N/A	N/A	N/A	N/A	N/A	N/A	N/A	N/A	N/A	d__Bacteria;p__Pseudomonadota;c__Alphaproteobacteria;o__Rhizobiales;f__Rhizobiaceae;g__Bartonella_A;s__	taxonomic classification defined by topology and ANI	classification based on placement in class-level tree	GCF_016100455.1, s__Bartonella_A sp016100455, 95.0, 94.87, 0.527; GCF_016102465.1, s__Bartonella_A apihabitans, 95.0, 94.84, 0.555; GCF_030758755.1, s__Bartonella_A sp016102285, 95.0, 94.84, 0.538; GCF_001952075.1, s__Bartonella_A apis, 95.0, 94.44, 0.347; GCA_946480935.1, s__Bartonella_A sp946480935, 95.0, 94.25, 0.371; GCF_946479275.1, s__Bartonella_A sp946479275, 95.0, 93.85, 0.301; GCF_016100835.1, s__Bartonella_A choladocola, 95.0, 92.61, 0.171	17.16	11	0.99308	Genome has more than 13.3% of markers with multiple hits	unclassified	NA	NA	NA	unclassified	12908
s__	SRR24759613_binette_bin30.fasta	N/A	N/A	N/A	N/A	N/A	N/A	N/A	N/A	N/A	N/A	d__Bacteria;p__Actinomycetota;c__Actinomycetes;o__Actinomycetales;f__Bifidobacteriaceae;g__Bombiscardovia;s__	taxonomic classification defined by topology and ANI	classification based on placement in class-level tree	GCF_016101585.1, s__Bombiscardovia polysaccharolytica, 95.0, 94.1, 0.239; GCF_003202695.1, s__Bombiscardovia asteroides_G, 95.0, 93.72, 0.166; GCF_002715865.1, s__Bombiscardovia asteroides, 95.0, 92.26, 0.171; GCF_030758775.1, s__Bombiscardovia asteroides_J, 95.0, 91.11, 0.175; GCF_000967265.1, s__Bombiscardovia mellis, 95.0, 91.11, 0.16	17.02	11	0.98521	N/A	unclassified	NA	NA	NA	unclassified	12908
s__	SRR24759613_binette_bin32.fasta	N/A	N/A	N/A	N/A	N/A	GCF_000967195.1	95.0	d__Bacteria;p__Bacillota;c__Bacilli;o__Lactobacillales;f__Lactobacillaceae;g__Lactobacillus;s__Lactobacillus kullabergensis	98.26	0.526	d__Bacteria;p__Bacillota;c__Bacilli;o__Lactobacillales;f__Lactobacillaceae;g__Lactobacillus;s__	taxonomic classification defined by topology and ANI	classification based on placement in class-level tree	GCF_014323605.1, s__Lactobacillus kimbladii_B, 95.0, 95.92, 0.431; GCF_019972815.1, s__Lactobacillus huangpiensis, 95.0, 95.92, 0.422; GCF_000970755.1, s__Lactobacillus kimbladii, 95.0, 95.86, 0.435; GCA_946477855.1, s__Lactobacillus sp946477855, 95.0, 95.63, 0.222; GCF_019972835.1, s__Lactobacillus laiwuensis, 95.0, 94.4, 0.421; GCF_036246285.1, s__Lactobacillus juensis, 95.0, 93.68, 0.36	16.02	11	0.99915	N/A	unclassified	NA	NA	NA	unclassified	12908
s__	SRR24759613_binette_bin43.fasta	N/A	N/A	N/A	N/A	N/A	GCF_016101585.1	95.0	d__Bacteria;p__Actinomycetota;c__Actinomycetes;o__Actinomycetales;f__Bifidobacteriaceae;g__Bombiscardovia;s__Bombiscardovia polysaccharolytica	92.79	0.301	d__Bacteria;p__Actinomycetota;c__Actinomycetes;o__Actinomycetales;f__Bifidobacteriaceae;g__Bombiscardovia;s__	taxonomic classification defined by topology and ANI	classification based on placement in class-level tree	GCF_003202695.1, s__Bombiscardovia asteroides_G, 95.0, 94.55, 0.43; GCF_030758775.1, s__Bombiscardovia asteroides_J, 95.0, 93.16, 0.347; GCF_002715865.1, s__Bombiscardovia asteroides, 95.0, 93.0, 0.402; GCF_009683175.1, s__Bombiscardovia asteroides_H, 95.0, 92.62, 0.289; GCF_016102005.1, s__Bombiscardovia choladohabitans, 95.17, 92.41, 0.333; GCF_007559275.1, s__Bombiscardovia apousia, 95.0, 92.31, 0.35; GCF_003202755.1, s__Bombiscardovia asteroides_F, 95.0, 92.27, 0.306; GCF_000967265.1, s__Bombiscardovia mellis, 95.0, 92.11, 0.345; GCF_020884755.1, s__Bombiscardovia mizhiensis, 95.0, 92.04, 0.327; GCF_036986835.1, s__Bombiscardovia apis_A, 95.0, 91.98, 0.341; GCF_026537325.1, s__Bombiscardovia sp026537325, 95.0, 91.68, 0.277; GCF_019469425.1, s__Bombiscardovia asteroides_I, 95.0, 91.48, 0.235	13.54	11	0.99906	N/A	unclassified	NA	NA	NA	unclassified	12908
s__	SRR24759613_binette_bin60.fasta	N/A	N/A	N/A	N/A	N/A	N/A	N/A	N/A	N/A	N/A	d__Bacteria;p__Pseudomonadota;c__Alphaproteobacteria;o__Rhizobiales;f__Rhizobiaceae;g__Bartonella_A;s__	taxonomic classification defined by topology and ANI	classification based on placement in class-level tree	GCF_946479275.1, s__Bartonella_A sp946479275, 95.0, 95.01, 0.509; GCF_001952075.1, s__Bartonella_A apis, 95.0, 93.58, 0.53; GCF_016102465.1, s__Bartonella_A apihabitans, 95.0, 92.99, 0.519; GCA_946480935.1, s__Bartonella_A sp946480935, 95.0, 92.96, 0.407; GCF_016100455.1, s__Bartonella_A sp016100455, 95.0, 92.81, 0.514; GCF_030758755.1, s__Bartonella_A sp016102285, 95.0, 91.88, 0.54; GCF_016100835.1, s__Bartonella_A choladocola, 95.0, 91.35, 0.235	20.59	11	0.99374	N/A	unclassified	NA	NA	NA	unclassified	12908
s__	SRR24759614_binette_bin22.fasta	N/A	N/A	N/A	N/A	N/A	N/A	N/A	N/A	N/A	N/A	d__Bacteria;p__Actinomycetota;c__Actinomycetes;o__Actinomycetales;f__Bifidobacteriaceae;g__Bombiscardovia;s__	taxonomic classification defined by topology and ANI	classification based on placement in class-level tree	GCF_016101585.1, s__Bombiscardovia polysaccharolytica, 95.0, 94.67, 0.435; GCF_000967265.1, s__Bombiscardovia mellis, 95.0, 93.5, 0.415; GCF_036986835.1, s__Bombiscardovia apis_A, 95.0, 93.5, 0.339; GCF_016102005.1, s__Bombiscardovia choladohabitans, 95.17, 93.37, 0.388; GCF_009683175.1, s__Bombiscardovia asteroides_H, 95.0, 93.15, 0.37; GCF_030758775.1, s__Bombiscardovia asteroides_J, 95.0, 93.12, 0.36; GCF_003202755.1, s__Bombiscardovia asteroides_F, 95.0, 92.99, 0.349; GCF_002715865.1, s__Bombiscardovia asteroides, 95.0, 92.99, 0.335; GCF_007559275.1, s__Bombiscardovia apousia, 95.0, 92.92, 0.342; GCF_003202695.1, s__Bombiscardovia asteroides_G, 95.0, 92.65, 0.274; GCF_020884755.1, s__Bombiscardovia mizhiensis, 95.0, 92.32, 0.325; GCF_019469425.1, s__Bombiscardovia asteroides_I, 95.0, 92.26, 0.299; GCF_026537325.1, s__Bombiscardovia sp026537325, 95.0, 91.91, 0.305	18.69	11	0.99528	N/A	unclassified	NA	NA	NA	unclassified	12908
s__	SRR24759614_binette_bin23.fasta	N/A	N/A	N/A	N/A	N/A	GCA_946480935.1	95.0	d__Bacteria;p__Pseudomonadota;c__Alphaproteobacteria;o__Rhizobiales;f__Rhizobiaceae;g__Bartonella_A;s__Bartonella_A sp946480935	93.85	0.516	d__Bacteria;p__Pseudomonadota;c__Alphaproteobacteria;o__Rhizobiales;f__Rhizobiaceae;g__Bartonella_A;s__	taxonomic classification defined by topology and ANI	classification based on placement in class-level tree	GCF_016100455.1, s__Bartonella_A sp016100455, 95.0, 94.54, 0.599; GCF_001952075.1, s__Bartonella_A apis, 95.0, 93.72, 0.484; GCF_016102465.1, s__Bartonella_A apihabitans, 95.0, 93.68, 0.578; GCF_030758755.1, s__Bartonella_A sp016102285, 95.0, 93.5, 0.592; GCF_946479275.1, s__Bartonella_A sp946479275, 95.0, 92.33, 0.425; GCF_016100835.1, s__Bartonella_A choladocola, 95.0, 91.75, 0.324	18.86	11	0.9995	N/A	unclassified	NA	NA	NA	unclassified	12908
s__	SRR24759614_binette_bin24.fasta	N/A	N/A	N/A	N/A	N/A	GCF_019972815.1	95.0	d__Bacteria;p__Bacillota;c__Bacilli;o__Lactobacillales;f__Lactobacillaceae;g__Lactobacillus;s__Lactobacillus huangpiensis	93.35	0.354	d__Bacteria;p__Bacillota;c__Bacilli;o__Lactobacillales;f__Lactobacillaceae;g__Lactobacillus;s__	taxonomic classification defined by topology and ANI	classification based on placement in class-level tree	GCF_000970775.1, s__Lactobacillus melliventris, 96.46, 93.66, 0.451; GCF_000967195.1, s__Lactobacillus kullabergensis, 95.0, 93.3, 0.462; GCF_946477725.1, s__Lactobacillus sp946477725, 95.65, 93.06, 0.381; GCA_946479925.1, s__Lactobacillus sp946479925, 95.0, 92.05, 0.174; GCF_014323605.1, s__Lactobacillus kimbladii_B, 95.0, 91.81, 0.361; GCF_036246345.1, s__Lactobacillus rizhaonensis, 95.0, 91.62, 0.356; GCF_000970755.1, s__Lactobacillus kimbladii, 95.0, 91.1, 0.348; GCF_019972835.1, s__Lactobacillus laiwuensis, 95.0, 90.39, 0.328; GCA_946477855.1, s__Lactobacillus sp946477855, 95.0, 89.99, 0.173; GCF_036246285.1, s__Lactobacillus juensis, 95.0, 89.32, 0.343	18.29	11	0.99884	N/A	unclassified	NA	NA	NA	unclassified	12908
s__	SRR24759614_binette_bin28.fasta	N/A	N/A	N/A	N/A	N/A	GCA_946482005.1	95.0	d__Bacteria;p__Pseudomonadota;c__Gammaproteobacteria;o__Enterobacterales;f__Enterobacteriaceae;g__Gilliamella;s__Gilliamella sp946482005	92.7	0.205	d__Bacteria;p__Pseudomonadota;c__Gammaproteobacteria;o__Enterobacterales;f__Enterobacteriaceae;g__Gilliamella;s__	taxonomic classification defined by topology and ANI	classification based on placement in class-level tree	GCF_000599985.1, s__Gilliamella apicola, 95.0, 96.85, 0.36; GCF_002142155.1, s__Gilliamella apis, 95.0, 95.09, 0.587; GCA_946481345.1, s__Gilliamella sp946481345, 95.0, 94.18, 0.248; GCF_030758615.1, s__Gilliamella apis_A, 95.0, 93.94, 0.551; GCF_001693435.1, s__Gilliamella apicola_N, 95.0, 93.54, 0.358; GCF_002142215.1, s__Gilliamella sp002142215, 95.0, 92.77, 0.494; GCF_028751545.1, s__Gilliamella sp945273075, 95.0, 91.19, 0.252; GCF_003202915.1, s__Gilliamella apicola_Q, 95.19, 90.41, 0.222; GCF_003202655.1, s__Gilliamella apicola_R, 95.0, 90.35, 0.223; GCA_946480175.1, s__Gilliamella sp946480175, 95.0, 89.81, 0.193	19.62	11	0.99437	N/A	unclassified	NA	NA	NA	unclassified	12908
s__	SRR24759614_binette_bin57.fasta	N/A	N/A	N/A	N/A	N/A	GCF_000970755.1	95.0	d__Bacteria;p__Bacillota;c__Bacilli;o__Lactobacillales;f__Lactobacillaceae;g__Lactobacillus;s__Lactobacillus kimbladii	98.46	0.588	d__Bacteria;p__Bacillota;c__Bacilli;o__Lactobacillales;f__Lactobacillaceae;g__Lactobacillus;s__	taxonomic classification defined by topology and ANI	classification based on placement in class-level tree	GCA_946477855.1, s__Lactobacillus sp946477855, 95.0, 98.59, 0.373; GCF_014323605.1, s__Lactobacillus kimbladii_B, 95.0, 95.94, 0.49; GCF_019972835.1, s__Lactobacillus laiwuensis, 95.0, 95.63, 0.467; GCF_036246285.1, s__Lactobacillus juensis, 95.0, 95.44, 0.488; GCF_019972815.1, s__Lactobacillus huangpiensis, 95.0, 94.97, 0.429; GCF_000967195.1, s__Lactobacillus kullabergensis, 95.0, 94.83, 0.404	13.64	11	1.0	N/A	unclassified	NA	NA	NA	unclassified	12908
s__	SRR24759614_binette_bin6.fasta	N/A	N/A	N/A	N/A	N/A	N/A	N/A	N/A	N/A	N/A	d__Bacteria;p__Bacillota;c__Clostridia;o__Lachnospirales;f__Lachnospiraceae;g__Mobilisporobacter;s__	taxonomic classification fully defined by topology	classification based on placement in class-level tree	N/A	86.02	11	0.9593	N/A	unclassified	NA	NA	NA	unclassified	12908
s__	SRR24759615_binette_bin12.fasta	N/A	N/A	N/A	N/A	N/A	GCF_945285465.1	95.0	d__Bacteria;p__Pseudomonadota;c__Alphaproteobacteria;o__Rhizobiales;f__Rhizobiaceae;g__Bartonella_A;s__Bartonella_A sp945285465	93.06	0.645	d__Bacteria;p__Pseudomonadota;c__Alphaproteobacteria;o__Rhizobiales;f__Rhizobiaceae;g__Bartonella_A;s__	taxonomic classification defined by topology and ANI	classification based on placement in class-level tree	N/A	73.37	11	0.99069	N/A	unclassified	NA	NA	NA	unclassified	12908
s__	SRR24759615_binette_bin24.fasta	N/A	N/A	N/A	N/A	N/A	N/A	N/A	N/A	N/A	N/A	d__Bacteria;p__Bacillota;c__Bacilli;o__Lactobacillales;f__Lactobacillaceae;g__Lactobacillus;s__	taxonomic classification defined by topology and ANI	classification based on placement in class-level tree	GCF_000970855.1, s__Lactobacillus helsingborgensis, 95.0, 98.08, 0.477; GCA_946477855.1, s__Lactobacillus sp946477855, 95.0, 97.88, 0.22; GCF_014323605.1, s__Lactobacillus kimbladii_B, 95.0, 97.22, 0.164; GCF_000967195.1, s__Lactobacillus kullabergensis, 95.0, 96.81, 0.186; GCF_019972815.1, s__Lactobacillus huangpiensis, 95.0, 96.78, 0.152	22.14	11	0.99571	N/A	unclassified	NA	NA	NA	unclassified	12908
s__	SRR24759615_binette_bin28.fasta	N/A	N/A	N/A	N/A	N/A	N/A	N/A	N/A	N/A	N/A	d__Bacteria;p__Pseudomonadota;c__Gammaproteobacteria;o__Pseudomonadales;f__Pseudomonadaceae;g__Entomomonas;s__	taxonomic classification fully defined by topology	classification based on placement in class-level tree	N/A	10.35	11	0.97257	N/A	unclassified	NA	NA	NA	unclassified	12908
s__	SRR24759615_binette_bin32.fasta	N/A	N/A	N/A	N/A	N/A	N/A	N/A	N/A	N/A	N/A	d__Bacteria;p__Bacillota;c__Bacilli;o__Lactobacillales;f__Lactobacillaceae;g__Apilactobacillus;s__	taxonomic classification defined by topology and ANI	classification based on placement in class-level tree	GCF_001281175.1, s__Apilactobacillus apinorum, 95.0, 95.64, 0.566; GCF_040369555.1, s__Apilactobacillus sp025290035, 95.0, 92.94, 0.502; GCF_001281265.1, s__Apilactobacillus kunkeei, 95.0, 86.61, 0.245; GCF_001421115.1, s__Apilactobacillus kunkeei_F, 95.0, 85.96, 0.229; GCF_005930975.1, s__Apilactobacillus kunkeei_E, 95.0, 85.78, 0.229; GCF_016861915.1, s__Apilactobacillus nanyangensis, 95.0, 85.71, 0.261; GCF_001308195.1, s__Apilactobacillus kunkeei_C, 95.0, 85.35, 0.229; GCF_019061205.1, s__Apilactobacillus waqarii, 95.0, 84.78, 0.226; GCF_019656215.1, s__Apilactobacillus zhangqiuensis, 95.0, 84.23, 0.181	13.56	11	0.99662	N/A	unclassified	NA	NA	NA	unclassified	12908
s__	SRR24759615_binette_bin62.fasta	N/A	N/A	N/A	N/A	N/A	GCF_000599985.1	95.0	d__Bacteria;p__Pseudomonadota;c__Gammaproteobacteria;o__Enterobacterales;f__Enterobacteriaceae;g__Gilliamella;s__Gilliamella apicola	97.48	0.228	d__Bacteria;p__Pseudomonadota;c__Gammaproteobacteria;o__Enterobacterales;f__Enterobacteriaceae;g__Gilliamella;s__	taxonomic classification defined by topology and ANI	classification based on placement in class-level tree	GCF_001693435.1, s__Gilliamella apicola_N, 95.0, 97.35, 0.211; GCF_003202655.1, s__Gilliamella apicola_R, 95.0, 96.92, 0.191; GCF_030758615.1, s__Gilliamella apis_A, 95.0, 96.54, 0.338; GCA_946481345.1, s__Gilliamella sp946481345, 95.0, 96.41, 0.179; GCF_003202915.1, s__Gilliamella apicola_Q, 95.19, 95.81, 0.186; GCF_002142155.1, s__Gilliamella apis, 95.0, 95.36, 0.312; GCF_002142215.1, s__Gilliamella sp002142215, 95.0, 95.05, 0.266	18.09	11	0.99865	Genome has more than 10.0% of markers with multiple hits	unclassified	NA	NA	NA	unclassified	12908
s__	SRR24759616_binette_bin12.fasta	N/A	N/A	N/A	N/A	N/A	N/A	N/A	N/A	N/A	N/A	d__Bacteria;p__Bacillota;c__Clostridia;o__Lachnospirales;f__Lachnospiraceae;g__Mobilisporobacter;s__	taxonomic classification fully defined by topology	classification based on placement in class-level tree	N/A	52.34	11	0.95758	Genome has more than 15.0% of markers with multiple hits	unclassified	NA	NA	NA	unclassified	12908
s__	SRR24759616_binette_bin16.fasta	N/A	N/A	N/A	N/A	N/A	N/A	N/A	N/A	N/A	N/A	d__Bacteria;p__Pseudomonadota;c__Alphaproteobacteria;o__Rhizobiales;f__Rhizobiaceae;g__Bartonella_A;s__	taxonomic classification defined by topology and ANI	classification based on placement in class-level tree	GCF_016102465.1, s__Bartonella_A apihabitans, 95.0, 96.02, 0.572; GCF_001952075.1, s__Bartonella_A apis, 95.0, 94.44, 0.439; GCF_016100455.1, s__Bartonella_A sp016100455, 95.0, 94.42, 0.521; GCF_030758755.1, s__Bartonella_A sp016102285, 95.0, 93.68, 0.531; GCA_946480935.1, s__Bartonella_A sp946480935, 95.0, 93.1, 0.416; GCF_946479275.1, s__Bartonella_A sp946479275, 95.0, 92.33, 0.381; GCF_016100835.1, s__Bartonella_A choladocola, 95.0, 89.5, 0.166	41.2	11	0.99193	N/A	unclassified	NA	NA	NA	unclassified	12908
s__	SRR24759616_binette_bin23.fasta	N/A	N/A	N/A	N/A	N/A	N/A	N/A	N/A	N/A	N/A	d__Bacteria;p__Pseudomonadota;c__Alphaproteobacteria;o__Rhizobiales;f__Rhizobiaceae;g__Bartonella_A;s__	taxonomic classification defined by topology and ANI	classification based on placement in class-level tree	GCF_016100455.1, s__Bartonella_A sp016100455, 95.0, 94.98, 0.529; GCF_001952075.1, s__Bartonella_A apis, 95.0, 94.77, 0.425; GCF_016102465.1, s__Bartonella_A apihabitans, 95.0, 94.61, 0.498; GCF_030758755.1, s__Bartonella_A sp016102285, 95.0, 94.06, 0.46; GCA_946480935.1, s__Bartonella_A sp946480935, 95.0, 93.99, 0.354; GCF_946479275.1, s__Bartonella_A sp946479275, 95.0, 93.72, 0.361; GCF_016100835.1, s__Bartonella_A choladocola, 95.0, 93.7, 0.181	11.99	11	0.9916	N/A	unclassified	NA	NA	NA	unclassified	12908
s__	SRR24759616_binette_bin24.fasta	N/A	N/A	N/A	N/A	N/A	N/A	N/A	N/A	N/A	N/A	d__Bacteria;p__Bacillota;c__Clostridia;o__Lachnospirales;f__Lachnospiraceae;g__Novisyntrophococcus;s__	taxonomic classification defined by topology and ANI	classification based on placement in class-level tree	GCF_015159595.1, s__Novisyntrophococcus liquoris, 95.0, 99.15, 0.169; GCF_018866245.1, s__Novisyntrophococcus fermenticellae, 95.0, 99.09, 0.58; GCA_946412445.1, s__Novisyntrophococcus sp946412445, 95.0, 94.7, 0.271	13.7	11	0.9754	N/A	unclassified	NA	NA	NA	unclassified	12908
s__Apibacter sp945280365	SRR24759600_binette_bin1.fasta	GCA_945280365.1	95.0	d__Bacteria;p__Bacteroidota;c__Bacteroidia;o__Flavobacteriales;f__Weeksellaceae;g__Apibacter;s__Apibacter sp945280365	98.99	0.959	GCA_945280365.1	95.0	d__Bacteria;p__Bacteroidota;c__Bacteroidia;o__Flavobacteriales;f__Weeksellaceae;g__Apibacter;s__Apibacter sp945280365	98.99	0.959	d__Bacteria;p__Bacteroidota;c__Bacteroidia;o__Flavobacteriales;f__Weeksellaceae;g__Apibacter;s__	taxonomic classification defined by topology and ANI	topological placement and ANI have congruent species assignments	N/A	98.33	11	N/A	N/A	g__Apibacter	1.0	genus	d__bacteria;p__bacteroidota;c__flavobacteriia;o__flavobacteriales;f__weeksellaceae;g__apibacter	Bartonella	773
s__Apilactobacillus apinorum	SRR24759598_binette_bin7.fasta	GCF_001281175.1	95.0	d__Bacteria;p__Bacillota;c__Bacilli;o__Lactobacillales;f__Lactobacillaceae;g__Apilactobacillus;s__Apilactobacillus apinorum	98.47	0.865	GCF_001281175.1	95.0	d__Bacteria;p__Bacillota;c__Bacilli;o__Lactobacillales;f__Lactobacillaceae;g__Apilactobacillus;s__Apilactobacillus apinorum	98.47	0.865	d__Bacteria;p__Bacillota;c__Bacilli;o__Lactobacillales;f__Lactobacillaceae;g__Apilactobacillus;s__	taxonomic classification defined by topology and ANI	topological placement and ANI have congruent species assignments	GCF_040369555.1, s__Apilactobacillus sp025290035, 95.0, 93.14, 0.754; GCF_001281265.1, s__Apilactobacillus kunkeei, 95.0, 84.44, 0.222; GCF_001421115.1, s__Apilactobacillus kunkeei_F, 95.0, 84.34, 0.209; GCF_001308195.1, s__Apilactobacillus kunkeei_C, 95.0, 84.26, 0.212; GCF_005930975.1, s__Apilactobacillus kunkeei_E, 95.0, 84.01, 0.195; GCF_016861915.1, s__Apilactobacillus nanyangensis, 95.0, 83.96, 0.205; GCA_946481335.1, s__Apilactobacillus sp946481335, 95.0, 83.91, 0.174; GCF_019656215.1, s__Apilactobacillus zhangqiuensis, 95.0, 83.72, 0.2; GCF_019061205.1, s__Apilactobacillus waqarii, 95.0, 83.71, 0.185	72.18	11	N/A	N/A	s__Apilactobacillus apinorum	1.0	species	d__bacteria;p__bacillota;c__bacilli;o__lactobacillales;f__lactobacillaceae;g__apilactobacillus;s__apilactobacillus apinorum	Serratia	2985502
s__Apilactobacillus kunkeei	SRR24759604_binette_bin8.fasta	GCF_001281265.1	95.0	d__Bacteria;p__Bacillota;c__Bacilli;o__Lactobacillales;f__Lactobacillaceae;g__Apilactobacillus;s__Apilactobacillus kunkeei	98.31	0.886	GCF_001281265.1	95.0	d__Bacteria;p__Bacillota;c__Bacilli;o__Lactobacillales;f__Lactobacillaceae;g__Apilactobacillus;s__Apilactobacillus kunkeei	98.31	0.886	d__Bacteria;p__Bacillota;c__Bacilli;o__Lactobacillales;f__Lactobacillaceae;g__Apilactobacillus;s__	taxonomic classification defined by topology and ANI	topological placement and ANI have congruent species assignments	GCF_001308195.1, s__Apilactobacillus kunkeei_C, 95.0, 95.01, 0.797; GCF_001421115.1, s__Apilactobacillus kunkeei_F, 95.0, 94.47, 0.759; GCF_019061205.1, s__Apilactobacillus waqarii, 95.0, 94.02, 0.772; GCF_005930975.1, s__Apilactobacillus kunkeei_E, 95.0, 93.99, 0.757; GCF_016861915.1, s__Apilactobacillus nanyangensis, 95.0, 92.81, 0.692; GCF_019656215.1, s__Apilactobacillus zhangqiuensis, 95.0, 91.4, 0.672; GCA_946481335.1, s__Apilactobacillus sp946481335, 95.0, 91.16, 0.575; GCF_001281175.1, s__Apilactobacillus apinorum, 95.0, 86.36, 0.151; GCF_040369555.1, s__Apilactobacillus sp025290035, 95.0, 85.97, 0.151	85.94	11	N/A	N/A	f__Lactobacillaceae	1.0	family	d__bacteria;p__bacillota;c__bacilli;o__lactobacillales;f__lactobacillaceae	Bartonella	773
s__Apilactobacillus kunkeei_C	SRR24759606_binette_bin3.fasta	GCF_001308195.1	95.0	d__Bacteria;p__Bacillota;c__Bacilli;o__Lactobacillales;f__Lactobacillaceae;g__Apilactobacillus;s__Apilactobacillus kunkeei_C	98.52	0.884	GCF_001308195.1	95.0	d__Bacteria;p__Bacillota;c__Bacilli;o__Lactobacillales;f__Lactobacillaceae;g__Apilactobacillus;s__Apilactobacillus kunkeei_C	98.52	0.884	d__Bacteria;p__Bacillota;c__Bacilli;o__Lactobacillales;f__Lactobacillaceae;g__Apilactobacillus;s__	taxonomic classification defined by topology and ANI	topological placement and ANI have congruent species assignments	GCF_001421115.1, s__Apilactobacillus kunkeei_F, 95.0, 95.25, 0.804; GCF_019061205.1, s__Apilactobacillus waqarii, 95.0, 94.7, 0.831; GCF_001281265.1, s__Apilactobacillus kunkeei, 95.0, 94.1, 0.779; GCF_016861915.1, s__Apilactobacillus nanyangensis, 95.0, 93.81, 0.768; GCF_019656215.1, s__Apilactobacillus zhangqiuensis, 95.0, 92.36, 0.764; GCF_005930975.1, s__Apilactobacillus kunkeei_E, 95.0, 92.16, 0.713; GCA_946481335.1, s__Apilactobacillus sp946481335, 95.0, 91.54, 0.701; GCF_001281175.1, s__Apilactobacillus apinorum, 95.0, 84.37, 0.191; GCF_040369555.1, s__Apilactobacillus sp025290035, 95.0, 84.03, 0.188	94.24	11	N/A	N/A	f__Lactobacillaceae	1.0	family	d__bacteria;p__bacillota;c__bacilli;o__lactobacillales;f__lactobacillaceae	Bartonella	773
s__Apilactobacillus kunkeei_C	SRR24759609_binette_bin37.fasta	GCF_001308195.1	95.0	d__Bacteria;p__Bacillota;c__Bacilli;o__Lactobacillales;f__Lactobacillaceae;g__Apilactobacillus;s__Apilactobacillus kunkeei_C	97.61	0.811	GCF_001308195.1	95.0	d__Bacteria;p__Bacillota;c__Bacilli;o__Lactobacillales;f__Lactobacillaceae;g__Apilactobacillus;s__Apilactobacillus kunkeei_C	97.61	0.811	d__Bacteria;p__Bacillota;c__Bacilli;o__Lactobacillales;f__Lactobacillaceae;g__Apilactobacillus;s__	taxonomic classification defined by topology and ANI	topological placement and ANI have congruent species assignments	GCF_001281265.1, s__Apilactobacillus kunkeei, 95.0, 96.36, 0.81; GCF_001421115.1, s__Apilactobacillus kunkeei_F, 95.0, 95.35, 0.697; GCF_016861915.1, s__Apilactobacillus nanyangensis, 95.0, 94.66, 0.641; GCF_019061205.1, s__Apilactobacillus waqarii, 95.0, 94.54, 0.724; GCF_005930975.1, s__Apilactobacillus kunkeei_E, 95.0, 93.69, 0.667; GCF_019656215.1, s__Apilactobacillus zhangqiuensis, 95.0, 93.3, 0.57; GCA_946481335.1, s__Apilactobacillus sp946481335, 95.0, 92.42, 0.435	10.21	11	N/A	N/A	f__Lactobacillaceae	1.0	family	d__bacteria;p__bacillota;c__bacilli;o__lactobacillales;f__lactobacillaceae	Bartonella	773
s__Arsenophonus apicola	SRR24759605_binette_bin3.fasta	GCF_020268605.1	95.0	d__Bacteria;p__Pseudomonadota;c__Gammaproteobacteria;o__Enterobacterales_A;f__Enterobacteriaceae_A;g__Arsenophonus;s__Arsenophonus apicola	99.97	0.997	GCF_020268605.1	95.0	d__Bacteria;p__Pseudomonadota;c__Gammaproteobacteria;o__Enterobacterales_A;f__Enterobacteriaceae_A;g__Arsenophonus;s__Arsenophonus apicola	99.97	0.997	d__Bacteria;p__Pseudomonadota;c__Gammaproteobacteria;o__Enterobacterales_A;f__Enterobacteriaceae_A;g__Arsenophonus;s__	taxonomic classification defined by topology and ANI	topological placement and ANI have congruent species assignments	GCF_029873475.1, s__Arsenophonus sp029873475, 95.0, 93.85, 0.899; GCF_000429565.1, s__Arsenophonus nasoniae, 95.0, 92.18, 0.816; GCF_000757905.1, s__Arsenophonus nilaparvatae, 95.0, 89.74, 0.679; GCF_902713415.1, s__Arsenophonus sp902713415, 96.59, 89.73, 0.444; GCF_001640365.1, s__Arsenophonus triatominarum, 95.0, 89.06, 0.279; GCF_900343025.1, s__Arsenophonus sp900343025, 95.0, 88.52, 0.541; GCF_900343015.1, s__Arsenophonus sp900343015, 95.0, 80.23, 0.174	84.45	11	N/A	N/A	g__Arsenophonus	1.0	genus	d__bacteria;p__pseudomonadota;c__gammaproteobacteria;o__enterobacterales;f__morganellaceae;g__arsenophonus	Bartonella apis	1686310
s__Bartonella_A apihabitans	SRR24759607_binette_bin15.fasta	GCF_016102465.1	95.0	d__Bacteria;p__Pseudomonadota;c__Alphaproteobacteria;o__Rhizobiales;f__Rhizobiaceae;g__Bartonella_A;s__Bartonella_A apihabitans	97.69	0.819	N/A	N/A	N/A	N/A	N/A	d__Bacteria;p__Pseudomonadota;c__Alphaproteobacteria;o__Rhizobiales;f__Rhizobiaceae;g__Bartonella_A;s__	taxonomic classification defined by topology and ANI	topological placement and ANI have incongruent species assignments	GCF_016102465.1, s__Bartonella_A apihabitans, 95.0, 97.69, 0.819; GCF_016100455.1, s__Bartonella_A sp016100455, 95.0, 95.61, 0.691; GCF_030758755.1, s__Bartonella_A sp016102285, 95.0, 94.84, 0.701; GCA_946480935.1, s__Bartonella_A sp946480935, 95.0, 93.99, 0.516; GCF_001952075.1, s__Bartonella_A apis, 95.0, 92.33, 0.197; GCF_946479275.1, s__Bartonella_A sp946479275, 95.0, 91.72, 0.2; GCF_016100835.1, s__Bartonella_A choladocola, 95.0, 91.45, 0.161	24.36	11	N/A	N/A	g__Bartonella	1.0	genus	d__bacteria;p__pseudomonadota;c__alphaproteobacteria;o__hyphomicrobiales;f__bartonellaceae;g__bartonella	Gilliamella	1193503
s__Bartonella_A apis	SRR24759605_binette_bin29.fasta	GCF_001952075.1	95.0	d__Bacteria;p__Pseudomonadota;c__Alphaproteobacteria;o__Rhizobiales;f__Rhizobiaceae;g__Bartonella_A;s__Bartonella_A apis	95.81	0.738	N/A	N/A	N/A	N/A	N/A	d__Bacteria;p__Pseudomonadota;c__Alphaproteobacteria;o__Rhizobiales;f__Rhizobiaceae;g__Bartonella_A;s__	taxonomic classification defined by topology and ANI	topological placement and ANI have incongruent species assignments	GCF_001952075.1, s__Bartonella_A apis, 95.0, 95.81, 0.738; GCF_946479275.1, s__Bartonella_A sp946479275, 95.0, 92.33, 0.671; GCF_016100455.1, s__Bartonella_A sp016100455, 95.0, 92.32, 0.58; GCF_016102465.1, s__Bartonella_A apihabitans, 95.0, 91.99, 0.507; GCF_030758755.1, s__Bartonella_A sp016102285, 95.0, 90.96, 0.486; GCA_946480935.1, s__Bartonella_A sp946480935, 95.0, 90.51, 0.336; GCF_016100835.1, s__Bartonella_A choladocola, 95.0, 88.87, 0.297	10.56	11	N/A	Genome domain questionable ( 10.8% Bacterial, 1.9% Archaeal)	s__Bartonella apis	0.9	species	d__bacteria;p__pseudomonadota;c__alphaproteobacteria;o__hyphomicrobiales;f__bartonellaceae;g__bartonella;s__bartonella apis	Gilliamella	1193503
s__Bartonella_A apis	SRR24759607_binette_bin9.fasta	GCF_001952075.1	95.0	d__Bacteria;p__Pseudomonadota;c__Alphaproteobacteria;o__Rhizobiales;f__Rhizobiaceae;g__Bartonella_A;s__Bartonella_A apis	96.55	0.924	GCF_001952075.1	95.0	d__Bacteria;p__Pseudomonadota;c__Alphaproteobacteria;o__Rhizobiales;f__Rhizobiaceae;g__Bartonella_A;s__Bartonella_A apis	96.55	0.924	d__Bacteria;p__Pseudomonadota;c__Alphaproteobacteria;o__Rhizobiales;f__Rhizobiaceae;g__Bartonella_A;s__	taxonomic classification defined by topology and ANI	topological placement and ANI have congruent species assignments	GCF_946479275.1, s__Bartonella_A sp946479275, 95.0, 92.81, 0.837; GCF_016100455.1, s__Bartonella_A sp016100455, 95.0, 87.17, 0.303; GCF_016102465.1, s__Bartonella_A apihabitans, 95.0, 86.93, 0.321; GCF_030758755.1, s__Bartonella_A sp016102285, 95.0, 86.53, 0.306; GCF_016100835.1, s__Bartonella_A choladocola, 95.0, 86.21, 0.253; GCA_946480935.1, s__Bartonella_A sp946480935, 95.0, 85.53, 0.209	45.17	11	N/A	N/A	s__Bartonella apis	0.9	species	d__bacteria;p__pseudomonadota;c__alphaproteobacteria;o__hyphomicrobiales;f__bartonellaceae;g__bartonella;s__bartonella apis	Gilliamella	1193503
s__Bartonella_A choladocola	SRR24759604_binette_bin6.fasta	GCF_016100835.1	95.0	d__Bacteria;p__Pseudomonadota;c__Alphaproteobacteria;o__Rhizobiales;f__Rhizobiaceae;g__Bartonella_A;s__Bartonella_A choladocola	98.57	0.935	GCF_016100835.1	95.0	d__Bacteria;p__Pseudomonadota;c__Alphaproteobacteria;o__Rhizobiales;f__Rhizobiaceae;g__Bartonella_A;s__Bartonella_A choladocola	98.57	0.935	d__Bacteria;p__Pseudomonadota;c__Alphaproteobacteria;o__Rhizobiales;f__Rhizobiaceae;g__Bartonella_A;s__	taxonomic classification defined by topology and ANI	topological placement and ANI have congruent species assignments	GCA_946480935.1, s__Bartonella_A sp946480935, 95.0, 87.0, 0.181; GCF_030758755.1, s__Bartonella_A sp016102285, 95.0, 85.55, 0.244; GCF_016100455.1, s__Bartonella_A sp016100455, 95.0, 85.07, 0.262; GCF_001952075.1, s__Bartonella_A apis, 95.0, 85.05, 0.294; GCF_016102465.1, s__Bartonella_A apihabitans, 95.0, 84.9, 0.258; GCF_946479275.1, s__Bartonella_A sp946479275, 95.0, 84.71, 0.25	56.04	11	N/A	N/A	g__Bartonella	1.0	genus	d__bacteria;p__pseudomonadota;c__alphaproteobacteria;o__hyphomicrobiales;f__bartonellaceae;g__bartonella	unclassified	12908
s__Bartonella_A sp016102285	SRR24759597_binette_bin27.fasta	GCF_030758755.1	95.0	d__Bacteria;p__Pseudomonadota;c__Alphaproteobacteria;o__Rhizobiales;f__Rhizobiaceae;g__Bartonella_A;s__Bartonella_A sp016102285	95.31	0.766	GCF_030758755.1	95.0	d__Bacteria;p__Pseudomonadota;c__Alphaproteobacteria;o__Rhizobiales;f__Rhizobiaceae;g__Bartonella_A;s__Bartonella_A sp016102285	95.31	0.766	d__Bacteria;p__Pseudomonadota;c__Alphaproteobacteria;o__Rhizobiales;f__Rhizobiaceae;g__Bartonella_A;s__	taxonomic classification defined by topology and ANI	topological placement and ANI have congruent species assignments	GCF_016102465.1, s__Bartonella_A apihabitans, 95.0, 94.18, 0.742; GCF_016100455.1, s__Bartonella_A sp016100455, 95.0, 93.87, 0.707; GCA_946480935.1, s__Bartonella_A sp946480935, 95.0, 92.94, 0.541; GCF_001952075.1, s__Bartonella_A apis, 95.0, 92.92, 0.532; GCF_946479275.1, s__Bartonella_A sp946479275, 95.0, 91.64, 0.52; GCF_016100835.1, s__Bartonella_A choladocola, 95.0, 91.29, 0.385	18.63	11	N/A	N/A	g__Bartonella	1.0	genus	d__bacteria;p__pseudomonadota;c__alphaproteobacteria;o__hyphomicrobiales;f__bartonellaceae;g__bartonella	Bartonella	773
s__Bartonella_A sp945285915	SRR24759606_binette_bin25.fasta	GCA_945285915.1	95.0	d__Bacteria;p__Pseudomonadota;c__Alphaproteobacteria;o__Rhizobiales;f__Rhizobiaceae;g__Bartonella_A;s__Bartonella_A sp945285915	97.12	0.838	GCA_946478235.1	95.0	d__Bacteria;p__Pseudomonadota;c__Alphaproteobacteria;o__Rhizobiales;f__Rhizobiaceae;g__Bartonella_A;s__Bartonella_A sp946478235	96.96	0.798	d__Bacteria;p__Pseudomonadota;c__Alphaproteobacteria;o__Rhizobiales;f__Rhizobiaceae;g__Bartonella_A;s__	taxonomic classification defined by topology and ANI	N/A	GCA_946478665.1, s__Bartonella_A sp946478665, 95.0, 96.65, 0.786	14.75	11	N/A	N/A	g__Bartonella	1.0	genus	d__bacteria;p__pseudomonadota;c__alphaproteobacteria;o__hyphomicrobiales;f__bartonellaceae;g__bartonella	unclassified	12908
s__Bartonella_A sp945285915	SRR24759607_binette_bin17.fasta	GCA_945285915.1	95.0	d__Bacteria;p__Pseudomonadota;c__Alphaproteobacteria;o__Rhizobiales;f__Rhizobiaceae;g__Bartonella_A;s__Bartonella_A sp945285915	96.95	0.839	GCA_945285915.1	95.0	d__Bacteria;p__Pseudomonadota;c__Alphaproteobacteria;o__Rhizobiales;f__Rhizobiaceae;g__Bartonella_A;s__Bartonella_A sp945285915	96.95	0.839	d__Bacteria;p__Pseudomonadota;c__Alphaproteobacteria;o__Rhizobiales;f__Rhizobiaceae;g__Bartonella_A;s__	taxonomic classification defined by topology and ANI	topological placement and ANI have congruent species assignments	GCA_946478665.1, s__Bartonella_A sp946478665, 95.0, 95.12, 0.816; GCA_946478235.1, s__Bartonella_A sp946478235, 95.0, 95.11, 0.819	26.17	11	N/A	N/A	g__Bartonella	1.0	genus	d__bacteria;p__pseudomonadota;c__alphaproteobacteria;o__hyphomicrobiales;f__bartonellaceae;g__bartonella	unclassified	12908
s__Bartonella_A sp945285915	SRR24759610_binette_bin35.fasta	GCA_945285915.1	95.0	d__Bacteria;p__Pseudomonadota;c__Alphaproteobacteria;o__Rhizobiales;f__Rhizobiaceae;g__Bartonella_A;s__Bartonella_A sp945285915	95.64	0.769	GCA_946478235.1	95.0	d__Bacteria;p__Pseudomonadota;c__Alphaproteobacteria;o__Rhizobiales;f__Rhizobiaceae;g__Bartonella_A;s__Bartonella_A sp946478235	95.34	0.716	d__Bacteria;p__Pseudomonadota;c__Alphaproteobacteria;o__Rhizobiales;f__Rhizobiaceae;g__Bartonella_A;s__	taxonomic classification defined by topology and ANI	N/A	GCA_946478665.1, s__Bartonella_A sp946478665, 95.0, 94.53, 0.7	10.68	11	N/A	N/A	g__Bartonella	1.0	genus	d__bacteria;p__pseudomonadota;c__alphaproteobacteria;o__hyphomicrobiales;f__bartonellaceae;g__bartonella	unclassified	12908
s__Bartonella_A sp945285915	SRR24759613_binette_bin6.fasta	GCA_945285915.1	95.0	d__Bacteria;p__Pseudomonadota;c__Alphaproteobacteria;o__Rhizobiales;f__Rhizobiaceae;g__Bartonella_A;s__Bartonella_A sp945285915	96.39	0.871	GCA_945285915.1	95.0	d__Bacteria;p__Pseudomonadota;c__Alphaproteobacteria;o__Rhizobiales;f__Rhizobiaceae;g__Bartonella_A;s__Bartonella_A sp945285915	96.39	0.871	d__Bacteria;p__Pseudomonadota;c__Alphaproteobacteria;o__Rhizobiales;f__Rhizobiaceae;g__Bartonella_A;s__	taxonomic classification defined by topology and ANI	topological placement and ANI have congruent species assignments	GCA_946478235.1, s__Bartonella_A sp946478235, 95.0, 95.07, 0.856; GCA_946478665.1, s__Bartonella_A sp946478665, 95.0, 94.73, 0.901	88.82	11	N/A	N/A	g__Bartonella	1.0	genus	d__bacteria;p__pseudomonadota;c__alphaproteobacteria;o__hyphomicrobiales;f__bartonellaceae;g__bartonella	unclassified	12908
s__Bartonella_A sp945285915	SRR24759614_binette_bin42.fasta	GCA_945285915.1	95.0	d__Bacteria;p__Pseudomonadota;c__Alphaproteobacteria;o__Rhizobiales;f__Rhizobiaceae;g__Bartonella_A;s__Bartonella_A sp945285915	95.76	0.664	GCA_946478235.1	95.0	d__Bacteria;p__Pseudomonadota;c__Alphaproteobacteria;o__Rhizobiales;f__Rhizobiaceae;g__Bartonella_A;s__Bartonella_A sp946478235	96.62	0.605	d__Bacteria;p__Pseudomonadota;c__Alphaproteobacteria;o__Rhizobiales;f__Rhizobiaceae;g__Bartonella_A;s__	taxonomic classification defined by topology and ANI	N/A	GCA_946478665.1, s__Bartonella_A sp946478665, 95.0, 96.27, 0.591	11.06	11	N/A	N/A	g__Bartonella	1.0	genus	d__bacteria;p__pseudomonadota;c__alphaproteobacteria;o__hyphomicrobiales;f__bartonellaceae;g__bartonella	unclassified	12908
s__Bartonella_A sp946478235	SRR24759599_binette_bin36.fasta	GCA_946478235.1	95.0	d__Bacteria;p__Pseudomonadota;c__Alphaproteobacteria;o__Rhizobiales;f__Rhizobiaceae;g__Bartonella_A;s__Bartonella_A sp946478235	96.36	0.722	GCA_945285915.1	95.0	d__Bacteria;p__Pseudomonadota;c__Alphaproteobacteria;o__Rhizobiales;f__Rhizobiaceae;g__Bartonella_A;s__Bartonella_A sp945285915	95.32	0.74	d__Bacteria;p__Pseudomonadota;c__Alphaproteobacteria;o__Rhizobiales;f__Rhizobiaceae;g__Bartonella_A;s__	taxonomic classification defined by topology and ANI	N/A	GCA_946478665.1, s__Bartonella_A sp946478665, 95.0, 94.64, 0.689	16.16	11	N/A	N/A	g__Bartonella	1.0	genus	d__bacteria;p__pseudomonadota;c__alphaproteobacteria;o__hyphomicrobiales;f__bartonellaceae;g__bartonella	Lactobacillaceae	33958
s__Bartonella_A sp946479275	SRR24759604_binette_bin23.fasta	GCF_946479275.1	95.0	d__Bacteria;p__Pseudomonadota;c__Alphaproteobacteria;o__Rhizobiales;f__Rhizobiaceae;g__Bartonella_A;s__Bartonella_A sp946479275	99.08	0.841	GCF_946479275.1	95.0	d__Bacteria;p__Pseudomonadota;c__Alphaproteobacteria;o__Rhizobiales;f__Rhizobiaceae;g__Bartonella_A;s__Bartonella_A sp946479275	99.08	0.841	d__Bacteria;p__Pseudomonadota;c__Alphaproteobacteria;o__Rhizobiales;f__Rhizobiaceae;g__Bartonella_A;s__	taxonomic classification defined by topology and ANI	topological placement and ANI have congruent species assignments	GCF_001952075.1, s__Bartonella_A apis, 95.0, 91.8, 0.592	26.05	11	N/A	N/A	g__Bartonella	1.0	genus	d__bacteria;p__pseudomonadota;c__alphaproteobacteria;o__hyphomicrobiales;f__bartonellaceae;g__bartonella	unclassified	12908
s__Bombilactobacillus mellis	SRR24759599_binette_bin3.fasta	GCF_000967245.1	95.0	d__Bacteria;p__Bacillota;c__Bacilli;o__Lactobacillales;f__Lactobacillaceae;g__Bombilactobacillus;s__Bombilactobacillus mellis	97.55	0.882	GCF_000967245.1	95.0	d__Bacteria;p__Bacillota;c__Bacilli;o__Lactobacillales;f__Lactobacillaceae;g__Bombilactobacillus;s__Bombilactobacillus mellis	97.55	0.882	d__Bacteria;p__Bacillota;c__Bacilli;o__Lactobacillales;f__Lactobacillaceae;g__Bombilactobacillus;s__	taxonomic classification defined by topology and ANI	topological placement and ANI have congruent species assignments	GCA_013346905.1, s__Bombilactobacillus mellis_A, 95.0, 95.67, 0.86	91.98	11	N/A	N/A	f__Lactobacillaceae	1.0	family	d__bacteria;p__bacillota;c__bacilli;o__lactobacillales;f__lactobacillaceae	unclassified	12908
s__Bombiscardovia coryneforme	SRR24759604_binette_bin3.fasta	GCF_000737865.1	95.0	d__Bacteria;p__Actinomycetota;c__Actinomycetes;o__Actinomycetales;f__Bifidobacteriaceae;g__Bombiscardovia;s__Bombiscardovia coryneforme	97.32	0.907	GCF_000737865.1	95.0	d__Bacteria;p__Actinomycetota;c__Actinomycetes;o__Actinomycetales;f__Bifidobacteriaceae;g__Bombiscardovia;s__Bombiscardovia coryneforme	97.32	0.907	d__Bacteria;p__Actinomycetota;c__Actinomycetes;o__Actinomycetales;f__Bifidobacteriaceae;g__Bombiscardovia;s__	taxonomic classification defined by topology and ANI	topological placement and ANI have congruent species assignments	GCF_036987035.1, s__Bombiscardovia indicum, 95.0, 84.13, 0.195	94.32	11	N/A	N/A	unclassified	NA	NA	NA	Bartonella	773
s__Bombiscardovia mellis	SRR24759599_binette_bin29.fasta	GCF_000967265.1	95.0	d__Bacteria;p__Actinomycetota;c__Actinomycetes;o__Actinomycetales;f__Bifidobacteriaceae;g__Bombiscardovia;s__Bombiscardovia mellis	96.66	0.697	N/A	N/A	N/A	N/A	N/A	d__Bacteria;p__Actinomycetota;c__Actinomycetes;o__Actinomycetales;f__Bifidobacteriaceae;g__Bombiscardovia;s__	taxonomic classification defined by topology and ANI	topological placement and ANI have incongruent species assignments	GCF_000967265.1, s__Bombiscardovia mellis, 95.0, 96.66, 0.697; GCF_016102005.1, s__Bombiscardovia choladohabitans, 95.17, 95.64, 0.602; GCF_009683175.1, s__Bombiscardovia asteroides_H, 95.0, 95.35, 0.614; GCF_036986835.1, s__Bombiscardovia apis_A, 95.0, 95.08, 0.578; GCF_007559275.1, s__Bombiscardovia apousia, 95.0, 93.98, 0.419; GCF_030758775.1, s__Bombiscardovia asteroides_J, 95.0, 93.94, 0.484; GCF_016101585.1, s__Bombiscardovia polysaccharolytica, 95.0, 93.55, 0.452; GCF_003202755.1, s__Bombiscardovia asteroides_F, 95.0, 93.54, 0.447; GCF_020884755.1, s__Bombiscardovia mizhiensis, 95.0, 93.41, 0.435; GCF_002715865.1, s__Bombiscardovia asteroides, 95.0, 93.37, 0.476; GCF_019469425.1, s__Bombiscardovia asteroides_I, 95.0, 93.37, 0.421; GCF_026537325.1, s__Bombiscardovia sp026537325, 95.0, 92.8, 0.39; GCF_003202695.1, s__Bombiscardovia asteroides_G, 95.0, 91.72, 0.293	21.49	11	N/A	N/A	unclassified	NA	NA	NA	Apilactobacillus apinorum	1218495
s__CABMKH01 sp040797625	SRR24759604_binette_bin12.fasta	GCA_040797625.1	95.0	d__Bacteria;p__Bacillota;c__Clostridia;o__Tissierellales;f__Tissierellaceae;g__CABMKH01;s__CABMKH01 sp040797625	99.38	0.688	GCA_040797625.1	95.0	d__Bacteria;p__Bacillota;c__Clostridia;o__Tissierellales;f__Tissierellaceae;g__CABMKH01;s__CABMKH01 sp040797625	99.38	0.688	d__Bacteria;p__Bacillota;c__Clostridia;o__Tissierellales;f__Tissierellaceae;g__CABMKH01;s__	taxonomic classification defined by topology and ANI	topological placement and ANI have congruent species assignments	N/A	61.52	11	N/A	N/A	unclassified	NA	NA	NA	Lactobacillus	1578
s__Enterococcus faecalis	SRR24759610_binette_bin2.fasta	GCF_029024925.1	95.0	d__Bacteria;p__Bacillota;c__Bacilli;o__Lactobacillales;f__Enterococcaceae;g__Enterococcus;s__Enterococcus faecalis	98.86	0.913	GCF_029024925.1	95.0	d__Bacteria;p__Bacillota;c__Bacilli;o__Lactobacillales;f__Enterococcaceae;g__Enterococcus;s__Enterococcus faecalis	98.86	0.913	d__Bacteria;p__Bacillota;c__Bacilli;o__Lactobacillales;f__Enterococcaceae;g__Enterococcus;s__	taxonomic classification defined by topology and ANI	topological placement and ANI have congruent species assignments	N/A	95.14	11	N/A	N/A	s__Enterococcus faecalis	0.99	species	d__bacteria;p__bacillota;c__bacilli;o__lactobacillales;f__enterococcaceae;g__enterococcus;s__enterococcus faecalis	Klebsiella oxytoca	571
s__Entomomonas moraniae	SRR24759600_binette_bin6.fasta	GCF_003991975.1	95.0	d__Bacteria;p__Pseudomonadota;c__Gammaproteobacteria;o__Pseudomonadales;f__Pseudomonadaceae;g__Entomomonas;s__Entomomonas moraniae	96.33	0.811	GCF_003991975.1	95.0	d__Bacteria;p__Pseudomonadota;c__Gammaproteobacteria;o__Pseudomonadales;f__Pseudomonadaceae;g__Entomomonas;s__Entomomonas moraniae	96.33	0.811	d__Bacteria;p__Pseudomonadota;c__Gammaproteobacteria;o__Pseudomonadales;f__Pseudomonadaceae;g__Entomomonas;s__	taxonomic classification defined by topology and ANI	topological placement and ANI have congruent species assignments	N/A	86.38	11	N/A	Genome has more than 13.3% of markers with multiple hits	c__Gammaproteobacteria	1.0	class	d__bacteria;p__pseudomonadota;c__gammaproteobacteria	Clostridium	1485
s__Entomomonas sp040391985	SRR24759606_binette_bin2.fasta	GCA_040391985.1	95.0	d__Bacteria;p__Pseudomonadota;c__Gammaproteobacteria;o__Pseudomonadales;f__Pseudomonadaceae;g__Entomomonas;s__Entomomonas sp040391985	98.75	0.843	GCA_040391985.1	95.0	d__Bacteria;p__Pseudomonadota;c__Gammaproteobacteria;o__Pseudomonadales;f__Pseudomonadaceae;g__Entomomonas;s__Entomomonas sp040391985	98.75	0.843	d__Bacteria;p__Pseudomonadota;c__Gammaproteobacteria;o__Pseudomonadales;f__Pseudomonadaceae;g__Entomomonas;s__	taxonomic classification defined by topology and ANI	topological placement and ANI have congruent species assignments	GCF_025985425.1, s__Entomomonas sp025985425, 95.0, 91.0, 0.67; GCF_016653615.1, s__Entomomonas asaccharolytica, 95.0, 88.0, 0.529	97.16	11	N/A	N/A	unclassified	NA	NA	NA	unclassified	12908
s__Entomomonas sp945283395	SRR24759603_binette_bin6.fasta	GCA_946480835.1	95.0	d__Bacteria;p__Pseudomonadota;c__Gammaproteobacteria;o__Pseudomonadales;f__Pseudomonadaceae;g__Entomomonas;s__Entomomonas sp945283395	99.82	0.954	GCA_946480835.1	95.0	d__Bacteria;p__Pseudomonadota;c__Gammaproteobacteria;o__Pseudomonadales;f__Pseudomonadaceae;g__Entomomonas;s__Entomomonas sp945283395	99.82	0.954	d__Bacteria;p__Pseudomonadota;c__Gammaproteobacteria;o__Pseudomonadales;f__Pseudomonadaceae;g__Entomomonas;s__	taxonomic classification defined by topology and ANI	topological placement and ANI have congruent species assignments	N/A	88.3	11	N/A	N/A	g__Ventosimonas	1.0	genus	d__bacteria;p__pseudomonadota;c__gammaproteobacteria;o__pseudomonadales;f__ventosimonadaceae;g__ventosimonas	unclassified	12908
s__Frischella perrara	SRR24759597_binette_bin1.fasta	GCF_000807275.1	95.0	d__Bacteria;p__Pseudomonadota;c__Gammaproteobacteria;o__Enterobacterales;f__Enterobacteriaceae;g__Frischella;s__Frischella perrara	98.8	0.947	GCF_000807275.1	95.0	d__Bacteria;p__Pseudomonadota;c__Gammaproteobacteria;o__Enterobacterales;f__Enterobacteriaceae;g__Frischella;s__Frischella perrara	98.8	0.947	d__Bacteria;p__Pseudomonadota;c__Gammaproteobacteria;o__Enterobacterales;f__Enterobacteriaceae;g__Frischella;s__	taxonomic classification defined by topology and ANI	topological placement and ANI have congruent species assignments	N/A	98.71	11	N/A	N/A	s__Frischella perrara	1.0	species	d__bacteria;p__pseudomonadota;c__gammaproteobacteria;o__orbales;f__orbaceae;g__frischella;s__frischella perrara	Frischella perrara	1267021
s__Fructobacillus fructosus	SRR24759613_binette_bin2.fasta	GCF_001438695.1	95.0	d__Bacteria;p__Bacillota;c__Bacilli;o__Lactobacillales;f__Lactobacillaceae;g__Fructobacillus;s__Fructobacillus fructosus	98.49	0.909	GCF_001438695.1	95.0	d__Bacteria;p__Bacillota;c__Bacilli;o__Lactobacillales;f__Lactobacillaceae;g__Fructobacillus;s__Fructobacillus fructosus	98.49	0.909	d__Bacteria;p__Bacillota;c__Bacilli;o__Lactobacillales;f__Lactobacillaceae;g__Fructobacillus;s__	taxonomic classification defined by topology and ANI	topological placement and ANI have congruent species assignments	N/A	94.72	11	N/A	N/A	s__Fructobacillus fructosus	1.0	species	d__bacteria;p__bacillota;c__bacilli;o__lactobacillales;f__lactobacillaceae;g__fructobacillus;s__fructobacillus fructosus	Blautia liquoris	2779518
s__Gilliamella apicola	SRR24759611_binette_bin5.fasta	GCF_000599985.1	95.0	d__Bacteria;p__Pseudomonadota;c__Gammaproteobacteria;o__Enterobacterales;f__Enterobacteriaceae;g__Gilliamella;s__Gilliamella apicola	97.91	0.758	GCF_000599985.1	95.0	d__Bacteria;p__Pseudomonadota;c__Gammaproteobacteria;o__Enterobacterales;f__Enterobacteriaceae;g__Gilliamella;s__Gilliamella apicola	97.91	0.758	d__Bacteria;p__Pseudomonadota;c__Gammaproteobacteria;o__Enterobacterales;f__Enterobacteriaceae;g__Gilliamella;s__	taxonomic classification defined by topology and ANI	topological placement and ANI have congruent species assignments	GCF_001693435.1, s__Gilliamella apicola_N, 95.0, 93.36, 0.64; GCA_946482005.1, s__Gilliamella sp946482005, 95.0, 92.4, 0.361; GCA_946481345.1, s__Gilliamella sp946481345, 95.0, 92.17, 0.422; GCF_028751545.1, s__Gilliamella sp945273075, 95.0, 89.0, 0.423	57.82	11	N/A	N/A	s__Gilliamella apicola	1.0	species	d__bacteria;p__pseudomonadota;c__gammaproteobacteria;o__orbales;f__orbaceae;g__gilliamella;s__gilliamella apicola	Proteus mirabilis	584
s__Gilliamella apicola	SRR24759614_binette_bin35.fasta	GCF_000599985.1	95.0	d__Bacteria;p__Pseudomonadota;c__Gammaproteobacteria;o__Enterobacterales;f__Enterobacteriaceae;g__Gilliamella;s__Gilliamella apicola	97.96	0.797	GCA_946482005.1	95.0	d__Bacteria;p__Pseudomonadota;c__Gammaproteobacteria;o__Enterobacterales;f__Enterobacteriaceae;g__Gilliamella;s__Gilliamella sp946482005	92.1	0.509	d__Bacteria;p__Pseudomonadota;c__Gammaproteobacteria;o__Enterobacterales;f__Enterobacteriaceae;g__Gilliamella;s__	taxonomic classification defined by topology and ANI	N/A	GCF_001693435.1, s__Gilliamella apicola_N, 95.0, 92.82, 0.712; GCA_946481345.1, s__Gilliamella sp946481345, 95.0, 92.82, 0.454; GCF_028751545.1, s__Gilliamella sp945273075, 95.0, 89.45, 0.497	10.19	11	N/A	Genome domain questionable ( 10.8% Bacterial, 1.9% Archaeal)	s__Gilliamella apicola	1.0	species	d__bacteria;p__pseudomonadota;c__gammaproteobacteria;o__orbales;f__orbaceae;g__gilliamella;s__gilliamella apicola	Proteus mirabilis	584
s__Gilliamella apicola_N	SRR24759605_binette_bin21.fasta	GCF_001693435.1	95.0	d__Bacteria;p__Pseudomonadota;c__Gammaproteobacteria;o__Enterobacterales;f__Enterobacteriaceae;g__Gilliamella;s__Gilliamella apicola_N	96.14	0.846	N/A	N/A	N/A	N/A	N/A	d__Bacteria;p__Pseudomonadota;c__Gammaproteobacteria;o__Enterobacterales;f__Enterobacteriaceae;g__Gilliamella;s__	taxonomic classification defined by topology and ANI	topological placement and ANI have incongruent species assignments	GCA_946482005.1, s__Gilliamella sp946482005, 95.0, 97.49, 0.63; GCF_001693435.1, s__Gilliamella apicola_N, 95.0, 96.14, 0.846; GCA_946481345.1, s__Gilliamella sp946481345, 95.0, 94.53, 0.461; GCF_000599985.1, s__Gilliamella apicola, 95.0, 93.75, 0.793; GCF_028751545.1, s__Gilliamella sp945273075, 95.0, 88.77, 0.568	18.82	11	N/A	N/A	g__Gilliamella	1.0	genus	d__bacteria;p__pseudomonadota;c__gammaproteobacteria;o__orbales;f__orbaceae;g__gilliamella	Neisseriaceae	481
s__Gilliamella apicola_N	SRR24759607_binette_bin3.fasta	GCF_001693435.1	95.0	d__Bacteria;p__Pseudomonadota;c__Gammaproteobacteria;o__Enterobacterales;f__Enterobacteriaceae;g__Gilliamella;s__Gilliamella apicola_N	96.64	0.881	N/A	N/A	N/A	N/A	N/A	d__Bacteria;p__Pseudomonadota;c__Gammaproteobacteria;o__Enterobacterales;f__Enterobacteriaceae;g__Gilliamella;s__	taxonomic classification defined by topology and ANI	topological placement and ANI have incongruent species assignments	GCA_946481345.1, s__Gilliamella sp946481345, 95.0, 97.23, 0.541; GCF_001693435.1, s__Gilliamella apicola_N, 95.0, 96.64, 0.881; GCA_946482005.1, s__Gilliamella sp946482005, 95.0, 96.41, 0.497; GCF_000599985.1, s__Gilliamella apicola, 95.0, 93.67, 0.834; GCF_028751545.1, s__Gilliamella sp945273075, 95.0, 89.06, 0.54	50.16	11	N/A	N/A	g__Gilliamella	1.0	genus	d__bacteria;p__pseudomonadota;c__gammaproteobacteria;o__orbales;f__orbaceae;g__gilliamella	Neisseriaceae	481
s__Gilliamella apicola_R	SRR24759615_binette_bin15.fasta	GCF_003202655.1	95.0	d__Bacteria;p__Pseudomonadota;c__Gammaproteobacteria;o__Enterobacterales;f__Enterobacteriaceae;g__Gilliamella;s__Gilliamella apicola_R	97.89	0.843	GCF_003202655.1	95.0	d__Bacteria;p__Pseudomonadota;c__Gammaproteobacteria;o__Enterobacterales;f__Enterobacteriaceae;g__Gilliamella;s__Gilliamella apicola_R	97.89	0.843	d__Bacteria;p__Pseudomonadota;c__Gammaproteobacteria;o__Enterobacterales;f__Enterobacteriaceae;g__Gilliamella;s__	taxonomic classification defined by topology and ANI	topological placement and ANI have congruent species assignments	GCF_003202915.1, s__Gilliamella apicola_Q, 95.19, 95.25, 0.736; GCA_946482005.1, s__Gilliamella sp946482005, 95.0, 94.1, 0.316; GCF_002142215.1, s__Gilliamella sp002142215, 95.0, 88.84, 0.339; GCA_946480175.1, s__Gilliamella sp946480175, 95.0, 88.6, 0.383; GCF_030758615.1, s__Gilliamella apis_A, 95.0, 85.8, 0.253; GCF_002142155.1, s__Gilliamella apis, 95.0, 85.54, 0.234; GCF_019469165.1, s__Gilliamella apicola_E, 95.0, 85.51, 0.25	44.14	11	N/A	N/A	s__Gilliamella apicola	1.0	species	d__bacteria;p__pseudomonadota;c__gammaproteobacteria;o__orbales;f__orbaceae;g__gilliamella;s__gilliamella apicola	Fructobacillus fructosus	1631
s__Gilliamella apis	SRR24759601_binette_bin7.fasta	GCF_002142155.1	95.0	d__Bacteria;p__Pseudomonadota;c__Gammaproteobacteria;o__Enterobacterales;f__Enterobacteriaceae;g__Gilliamella;s__Gilliamella apis	98.68	0.904	GCF_002142155.1	95.0	d__Bacteria;p__Pseudomonadota;c__Gammaproteobacteria;o__Enterobacterales;f__Enterobacteriaceae;g__Gilliamella;s__Gilliamella apis	98.68	0.904	d__Bacteria;p__Pseudomonadota;c__Gammaproteobacteria;o__Enterobacterales;f__Enterobacteriaceae;g__Gilliamella;s__	taxonomic classification defined by topology and ANI	topological placement and ANI have congruent species assignments	GCA_946481345.1, s__Gilliamella sp946481345, 95.0, 96.03, 0.223; GCF_030758615.1, s__Gilliamella apis_A, 95.0, 95.2, 0.76; GCF_002142215.1, s__Gilliamella sp002142215, 95.0, 94.29, 0.599; GCA_946480175.1, s__Gilliamella sp946480175, 95.0, 92.09, 0.272; GCF_003202655.1, s__Gilliamella apicola_R, 95.0, 89.97, 0.227; GCF_003202915.1, s__Gilliamella apicola_Q, 95.19, 89.5, 0.24	52.48	11	N/A	N/A	g__Gilliamella	1.0	genus	d__bacteria;p__pseudomonadota;c__gammaproteobacteria;o__orbales;f__orbaceae;g__gilliamella	Gammaproteobacteria	1236
s__Gilliamella apis	SRR24759614_binette_bin34.fasta	GCF_002142155.1	95.0	d__Bacteria;p__Pseudomonadota;c__Gammaproteobacteria;o__Enterobacterales;f__Enterobacteriaceae;g__Gilliamella;s__Gilliamella apis	98.14	0.74	GCF_002142155.1	95.0	d__Bacteria;p__Pseudomonadota;c__Gammaproteobacteria;o__Enterobacterales;f__Enterobacteriaceae;g__Gilliamella;s__Gilliamella apis	98.14	0.74	d__Bacteria;p__Pseudomonadota;c__Gammaproteobacteria;o__Enterobacterales;f__Enterobacteriaceae;g__Gilliamella;s__	taxonomic classification defined by topology and ANI	topological placement and ANI have congruent species assignments	GCA_946481345.1, s__Gilliamella sp946481345, 95.0, 96.9, 0.362; GCF_000599985.1, s__Gilliamella apicola, 95.0, 96.26, 0.188; GCF_030758615.1, s__Gilliamella apis_A, 95.0, 96.11, 0.668; GCF_001693435.1, s__Gilliamella apicola_N, 95.0, 95.92, 0.178; GCF_002142215.1, s__Gilliamella sp002142215, 95.0, 95.09, 0.584; GCF_028751545.1, s__Gilliamella sp945273075, 95.0, 93.18, 0.166; GCF_003202915.1, s__Gilliamella apicola_Q, 95.19, 91.98, 0.281; GCF_019469165.1, s__Gilliamella apicola_E, 95.0, 91.83, 0.191; GCA_946480175.1, s__Gilliamella sp946480175, 95.0, 91.76, 0.205; GCF_003202655.1, s__Gilliamella apicola_R, 95.0, 91.68, 0.268	18.82	11	N/A	Genome has more than 12.5% of markers with multiple hits	g__Gilliamella	1.0	genus	d__bacteria;p__pseudomonadota;c__gammaproteobacteria;o__orbales;f__orbaceae;g__gilliamella	Gammaproteobacteria	1236
s__Gilliamella apis_A	SRR24759606_binette_bin31.fasta	GCF_030758615.1	95.0	d__Bacteria;p__Pseudomonadota;c__Gammaproteobacteria;o__Enterobacterales;f__Enterobacteriaceae;g__Gilliamella;s__Gilliamella apis_A	98.85	0.705	GCF_030758615.1	95.0	d__Bacteria;p__Pseudomonadota;c__Gammaproteobacteria;o__Enterobacterales;f__Enterobacteriaceae;g__Gilliamella;s__Gilliamella apis_A	98.85	0.705	d__Bacteria;p__Pseudomonadota;c__Gammaproteobacteria;o__Enterobacterales;f__Enterobacteriaceae;g__Gilliamella;s__	taxonomic classification defined by topology and ANI	topological placement and ANI have congruent species assignments	GCA_946481345.1, s__Gilliamella sp946481345, 95.0, 98.75, 0.448; GCF_000599985.1, s__Gilliamella apicola, 95.0, 97.99, 0.228; GCF_002142155.1, s__Gilliamella apis, 95.0, 97.31, 0.635; GCF_002142215.1, s__Gilliamella sp002142215, 95.0, 97.1, 0.54; GCF_001693435.1, s__Gilliamella apicola_N, 95.0, 96.1, 0.191; GCA_946480175.1, s__Gilliamella sp946480175, 95.0, 94.51, 0.172; GCF_003202915.1, s__Gilliamella apicola_Q, 95.19, 93.33, 0.198; GCF_003202655.1, s__Gilliamella apicola_R, 95.0, 91.93, 0.174	16.68	11	N/A	N/A	g__Gilliamella	1.0	genus	d__bacteria;p__pseudomonadota;c__gammaproteobacteria;o__orbales;f__orbaceae;g__gilliamella	Lactobacillaceae	33958
s__Gilliamella apis_A	SRR24759608_binette_bin13.fasta	GCF_030758615.1	95.0	d__Bacteria;p__Pseudomonadota;c__Gammaproteobacteria;o__Enterobacterales;f__Enterobacteriaceae;g__Gilliamella;s__Gilliamella apis_A	98.39	0.901	GCF_030758615.1	95.0	d__Bacteria;p__Pseudomonadota;c__Gammaproteobacteria;o__Enterobacterales;f__Enterobacteriaceae;g__Gilliamella;s__Gilliamella apis_A	98.39	0.901	d__Bacteria;p__Pseudomonadota;c__Gammaproteobacteria;o__Enterobacterales;f__Enterobacteriaceae;g__Gilliamella;s__	taxonomic classification defined by topology and ANI	topological placement and ANI have congruent species assignments	GCA_946481345.1, s__Gilliamella sp946481345, 95.0, 97.42, 0.268; GCF_002142155.1, s__Gilliamella apis, 95.0, 94.5, 0.707; GCF_002142215.1, s__Gilliamella sp002142215, 95.0, 94.18, 0.63; GCA_946480175.1, s__Gilliamella sp946480175, 95.0, 90.65, 0.284; GCF_003202915.1, s__Gilliamella apicola_Q, 95.19, 88.69, 0.291; GCF_003202655.1, s__Gilliamella apicola_R, 95.0, 88.66, 0.26	47.58	11	N/A	N/A	g__Gilliamella	1.0	genus	d__bacteria;p__pseudomonadota;c__gammaproteobacteria;o__orbales;f__orbaceae;g__gilliamella	Lactobacillaceae	33958
s__Gilliamella apis_A	SRR24759608_binette_bin37.fasta	GCF_030758615.1	95.0	d__Bacteria;p__Pseudomonadota;c__Gammaproteobacteria;o__Enterobacterales;f__Enterobacteriaceae;g__Gilliamella;s__Gilliamella apis_A	98.05	0.729	GCF_030758615.1	95.0	d__Bacteria;p__Pseudomonadota;c__Gammaproteobacteria;o__Enterobacterales;f__Enterobacteriaceae;g__Gilliamella;s__Gilliamella apis_A	98.05	0.729	d__Bacteria;p__Pseudomonadota;c__Gammaproteobacteria;o__Enterobacterales;f__Enterobacteriaceae;g__Gilliamella;s__	taxonomic classification defined by topology and ANI	topological placement and ANI have congruent species assignments	GCA_946481345.1, s__Gilliamella sp946481345, 95.0, 98.19, 0.216; GCF_002142155.1, s__Gilliamella apis, 95.0, 95.76, 0.525; GCF_002142215.1, s__Gilliamella sp002142215, 95.0, 95.32, 0.463; GCA_946480175.1, s__Gilliamella sp946480175, 95.0, 94.55, 0.169; GCF_003202915.1, s__Gilliamella apicola_Q, 95.19, 92.4, 0.155	16.76	11	N/A	N/A	g__Gilliamella	1.0	genus	d__bacteria;p__pseudomonadota;c__gammaproteobacteria;o__orbales;f__orbaceae;g__gilliamella	Lactobacillaceae	33958
s__Gilliamella apis_A	SRR24759610_binette_bin26.fasta	GCF_030758615.1	95.0	d__Bacteria;p__Pseudomonadota;c__Gammaproteobacteria;o__Enterobacterales;f__Enterobacteriaceae;g__Gilliamella;s__Gilliamella apis_A	97.92	0.881	GCF_030758615.1	95.0	d__Bacteria;p__Pseudomonadota;c__Gammaproteobacteria;o__Enterobacterales;f__Enterobacteriaceae;g__Gilliamella;s__Gilliamella apis_A	97.92	0.881	d__Bacteria;p__Pseudomonadota;c__Gammaproteobacteria;o__Enterobacterales;f__Enterobacteriaceae;g__Gilliamella;s__	taxonomic classification defined by topology and ANI	topological placement and ANI have congruent species assignments	GCA_946481345.1, s__Gilliamella sp946481345, 95.0, 97.65, 0.284; GCF_002142155.1, s__Gilliamella apis, 95.0, 95.32, 0.694; GCF_002142215.1, s__Gilliamella sp002142215, 95.0, 95.32, 0.575; GCA_946480175.1, s__Gilliamella sp946480175, 95.0, 90.56, 0.209; GCF_003202915.1, s__Gilliamella apicola_Q, 95.19, 90.55, 0.175	22.58	11	N/A	N/A	g__Gilliamella	1.0	genus	d__bacteria;p__pseudomonadota;c__gammaproteobacteria;o__orbales;f__orbaceae;g__gilliamella	Lactobacillaceae	33958
s__Gilliamella sp945271295	SRR24759609_binette_bin3.fasta	GCF_945271295.1	95.0	d__Bacteria;p__Pseudomonadota;c__Gammaproteobacteria;o__Enterobacterales;f__Enterobacteriaceae;g__Gilliamella;s__Gilliamella sp945271295	98.89	0.891	GCF_945271295.1	95.0	d__Bacteria;p__Pseudomonadota;c__Gammaproteobacteria;o__Enterobacterales;f__Enterobacteriaceae;g__Gilliamella;s__Gilliamella sp945271295	98.89	0.891	d__Bacteria;p__Pseudomonadota;c__Gammaproteobacteria;o__Enterobacterales;f__Enterobacteriaceae;g__Gilliamella;s__	taxonomic classification defined by topology and ANI	topological placement and ANI have congruent species assignments	GCF_001690705.1, s__Gilliamella apicola_K, 95.0, 84.99, 0.257; GCF_001690685.1, s__Gilliamella apicola_J, 95.0, 84.92, 0.268; GCF_001690195.1, s__Gilliamella apicola_L, 95.0, 82.87, 0.175	80.14	11	N/A	N/A	g__Gilliamella	1.0	genus	d__bacteria;p__pseudomonadota;c__gammaproteobacteria;o__orbales;f__orbaceae;g__gilliamella	unclassified	12908
s__Gilliamella sp946480175	SRR24759603_binette_bin17.fasta	GCA_946480175.1	95.0	d__Bacteria;p__Pseudomonadota;c__Gammaproteobacteria;o__Enterobacterales;f__Enterobacteriaceae;g__Gilliamella;s__Gilliamella sp946480175	98.07	0.804	GCA_946480175.1	95.0	d__Bacteria;p__Pseudomonadota;c__Gammaproteobacteria;o__Enterobacterales;f__Enterobacteriaceae;g__Gilliamella;s__Gilliamella sp946480175	98.07	0.804	d__Bacteria;p__Pseudomonadota;c__Gammaproteobacteria;o__Enterobacterales;f__Enterobacteriaceae;g__Gilliamella;s__	taxonomic classification defined by topology and ANI	topological placement and ANI have congruent species assignments	GCF_003202655.1, s__Gilliamella apicola_R, 95.0, 90.25, 0.612; GCF_003202915.1, s__Gilliamella apicola_Q, 95.19, 89.62, 0.586; GCF_002142215.1, s__Gilliamella sp002142215, 95.0, 88.04, 0.41; GCA_946482005.1, s__Gilliamella sp946482005, 95.0, 87.92, 0.184; GCF_002142155.1, s__Gilliamella apis, 95.0, 87.31, 0.341; GCF_019469165.1, s__Gilliamella apicola_E, 95.0, 87.04, 0.378; GCF_030758615.1, s__Gilliamella apis_A, 95.0, 86.52, 0.302	49.27	11	N/A	N/A	g__Gilliamella	1.0	genus	d__bacteria;p__pseudomonadota;c__gammaproteobacteria;o__orbales;f__orbaceae;g__gilliamella	Snodgrassella	1193515
s__Klebsiella grimontii	SRR24759609_binette_bin7.fasta	GCF_900200035.1	95.0	d__Bacteria;p__Pseudomonadota;c__Gammaproteobacteria;o__Enterobacterales;f__Enterobacteriaceae;g__Klebsiella;s__Klebsiella grimontii	99.39	0.936	GCF_900200035.1	95.0	d__Bacteria;p__Pseudomonadota;c__Gammaproteobacteria;o__Enterobacterales;f__Enterobacteriaceae;g__Klebsiella;s__Klebsiella grimontii	99.39	0.936	d__Bacteria;p__Pseudomonadota;c__Gammaproteobacteria;o__Enterobacterales;f__Enterobacteriaceae;g__Klebsiella;s__	taxonomic classification defined by topology and ANI	topological placement and ANI have congruent species assignments	GCF_002925905.1, s__Klebsiella michiganensis, 95.0, 94.54, 0.674; GCF_001598695.1, s__Klebsiella oxytoca, 95.0, 93.15, 0.539; GCF_009707385.1, s__Klebsiella oxytoca_C, 95.0, 91.96, 0.416; GCA_036498385.1, s__Klebsiella sp036498385, 95.0, 91.88, 0.347; GCF_902158555.1, s__Klebsiella spallanzanii, 95.0, 91.36, 0.363; GCF_003261575.2, s__Klebsiella huaxiensis, 95.0, 90.55, 0.298; GCF_013705725.1, s__Klebsiella sp013705725, 95.0, 90.51, 0.284; GCF_005860775.1, s__Klebsiella indica, 95.0, 89.69, 0.183	68.84	11	N/A	N/A	g__Klebsiella	0.99	genus	d__bacteria;p__pseudomonadota;c__gammaproteobacteria;o__enterobacterales;f__enterobacteriaceae;g__klebsiella	Gilliamella	1193503
s__Klebsiella oxytoca	SRR24759610_binette_bin1.fasta	GCF_001598695.1	95.0	d__Bacteria;p__Pseudomonadota;c__Gammaproteobacteria;o__Enterobacterales;f__Enterobacteriaceae;g__Klebsiella;s__Klebsiella oxytoca	99.37	0.943	GCF_001598695.1	95.0	d__Bacteria;p__Pseudomonadota;c__Gammaproteobacteria;o__Enterobacterales;f__Enterobacteriaceae;g__Klebsiella;s__Klebsiella oxytoca	99.37	0.943	d__Bacteria;p__Pseudomonadota;c__Gammaproteobacteria;o__Enterobacterales;f__Enterobacteriaceae;g__Klebsiella;s__	taxonomic classification defined by topology and ANI	topological placement and ANI have congruent species assignments	GCF_002925905.1, s__Klebsiella michiganensis, 95.0, 92.68, 0.784; GCF_900200035.1, s__Klebsiella grimontii, 95.0, 91.64, 0.758; GCA_036498385.1, s__Klebsiella sp036498385, 95.0, 90.11, 0.636; GCF_009707385.1, s__Klebsiella oxytoca_C, 95.0, 89.99, 0.654; GCF_902158555.1, s__Klebsiella spallanzanii, 95.0, 89.27, 0.598; GCF_003261575.2, s__Klebsiella huaxiensis, 95.0, 88.18, 0.528; GCF_013705725.1, s__Klebsiella sp013705725, 95.0, 87.86, 0.512; GCA_902490055.1, s__Klebsiella sp902490055, 95.0, 86.02, 0.201; GCF_005860775.1, s__Klebsiella indica, 95.0, 85.61, 0.341; GCF_006539725.1, s__Klebsiella terrigena, 95.0, 84.76, 0.312; GCF_020525925.1, s__Klebsiella quasipneumoniae, 95.0, 84.67, 0.269; GCF_000735435.1, s__Klebsiella planticola, 95.0, 84.63, 0.273; GCA_039594335.1, s__Klebsiella sp039594335, 95.0, 84.55, 0.226; GCF_001598295.1, s__Klebsiella ornithinolytica, 95.34, 84.52, 0.257; GCF_036562005.2, s__Klebsiella scottia, 95.0, 84.5, 0.27; GCF_006711645.1, s__Klebsiella electrica, 95.0, 84.45, 0.245; GCF_000742135.1, s__Klebsiella pneumoniae, 95.0, 84.44, 0.264; GCF_004342285.1, s__Klebsiella sp004342285, 95.0, 84.38, 0.262; GCF_000828055.2, s__Klebsiella variicola, 95.0, 84.27, 0.267; GCF_002269255.1, s__Klebsiella quasivariicola, 95.0, 84.25, 0.261; GCF_000215745.1, s__Klebsiella aerogenes, 95.0, 84.19, 0.241; GCA_029027985.1, s__Klebsiella aerogenes_A, 95.0, 84.18, 0.235; GCF_036561965.2, s__Klebsiella lignicola, 95.0, 84.17, 0.263; GCF_020526085.1, s__Klebsiella africana, 95.17, 84.12, 0.255	92.53	11	N/A	N/A	s__Klebsiella oxytoca	0.99	species	d__bacteria;p__pseudomonadota;c__gammaproteobacteria;o__enterobacterales;f__enterobacteriaceae;g__klebsiella;s__klebsiella oxytoca	Klebsiella	570
s__Lactobacillus apis	SRR24759604_binette_bin10.fasta	GCF_002837055.1	95.82	d__Bacteria;p__Bacillota;c__Bacilli;o__Lactobacillales;f__Lactobacillaceae;g__Lactobacillus;s__Lactobacillus apis	97.3	0.836	GCF_002837055.1	95.82	d__Bacteria;p__Bacillota;c__Bacilli;o__Lactobacillales;f__Lactobacillaceae;g__Lactobacillus;s__Lactobacillus apis	97.3	0.836	d__Bacteria;p__Bacillota;c__Bacilli;o__Lactobacillales;f__Lactobacillaceae;g__Lactobacillus;s__	taxonomic classification defined by topology and ANI	topological placement and ANI have congruent species assignments	GCA_946477655.1, s__Lactobacillus apis_A, 95.0, 96.46, 0.559; GCA_946479925.1, s__Lactobacillus sp946479925, 95.0, 95.89, 0.265; GCA_946482465.1, s__Lactobacillus sp946482465, 95.0, 94.96, 0.33	80.9	11	N/A	N/A	g__Lactobacillus	1.0	genus	d__bacteria;p__bacillota;c__bacilli;o__lactobacillales;f__lactobacillaceae;g__lactobacillus	Ventosimonas	1827307
s__Lactobacillus helsingborgensis	SRR24759610_binette_bin5.fasta	GCF_000970855.1	95.0	d__Bacteria;p__Bacillota;c__Bacilli;o__Lactobacillales;f__Lactobacillaceae;g__Lactobacillus;s__Lactobacillus helsingborgensis	97.96	0.918	GCF_000970855.1	95.0	d__Bacteria;p__Bacillota;c__Bacilli;o__Lactobacillales;f__Lactobacillaceae;g__Lactobacillus;s__Lactobacillus helsingborgensis	97.96	0.918	d__Bacteria;p__Bacillota;c__Bacilli;o__Lactobacillales;f__Lactobacillaceae;g__Lactobacillus;s__	taxonomic classification defined by topology and ANI	topological placement and ANI have congruent species assignments	GCA_946482465.1, s__Lactobacillus sp946482465, 95.0, 94.99, 0.408; GCA_946477855.1, s__Lactobacillus sp946477855, 95.0, 91.44, 0.502; GCF_000967195.1, s__Lactobacillus kullabergensis, 95.0, 83.68, 0.203; GCF_014323605.1, s__Lactobacillus kimbladii_B, 95.0, 83.67, 0.215; GCF_019972815.1, s__Lactobacillus huangpiensis, 95.0, 83.65, 0.19; GCF_036246345.1, s__Lactobacillus rizhaonensis, 95.0, 83.45, 0.179; GCF_000970755.1, s__Lactobacillus kimbladii, 95.0, 83.43, 0.211; GCF_019972835.1, s__Lactobacillus laiwuensis, 95.0, 83.42, 0.224; GCF_946477725.1, s__Lactobacillus sp946477725, 95.65, 83.4, 0.206; GCF_000970775.1, s__Lactobacillus melliventris, 96.46, 83.39, 0.188; GCF_036246285.1, s__Lactobacillus juensis, 95.0, 83.05, 0.194	81.93	11	N/A	N/A	g__Lactobacillus	1.0	genus	d__bacteria;p__bacillota;c__bacilli;o__lactobacillales;f__lactobacillaceae;g__lactobacillus	unclassified	12908
s__Lactobacillus juensis	SRR24759609_binette_bin15.fasta	GCF_036246285.1	95.0	d__Bacteria;p__Bacillota;c__Bacilli;o__Lactobacillales;f__Lactobacillaceae;g__Lactobacillus;s__Lactobacillus juensis	97.43	0.69	GCF_036246285.1	95.0	d__Bacteria;p__Bacillota;c__Bacilli;o__Lactobacillales;f__Lactobacillaceae;g__Lactobacillus;s__Lactobacillus juensis	97.43	0.69	d__Bacteria;p__Bacillota;c__Bacilli;o__Lactobacillales;f__Lactobacillaceae;g__Lactobacillus;s__	taxonomic classification defined by topology and ANI	topological placement and ANI have congruent species assignments	GCF_000970755.1, s__Lactobacillus kimbladii, 95.0, 93.63, 0.575; GCA_946477855.1, s__Lactobacillus sp946477855, 95.0, 93.12, 0.264; GCF_019972835.1, s__Lactobacillus laiwuensis, 95.0, 92.77, 0.567; GCF_019972815.1, s__Lactobacillus huangpiensis, 95.0, 92.43, 0.538; GCF_014323605.1, s__Lactobacillus kimbladii_B, 95.0, 92.29, 0.54; GCF_000967195.1, s__Lactobacillus kullabergensis, 95.0, 92.26, 0.543; GCF_000970775.1, s__Lactobacillus melliventris, 96.46, 89.12, 0.157	24.8	11	N/A	N/A	unclassified	NA	NA	NA	Lactobacillus	1578
s__Lactobacillus kimbladii	SRR24759610_binette_bin9.fasta	GCF_000970755.1	95.0	d__Bacteria;p__Bacillota;c__Bacilli;o__Lactobacillales;f__Lactobacillaceae;g__Lactobacillus;s__Lactobacillus kimbladii	96.97	0.748	GCF_000970755.1	95.0	d__Bacteria;p__Bacillota;c__Bacilli;o__Lactobacillales;f__Lactobacillaceae;g__Lactobacillus;s__Lactobacillus kimbladii	96.97	0.748	d__Bacteria;p__Bacillota;c__Bacilli;o__Lactobacillales;f__Lactobacillaceae;g__Lactobacillus;s__	taxonomic classification defined by topology and ANI	topological placement and ANI have congruent species assignments	GCF_014323605.1, s__Lactobacillus kimbladii_B, 95.0, 93.88, 0.64; GCF_019972835.1, s__Lactobacillus laiwuensis, 95.0, 93.86, 0.707; GCA_946477855.1, s__Lactobacillus sp946477855, 95.0, 93.84, 0.492; GCF_000967195.1, s__Lactobacillus kullabergensis, 95.0, 93.13, 0.663; GCF_036246285.1, s__Lactobacillus juensis, 95.0, 92.58, 0.662; GCF_019972815.1, s__Lactobacillus huangpiensis, 95.0, 90.81, 0.58; GCF_000970775.1, s__Lactobacillus melliventris, 96.46, 87.16, 0.337; GCF_946477725.1, s__Lactobacillus sp946477725, 95.65, 85.75, 0.285; GCF_036246345.1, s__Lactobacillus rizhaonensis, 95.0, 85.63, 0.3; GCA_946479925.1, s__Lactobacillus sp946479925, 95.0, 85.63, 0.227	72.78	11	N/A	N/A	s__Lactobacillus kimbladii	1.0	species	d__bacteria;p__bacillota;c__bacilli;o__lactobacillales;f__lactobacillaceae;g__lactobacillus;s__lactobacillus kimbladii	Lactobacillus	1578
s__Lactobacillus melliventris	SRR24759612_binette_bin5.fasta	GCF_000970775.1	96.46	d__Bacteria;p__Bacillota;c__Bacilli;o__Lactobacillales;f__Lactobacillaceae;g__Lactobacillus;s__Lactobacillus melliventris	97.0	0.785	GCF_000970775.1	96.46	d__Bacteria;p__Bacillota;c__Bacilli;o__Lactobacillales;f__Lactobacillaceae;g__Lactobacillus;s__Lactobacillus melliventris	97.0	0.785	d__Bacteria;p__Bacillota;c__Bacilli;o__Lactobacillales;f__Lactobacillaceae;g__Lactobacillus;s__	taxonomic classification defined by topology and ANI	topological placement and ANI have congruent species assignments	GCF_946477725.1, s__Lactobacillus sp946477725, 95.65, 95.95, 0.761; GCA_946479925.1, s__Lactobacillus sp946479925, 95.0, 95.94, 0.443; GCF_036246345.1, s__Lactobacillus rizhaonensis, 95.0, 93.58, 0.704; GCA_946477855.1, s__Lactobacillus sp946477855, 95.0, 86.94, 0.154; GCF_000967195.1, s__Lactobacillus kullabergensis, 95.0, 86.87, 0.212; GCF_019972835.1, s__Lactobacillus laiwuensis, 95.0, 86.64, 0.245; GCF_000970755.1, s__Lactobacillus kimbladii, 95.0, 86.32, 0.245; GCF_036246285.1, s__Lactobacillus juensis, 95.0, 85.62, 0.217; GCF_019972815.1, s__Lactobacillus huangpiensis, 95.0, 85.53, 0.186; GCF_014323605.1, s__Lactobacillus kimbladii_B, 95.0, 85.13, 0.211	64.04	11	N/A	N/A	g__Lactobacillus	1.0	genus	d__bacteria;p__bacillota;c__bacilli;o__lactobacillales;f__lactobacillaceae;g__lactobacillus	Virgibacillus proomii	84407
s__Lactobacillus panisapium	SRR24759608_binette_bin15.fasta	GCF_019469265.1	95.0	d__Bacteria;p__Bacillota;c__Bacilli;o__Lactobacillales;f__Lactobacillaceae;g__Lactobacillus;s__Lactobacillus panisapium	98.31	0.797	GCF_019469265.1	95.0	d__Bacteria;p__Bacillota;c__Bacilli;o__Lactobacillales;f__Lactobacillaceae;g__Lactobacillus;s__Lactobacillus panisapium	98.31	0.797	d__Bacteria;p__Bacillota;c__Bacilli;o__Lactobacillales;f__Lactobacillaceae;g__Lactobacillus;s__	taxonomic classification defined by topology and ANI	topological placement and ANI have congruent species assignments	N/A	38.26	11	N/A	N/A	g__Lactobacillus	1.0	genus	d__bacteria;p__bacillota;c__bacilli;o__lactobacillales;f__lactobacillaceae;g__lactobacillus	Bartonella	773
s__Morganella sibonii	SRR24759597_binette_bin7.fasta	GCF_040560245.1	95.0	d__Bacteria;p__Pseudomonadota;c__Gammaproteobacteria;o__Enterobacterales;f__Enterobacteriaceae;g__Morganella;s__Morganella sibonii	97.52	0.875	GCF_040560245.1	95.0	d__Bacteria;p__Pseudomonadota;c__Gammaproteobacteria;o__Enterobacterales;f__Enterobacteriaceae;g__Morganella;s__Morganella sibonii	97.52	0.875	d__Bacteria;p__Pseudomonadota;c__Gammaproteobacteria;o__Enterobacterales;f__Enterobacteriaceae;g__Morganella;s__	taxonomic classification defined by topology and ANI	topological placement and ANI have congruent species assignments	GCA_003996855.1, s__Morganella morganii_C, 95.0, 93.85, 0.55; GCF_041099235.1, s__Morganella morganii_E, 95.11, 93.02, 0.548; GCF_019243775.1, s__Morganella morganii, 95.0, 92.99, 0.526; GCF_000633515.1, s__Morganella morganii_B, 95.0, 92.88, 0.542; GCA_019402645.1, s__Morganella morganii_D, 95.0, 92.4, 0.468	50.64	11	N/A	N/A	unclassified	NA	NA	NA	unclassified	12908
s__Novisyntrophococcus fermenticellae	SRR24759600_binette_bin14.fasta	GCF_018866245.1	95.0	d__Bacteria;p__Bacillota;c__Clostridia;o__Lachnospirales;f__Lachnospiraceae;g__Novisyntrophococcus;s__Novisyntrophococcus fermenticellae	98.96	0.831	GCF_018866245.1	95.0	d__Bacteria;p__Bacillota;c__Clostridia;o__Lachnospirales;f__Lachnospiraceae;g__Novisyntrophococcus;s__Novisyntrophococcus fermenticellae	98.96	0.831	d__Bacteria;p__Bacillota;c__Clostridia;o__Lachnospirales;f__Lachnospiraceae;g__Novisyntrophococcus;s__	taxonomic classification defined by topology and ANI	topological placement and ANI have congruent species assignments	GCA_946412445.1, s__Novisyntrophococcus sp946412445, 95.0, 93.26, 0.36	64.38	11	N/A	N/A	s__Novisyntrophococcus fermenticellae	1.0	species	d__bacteria;p__bacillota;c__clostridia;o__eubacteriales;f__lachnospiraceae;g__novisyntrophococcus;s__novisyntrophococcus fermenticellae	Apibacter	1778601
s__Novisyntrophococcus liquoris	SRR24759613_binette_bin1.fasta	GCF_015159595.1	95.0	d__Bacteria;p__Bacillota;c__Clostridia;o__Lachnospirales;f__Lachnospiraceae;g__Novisyntrophococcus;s__Novisyntrophococcus liquoris	99.26	0.797	GCF_015159595.1	95.0	d__Bacteria;p__Bacillota;c__Clostridia;o__Lachnospirales;f__Lachnospiraceae;g__Novisyntrophococcus;s__Novisyntrophococcus liquoris	99.26	0.797	d__Bacteria;p__Bacillota;c__Clostridia;o__Lachnospirales;f__Lachnospiraceae;g__Novisyntrophococcus;s__	taxonomic classification defined by topology and ANI	topological placement and ANI have congruent species assignments	N/A	93.27	11	N/A	N/A	s__Blautia liquoris	1.0	species	d__bacteria;p__bacillota;c__clostridia;o__eubacteriales;f__lachnospiraceae;g__blautia;s__blautia liquoris	Lactobacillus	1578
s__Oceanobacillus sp032085455	SRR24759610_binette_bin33.fasta	GCA_032085455.1	95.0	d__Bacteria;p__Bacillota;c__Bacilli;o__Bacillales_D;f__Amphibacillaceae;g__Oceanobacillus;s__Oceanobacillus sp032085455	99.34	0.67	GCA_032085455.1	95.0	d__Bacteria;p__Bacillota;c__Bacilli;o__Bacillales_D;f__Amphibacillaceae;g__Oceanobacillus;s__Oceanobacillus sp032085455	99.34	0.67	d__Bacteria;p__Bacillota;c__Bacilli;o__Bacillales_D;f__Amphibacillaceae;g__Oceanobacillus;s__	taxonomic classification defined by topology and ANI	topological placement and ANI have congruent species assignments	N/A	10.42	11	N/A	N/A	unclassified	NA	NA	NA	Enterococcus faecalis	1351
s__Proteus mirabilis	SRR24759611_binette_bin42.fasta	GCF_000160755.1	95.0	d__Bacteria;p__Pseudomonadota;c__Gammaproteobacteria;o__Enterobacterales;f__Enterobacteriaceae;g__Proteus;s__Proteus mirabilis	99.19	0.896	GCF_000160755.1	95.0	d__Bacteria;p__Pseudomonadota;c__Gammaproteobacteria;o__Enterobacterales;f__Enterobacteriaceae;g__Proteus;s__Proteus mirabilis	99.19	0.896	d__Bacteria;p__Pseudomonadota;c__Gammaproteobacteria;o__Enterobacterales;f__Enterobacteriaceae;g__Proteus;s__	taxonomic classification defined by topology and ANI	topological placement and ANI have congruent species assignments	N/A	11.78	11	N/A	N/A	s__Proteus mirabilis	0.98	species	d__bacteria;p__pseudomonadota;c__gammaproteobacteria;o__enterobacterales;f__morganellaceae;g__proteus;s__proteus mirabilis	Lactobacillus kimbladii	1218506
s__Proteus mirabilis	SRR24759615_binette_bin1.fasta	GCF_000160755.1	95.0	d__Bacteria;p__Pseudomonadota;c__Gammaproteobacteria;o__Enterobacterales;f__Enterobacteriaceae;g__Proteus;s__Proteus mirabilis	99.0	0.948	GCF_000160755.1	95.0	d__Bacteria;p__Pseudomonadota;c__Gammaproteobacteria;o__Enterobacterales;f__Enterobacteriaceae;g__Proteus;s__Proteus mirabilis	99.0	0.948	d__Bacteria;p__Pseudomonadota;c__Gammaproteobacteria;o__Enterobacterales;f__Enterobacteriaceae;g__Proteus;s__	taxonomic classification defined by topology and ANI	topological placement and ANI have congruent species assignments	GCF_033708015.1, s__Proteus sp001722135, 95.0, 84.7, 0.282; GCF_023100685.1, s__Proteus sp003144375, 95.0, 84.65, 0.283; GCF_003144535.1, s__Proteus penneri, 95.0, 84.59, 0.293; GCF_003144405.1, s__Proteus cibi, 95.0, 84.44, 0.288; GCF_016239305.1, s__Proteus vulgaris_C, 95.0, 84.4, 0.28; GCF_030271835.1, s__Proteus appendicitidis, 95.0, 84.33, 0.278; GCF_002777965.1, s__Proteus columbae, 95.0, 84.26, 0.284; GCA_901472505.1, s__Proteus vulgaris, 95.0, 84.23, 0.261; GCF_016647575.1, s__Proteus mirabilis_B, 95.22, 84.21, 0.288; GCF_003144325.1, s__Proteus terrae, 95.0, 84.19, 0.292; GCF_011046025.1, s__Proteus sp011046025, 95.77, 84.18, 0.292; GCF_003144395.1, s__Proteus faecis, 95.0, 84.18, 0.285; GCF_011045815.1, s__Proteus vulgaris_B, 95.0, 84.18, 0.275; GCF_002607735.1, s__Proteus alimentorum, 95.0, 84.17, 0.276; GCF_009914335.1, s__Proteus sp003144505, 95.0, 84.11, 0.28; GCF_014897315.1, s__Proteus sp014897315, 95.0, 84.08, 0.265; GCF_011045835.1, s__Proteus cibarius, 96.33, 83.98, 0.287; GCF_001654965.1, s__Proteus hauseri, 95.0, 83.63, 0.223; GCF_040139125.1, s__Proteus hauseri_B, 95.0, 83.5, 0.214; GCF_001654855.1, s__Proteus myxofaciens, 95.0, 83.17, 0.165	94.5	11	N/A	N/A	s__Proteus mirabilis	0.98	species	d__bacteria;p__pseudomonadota;c__gammaproteobacteria;o__enterobacterales;f__morganellaceae;g__proteus;s__proteus mirabilis	Lactobacillus kimbladii	1218506
s__Providencia alcalifaciens	SRR24759603_binette_bin1.fasta	GCF_000173415.1	95.0	d__Bacteria;p__Pseudomonadota;c__Gammaproteobacteria;o__Enterobacterales;f__Enterobacteriaceae;g__Providencia;s__Providencia alcalifaciens	98.91	0.932	GCF_000173415.1	95.0	d__Bacteria;p__Pseudomonadota;c__Gammaproteobacteria;o__Enterobacterales;f__Enterobacteriaceae;g__Providencia;s__Providencia alcalifaciens	98.91	0.932	d__Bacteria;p__Pseudomonadota;c__Gammaproteobacteria;o__Enterobacterales;f__Enterobacteriaceae;g__Providencia;s__	taxonomic classification defined by topology and ANI	topological placement and ANI have congruent species assignments	GCF_027595165.1, s__Providencia alcalifaciens_A, 95.0, 88.74, 0.564; GCF_030315915.2, s__Providencia zhijiangensis, 95.0, 88.66, 0.555; GCF_915403165.1, s__Providencia alcalifaciens_C, 95.0, 88.29, 0.53; GCF_020271745.1, s__Providencia alcalifaciens_B, 95.0, 88.15, 0.519; GCF_000156395.1, s__Providencia rustigianii, 95.0, 83.35, 0.198	97.18	11	N/A	N/A	s__Providencia alcalifaciens	0.917	species	d__bacteria;p__pseudomonadota;c__gammaproteobacteria;o__enterobacterales;f__morganellaceae;g__providencia;s__providencia alcalifaciens	Providencia	586
s__Providencia hangzhouensis	SRR24759606_binette_bin1.fasta	GCF_029193595.2	95.0	d__Bacteria;p__Pseudomonadota;c__Gammaproteobacteria;o__Enterobacterales;f__Enterobacteriaceae;g__Providencia;s__Providencia hangzhouensis	98.7	0.897	GCF_029193595.2	95.0	d__Bacteria;p__Pseudomonadota;c__Gammaproteobacteria;o__Enterobacterales;f__Enterobacteriaceae;g__Providencia;s__Providencia hangzhouensis	98.7	0.897	d__Bacteria;p__Pseudomonadota;c__Gammaproteobacteria;o__Enterobacterales;f__Enterobacteriaceae;g__Providencia;s__	taxonomic classification defined by topology and ANI	topological placement and ANI have congruent species assignments	GCF_002843235.3, s__Providencia huaxiensis, 95.0, 92.44, 0.742; GCA_900455085.1, s__Providencia rettgeri, 95.0, 91.78, 0.732; GCF_023205015.1, s__Providencia rettgeri_E, 95.0, 91.74, 0.713; GCF_034661195.1, s__Providencia xianensis, 95.0, 84.18, 0.249; GCF_019343475.1, s__Providencia sp019343475, 95.0, 84.01, 0.217; GCF_020381325.1, s__Providencia vermicola, 95.0, 83.7, 0.218; GCF_040396775.1, s__Providencia sp040396775, 95.0, 83.58, 0.207; GCF_041075285.1, s__Providencia rettgeri_G, 95.0, 83.38, 0.185	96.37	11	N/A	N/A	unclassified	NA	NA	NA	Arsenophonus	637
s__Providencia rettgeri	SRR24759602_binette_bin8.fasta	GCA_900455085.1	95.0	d__Bacteria;p__Pseudomonadota;c__Gammaproteobacteria;o__Enterobacterales;f__Enterobacteriaceae;g__Providencia;s__Providencia rettgeri	95.89	0.718	GCA_900455085.1	95.0	d__Bacteria;p__Pseudomonadota;c__Gammaproteobacteria;o__Enterobacterales;f__Enterobacteriaceae;g__Providencia;s__Providencia rettgeri	95.89	0.718	d__Bacteria;p__Pseudomonadota;c__Gammaproteobacteria;o__Enterobacterales;f__Enterobacteriaceae;g__Providencia;s__	taxonomic classification defined by topology and ANI	topological placement and ANI have congruent species assignments	GCF_029193595.2, s__Providencia hangzhouensis, 95.0, 91.67, 0.602; GCF_002843235.3, s__Providencia huaxiensis, 95.0, 91.38, 0.553; GCF_023205015.1, s__Providencia rettgeri_E, 95.0, 90.55, 0.494; GCF_034661195.1, s__Providencia xianensis, 95.0, 86.83, 0.161	42.43	11	N/A	N/A	g__Providencia	1.0	genus	d__bacteria;p__pseudomonadota;c__gammaproteobacteria;o__enterobacterales;f__morganellaceae;g__providencia	Gilliamella	1193503
s__Schnuerera sp021655095	SRR24759600_binette_bin3.fasta	GCF_021655095.1	95.0	d__Bacteria;p__Bacillota;c__Clostridia;o__Tissierellales;f__Tepidimicrobiaceae;g__Schnuerera;s__Schnuerera sp021655095	98.66	0.859	GCF_021655095.1	95.0	d__Bacteria;p__Bacillota;c__Clostridia;o__Tissierellales;f__Tepidimicrobiaceae;g__Schnuerera;s__Schnuerera sp021655095	98.66	0.859	d__Bacteria;p__Bacillota;c__Clostridia;o__Tissierellales;f__Tepidimicrobiaceae;g__Schnuerera;s__	taxonomic classification defined by topology and ANI	topological placement and ANI have congruent species assignments	GCF_000511955.1, s__Schnuerera ultunensis, 95.0, 88.32, 0.363; GCF_035459645.1, s__Schnuerera sp035459645, 95.0, 88.23, 0.151	90.55	11	N/A	N/A	g__Clostridium	1.0	genus	d__bacteria;p__bacillota;c__clostridia;o__eubacteriales;f__clostridiaceae;g__clostridium	Novisyntrophococcus fermenticellae	2068655
s__Serratia ureilytica	SRR24759598_binette_bin3.fasta	GCF_013375155.1	95.0	d__Bacteria;p__Pseudomonadota;c__Gammaproteobacteria;o__Enterobacterales;f__Enterobacteriaceae;g__Serratia;s__Serratia ureilytica	98.44	0.948	N/A	N/A	N/A	N/A	N/A	d__Bacteria;p__Pseudomonadota;c__Gammaproteobacteria;o__Enterobacterales;f__Enterobacteriaceae;g__Serratia;s__	taxonomic classification defined by topology and ANI	topological placement and ANI have incongruent species assignments	GCF_013375155.1, s__Serratia ureilytica, 95.0, 98.44, 0.948; GCF_008011855.1, s__Serratia bockelmannii, 95.0, 95.19, 0.83; GCF_000738675.1, s__Serratia nematodiphila, 95.0, 95.15, 0.861; GCF_017299535.1, s__Serratia marcescens, 96.86, 95.04, 0.848; GCF_020858655.1, s__Serratia montpellierensis, 95.92, 94.47, 0.852; GCF_037948395.1, s__Serratia nevei, 96.36, 94.36, 0.842; GCF_029962605.1, s__Serratia sarumanii, 96.12, 94.36, 0.833; GCF_029846115.1, s__Serratia marcescens_L, 95.36, 94.24, 0.821; GCF_024160145.1, s__Serratia nevei_A, 95.0, 93.87, 0.79; GCF_001642805.2, s__Serratia surfactantfaciens, 95.0, 93.86, 0.81; GCF_003812745.1, s__Serratia sp003812745, 95.0, 93.86, 0.786; GCF_001902635.1, s__Serratia marcescens_F, 95.0, 93.2, 0.732; GCF_900187015.1, s__Serratia ficaria, 95.0, 89.37, 0.513; GCF_021462285.1, s__Serratia entomophila, 95.0, 88.84, 0.493; GCF_018336935.1, s__Serratia plymuthica_B, 95.0, 86.76, 0.292; GCF_003591175.1, s__Serratia inhibens, 95.0, 86.42, 0.293; GCF_001590925.1, s__Serratia plymuthica, 95.0, 86.39, 0.291; GCF_013337185.1, s__Serratia proteamaculans_D, 95.0, 85.99, 0.277; GCF_027594825.1, s__Serratia liquefaciens_A, 95.0, 85.8, 0.28; GCA_900457075.1, s__Serratia quinivorans, 95.0, 85.8, 0.277; GCF_946227095.1, s__Serratia proteamaculans_E, 95.0, 85.78, 0.26; GCF_000422085.1, s__Serratia liquefaciens, 95.0, 85.76, 0.257; GCF_946227985.1, s__Serratia quinivorans_A, 95.07, 85.66, 0.246; GCF_008830365.1, s__Serratia proteamaculans, 95.0, 85.65, 0.245; GCA_033447275.1, s__Serratia sp033447275, 95.0, 85.62, 0.245; GCF_017832355.1, s__Serratia sp017832355, 95.0, 85.19, 0.172; GCF_001590905.1, s__Serratia grimesii, 95.0, 85.05, 0.175	87.27	11	N/A	N/A	g__Serratia	1.0	genus	d__bacteria;p__pseudomonadota;c__gammaproteobacteria;o__enterobacterales;f__yersiniaceae;g__serratia	Serratia	613
s__Snodgrassella alvi	SRR24759603_binette_bin13.fasta	GCF_000600005.1	95.0	d__Bacteria;p__Pseudomonadota;c__Gammaproteobacteria;o__Burkholderiales;f__Neisseriaceae;g__Snodgrassella;s__Snodgrassella alvi	95.89	0.798	GCF_000600005.1	95.0	d__Bacteria;p__Pseudomonadota;c__Gammaproteobacteria;o__Burkholderiales;f__Neisseriaceae;g__Snodgrassella;s__Snodgrassella alvi	95.89	0.798	d__Bacteria;p__Pseudomonadota;c__Gammaproteobacteria;o__Burkholderiales;f__Neisseriaceae;g__Snodgrassella;s__	taxonomic classification defined by topology and ANI	topological placement and ANI have congruent species assignments	N/A	78.95	11	N/A	N/A	g__Snodgrassella	1.0	genus	d__bacteria;p__pseudomonadota;c__betaproteobacteria;o__neisseriales;f__neisseriaceae;g__snodgrassella	Providencia alcalifaciens	126385
s__Snodgrassella alvi	SRR24759614_binette_bin5.fasta	GCF_000600005.1	95.0	d__Bacteria;p__Pseudomonadota;c__Gammaproteobacteria;o__Burkholderiales;f__Neisseriaceae;g__Snodgrassella;s__Snodgrassella alvi	97.46	0.878	GCF_000600005.1	95.0	d__Bacteria;p__Pseudomonadota;c__Gammaproteobacteria;o__Burkholderiales;f__Neisseriaceae;g__Snodgrassella;s__Snodgrassella alvi	97.46	0.878	d__Bacteria;p__Pseudomonadota;c__Gammaproteobacteria;o__Burkholderiales;f__Neisseriaceae;g__Snodgrassella;s__	taxonomic classification defined by topology and ANI	topological placement and ANI have congruent species assignments	N/A	88.44	11	N/A	N/A	g__Snodgrassella	1.0	genus	d__bacteria;p__pseudomonadota;c__betaproteobacteria;o__neisseriales;f__neisseriaceae;g__snodgrassella	Providencia alcalifaciens	126385
s__Snodgrassella alvi_G	SRR24759604_binette_bin9.fasta	GCA_946478525.1	95.0	d__Bacteria;p__Pseudomonadota;c__Gammaproteobacteria;o__Burkholderiales;f__Neisseriaceae;g__Snodgrassella;s__Snodgrassella alvi_G	97.78	0.922	GCA_946478525.1	95.0	d__Bacteria;p__Pseudomonadota;c__Gammaproteobacteria;o__Burkholderiales;f__Neisseriaceae;g__Snodgrassella;s__Snodgrassella alvi_G	97.78	0.922	d__Bacteria;p__Pseudomonadota;c__Gammaproteobacteria;o__Burkholderiales;f__Neisseriaceae;g__Snodgrassella;s__	taxonomic classification defined by topology and ANI	topological placement and ANI have congruent species assignments	GCA_946481965.1, s__Snodgrassella sp946481965, 95.0, 95.44, 0.822	55.04	11	N/A	N/A	f__Neisseriaceae	1.0	family	d__bacteria;p__pseudomonadota;c__betaproteobacteria;o__neisseriales;f__neisseriaceae	Lactobacillaceae	33958
s__Virgibacillus proomii_B	SRR24759612_binette_bin1.fasta	GCF_018916875.1	95.0	d__Bacteria;p__Bacillota;c__Bacilli;o__Bacillales_D;f__Amphibacillaceae;g__Virgibacillus;s__Virgibacillus proomii_B	99.56	0.9	GCF_018916875.1	95.0	d__Bacteria;p__Bacillota;c__Bacilli;o__Bacillales_D;f__Amphibacillaceae;g__Virgibacillus;s__Virgibacillus proomii_B	99.56	0.9	d__Bacteria;p__Bacillota;c__Bacilli;o__Bacillales_D;f__Amphibacillaceae;g__Virgibacillus;s__	taxonomic classification defined by topology and ANI	topological placement and ANI have congruent species assignments	GCF_900162615.1, s__Virgibacillus proomii_A, 95.0, 93.18, 0.624	88.78	11	N/A	N/A	s__Virgibacillus proomii	1.0	species	d__bacteria;p__bacillota;c__bacilli;o__bacillales;f__bacillaceae;g__virgibacillus;s__virgibacillus proomii	Gilliamella apicola	1196095
s__Xylocopilactobacillus sp945273735	SRR24759603_binette_bin29.fasta	GCA_945273735.1	95.0	d__Bacteria;p__Bacillota;c__Bacilli;o__Lactobacillales;f__Lactobacillaceae;g__Xylocopilactobacillus;s__Xylocopilactobacillus sp945273735	99.4	0.747	GCA_945273735.1	95.0	d__Bacteria;p__Bacillota;c__Bacilli;o__Lactobacillales;f__Lactobacillaceae;g__Xylocopilactobacillus;s__Xylocopilactobacillus sp945273735	99.4	0.747	d__Bacteria;p__Bacillota;c__Bacilli;o__Lactobacillales;f__Lactobacillaceae;g__Xylocopilactobacillus;s__	taxonomic classification defined by topology and ANI	topological placement and ANI have congruent species assignments	GCA_945285405.1, s__Xylocopilactobacillus sp945285405, 95.0, 94.96, 0.5	16.6	11	N/A	N/A	unclassified	NA	NA	NA	Gilliamella	1193503
