MAG	Domain	Phylum	Class	Order	Family	Genus	Species	Cluster members	Completeness	Contamination	# N's per 100 kbp	# contigs	# contigs (>= 0 bp)	# contigs (>= 1000 bp)	GC (%)	L50	L90	Largest contig	N50	N90	Total length	Total length (>= 0 bp)	Total length (>= 1000 bp)	auN	bakta_CDSs	bakta_CRISPR arrays	bakta_gaps	bakta_hypotheticals	bakta_ncRNA regions	bakta_ncRNAs	bakta_oriCs	bakta_oriTs	bakta_oriVs	bakta_pseudogenes	bakta_rRNAs	bakta_sORFs	bakta_signal peptides	bakta_tRNAs	bakta_tmRNAs	Strain heterogeneity	# markers	# marker sets	coverm_mean_coverage	kegg_3-Hydroxypropionate bi-cycle	kegg_ADP-L-glycero-D-manno-heptose biosynthesis	kegg_Acetyl-CoA pathway, CO2 => acetyl-CoA	kegg_Acylglycerol degradation	kegg_Adenine ribonucleotide biosynthesis, IMP => ADP,ATP	kegg_Adenine ribonucleotide degradation, AMP => Urate	kegg_Aerobactin biosynthesis, lysine => aerobactin	kegg_Anammox, nitrite + ammonia => nitrogen	kegg_Anthranilate degradation, anthranilate => catechol	kegg_Arginine biosynthesis, glutamate => acetylcitrulline => arginine	kegg_Arginine biosynthesis, ornithine => arginine	kegg_Arginine succinyltransferase pathway, arginine => glutamate	kegg_Ascorbate biosynthesis, animals, glucose-1P => ascorbate	kegg_Ascorbate biosynthesis, plants, fructose-6P => ascorbate	kegg_Ascorbate degradation, ascorbate => D-xylulose-5P	kegg_Assimilatory nitrate reduction, nitrate => ammonia	kegg_Assimilatory sulfate reduction, plants, sulfate => H2S	kegg_Assimilatory sulfate reduction, sulfate => H2S	kegg_Aurachin biosynthesis, anthranilate => aurachin A	kegg_Bacillus anthracis pathogenicity signature, anthrax toxin	kegg_Bacillus anthracis pathogenicity signature, polyglutamic acid capsule biosynthesis	kegg_Bacilysin biosynthesis, prephenate => bacilysin	kegg_Benzene degradation, benzene => catechol	kegg_Benzoate degradation, benzoate => catechol / methylbenzoate => methylcatechol	kegg_Benzoate degradation, cyclohexanecarboxylic acid =>pimeloyl-CoA	kegg_Benzoyl-CoA degradation, benzoyl-CoA => 3-hydroxypimeloyl-CoA	kegg_Betacyanin biosynthesis, L-tyrosine => amaranthin	kegg_Betaine biosynthesis, choline => betaine	kegg_Betaine degradation, bacteria, betaine => pyruvate	kegg_Betaine metabolism, animals, betaine => glycine	kegg_Biotin biosynthesis, BioI pathway, long-chain-acyl-ACP => pimeloyl-ACP => biotin	kegg_Biotin biosynthesis, BioU pathway, pimeloyl-ACP/CoA => biotin	kegg_Biotin biosynthesis, BioW pathway, pimelate => pimeloyl-CoA => biotin	kegg_Biotin biosynthesis, pimeloyl-ACP/CoA => biotin	kegg_Biphenyl degradation, biphenyl => 2-oxopent-4-enoate + benzoate	kegg_C1-unit interconversion, eukaryotes	kegg_C1-unit interconversion, prokaryotes	kegg_C10-C20 isoprenoid biosynthesis, archaea	kegg_C10-C20 isoprenoid biosynthesis, bacteria	kegg_C10-C20 isoprenoid biosynthesis, non-plant eukaryotes	kegg_C10-C20 isoprenoid biosynthesis, plants	kegg_C4-dicarboxylic acid cycle, NAD - malic enzyme type	kegg_C4-dicarboxylic acid cycle, NADP - malic enzyme type	kegg_C4-dicarboxylic acid cycle, phosphoenolpyruvate carboxykinase type	kegg_C5 isoprenoid biosynthesis, mevalonate pathway	kegg_C5 isoprenoid biosynthesis, mevalonate pathway, archaea	kegg_C5 isoprenoid biosynthesis, non-mevalonate pathway	kegg_CAM (Crassulacean acid metabolism), dark	kegg_CAM (Crassulacean acid metabolism), light	kegg_CMP-KDO biosynthesis	kegg_CMP-Neu5Ac biosynthesis	kegg_Carbapenem resistance	kegg_Catechol meta-cleavage, catechol => acetyl-CoA / 4-methylcatechol => propanoyl-CoA	kegg_Catechol ortho-cleavage, catechol => 3-oxoadipate	kegg_Cationic antimicrobial peptide (CAMP) resistance, VraFG transporter	kegg_Cationic antimicrobial peptide (CAMP) resistance, dltABCD operon	kegg_Cationic antimicrobial peptide (CAMP) resistance, lysyl-phosphatidylglycerol (L-PG) synthase MprF	kegg_Cationic antimicrobial peptide (CAMP) resistance, protease PgtE	kegg_Cholesterol biosynthesis, FPP => cholesterol	kegg_Chondroitin sulfate degradation	kegg_Citrate cycle (TCA cycle, Krebs cycle)	kegg_Citrate cycle, first carbon oxidation, oxaloacetate => 2-oxoglutarate	kegg_Citrate cycle, second carbon oxidation, 2-oxoglutarate => oxaloacetate	kegg_Cobalamin biosynthesis, aerobic, uroporphyrinogen III => precorrin 2 => cobyrinate a,c-diamide	kegg_Cobalamin biosynthesis, anaerobic, uroporphyrinogen III => sirohydrochlorin => cobyrinate a,c-diamide	kegg_Cobalamin biosynthesis, cobyrinate a,c-diamide => cobalamin	kegg_Coenzyme A biosynthesis, archaea, 2-oxoisovalerate => 4-phosphopantoate => CoA	kegg_Coenzyme A biosynthesis, pantothenate => CoA	kegg_Coenzyme M biosynthesis	kegg_Complete nitrification, comammox, ammonia => nitrite => nitrate	kegg_Cyclooctatin biosynthesis, dimethylallyl-PP + isopentenyl-PP => cyclooctatin	kegg_Cymene degradation, p-cymene => p-cumate	kegg_Cysteine biosynthesis, homocysteine + serine => cysteine	kegg_Cysteine biosynthesis, methionine => cysteine	kegg_Cysteine biosynthesis, serine => cysteine	kegg_Cytochrome aa3-600 menaquinol oxidase	kegg_Cytochrome bc1 complex	kegg_Cytochrome bc1 complex respiratory unit	kegg_Cytochrome bd ubiquinol oxidase	kegg_Cytochrome c oxidase	kegg_Cytochrome c oxidase, cbb3-type	kegg_Cytochrome c oxidase, prokaryotes	kegg_Cytochrome o ubiquinol oxidase	kegg_D-Galacturonate degradation (bacteria), D-galacturonate => pyruvate + D-glyceraldehyde 3P	kegg_D-Glucuronate degradation, D-glucuronate => pyruvate + D-glyceraldehyde 3P	kegg_D-galactonate degradation, De Ley-Doudoroff pathway, D-galactonate => glycerate-3P	kegg_Dapdiamides biosynthesis, L-2,3-diaminopropanoate => dapdiamide A/B/C	kegg_De novo purine biosynthesis, PRPP + glutamine => IMP	kegg_De novo pyrimidine biosynthesis, glutamine (+ PRPP) => UMP	kegg_Denitrification, nitrate => nitrogen	kegg_Deoxyribonucleotide biosynthesis, ADP/GDP/CDP/UDP => dATP/dGTP/dCTP/dUTP	kegg_Dermatan sulfate degradation	kegg_Dicarboxylate-hydroxybutyrate cycle	kegg_Dissimilatory nitrate reduction, nitrate => ammonia	kegg_Dissimilatory sulfate reduction, sulfate => H2S	kegg_EHEC/EPEC pathogenicity signature, T3SS and effectors	kegg_ETEC pathogenicity signature, heat-labile and heat-stable enterotoxins	kegg_Ectoine biosynthesis, aspartate => ectoine	kegg_Ectoine degradation, ectoine => aspartate	kegg_Entner-Doudoroff pathway, glucose-6P => glyceraldehyde-3P + pyruvate	kegg_Ergocalciferol biosynthesis, FPP => ergosterol/ergocalciferol	kegg_Ethylene biosynthesis, methionine => ethylene	kegg_Ethylmalonyl pathway	kegg_F-type ATPase, eukaryotes	kegg_F-type ATPase, prokaryotes and chloroplasts	kegg_Fatty acid biosynthesis in mitochondria, animals	kegg_Fatty acid biosynthesis in mitochondria, fungi	kegg_Fatty acid biosynthesis, elongation	kegg_Fatty acid biosynthesis, initiation	kegg_Formaldehyde assimilation, ribulose monophosphate pathway	kegg_Formaldehyde assimilation, serine pathway	kegg_Formaldehyde assimilation, xylulose monophosphate pathway	kegg_Fosfomycin biosynthesis, phosphoenolpyruvate => fosfomycin	kegg_Fumarate reductase, prokaryotes	kegg_GABA (gamma-Aminobutyrate) shunt	kegg_GABA biosynthesis, eukaryotes, putrescine => GABA	kegg_GABA biosynthesis, prokaryotes, putrescine => GABA	kegg_GPI-anchor biosynthesis, core oligosaccharide	kegg_Galactofuranan biosynthesis, decaprenyl phosphate + UDP-GlcNAc (+ dTDP-Rha/UDP-Galf) => GL-5	kegg_Galactose degradation, Leloir pathway, galactose => alpha-D-glucose-1P	kegg_Gluconeogenesis, oxaloacetate => fructose-6P	kegg_Glucuronate pathway (uronate pathway)	kegg_Glutathione biosynthesis, glutamate => glutathione	kegg_Glycine cleavage system	kegg_Glycogen biosynthesis, glucose-1P => glycogen/starch	kegg_Glycogen degradation, glycogen => glucose-6P	kegg_Glycolysis (Embden-Meyerhof pathway), glucose => pyruvate	kegg_Glycolysis, core module involving three-carbon compounds	kegg_Glycosaminoglycan biosynthesis, linkage tetrasaccharide	kegg_Glyoxylate cycle	kegg_Guanine ribonucleotide biosynthesis, IMP => GDP,GTP	kegg_Guanine ribonucleotide degradation, GMP => Urate	kegg_Helicobacter pylori pathogenicity signature, cagA pathogenicity island	kegg_Heme biosynthesis, animals and fungi, glycine => heme	kegg_Heme biosynthesis, archaea, siroheme => heme	kegg_Heme biosynthesis, bacteria, glutamyl-tRNA => coproporphyrin III => heme	kegg_Heme biosynthesis, plants and bacteria, glutamate => heme	kegg_Heparan sulfate degradation	kegg_Histidine biosynthesis, PRPP => histidine	kegg_Histidine degradation, histidine => N-formiminoglutamate => glutamate	kegg_Homoprotocatechuate degradation, homoprotocatechuate => 2-oxohept-3-enedioate	kegg_Hydroxyproline degradation, trans-4-hydroxy-L-proline => 2-oxoglutarate	kegg_Hydroxypropionate-hydroxybutylate cycle	kegg_Imipenem resistance, repression of porin OprD	kegg_Incomplete reductive citrate cycle, acetyl-CoA => oxoglutarate	kegg_Inositol phosphate metabolism, Ins(1,3,4,5)P4 => Ins(1,3,4)P3 => myo-inositol	kegg_Isoleucine biosynthesis, pyruvate => 2-oxobutanoate	kegg_Isoleucine biosynthesis, threonine => 2-oxobutanoate => isoleucine	kegg_Jasmonic acid biosynthesis	kegg_KDO2-lipid A biosynthesis, Raetz pathway, LpxL-LpxM type	kegg_KDO2-lipid A biosynthesis, Raetz pathway, non-LpxL-LpxM type	kegg_KDO2-lipid A modification pathway	kegg_Kanosamine biosynthesis, glucose 6-phosphate => kanosamine	kegg_Keratan sulfate degradation	kegg_Ketone body biosynthesis, acetyl-CoA => acetoacetate/3-hydroxybutyrate/acetone	kegg_L-threo-Tetrahydrobiopterin biosynthesis, GTP => L-threo-BH4	kegg_Lactosylceramide biosynthesis	kegg_Leucine biosynthesis, 2-oxoisovalerate => 2-oxoisocaproate	kegg_Leucine degradation, leucine => acetoacetate + acetyl-CoA	kegg_Lipoic acid biosynthesis, animals and bacteria, octanoyl-ACP => dihydrolipoyl-H => dihydrolipoyl-E2	kegg_Lipoic acid biosynthesis, eukaryotes, octanoyl-ACP => dihydrolipoyl-H	kegg_Lipoic acid biosynthesis, octanoyl-CoA => dihydrolipoyl-E2	kegg_Lipoic acid biosynthesis, plants and bacteria, octanoyl-ACP => dihydrolipoyl-E2/H	kegg_Lysine biosynthesis, AAA pathway, 2-oxoglutarate => 2-aminoadipate => lysine	kegg_Lysine biosynthesis, DAP aminotransferase pathway, aspartate => lysine	kegg_Lysine biosynthesis, DAP dehydrogenase pathway, aspartate => lysine	kegg_Lysine biosynthesis, acetyl-DAP pathway, aspartate => lysine	kegg_Lysine biosynthesis, mediated by LysW, 2-aminoadipate => lysine	kegg_Lysine biosynthesis, succinyl-DAP pathway, aspartate => lysine	kegg_Lysine degradation, bacteria, L-lysine => glutarate => succinate/acetyl-CoA	kegg_Lysine degradation, bacteria, L-lysine => succinate	kegg_Lysine degradation, lysine => saccharopine => acetoacetyl-CoA	kegg_Malonate semialdehyde pathway, propanoyl-CoA => acetyl-CoA	kegg_Menaquinone biosynthesis, chorismate (+ polyprenyl-PP) => menaquinol	kegg_Menaquinone biosynthesis, futalosine pathway	kegg_Meromycolic acid biosynthesis, initiation and elongation FAS II (KasA and KasB)	kegg_Meromycolic acid biosynthesis, initiation and elongation FAS II (KasA)	kegg_Methane oxidation, methanotroph, methane => formaldehyde	kegg_Methanogenesis, acetate => methane	kegg_Methicillin resistance	kegg_Methionine biosynthesis, aspartate => homoserine => methionine	kegg_Methionine degradation	kegg_Methionine salvage pathway	kegg_Methylaspartate cycle	kegg_Methylcitrate cycle	kegg_Molybdenum cofactor biosynthesis, GTP => molybdenum cofactor	kegg_Monolignol biosynthesis, phenylalanine/tyrosine => monolignol	kegg_Mugineic acid biosynthesis, methionine => 3-epihydroxymugineic acid	kegg_Multidrug resistance, efflux pump AbcA	kegg_Multidrug resistance, efflux pump AcrEF-TolC	kegg_Multidrug resistance, efflux pump AdeABC	kegg_Multidrug resistance, efflux pump BpeEF-OprC	kegg_Multidrug resistance, efflux pump MdtEF-TolC	kegg_Multidrug resistance, efflux pump MexAB-OprM	kegg_Multidrug resistance, efflux pump MexEF-OprN	kegg_Multidrug resistance, efflux pump MexJK-OprM	kegg_Multidrug resistance, efflux pump MexPQ-OpmE	kegg_Multidrug resistance, efflux pump MexXY-OprM	kegg_Multidrug resistance, efflux pump NorB	kegg_Multidrug resistance, efflux pump QacA	kegg_Multidrug resistance, repression of porin OmpF	kegg_Mycolic acid biosynthesis, meromycolic acid + alpha-carboxyacyl-CoA + trehalose => TMM => TDM/mAGP/GMM	kegg_NAD biosynthesis, aspartate => quinolinate => NAD	kegg_NAD biosynthesis, tryptophan => quinolinate => NAD	kegg_NADH	kegg_NADH dehydrogenase (ubiquinone) Fe-S protein/flavoprotein complex, mitochondria	kegg_Naphthalene degradation, naphthalene => salicylate	kegg_Nicotinate degradation, nicotinate => fumarate	kegg_Nicotine degradation, pyrrolidine pathway, nicotine => succinate semialdehyde	kegg_Nitrate assimilation	kegg_Nitrogen fixation, nitrogen => ammonia	kegg_Nocardicin A biosynthesis, L-pHPG + arginine + serine => nocardicin A	kegg_Non-phosphorylative Entner-Doudoroff pathway, gluconate/galactonate => glycerate	kegg_Nucleotide sugar biosynthesis, galactose => UDP-galactose	kegg_Nucleotide sugar biosynthesis, glucose => UDP-glucose	kegg_O-glycan biosynthesis, mannose type (core M3)	kegg_Ornithine biosynthesis, glutamate => ornithine	kegg_Ornithine biosynthesis, mediated by LysW, glutamate => ornithine	kegg_Ornithine-ammonia cycle	kegg_PRPP biosynthesis, ribose 5P => PRPP	kegg_Pantothenate biosynthesis, 2-oxoisovalerate/spermine => pantothenate	kegg_Pantothenate biosynthesis, valine/L-aspartate => pantothenate	kegg_Pectin degradation	kegg_Pentose bisphosphate pathway (nucleoside degradation), archaea, nucleoside/NMP => 3-PGA/glycerone phosphate	kegg_Pentose phosphate pathway (Pentose phosphate cycle)	kegg_Pentose phosphate pathway, archaea, fructose 6P => ribose 5P	kegg_Pentose phosphate pathway, non-oxidative phase, fructose 6P => ribose 5P	kegg_Pentose phosphate pathway, oxidative phase, glucose 6P => ribulose 5P	kegg_Pertussis pathogenicity signature, T1SS	kegg_Phenylacetate degradation, phenylaxetate => acetyl-CoA/succinyl-CoA	kegg_Phenylalanine biosynthesis, chorismate => phenylpyruvate => phenylalanine	kegg_Phosphate acetyltransferase-acetate kinase pathway, acetyl-CoA => acetate	kegg_Phosphatidylethanolamine (PE) biosynthesis, PA => PS => PE	kegg_Photorespiration	kegg_Phthalate degradation, phthalate => protocatechuate	kegg_Phylloquinone biosynthesis, chorismate (+ phytyl-PP) => phylloquinol	kegg_Phytosterol biosynthesis, squalene 2,3-epoxide => campesterol/sitosterol	kegg_Pimeloyl-ACP biosynthesis, BioC-BioH pathway, malonyl-ACP => pimeloyl-ACP	kegg_Polyamine biosynthesis, arginine => agmatine => putrescine => spermidine	kegg_Polyamine biosynthesis, arginine => ornithine => putrescine	kegg_Prodigiosin biosynthesis, L-proline => prodigiosin	kegg_Proline biosynthesis, glutamate => proline	kegg_Proline degradation, proline => glutamate	kegg_Proline metabolism	kegg_Propanoyl-CoA metabolism, propanoyl-CoA => succinyl-CoA	kegg_Purine degradation, xanthine => urea	kegg_Pyocyanine biosynthesis, chorismate => pyocyanine	kegg_Pyridoxal-P biosynthesis, R5P + glyceraldehyde-3P + glutamine => pyridoxal-P	kegg_Pyridoxal-P biosynthesis, erythrose-4P => pyridoxal-P	kegg_Pyrimidine degradation, uracil => 3-hydroxypropanoate	kegg_Pyrimidine degradation, uracil => beta-alanine, thymine => 3-aminoisobutanoate	kegg_Pyrimidine deoxyribonucleotide biosynthesis, UDP => dTTP	kegg_Pyrimidine ribonucleotide biosynthesis, UMP => UDP/UTP,CDP/CTP	kegg_Pyrrolnitrin biosynthesis, tryptophan => pyrrolnitrin	kegg_Pyruvate oxidation, pyruvate => acetyl-CoA	kegg_Rebeccamycin biosynthesis, tryptophan => rebeccamycin	kegg_Reductive acetyl-CoA pathway (Wood-Ljungdahl pathway)	kegg_Reductive citrate cycle (Arnon-Buchanan cycle)	kegg_Reductive pentose phosphate cycle (Calvin cycle)	kegg_Riboflavin biosynthesis, fungi, GTP => riboflavin/FMN/FAD	kegg_Riboflavin biosynthesis, plants and bacteria, GTP => riboflavin/FMN/FAD	kegg_Salicylate degradation, salicylate => gentisate	kegg_Salmonella enterica pathogenicity signature, typhoid toxin	kegg_Semi-phosphorylative Entner-Doudoroff pathway, gluconate => glycerate-3P	kegg_Serine biosynthesis, glycerate-3P => serine	kegg_Shikimate pathway, phosphoenolpyruvate + erythrose-4P => chorismate	kegg_Siroheme biosynthesis, glutamyl-tRNA => siroheme	kegg_Sphingosine degradation	kegg_Staphyloferrin A biosynthesis, L-ornithine => staphyloferrin A	kegg_Staphyloferrin B biosynthesis, L-serine => staphyloferrin B	kegg_Succinate dehydrogenase (ubiquinone)	kegg_Succinate dehydrogenase, prokaryotes	kegg_Sulfate-sulfur assimilation	kegg_Sulfur oxidation, tetrathionate intermediate (S4I) pathway, thiosulfate => sulfur + sulfate + thiosulfate	kegg_Tetracycline resistance, efflux pump Tet38	kegg_Tetrahydrobiopterin biosynthesis, GTP => BH4	kegg_Tetrahydrofolate biosynthesis, GTP => THF	kegg_Tetrahydrofolate biosynthesis, mediated by PTPS, GTP => THF	kegg_Tetrahydrofolate biosynthesis, mediated by ribA and trpF, GTP => THF	kegg_Thiamine biosynthesis, archaea, AIR (+ NAD+) => TMP/TPP	kegg_Thiamine biosynthesis, plants, AIR (+ NAD+) => TMP/thiamine/TPP	kegg_Thiamine biosynthesis, prokaryotes, AIR (+ DXP/glycine) => TMP/TPP	kegg_Thiamine biosynthesis, prokaryotes, AIR (+ DXP/tyrosine) => TMP/TPP	kegg_Thiamine biosynthesis, pyridoxal-5P => TMP/thiamine/TPP	kegg_Thiamine salvage pathway, HMP/HET => TMP	kegg_Threonine biosynthesis, aspartate => homoserine => threonine	kegg_Toluene degradation, toluene => benzoate	kegg_Trans-cinnamate degradation, trans-cinnamate => acetyl-CoA	kegg_Trehalose biosynthesis, D-glucose 1P => trehalose	kegg_Triacylglycerol biosynthesis	kegg_Tryptophan biosynthesis, chorismate => tryptophan	kegg_Tryptophan metabolism, tryptophan => kynurenine => 2-aminomuconate	kegg_Type II polyketide backbone biosynthesis, acyl-CoA + malonyl-CoA => polyketide	kegg_Tyrosine biosynthesis, chorismate => HPP => tyrosine	kegg_Tyrosine biosynthesis, chorismate => arogenate => tyrosine	kegg_Tyrosine degradation, tyrosine => homogentisate	kegg_UDP-L-FucNAm biosynthesis	kegg_UDP-N-acetyl-D-glucosamine biosynthesis, eukaryotes, glucose => UDP-GlcNAc	kegg_UDP-N-acetyl-D-glucosamine biosynthesis, prokaryotes, glucose => UDP-GlcNAc	kegg_Ubiquinone biosynthesis, eukaryotes, 4-hydroxybenzoate + polyprenyl-PP => ubiquinol	kegg_Ubiquinone biosynthesis, prokaryotes, chorismate (+ polyprenyl-PP) => ubiquinol	kegg_Undecaprenylphosphate alpha-L-Ara4N biosynthesis, UDP-GlcA => undecaprenyl phosphate alpha-L-Ara4N	kegg_Urea cycle	kegg_V/A-type ATPase, prokaryotes	kegg_Valine/isoleucine biosynthesis, pyruvate => valine / 2-oxobutanoate => isoleucine	kegg_Vancomycin resistance, D-Ala-D-Lac type	kegg_Vancomycin resistance, D-Ala-D-Ser type	kegg_Vibrio cholerae pathogenicity signature, cholera toxins	kegg_Vibrio cholerae pathogenicity signature, toxin coregulated pilus	kegg_Xanthomonas spp. pathogenicity signature, T3SS and effectors	kegg_Xylene degradation, xylene => methylbenzoate	kegg_beta-Carotene biosynthesis, GGAP => beta-carotene	kegg_beta-Lactam resistance, Bla system	kegg_beta-Oxidation	kegg_beta-Oxidation, acyl-CoA synthesis	kegg_beta-Oxidation, peroxisome, VLCFA	kegg_dTDP-L-mycarose biosynthesis	kegg_dTDP-L-oleandrose biosynthesis	kegg_dTDP-L-rhamnose biosynthesis
SRR24759603_binette_bin1	Bacteria	Pseudomonadota	Gammaproteobacteria	Enterobacterales	Enterobacteriaceae	Providencia	Providencia alcalifaciens	4	100.0	0.06	0.0	23.0	23.0	23.0	41.84	6.0	13.0	506402.0	261870.0	132919.0	3861557.0	3861557.0	3861557.0	283861.3																0.0	311	184	0.0173876215	16.67	100.0			100.0	66.67				100.0	100.0	20.0	28.57	12.5	100.0			100.0	3.12								25.0	100.0	50.0		60.0	75.0	80.0	100.0		50.0	66.67	50.0	100.0	33.33	50.0	14.29	50.0	50.0	42.86	35.42	100.0	100.0	50.0	100.0			6.67					66.67			100.0	100.0	100.0	9.09	9.09	8.33	42.86	66.67						50.0	100.0				100.0	6.67			100.0	20.0	20.0	40.0		100.0	100.0	25.0	100.0		46.15	75.0		8.75		40.0		100.0		33.33	5.56		100.0	25.0	41.67	100.0	100.0	83.33	55.56	50.0		100.0	66.67	66.67	50.0		25.0	50.0	100.0	28.57	100.0	100.0	100.0	83.33	100.0	100.0		100.0	100.0	75.0		75.0		77.78	100.0		100.0	100.0	100.0	50.0	7.14	100.0	28.57	25.0	66.67	100.0		100.0	88.89				11.11	66.67		100.0	22.22	33.33	50.0	50.0	100.0		85.71	100.0	66.67		100.0	32.0	14.29	11.11		100.0		50.0	50.0		20.0		100.0	50.0	37.5	27.27	100.0	100.0		20.0	50.0	33.33	33.33		16.67	33.33			33.33			50.0	33.33	12.5	100.0	37.5	100.0			16.67							100.0		100.0		83.33	100.0	66.67	100.0		16.67	100.0	75.0	100.0	100.0	60.0	100.0	100.0	100.0	100.0	66.67		57.14		83.33	33.33	50.0		100.0	100.0	33.33	16.67	30.0			100.0	30.0	33.33	100.0	100.0		100.0		33.33	70.0	81.82	63.64	100.0			50.0	100.0	100.0	100.0					100.0	50.0			66.67	100.0	40.0	50.0	50.0	25.0	77.78	100.0		50.0	100.0			66.67	25.0	100.0			100.0	66.67	20.0		50.0	100.0		100.0	100.0	60.0		100.0	25.0				6.82				100.0	100.0				83.33
SRR24759615_binette_bin1	Bacteria	Pseudomonadota	Gammaproteobacteria	Enterobacterales	Enterobacteriaceae	Proteus	Proteus mirabilis	15	100.0	0.05	0.0	115.0	115.0	115.0	38.73	23.0	71.0	127849.0	49487.0	17631.0	3476427.0	3476427.0	3476427.0	55623.8																100.0	312	185	0.22028913925714289	16.67	100.0		50.0	100.0	66.67	25.0			85.71	66.67	20.0	14.29		6.67			100.0	3.12						20.0		25.0	100.0	25.0		20.0	25.0	20.0	16.67			66.67	50.0	100.0	33.33	50.0	14.29	50.0	50.0	28.57	18.75	87.5	100.0	50.0	100.0			6.67					66.67			96.88	100.0	95.0	9.09	9.09		42.86	100.0		33.33			50.0	50.0	50.0				100.0				75.0	40.0	40.0	40.0		100.0	100.0	25.0	100.0		38.46	100.0		7.5		40.0		50.0		33.33			100.0	25.0	41.67	100.0	100.0	66.67	22.22	50.0		100.0	33.33	33.33			25.0	100.0	85.71		100.0	100.0	50.0	33.33	88.89	80.0		100.0	50.0	75.0		62.5		66.67	90.0	12.5	100.0	25.0					28.57	25.0	50.0	80.0		100.0	88.89			25.0		66.67		83.33	38.89	33.33	50.0	50.0	100.0		85.71	100.0	66.67		88.89	10.0	14.29	11.11		77.78		50.0	50.0		20.0		85.71	50.0	37.5	27.27	71.43	100.0		20.0	50.0	16.67	33.33			33.33			33.33			50.0	33.33	12.5	40.0	25.0	100.0					50.0			33.33	100.0	100.0		100.0		50.0	100.0	66.67	66.67		16.67	75.0	50.0	75.0	75.0	40.0		100.0	100.0	100.0	55.56		53.57		83.33	33.33	50.0		100.0	100.0	33.33	16.67				100.0	30.0	33.33	100.0	100.0		100.0		47.62	70.0	72.73	63.64	100.0			75.0	66.67	100.0	100.0			14.29		100.0	50.0			66.67	100.0	40.0	50.0	33.33	12.5	69.44	88.89		50.0	100.0				25.0	100.0			100.0	66.67	20.0		50.0	100.0	33.33	88.89	100.0	40.0		75.0					5.68				100.0	100.0				50.0
SRR24759600_binette_bin6	Bacteria	Pseudomonadota	Gammaproteobacteria	Pseudomonadales	Pseudomonadaceae	Entomomonas	Entomomonas moraniae	1	100.0	1.69	0.0	36.0	36.0	36.0	38.07	4.0	14.0	513259.0	285762.0	46381.0	3426966.0	3426966.0	3426966.0	302215.1																92.59	104	58	0.029482674533333336	16.67	80.0			100.0	66.67				100.0	100.0	20.0	28.57	12.5				83.33	3.12	33.33								50.0	50.0		60.0	75.0	80.0	100.0		50.0	66.67		50.0		25.0		25.0	25.0	14.29	18.75	87.5	50.0	50.0	100.0			13.33				33.33	66.67			100.0	100.0	100.0	72.73	100.0	100.0	42.86	100.0		33.33				33.33	100.0				66.67	6.67			100.0	20.0		40.0		100.0	94.44	25.0	100.0		38.46	50.0				40.0		25.0		33.33	11.11		100.0	25.0	41.67	100.0	75.0	33.33	50.0	50.0			66.67	33.33	50.0			25.0	100.0		100.0	66.67	50.0	33.33	77.78	100.0		60.0	100.0	50.0		75.0		55.56	80.0		100.0		100.0		7.14	100.0	42.86	25.0	66.67	100.0		88.89	88.89	20.0	33.33		11.11	66.67		100.0	22.22	33.33	50.0	50.0	100.0		85.71	83.33	66.67		100.0	24.0	28.57	11.11		22.22		44.44	44.44		20.0		71.43	75.0	62.5	36.36	71.43	100.0		20.0		16.67			66.67	50.0			33.33	16.67		50.0			60.0	25.0	100.0					50.0					66.67		100.0		83.33	100.0	66.67	100.0			75.0	50.0	100.0	25.0	20.0		100.0	100.0	100.0	48.61				100.0	66.67			100.0		33.33		60.0		100.0	16.67	30.0		100.0	100.0		100.0		33.33	70.0	72.73	63.64	88.89			25.0	100.0	100.0	66.67					100.0	50.0			66.67	100.0	40.0	50.0	50.0	12.5	69.44	75.0		50.0	100.0				25.0	100.0	14.29	25.0	75.0	100.0	40.0		33.33	80.0	16.67	100.0		60.0		100.0	25.0							33.33		100.0				100.0
SRR24759606_binette_bin1	Bacteria	Pseudomonadota	Gammaproteobacteria	Enterobacterales	Enterobacteriaceae	Providencia	Providencia hangzhouensis	1	100.0	0.36	0.0	22.0	22.0	22.0	40.12	6.0	14.0	645620.0	301940.0	124058.0	4504648.0	4504648.0	4504648.0	332957.4																0.0	312	185	0.007318094700000001	16.67	100.0			100.0	66.67			25.0	100.0	100.0	20.0	28.57	12.5	100.0			100.0	3.12						20.0		25.0	100.0	50.0		60.0	75.0	80.0	100.0		50.0	66.67	50.0	100.0	33.33	50.0	14.29	50.0	50.0	42.86	35.42	100.0	100.0	50.0	100.0	33.33		6.67					66.67			100.0	100.0	100.0	9.09	9.09	8.33	42.86	66.67		33.33		33.33	50.0	50.0	100.0				100.0	6.67			100.0	80.0	80.0	80.0		100.0	100.0	25.0	100.0		46.15	75.0		8.75		40.0		100.0		33.33	5.56		100.0	25.0	41.67	100.0	100.0	83.33	66.67	50.0		100.0	66.67	33.33	50.0		25.0	100.0	100.0	42.86	100.0	100.0	50.0	33.33	100.0	100.0		100.0	100.0	75.0		75.0		77.78	100.0	12.5	100.0	100.0	100.0	50.0	7.14	100.0	28.57	25.0	66.67	100.0		100.0	88.89		33.33	25.0	11.11	66.67		100.0	38.89	33.33	50.0	50.0	100.0		85.71	100.0	66.67	10.0	100.0	32.0	14.29	11.11	20.0	100.0		50.0	50.0		20.0		100.0	25.0	37.5	27.27	100.0	100.0		20.0	50.0	33.33	33.33		66.67	50.0			33.33	16.67		50.0	33.33	12.5	100.0	37.5	100.0			25.0		50.0				100.0	100.0		100.0	10.0	83.33	100.0	66.67	100.0		16.67	100.0	75.0	100.0	100.0	60.0	100.0	100.0	100.0	100.0	66.67		57.14		83.33	33.33	50.0		100.0	100.0	33.33	16.67	30.0			100.0	30.0	66.67	100.0	100.0		100.0		28.57	70.0	81.82	63.64	100.0			75.0	100.0	100.0	100.0					100.0	50.0			66.67	100.0	40.0	50.0	50.0	25.0	77.78	100.0		100.0	100.0		4.17		25.0	100.0			100.0	66.67	20.0		50.0	100.0		100.0	100.0	60.0		100.0	25.0				6.82				100.0	100.0				83.33
SRR24759606_binette_bin2	Bacteria	Pseudomonadota	Gammaproteobacteria	Pseudomonadales	Pseudomonadaceae	Entomomonas	Entomomonas sp040391985	7	100.0	0.49	0.0	25.0	25.0	25.0	35.79	5.0	15.0	430480.0	271820.0	76097.0	3260803.0	3260803.0	3260803.0	249663.5																0.0	507	232	0.055841812190476195	16.67	80.0		50.0	100.0	66.67				100.0	100.0	20.0	28.57	25.0				83.33	3.12								25.0	50.0	50.0		60.0	75.0	80.0	100.0		50.0	66.67		50.0		25.0		25.0	25.0	14.29	18.75	87.5		50.0	100.0		100.0	13.33				33.33	66.67			100.0	100.0	100.0	72.73	100.0	100.0	28.57	100.0		33.33				33.33	100.0				100.0	6.67			100.0	20.0		40.0		100.0	94.44	25.0	100.0		38.46	50.0				40.0				33.33	11.11		100.0	25.0	41.67	100.0	75.0	33.33	50.0	50.0			66.67	33.33	75.0			25.0	100.0	14.29	50.0	66.67	50.0	33.33	77.78	100.0		80.0	100.0	50.0		75.0		55.56	80.0		100.0	75.0	75.0		14.29	100.0	28.57	25.0	66.67	100.0		88.89	88.89	20.0			55.56	66.67		100.0	72.22	33.33	50.0	50.0	100.0		85.71	83.33	66.67		100.0	56.0	28.57	27.78		11.11		44.44	44.44		20.0		57.14	50.0	62.5	27.27	71.43	100.0		20.0		16.67			16.67	50.0			33.33	16.67		50.0			100.0	50.0	100.0					50.0					66.67		100.0		83.33	100.0	50.0	88.89			50.0	50.0	75.0		60.0	57.14	100.0	100.0	100.0	48.61				100.0	100.0	50.0		100.0	100.0	33.33		30.0		100.0	16.67	30.0		100.0	100.0		100.0		28.57	60.0	63.64	63.64	88.89			25.0	100.0	100.0	83.33					100.0	50.0			66.67	80.0	40.0	50.0	50.0	12.5	80.56	75.0		50.0	40.0				25.0	100.0	14.29		75.0	100.0	20.0		33.33	80.0	16.67	100.0		60.0		100.0									100.0	100.0				100.0
SRR24759603_binette_bin2	Bacteria	Pseudomonadota	Gammaproteobacteria	Pseudomonadales	Pseudomonadaceae	Entomomonas	unclassified	4	100.0	0.07	0.0	28.0	28.0	28.0	39.81	7.0	17.0	347229.0	188039.0	57275.0	3041630.0	3041630.0	3041630.0	181627.2																50.0	507	232	0.04933498409047619	16.67	80.0		50.0	100.0	66.67				100.0	100.0	20.0	14.29	12.5				83.33	3.12									50.0	50.0		60.0	75.0	80.0	100.0		50.0	66.67		50.0		25.0		25.0	25.0	14.29	18.75	87.5		50.0	100.0		100.0	100.0				33.33	66.67			100.0	100.0	100.0	9.09	9.09	8.33	28.57	100.0		33.33				33.33	100.0				100.0	6.67			100.0	20.0		40.0		100.0	94.44	25.0	100.0		38.46	50.0				40.0				33.33	11.11		100.0	25.0	41.67	100.0	75.0	33.33	50.0	50.0			66.67	33.33	50.0			25.0	100.0		100.0	66.67	50.0	33.33	77.78	100.0		80.0	100.0	50.0		87.5		66.67	90.0		100.0		75.0		14.29	50.0	28.57	25.0	66.67	100.0		88.89	88.89				44.44	66.67		100.0	38.89	33.33	50.0	50.0	100.0		85.71	83.33	66.67		100.0	56.0	28.57	27.78		11.11		44.44	44.44		20.0		85.71	50.0	62.5	27.27	78.57	100.0		20.0		16.67		50.0	16.67	50.0			33.33	16.67		50.0			80.0	50.0	100.0					50.0					66.67		100.0		83.33	100.0	50.0	88.89			66.67	50.0	100.0		20.0	57.14	100.0	100.0	100.0	48.61				100.0	83.33	100.0		100.0	100.0	33.33		20.0		100.0	16.67	30.0		100.0	100.0		100.0		28.57	60.0	72.73	63.64	88.89			25.0	100.0	100.0	83.33					100.0	37.5			66.67	80.0	40.0	50.0	50.0	12.5	80.56	75.0		50.0	100.0				25.0	100.0	28.57		75.0	100.0	20.0		33.33	80.0	16.67	100.0		80.0		100.0	25.0		16.67						66.67	100.0				100.0
SRR24759597_binette_bin1	Bacteria	Pseudomonadota	Gammaproteobacteria	Enterobacterales	Enterobacteriaceae	Frischella	Frischella perrara	21	100.0	1.02	0.0	96.0	96.0	96.0	34.0	16.0	55.0	151911.0	33844.0	9767.0	2142574.0	2142574.0	2142574.0	54116.7																50.0	277	177	0.25431772333333336	5.56	100.0		50.0	75.0	50.0				100.0	100.0	20.0	14.29	12.5	100.0			33.33	3.12										50.0							50.0	100.0		50.0		25.0				14.29	18.75	87.5			50.0			6.67								16.67		26.67		9.09	16.67	28.57	100.0						50.0	100.0				66.67							40.0		100.0	77.78		50.0		15.38	50.0				40.0		50.0		33.33	5.56		100.0	25.0	41.67	75.0	100.0	83.33	22.22	25.0		50.0	33.33					25.0	78.57		100.0		50.0	33.33	100.0	100.0			75.0	25.0		50.0		66.67	90.0		100.0				7.14	100.0	14.29	25.0	66.67	100.0		88.89	88.89			25.0	11.11	66.67		100.0	16.67	33.33	50.0	50.0	100.0		85.71	83.33	66.67		100.0	4.0				11.11		44.44	44.44		10.0		100.0	25.0	37.5		4.76	100.0		20.0		50.0			16.67	33.33							33.33		40.0	25.0	36.36					50.0					100.0		100.0		83.33	100.0	50.0	55.56			100.0	75.0	100.0	100.0	60.0		100.0	100.0	100.0	11.11				50.0				100.0		33.33					16.67	20.0	33.33	80.0	66.67		100.0		42.86	30.0	63.64	54.55	88.89			25.0	100.0	100.0	83.33			14.29			25.0			66.67	100.0	40.0	50.0	16.67	12.5	33.33	27.78	11.11	100.0	100.0				25.0	83.33			100.0	66.67	20.0		50.0	80.0		66.67		60.0		100.0	25.0				1.14									
SRR24759600_binette_bin3	Bacteria	Bacillota	Clostridia	Tissierellales	Tepidimicrobiaceae	Schnuerera	Schnuerera sp021655095	3	100.0	0.31	0.0	193.0	193.0	193.0	31.4	37.0	121.0	105510.0	23593.0	7535.0	2758665.0	2758665.0	2758665.0	28461.7																100.0	250	143	0.008106526666666666	11.11				50.0	77.78				14.29				25.0	20.0				3.12		14.29		16.67						50.0				20.0	16.67		50.0	100.0	50.0	100.0	33.33	50.0			25.0	28.57	37.5	75.0				66.67		20.0								25.0		40.0	63.64	90.91	83.33	14.29	100.0						33.33	100.0									60.0	20.0	40.0		87.5	88.89		75.0		28.85	25.0		1.25		40.0		25.0		33.33	47.22		100.0	25.0	41.67	100.0	50.0	66.67	33.33	25.0				33.33			25.0	100.0	100.0		50.0	100.0		33.33	100.0	100.0			100.0	83.33					10.0		11.11	100.0			21.43		39.29			20.0							11.11				22.22						71.43	66.67	66.67		77.78	4.0	14.29	5.56	20.0	11.11	16.67	44.44	44.44	8.33	10.0		28.57	25.0	65.62	9.09		50.0		20.0															40.0	25.0	27.27								33.33	100.0	66.67		25.0			100.0	16.67	11.11			66.67		100.0			14.29	25.0	100.0	33.33	48.61		3.57		50.0	66.67	100.0					83.33	26.67				20.0	50.0	90.0	100.0		100.0		57.14	35.0	72.73		11.11			50.0	33.33	100.0			33.33								40.0	20.0			12.5	25.0	25.0	11.11		40.0				25.0				25.0				33.33	80.0		33.33		20.0		25.0	25.0				1.14			33.33						33.33
SRR24759606_binette_bin3	Bacteria	Bacillota	Bacilli	Lactobacillales	Lactobacillaceae	Apilactobacillus	Apilactobacillus kunkeei_C	21	100.0	1.45	0.0	115.0	115.0	115.0	37.14	22.0	73.0	89870.0	23540.0	5687.0	1535311.0	1535311.0	1535311.0	27390.6																57.14	376	160	0.24366562661904764	12.96				75.0	16.67				57.14	100.0		14.29						3.12										25.0							50.0	100.0	50.0	100.0	33.33	50.0	14.29	25.0	25.0	85.71	75.0	25.0	50.0					6.67				33.33				16.67		26.67				28.57	100.0						66.67												40.0		100.0	94.44		50.0		19.23					60.0		50.0		33.33	5.56		100.0	25.0	41.67	100.0	100.0		33.33			25.0	33.33				25.0	50.0	71.43	14.29			50.0	33.33	77.78	100.0			75.0	25.0											7.14			25.0	66.67	10.0						25.0	22.22			100.0							85.71	83.33	100.0		100.0	4.0						44.44	44.44		20.0		85.71	25.0	31.25		19.05			20.0															40.0	25.0											100.0		100.0		83.33	100.0	16.67	11.11			75.0	50.0	50.0	100.0			75.0	100.0	33.33	11.11				66.67				100.0		33.33					16.67			80.0	66.67				42.86	20.0	45.45		22.22			25.0	66.67	56.25						25.0					40.0	20.0	16.67	16.67	12.5	33.33	27.78	11.11	100.0	100.0				25.0	100.0			100.0	33.33	20.0		50.0	100.0				60.0		12.5								33.33		100.0				
SRR24759610_binette_bin1	Bacteria	Pseudomonadota	Gammaproteobacteria	Enterobacterales	Enterobacteriaceae	Klebsiella	Klebsiella oxytoca	11	99.9	0.17	0.0	144.0	144.0	144.0	55.49	30.0	88.0	299962.0	57121.0	19335.0	5483319.0	5483319.0	5483319.0	77894.5																50.0	1159	336	0.04533716977619048	22.22	100.0			100.0	66.67			25.0	100.0	100.0	100.0	28.57	12.5	100.0	50.0		100.0	3.12					100.0			25.0	100.0	50.0		60.0	75.0	80.0	100.0	25.0	50.0	66.67		50.0		25.0	14.29	50.0	50.0	14.29	18.75	87.5	100.0	50.0	100.0			73.33	100.0				100.0			100.0	100.0	100.0	72.73	100.0	100.0	42.86	66.67		33.33		33.33	100.0	50.0	100.0				100.0	6.67			100.0	100.0	100.0	100.0		100.0	100.0	25.0	100.0		46.15	100.0				60.0		100.0		33.33	22.22		100.0	25.0	41.67	100.0	100.0	83.33	66.67	75.0		100.0	66.67	66.67	100.0		25.0	100.0	100.0	28.57	100.0	100.0	100.0	100.0	100.0	100.0		100.0	100.0	75.0		75.0		77.78	90.0		100.0	100.0	100.0		10.71	100.0	28.57	25.0	66.67	100.0		100.0	88.89	20.0			11.11	66.67		100.0	22.22	33.33	50.0	50.0	100.0		85.71	83.33	66.67	10.0	100.0	52.0	71.43	11.11	20.0	100.0		44.44	44.44	8.33	20.0		100.0	100.0	100.0	54.55	71.43	100.0		20.0	50.0	100.0	33.33	50.0	16.67	50.0	50.0	50.0	33.33	16.67	50.0	50.0	66.67		100.0	37.5	100.0		4.17			50.0		8.33		100.0	100.0		100.0	10.0	83.33	100.0	83.33	100.0	66.67	16.67	83.33	75.0	100.0	50.0	20.0	100.0	100.0	100.0	100.0	66.67		57.14		100.0	100.0	50.0		100.0	100.0	33.33	33.33	60.0	14.29		100.0	100.0	66.67	100.0	100.0		100.0		33.33	80.0	81.82	63.64	100.0	25.0		75.0	100.0	100.0	100.0					100.0	50.0			66.67	100.0	40.0	50.0	50.0	25.0	77.78	100.0		100.0	100.0	33.33	100.0	100.0	25.0	100.0			100.0	66.67	60.0		50.0	100.0		100.0	100.0	60.0		100.0						33.33		33.33	100.0	100.0				83.33
SRR24759600_binette_bin1	Bacteria	Bacteroidota	Bacteroidia	Flavobacteriales	Weeksellaceae	Apibacter	Apibacter sp945280365	10	99.9	0.03	0.0	56.0	56.0	56.0	29.57	8.0	22.0	248517.0	118501.0	36540.0	2426353.0	2426353.0	2426353.0	118271.5																0.0	152	93	0.029561803352380952	16.67				100.0	66.67				85.71	66.67		28.57	12.5	20.0	50.0		16.67	3.12										25.0							50.0	100.0	50.0	100.0	33.33	50.0		25.0	25.0	71.43	75.0	12.5	50.0	50.0	100.0											100.0	100.0	100.0	12.12	4.55	8.33	28.57	100.0					100.0	16.67	100.0				66.67		66.67					40.0		37.5	94.44		100.0		30.77					40.0		25.0		33.33	5.56		100.0	25.0	41.67	100.0	100.0	66.67	33.33	50.0								25.0	100.0	28.57		33.33	50.0	33.33	88.89	100.0	25.0	60.0	100.0	50.0		62.5		77.78	90.0		100.0				7.14	50.0	28.57		100.0	80.0		77.78	88.89				22.22	66.67		100.0	22.22	33.33	50.0	50.0	100.0		85.71	83.33	66.67		88.89	4.0		11.11		77.78		44.44	44.44		20.0		71.43	75.0	25.0	27.27	42.86	83.33	10.0	20.0		16.67			16.67	16.67									40.0	25.0	100.0					50.0					66.67		75.0		66.67	100.0	50.0	55.56		16.67	75.0		100.0	25.0	20.0	2.86	50.0	100.0	100.0	36.11		50.0		50.0	16.67			100.0		33.33				100.0	50.0		33.33	80.0	100.0		100.0		42.86	60.0	72.73	18.18	100.0			25.0	100.0	75.0	91.67					75.0				66.67	80.0	40.0	50.0	16.67	12.5	8.33	11.11	11.11		100.0			16.67	25.0	100.0			50.0				33.33	40.0		22.22		40.0		100.0	25.0							33.33		100.0				100.0
SRR24759612_binette_bin1	Bacteria	Bacillota	Bacilli	Bacillales_D	Amphibacillaceae	Virgibacillus	Virgibacillus proomii_B	1	99.9	1.09	0.0	135.0	135.0	135.0	35.93	31.0	92.0	139103.0	48725.0	16425.0	4501605.0	4501605.0	4501605.0	54982.6																0.0	274	150	0.006013610252380952	22.22	20.0		50.0	100.0	66.67				28.57	100.0		42.86	12.5	40.0				3.12		14.29							100.0	53.12		20.0	25.0	20.0	33.33		50.0	100.0	50.0	100.0	33.33	50.0			25.0	85.71	75.0	25.0	50.0			33.33		40.0	25.0					8.33		100.0	100.0	100.0			8.33	42.86	83.33						100.0	100.0	100.0		100.0	66.67	6.67		75.0		40.0	40.0	40.0		100.0	94.44		100.0		30.77					100.0		75.0	7.69	33.33	30.56		100.0	25.0	41.67	100.0	100.0	83.33	33.33	50.0	16.67		33.33	66.67			25.0	75.0	100.0	28.57		100.0	50.0	33.33	100.0	100.0		100.0	100.0	75.0		75.0		100.0	80.0		100.0	100.0	75.0		14.29		28.57		66.67	100.0					33.33		66.67			100.0	66.67	66.67	50.0	50.0	50.0		100.0	83.33	100.0		77.78	30.0	28.57	11.11	40.0	88.89		44.44	44.44		20.0	100.0	100.0	50.0	75.0	27.27	71.43	33.33	10.0	20.0	100.0										50.0				100.0	75.0										50.0	100.0				83.33	100.0	83.33	66.67			100.0	75.0	100.0	100.0		82.86	50.0	100.0	100.0	48.61		42.86		66.67	66.67	100.0		100.0	100.0	100.0	50.0			100.0			33.33	100.0	100.0		100.0		42.86	60.0	72.73	27.27	100.0			75.0	33.33	100.0	83.33					75.0					100.0	20.0	50.0	33.33	25.0	91.67	72.22	11.11	100.0	100.0		16.67		25.0	100.0	42.86		50.0		20.0	25.0	50.0	100.0		11.11		80.0		100.0	50.0							100.0	100.0	100.0				
SRR24759600_binette_bin2	Bacteria	Pseudomonadota	Alphaproteobacteria	Rhizobiales	Rhizobiaceae	Bartonella_A	unclassified	11	99.8	0.16	0.0	48.0	48.0	48.0	45.33	6.0	27.0	422661.0	123140.0	23753.0	2669964.0	2669964.0	2669964.0	170918.6																100.0	349	230	0.02839057392857143	40.28				75.0	66.67				57.14	100.0		28.57	12.5					3.12										62.5							50.0	100.0		50.0			14.29	50.0	25.0	14.29	16.67	75.0	50.0	100.0	75.0				25.0			33.33				100.0	100.0	100.0	90.91	90.91	83.33	42.86	100.0		33.33			50.0	33.33	100.0		20.0	50.0	100.0	13.33		50.0	100.0	20.0	20.0	40.0		100.0	94.44	25.0	100.0		30.77	50.0				40.0	25.0	100.0		33.33	55.56		100.0	25.0	41.67	100.0	100.0	33.33	44.44				33.33	33.33	50.0			25.0	100.0	14.29	100.0	100.0	50.0	33.33	100.0	100.0		60.0	100.0	75.0		62.5		55.56	80.0		100.0	12.5		25.0	14.29	50.0	28.57	25.0	50.0	100.0		88.89	100.0	20.0			11.11	33.33		83.33	22.22	33.33	50.0	50.0	100.0	12.5	85.71	83.33	66.67		100.0	30.0	28.57	11.11	20.0	11.11		44.44	44.44		20.0		100.0	75.0	25.0	27.27	42.86	100.0		20.0		16.67			16.67	33.33			33.33			50.0			40.0	25.0	100.0	20.0		16.67		50.0					100.0		100.0		83.33	100.0	83.33	66.67			83.33	50.0	100.0	50.0	20.0	85.71	50.0	100.0	100.0	61.11				66.67		100.0		100.0	100.0	33.33	100.0		14.29		66.67		33.33	100.0	100.0		100.0		42.86	65.0	81.82	18.18	88.89			50.0	100.0	100.0	66.67					100.0				33.33	80.0	60.0	66.67	16.67	12.5	47.22	36.11	11.11	100.0	100.0		16.67		25.0	100.0			50.0	66.67			50.0	100.0	16.67	55.56		80.0		100.0							16.67		66.67	100.0				100.0
SRR24759605_binette_bin3	Bacteria	Pseudomonadota	Gammaproteobacteria	Enterobacterales_A	Enterobacteriaceae_A	Arsenophonus	Arsenophonus apicola	2	99.7	0.59	0.0	43.0	43.0	43.0	37.05	8.0	22.0	332169.0	131653.0	35649.0	2880954.0	2880954.0	2880954.0	140130.9																0.0	312	185	0.0614736561952381	16.67	100.0		50.0	100.0	100.0	25.0			14.29			28.57	12.5					3.12										50.0		60.0	75.0	80.0	100.0		50.0	66.67		50.0		25.0	14.29	50.0	50.0		2.08	87.5	100.0	50.0	100.0		100.0						66.67			100.0	100.0	100.0				14.29	100.0					50.0	50.0	100.0				100.0	6.67			100.0	20.0	20.0	40.0		100.0	100.0		100.0		38.46			12.5		40.0		75.0		33.33			100.0	25.0	41.67	100.0	100.0	66.67	44.44	50.0		100.0	66.67	33.33		1.85	25.0	25.0	100.0	14.29	100.0	66.67	50.0	33.33	100.0	100.0		100.0	100.0	75.0		75.0		77.78	100.0			25.0					28.57	25.0	66.67	100.0		100.0	88.89					66.67		100.0	22.22	33.33	50.0	50.0	100.0		85.71	83.33	66.67	10.0	88.89	28.0	14.29	11.11		100.0		44.44	44.44		20.0		57.14	25.0	62.5	27.27	71.43	100.0		20.0	50.0	33.33	33.33		16.67	33.33			33.33			50.0	33.33		100.0	37.5	100.0										100.0		50.0	10.0	33.33	100.0		11.11		16.67	100.0	50.0	100.0	100.0	60.0		100.0	100.0	100.0	36.11		57.14		100.0	100.0	50.0		100.0	100.0	33.33		20.0			100.0	20.0	66.67	100.0	100.0		100.0		19.05	80.0	81.82	63.64	100.0			50.0	100.0	93.75	91.67					100.0				66.67	100.0	40.0	50.0	50.0	25.0	77.78	100.0		50.0	100.0				25.0	100.0			100.0	66.67	20.0		50.0	100.0		100.0	100.0			100.0					9.09			33.33	100.0	100.0				83.33
SRR24759599_binette_bin3	Bacteria	Bacillota	Bacilli	Lactobacillales	Lactobacillaceae	Bombilactobacillus	Bombilactobacillus mellis	11	99.7	0.54	0.0	150.0	150.0	150.0	36.68	25.0	96.0	90331.0	15683.0	4860.0	1547252.0	1547252.0	1547252.0	24068.1																50.0	350	191	0.026883117742857142	7.41				75.0	33.33				28.57	66.67		14.29	12.5	80.0				3.12																		66.67	50.0	100.0	33.33	50.0				85.71	75.0	25.0						6.67			33.33					22.92		36.67				28.57	100.0						50.0					66.67					100.0	100.0	40.0		15.62	94.44		50.0		11.54					40.0		75.0		33.33	5.56		100.0		16.67	25.0		83.33	11.11	25.0		25.0	66.67				25.0	100.0	85.71	28.57		33.33	50.0	33.33	100.0	100.0			75.0	50.0											7.14			25.0									22.22				5.56	33.33					85.71	83.33	100.0		88.89	24.0	28.57	5.56		33.33		33.33	33.33		20.0		57.14	25.0	31.25		19.05			20.0															40.0	37.5										100.0	100.0				66.67	100.0	16.67	11.11			100.0	75.0	100.0	100.0		14.29	50.0	100.0	33.33	25.0		14.29		16.67	16.67	50.0		50.0		33.33								60.0	66.67		100.0		28.57	15.0	63.64		11.11			75.0	33.33	50.0						25.0					40.0	20.0	16.67	16.67	12.5	33.33	27.78	11.11	100.0	40.0	33.33			25.0		14.29		75.0	33.33	20.0		50.0	100.0		11.11		40.0								33.33		33.33	33.33					100.0
SRR24759604_binette_bin3	Bacteria	Actinomycetota	Actinomycetes	Actinomycetales	Bifidobacteriaceae	Bombiscardovia	Bombiscardovia coryneforme	31	99.4	1.15	0.0	172.0	172.0	172.0	60.58	31.0	102.0	53855.0	19129.0	4106.0	1744940.0	1744940.0	1744940.0	20888.0																66.67	464	220	0.2825733338095239	3.7				75.0	66.67		33.33		57.14	100.0		14.29	12.5	60.0														50.0							50.0	100.0	50.0	50.0			14.29	25.0	25.0			87.5	100.0													77.08	100.0	63.33			16.67	14.29	66.67			25.0			50.0					66.67					60.0	100.0	40.0		100.0	100.0	25.0	50.0		30.77					40.0		75.0		33.33			100.0		16.67	25.0		33.33	44.44	25.0			33.33				25.0	100.0	78.57	14.29	50.0	33.33	50.0	33.33	88.89	100.0		60.0	75.0	50.0					10.0		100.0						28.57	25.0	66.67	100.0										100.0	22.22						85.71	83.33	66.67		100.0	20.0	14.29	5.56		11.11					10.0		85.71	50.0	25.0	27.27	23.81			20.0															60.0	25.0										100.0	100.0	6.67	100.0		83.33	100.0	16.67	22.22			100.0	50.0	100.0	100.0			50.0	100.0	33.33	30.56				16.67				100.0		33.33								80.0	66.67		33.33		42.86	55.0	63.64		11.11			75.0		100.0						50.0			50.0		50.0	20.0	16.67		12.5			11.11		100.0				25.0	83.33			50.0	33.33			50.0	100.0				60.0		100.0	12.5									100.0				100.0
SRR24759610_binette_bin2	Bacteria	Bacillota	Bacilli	Lactobacillales	Enterococcaceae	Enterococcus	Enterococcus faecalis	13	99.3	0.11	0.0	218.0	218.0	218.0	37.79	51.0	148.0	65421.0	17057.0	5699.0	2553191.0	2553191.0	2553191.0	19726.5																50.0	475	267	0.03128208702380951	7.41				100.0	77.78					33.33		14.29	12.5	100.0				3.12									50.0	50.0							50.0	100.0	50.0	100.0	33.33	50.0	14.29	25.0		85.71	75.0	50.0		50.0				26.67			33.33	33.33				10.42		16.67			8.33	28.57	100.0						83.33	100.0				66.67					40.0	60.0	40.0		100.0	94.44		100.0		11.54					40.0		75.0		33.33	5.56		100.0	25.0	41.67	100.0	100.0	83.33	33.33	25.0		25.0		66.67			25.0	100.0	85.71		50.0	33.33	50.0	33.33	100.0	100.0			100.0	83.33											7.14			25.0		30.0						25.0	22.22	33.33			33.33	33.33					85.71	83.33	100.0		88.89	4.0		5.56	20.0	77.78		44.44	44.44		20.0		71.43	25.0	25.0		4.76	50.0	10.0	20.0												50.0			40.0	25.0	18.18									100.0	100.0				50.0	100.0	33.33	22.22			100.0	75.0	100.0	100.0			25.0	100.0	33.33	41.67		42.86		66.67				100.0		33.33		26.67					33.33	100.0	100.0		100.0		33.33	25.0	63.64		22.22			75.0	33.33	100.0						25.0				33.33	100.0	40.0	33.33	16.67	12.5	33.33	27.78	11.11	100.0	100.0				25.0				25.0				50.0	100.0				20.0	100.0	37.5								66.67						100.0
SRR24759613_binette_bin6	Bacteria	Pseudomonadota	Alphaproteobacteria	Rhizobiales	Rhizobiaceae	Bartonella_A	Bartonella_A sp945285915	25	99.3	5.15	0.0	567.0	567.0	567.0	41.87	104.0	372.0	37304.0	8635.0	2158.0	2870822.0	2870822.0	2870822.0	10002.2																86.49	349	230	0.20623185519047618	34.72				100.0	66.67				71.43	100.0		28.57	12.5					3.12									50.0	50.0							50.0	100.0		50.0			14.29	50.0	25.0	14.29	16.67	75.0	50.0	100.0	75.0							33.33				100.0	100.0	100.0	90.91	90.91	100.0	42.86	100.0		33.33				33.33	100.0		30.0	100.0		13.33		50.0	100.0	20.0	20.0	40.0		100.0	94.44	25.0	75.0		30.77	50.0				40.0	25.0	100.0		33.33	22.22		100.0	16.67	33.33	100.0	75.0	33.33	44.44				66.67	33.33	25.0			25.0	100.0	14.29	100.0	100.0	50.0	33.33	100.0	100.0		60.0	100.0	75.0		62.5		33.33	60.0		100.0	12.5			7.14	50.0	28.57	25.0	50.0	100.0		88.89	100.0	20.0			11.11	33.33	50.0	83.33	27.78	33.33	50.0	50.0	100.0	12.5	85.71	83.33	66.67		100.0	48.0	28.57	11.11	20.0			38.89	38.89		10.0		100.0	75.0	25.0	27.27	42.86	100.0		20.0		16.67			16.67	33.33			33.33			50.0		12.5	40.0	25.0	100.0	20.0		16.67		50.0					100.0		100.0		83.33	100.0	83.33	66.67			83.33	50.0	100.0	50.0	20.0	28.57	50.0	50.0	100.0	61.11				66.67	16.67	50.0		100.0	100.0	33.33	50.0		14.29		66.67			90.0	100.0	25.0	100.0	16.67	42.86	65.0	81.82	18.18	88.89			50.0	100.0	100.0	50.0					100.0			50.0	33.33	80.0	60.0	66.67	16.67	12.5	47.22	36.11	11.11	100.0	100.0				25.0	100.0			50.0	66.67			50.0	100.0	16.67	44.44		60.0		100.0	16.67						16.67		50.0	100.0				
SRR24759613_binette_bin1	Bacteria	Bacillota	Clostridia	Lachnospirales	Lachnospiraceae	Novisyntrophococcus	Novisyntrophococcus liquoris	12	98.7	0.15	0.0	104.0	104.0	104.0	42.19	16.0	48.0	198984.0	72494.0	20727.0	3509914.0	3509914.0	3509914.0	82087.1																0.0	278	158	0.03691829214761905	12.96		33.33		75.0	50.0				71.43	100.0		42.86		20.0			66.67	3.12		14.29						25.0		50.0				20.0	16.67		50.0	100.0		50.0		25.0	14.29	25.0	25.0			87.5		50.0											25.0	66.67	100.0	46.67	63.64	81.82	100.0	28.57	100.0						50.0	100.0									100.0	100.0	40.0		12.5	100.0		50.0	20.0	11.54		25.0			40.0		50.0		33.33			100.0	25.0	41.67	100.0	100.0	66.67	33.33	25.0				33.33				100.0	100.0	50.0	50.0	100.0	100.0	83.33	100.0	100.0		40.0	75.0	50.0		37.5		66.67	70.0	12.5	100.0						14.29		66.67	100.0										100.0	22.22						100.0	100.0	66.67		88.89		14.29	5.56	20.0		16.67	44.44	44.44		33.33		85.71	50.0	37.5	27.27	19.05	50.0		20.0															60.0	25.0	24.24						66.67			100.0	66.67		100.0		83.33	100.0	33.33	22.22	33.33	16.67	75.0		100.0	25.0			50.0	100.0	100.0	43.06				50.0	33.33			100.0		33.33					16.67		66.67	60.0	66.67		100.0		100.0	60.0	63.64		11.11			75.0	66.67	100.0	100.0					25.0	50.0				40.0	20.0	16.67		12.5	16.67	16.67	11.11		80.0			66.67	25.0	100.0			50.0	33.33			50.0	80.0			25.0	60.0	88.89	100.0	100.0	40.0												100.0
SRR24759614_binette_bin5	Bacteria	Pseudomonadota	Gammaproteobacteria	Burkholderiales	Neisseriaceae	Snodgrassella	Snodgrassella alvi	27	98.4	3.29	0.0	365.0	365.0	365.0	41.35	74.0	240.0	31438.0	9473.0	2838.0	2328803.0	2328803.0	2328803.0	11655.2																73.91	387	234	0.261019326047619	16.67	40.0			100.0	66.67	25.0			71.43	100.0		14.29		6.67			72.22	3.12										50.0		20.0	25.0	20.0	33.33		50.0	100.0		50.0			28.57	50.0	25.0	14.29	18.75	87.5	100.0	50.0	75.0											100.0	100.0	100.0		9.09		28.57	100.0		33.33			50.0	50.0	100.0				100.0	6.67			100.0			40.0		100.0	100.0	25.0	100.0		30.77	50.0				40.0		25.0		33.33	5.56		100.0	25.0	41.67	75.0	100.0	33.33	55.56	75.0		25.0	66.67		25.0			50.0	85.71		100.0	33.33	50.0	33.33	66.67	80.0		60.0	75.0	50.0		75.0		77.78	90.0		94.44				7.14			25.0	66.67	100.0		77.78	77.78	20.0			11.11	33.33		100.0	22.22	33.33	50.0	50.0	100.0		71.43	66.67	55.56		88.89	24.0	14.29	11.11		11.11		44.44	44.44		10.0		100.0	25.0	62.5	18.18	42.86	66.67		20.0		16.67			16.67	50.0			33.33	16.67					100.0	50.0	100.0					50.0					66.67		100.0		83.33	100.0	50.0	55.56			75.0	50.0	100.0	25.0	60.0		100.0	100.0	100.0	23.61				83.33	66.67			100.0		33.33					66.67	20.0		100.0	100.0		100.0		42.86	50.0	72.73	27.27	88.89			25.0	66.67	100.0	100.0					100.0	50.0			33.33	100.0	20.0	50.0	33.33		55.56	47.22		50.0	100.0				25.0	100.0	14.29		75.0	66.67	20.0		33.33	80.0		55.56		60.0		100.0							16.67			100.0				33.33
SRR24759613_binette_bin2	Bacteria	Bacillota	Bacilli	Lactobacillales	Lactobacillaceae	Fructobacillus	Fructobacillus fructosus	21	98.0	0.25	0.0	15.0	15.0	15.0	45.24	4.0	9.0	213978.0	132427.0	70986.0	1262975.0	1262975.0	1262975.0	142417.6																0.0	350	191	0.0880018744761905	5.56				75.0	16.67				28.57	66.67		14.29						3.12										37.5							50.0	100.0	50.0	100.0	33.33	50.0				85.71	75.0	12.5									33.33											28.57	100.0						33.33												40.0		12.5	94.44		50.0		7.69					40.0		50.0		33.33	5.56		100.0	25.0	41.67	100.0	100.0		22.22					33.33				50.0	71.43				50.0	33.33	77.78	100.0			75.0	25.0											7.14			25.0		30.0							22.22				16.67						85.71	83.33	100.0		88.89	4.0						44.44	44.44		20.0		42.86	25.0	18.75					20.0																											100.0				66.67	100.0	16.67	22.22			75.0	50.0	50.0	100.0				100.0	33.33	5.56				50.0				100.0		33.33								80.0	66.67				42.86		45.45		22.22			25.0	33.33	62.5											40.0	20.0	16.67	8.33	12.5	8.33	5.56	11.11	75.0	100.0				25.0	100.0			25.0				50.0	100.0				40.0		37.5	25.0													
SRR24759598_binette_bin3	Bacteria	Pseudomonadota	Gammaproteobacteria	Enterobacterales	Enterobacteriaceae	Serratia	Serratia ureilytica	1	97.9	1.62	0.0	585.0	585.0	585.0	60.1	129.0	385.0	57740.0	11813.0	3791.0	4692206.0	4692206.0	4692206.0	13687.8																53.85	546	224	0.0042385256047619045	16.67	100.0			100.0	66.67	25.0		33.33	100.0	100.0	100.0	28.57	12.5	100.0			100.0	3.12								25.0	100.0	50.0		60.0	75.0	80.0	100.0		50.0	66.67		50.0		25.0	14.29	50.0	50.0	14.29	18.75	87.5	100.0	50.0	100.0			13.33	50.0				66.67			100.0	100.0	100.0	9.09	9.09	8.33	42.86	66.67		33.33			100.0	50.0	100.0				100.0	6.67			100.0	80.0	100.0	60.0	33.33	100.0	100.0	25.0	100.0		46.15	100.0				60.0		100.0		33.33	5.56		100.0	25.0	41.67	100.0	100.0	66.67	55.56	50.0		100.0	66.67	66.67	100.0		25.0	100.0	100.0	42.86	100.0	100.0	100.0	100.0	100.0	100.0		100.0	100.0	75.0		87.5		77.78	100.0		100.0	100.0	100.0	58.33	7.14	100.0	28.57	25.0	66.67	100.0		100.0	88.89	20.0	33.33	25.0	44.44	66.67		100.0	22.22	33.33	50.0	50.0	100.0		85.71	83.33	66.67		100.0	52.0	57.14	11.11	20.0	88.89		44.44	44.44		20.0		100.0	75.0	62.5	36.36	100.0	100.0		20.0	50.0	16.67	33.33	50.0	66.67	50.0	50.0		33.33	16.67		50.0	33.33		100.0	50.0	77.27			100.0		50.0		8.33		100.0	100.0		100.0		83.33	100.0	83.33	100.0		16.67	83.33	50.0	100.0	50.0	20.0	100.0	100.0	100.0	100.0	66.67		53.57		83.33	100.0	50.0		50.0	100.0	33.33		20.0			100.0	30.0	33.33	100.0	100.0		100.0		28.57	80.0	81.82	63.64	100.0			75.0	100.0	100.0	100.0					100.0	25.0	50.0		66.67	100.0	40.0	50.0	50.0	25.0	77.78	100.0		100.0	100.0		16.67	66.67	25.0	100.0	28.57		100.0	66.67	60.0		50.0	100.0		100.0	100.0	60.0		100.0									66.67	100.0				83.33
SRR24759603_binette_bin6	Bacteria	Pseudomonadota	Gammaproteobacteria	Pseudomonadales	Pseudomonadaceae	Entomomonas	Entomomonas sp945283395	6	95.0	1.43	0.0	551.0	551.0	551.0	35.62	132.0	397.0	28875.0	5984.0	2088.0	2407146.0	2407146.0	2407146.0	6914.7																28.57	507	232	0.014138057690476189	16.67	80.0		50.0	100.0	66.67	25.0			100.0	100.0	20.0	28.57	12.5				83.33	3.12										50.0		60.0	75.0	80.0	100.0		50.0	66.67		50.0		25.0		25.0	25.0	14.29	18.75	87.5		50.0	100.0							33.33	66.67			100.0	100.0	100.0	63.64	100.0	100.0	28.57	100.0		33.33				33.33	100.0					6.67			100.0			40.0		100.0	94.44	25.0	100.0		30.77	50.0				40.0	25.0			33.33	11.11		100.0	25.0	41.67	100.0	75.0	33.33	38.89	50.0			66.67	33.33	25.0			25.0	100.0	14.29	100.0	66.67	50.0	33.33	77.78	100.0		80.0	100.0	50.0		62.5		44.44	70.0		100.0				7.14	50.0	28.57	25.0	66.67	100.0		88.89	88.89	20.0			44.44	66.67		100.0	22.22	33.33	50.0	50.0	100.0		85.71	83.33	66.67		100.0	44.0	42.86	11.11		22.22		44.44	44.44		20.0		85.71	25.0	50.0	18.18	71.43	100.0		20.0		16.67			16.67	50.0				16.67					40.0	25.0	100.0					50.0					66.67		100.0		83.33	100.0	66.67	55.56			50.0	50.0	75.0		20.0		100.0	100.0	100.0	48.61				100.0	50.0	50.0		100.0		33.33		20.0		100.0	16.67	30.0		100.0	100.0		100.0		14.29	60.0	63.64	27.27	88.89			25.0	100.0	75.0	50.0					100.0	50.0			66.67	80.0	40.0	50.0	33.33		61.11	63.89		50.0	100.0	33.33			25.0	100.0			75.0	66.67	20.0		33.33	80.0	16.67	88.89		60.0		100.0						33.33				100.0				100.0
SRR24759604_binette_bin8	Bacteria	Bacillota	Bacilli	Lactobacillales	Lactobacillaceae	Apilactobacillus	Apilactobacillus kunkeei	18	94.2	3.39	0.0	289.0	289.0	289.0	36.14	57.0	199.0	37225.0	7070.0	2335.0	1442450.0	1442450.0	1442450.0	9618.5																50.0	376	160	0.13949343552380952	12.96				75.0	16.67				57.14	100.0		14.29						3.12										25.0							50.0	66.67	50.0	100.0	33.33	50.0	14.29	25.0	25.0	85.71	75.0	25.0	50.0					6.67				33.33				16.67		26.67				28.57	100.0						16.67												40.0		100.0	94.44		50.0		19.23					60.0		50.0			5.56		87.5	25.0	41.67	100.0	100.0		33.33			25.0	33.33				25.0	50.0	71.43	14.29			50.0	33.33	77.78	100.0			75.0	25.0											7.14			25.0		10.0						25.0	22.22										85.71	83.33	100.0		100.0	4.0						44.44	44.44		20.0		42.86	25.0	18.75		19.05																		40.0	25.0											100.0		100.0		83.33	100.0	16.67	11.11			75.0	50.0	50.0	100.0			75.0	100.0	33.33	11.11				66.67				50.0		33.33					16.67			80.0	66.67				28.57	20.0	45.45		11.11			25.0	66.67							25.0					40.0	20.0	16.67	16.67	12.5	33.33	27.78	11.11	100.0	100.0				25.0				75.0	33.33	20.0		50.0	100.0				60.0		12.5								33.33		100.0				
SRR24759614_binette_bin6	Bacteria	Bacillota	Clostridia	Lachnospirales	Lachnospiraceae	Mobilisporobacter	unclassified	2	93.1	1.25	0.0	440.0	440.0	440.0	36.45	97.0	309.0	68220.0	10441.0	3468.0	3269048.0	3269048.0	3269048.0	12996.5																0.0	263	149	0.003619758076190476		20.0			75.0	50.0				57.14	100.0			12.5	20.0				3.12		14.29								50.0		20.0	25.0	20.0	33.33		50.0	100.0		50.0		25.0	14.29	25.0	25.0		2.08	87.5		50.0	25.0									8.33		50.0	100.0	20.0			100.0		66.67						50.0	100.0									100.0	100.0	20.0		100.0	100.0		50.0		15.38			1.25		40.0		25.0	7.69	33.33			100.0		16.67	50.0		66.67	33.33	50.0			33.33	33.33				100.0	78.57	14.29				83.33	94.44	90.0		40.0	75.0	25.0			33.33		10.0		100.0						14.29		66.67	100.0						25.0		33.33		100.0	16.67					12.5	100.0	100.0	66.67		77.78	20.0	14.29			11.11	16.67	33.33	33.33		20.0		100.0	50.0	50.0	18.18	14.29	33.33		20.0	50.0														40.0	25.0	42.42									100.0	66.67		100.0		83.33	100.0		11.11	33.33		83.33		100.0	50.0			50.0	100.0	33.33	5.56			5.26	16.67	100.0			100.0		33.33		20.0			16.67		66.67	60.0	66.67		100.0		42.86	35.0	54.55		11.11			75.0	66.67	100.0										33.33	80.0	40.0	16.67		12.5	16.67	33.33	11.11		80.0				25.0	75.0			50.0	33.33			50.0	80.0		22.22	25.0	60.0	88.89	100.0	50.0	80.0			1.14			66.67		100.0				100.0
SRR24759610_binette_bin5	Bacteria	Bacillota	Bacilli	Lactobacillales	Lactobacillaceae	Lactobacillus	Lactobacillus helsingborgensis	18	91.4	0.88	0.0	58.0	58.0	58.0	36.75	11.0	35.0	188910.0	50376.0	14906.0	1675459.0	1675459.0	1675459.0	62244.1																20.0	430	154	0.06269262661904762	5.56				50.0	33.33							14.29	12.5	13.33				3.12																		66.67	50.0	100.0	33.33	50.0				85.71	75.0	12.5									33.33					16.67		26.67					66.67						33.33										40.0	60.0	40.0		12.5	94.44				7.69					40.0		75.0		33.33	5.56		75.0		16.67	50.0		83.33	22.22	25.0		25.0	33.33				25.0	100.0	64.29	28.57			50.0	33.33	94.44	90.0			75.0	25.0											7.14					20.0							22.22				16.67						85.71	83.33	100.0		88.89	24.0	14.29			11.11		33.33	33.33		10.0		42.86	25.0	31.25		19.05			20.0	50.0														40.0	25.0						50.0				100.0	100.0				33.33	100.0		11.11			100.0	75.0	100.0	100.0			50.0	50.0	33.33					16.67				50.0		33.33								40.0	66.67				28.57	10.0	54.55	54.55	100.0			62.5	33.33	12.5											40.0	20.0	33.33	16.67	12.5	33.33	27.78	11.11	100.0	40.0				25.0				50.0	33.33	20.0		50.0	100.0						25.0	16.67							66.67						
SRR24759604_binette_bin6	Bacteria	Pseudomonadota	Alphaproteobacteria	Rhizobiales	Rhizobiaceae	Bartonella_A	Bartonella_A choladocola	21	89.6	0.7	0.0	139.0	139.0	139.0	45.75	28.0	89.0	90327.0	18336.0	5510.0	1747015.0	1747015.0	1747015.0	24676.4																100.0	104	58	0.2820697791428572	20.83				75.0	66.67				42.86	33.33		28.57						3.12									50.0	50.0							50.0	66.67		50.0			14.29	50.0	25.0	14.29	16.67	75.0	50.0	100.0	50.0				25.0			33.33				81.25	100.0	70.0	60.61	50.0	16.67	14.29	33.33						16.67	100.0					13.33		50.0	100.0			40.0		87.5	61.11		100.0		26.92					40.0	25.0	75.0		33.33	38.89		100.0	25.0	41.67	100.0	87.5	33.33	44.44				66.67	33.33	25.0			25.0	100.0	14.29	50.0	33.33	50.0		88.89	100.0		60.0	75.0	75.0		37.5		33.33	40.0		55.56	12.5			14.29		21.43	25.0	50.0	80.0		88.89	100.0	20.0			11.11	33.33		83.33	22.22	33.33	50.0	50.0	100.0		71.43	66.67	55.56		88.89	48.0	28.57	5.56	40.0	11.11		44.44	44.44		20.0		71.43	50.0	25.0	27.27	28.57	66.67		20.0															40.0	25.0	100.0	20.0									66.67		100.0		50.0	100.0	66.67	55.56			58.33	50.0	75.0	50.0		14.29	25.0	100.0	66.67	18.06				66.67	16.67	100.0		50.0			66.67		14.29		50.0			100.0	100.0		100.0		28.57	55.0	72.73	18.18	88.89			25.0	33.33	81.25	41.67					100.0				33.33	60.0	40.0	66.67	8.33	12.5	8.33	5.56	11.11	75.0	100.0				25.0	66.67			25.0	33.33			33.33	80.0	16.67	55.56		40.0		75.0							16.67		33.33					
SRR24759604_binette_bin9	Bacteria	Pseudomonadota	Gammaproteobacteria	Burkholderiales	Neisseriaceae	Snodgrassella	Snodgrassella alvi_G	10	89.1	3.29	0.0	410.0	410.0	410.0	39.29	120.0	312.0	15838.0	4430.0	2041.0	1497026.0	1497026.0	1497026.0	4944.2																50.0	387	234	0.023501213304761903	9.72	40.0			100.0	66.67				42.86	33.33		14.29		6.67				3.12										50.0		20.0	25.0	20.0	33.33		50.0	100.0					14.29	50.0	25.0	14.29	18.75	87.5	50.0	50.0	100.0			20.0								41.67	33.33	46.67				28.57	100.0		16.67			50.0	50.0	50.0				33.33							40.0		93.75	66.67	8.33	100.0		23.08	16.67				40.0				33.33	5.56		100.0	25.0	41.67	100.0	87.5	33.33	44.44	50.0		25.0	66.67					50.0	78.57		100.0	33.33	50.0	33.33	66.67	80.0		20.0	75.0	50.0		50.0		66.67	70.0		94.44				7.14			25.0	66.67	100.0		77.78	77.78	20.0			11.11			100.0	22.22	33.33	50.0	50.0	100.0		85.71	83.33	66.67		100.0	24.0	14.29	11.11		11.11		44.44	44.44		10.0		71.43	25.0	50.0		33.33	83.33		20.0		16.67			16.67	50.0			33.33	16.67					40.0	25.0						50.0					66.67		87.5		50.0	100.0	50.0	55.56			66.67	50.0	100.0		20.0		100.0	100.0	100.0	23.61				100.0	33.33			50.0		33.33					66.67	20.0	33.33	100.0	100.0		100.0		42.86	30.0	63.64	18.18	77.78			25.0	66.67	87.5	83.33										60.0		50.0	33.33		25.0	22.22		100.0	80.0		16.67		25.0	91.67			100.0	66.67	20.0		33.33	80.0		55.56		20.0		100.0										100.0				16.67
SRR24759609_binette_bin3	Bacteria	Pseudomonadota	Gammaproteobacteria	Enterobacterales	Enterobacteriaceae	Gilliamella	Gilliamella sp945271295	6	87.5	0.61	0.0	72.0	72.0	72.0	34.5	15.0	45.0	142048.0	49786.0	22238.0	2557107.0	2557107.0	2557107.0	64658.8																33.33	277	177	0.06165521897619049	5.56	100.0			100.0	66.67				42.86	33.33	20.0	14.29	12.5	20.0				3.12										50.0							50.0	100.0		50.0		25.0	14.29	50.0	25.0	14.29	18.75	75.0	50.0	50.0	75.0			6.67								27.08		43.33			16.67	28.57	100.0						50.0	50.0				66.67					100.0	100.0	40.0		100.0	55.56		100.0		23.08					40.0		100.0		33.33	5.56		100.0	25.0	41.67	100.0	100.0	66.67	33.33	25.0		75.0	33.33					25.0	78.57	14.29	50.0	33.33	50.0	33.33	88.89	80.0			100.0	50.0		62.5		66.67	90.0		100.0				7.14	100.0	14.29	25.0	66.67	100.0		88.89	88.89	20.0		25.0	11.11	33.33		100.0	22.22	33.33	50.0	50.0	100.0		85.71	83.33	66.67		100.0	4.0		5.56		22.22		50.0	50.0				100.0	25.0	37.5		9.52	100.0		20.0		50.0			16.67	33.33							33.33	12.5	40.0	25.0	36.36	10.0									100.0		75.0		50.0	100.0	50.0	55.56			100.0	50.0	100.0	100.0	20.0		100.0		100.0	23.61				66.67				50.0		33.33	16.67			100.0		20.0		100.0	100.0		100.0		47.62	25.0	63.64	54.55	88.89			75.0	66.67	100.0	75.0			14.29						33.33	100.0	40.0	50.0		12.5	16.67	16.67	11.11		100.0				25.0	100.0			100.0	66.67	20.0		50.0	100.0		66.67		20.0		100.0	50.0				1.14									33.33
SRR24759610_binette_bin9	Bacteria	Bacillota	Bacilli	Lactobacillales	Lactobacillaceae	Lactobacillus	Lactobacillus kimbladii	2	87.0	8.52	0.0	96.0	96.0	96.0	35.74	21.0	62.0	71110.0	27919.0	10511.0	1844851.0	1844851.0	1844851.0	32511.8																63.64	430	154	0.02689511717142857	11.11				50.0	33.33							14.29	12.5	100.0				3.12																		66.67	50.0	100.0	33.33	50.0				85.71	75.0	12.5			25.0						33.33					16.67		26.67					66.67						33.33										40.0	60.0	40.0		12.5	94.44				7.69					40.0		75.0		33.33	5.56			25.0	41.67	100.0	100.0	100.0	22.22	25.0		25.0	33.33				25.0	75.0	50.0				50.0	33.33	72.22	70.0			75.0	25.0											7.14					20.0							22.22				16.67						85.71	83.33	100.0		88.89	28.0	14.29	16.67	20.0			44.44	44.44		20.0		42.86	50.0	31.25		19.05			20.0	50.0														40.0	25.0										100.0	66.67				33.33			11.11			58.33	100.0	50.0	50.0			50.0	100.0	33.33					50.0														60.0	66.67				28.57	10.0	36.36	54.55	100.0			62.5	33.33	12.5											40.0	20.0	33.33	16.67	12.5	33.33	27.78	11.11	100.0	40.0				25.0				50.0	33.33	20.0		33.33	80.0						25.0								66.67		100.0				
SRR24759598_binette_bin7	Bacteria	Bacillota	Bacilli	Lactobacillales	Lactobacillaceae	Apilactobacillus	Apilactobacillus apinorum	9	83.7	1.21	0.0	126.0	126.0	126.0	34.38	20.0	74.0	64643.0	17754.0	3971.0	1301578.0	1301578.0	1301578.0	23944.9																40.0	376	160	0.026066673571428573	7.41				75.0	16.67							14.29						3.12										25.0							50.0	100.0	50.0	100.0	33.33	50.0	14.29	25.0	25.0	85.71	75.0	25.0	50.0					6.67				33.33				4.17		6.67				14.29	100.0						66.67												40.0		100.0	61.11		50.0		19.23					40.0		25.0		33.33	5.56		25.0	25.0	41.67	100.0	100.0		33.33			25.0					25.0	50.0	71.43	14.29			50.0	33.33	77.78	100.0			75.0	25.0											7.14			25.0		10.0						25.0	22.22										14.29	16.67	22.22		22.22	4.0						44.44	44.44		20.0		71.43	25.0	31.25		4.76			20.0															40.0	25.0											100.0				33.33	100.0					50.0	50.0	50.0	25.0			75.0	100.0	33.33	11.11				66.67				100.0		33.33								80.0	66.67				42.86	10.0	45.45		22.22			25.0	33.33							25.0					40.0	20.0	16.67	16.67	12.5	33.33	27.78	11.11	100.0	80.0				25.0				75.0	33.33	20.0		50.0	100.0						12.5								33.33		100.0				
SRR24759612_binette_bin5	Bacteria	Bacillota	Bacilli	Lactobacillales	Lactobacillaceae	Lactobacillus	Lactobacillus melliventris	18	83.3	1.5	0.0	246.0	246.0	246.0	35.91	52.0	170.0	38212.0	9730.0	3421.0	1731171.0	1731171.0	1731171.0	12740.8																58.33	430	154	0.07165331414285715	11.11					33.33							14.29	12.5	100.0				3.12																		66.67	50.0	100.0	33.33	50.0				85.71	75.0	25.0									33.33					16.67		26.67					50.0						33.33										40.0	60.0	60.0			94.44				7.69					40.0		75.0		33.33	5.56		25.0	25.0	41.67	100.0	100.0	100.0	22.22	50.0		25.0	33.33				25.0	75.0	78.57	28.57			50.0	33.33	88.89	100.0			75.0	25.0											7.14					20.0							22.22				16.67						85.71	83.33	100.0		77.78	24.0	14.29			11.11		44.44	44.44		20.0		42.86	25.0	18.75		19.05			20.0	50.0														40.0	25.0						50.0				100.0	66.67				33.33	100.0		11.11			91.67	100.0	75.0	100.0				100.0	33.33					50.0				50.0		33.33								40.0	66.67				28.57	10.0	63.64	54.55	88.89			75.0	33.33	6.25											40.0	20.0	33.33	16.67	12.5	33.33	27.78	11.11	100.0	40.0				25.0								33.33	80.0						25.0	16.67							66.67						
SRR24759604_binette_bin10	Bacteria	Bacillota	Bacilli	Lactobacillales	Lactobacillaceae	Lactobacillus	Lactobacillus apis	25	83.2	1.96	0.0	261.0	261.0	261.0	37.01	64.0	186.0	18633.0	5605.0	1952.0	1100290.0	1100290.0	1100290.0	6574.7																50.0	430	154	0.23155880190476194	5.56				50.0	16.67							14.29	12.5					3.12																		66.67		50.0		25.0				14.29	33.33	12.5									25.0					16.67		26.67					66.67						33.33												40.0			11.11				7.69					40.0				33.33	5.56		100.0					66.67	22.22	25.0		25.0	33.33					100.0	78.57				50.0	33.33	77.78	100.0			50.0	50.0											7.14					20.0							11.11				16.67						71.43	83.33	88.89		77.78	24.0	14.29					33.33	33.33		20.0		42.86	25.0	31.25		19.05			20.0	50.0														40.0	25.0						50.0				100.0	66.67				33.33	100.0		11.11			33.33	50.0	25.0	50.0			50.0	100.0	33.33									50.0		33.33								40.0	66.67				28.57	10.0	45.45		11.11			25.0													20.0		16.67	16.67		33.33	27.78		100.0	40.0				25.0				50.0	33.33	20.0		16.67	60.0						25.0	16.67							33.33						
SRR24759603_binette_bin13	Bacteria	Pseudomonadota	Gammaproteobacteria	Burkholderiales	Neisseriaceae	Snodgrassella	Snodgrassella alvi	12	82.3	3.22	0.0	488.0	488.0	488.0	41.55	98.0	345.0	25269.0	5710.0	1756.0	1900302.0	1900302.0	1900302.0	7146.6																76.92	387	234	0.2084516516190476	16.67	40.0		50.0	100.0	66.67				71.43	100.0		14.29		6.67			72.22											50.0		20.0	25.0	20.0	33.33		50.0	100.0		50.0			28.57	50.0	25.0	14.29	18.75	87.5	100.0	50.0	50.0											81.25	66.67	90.0		9.09		28.57	100.0		33.33			50.0	33.33	100.0				100.0	6.67			100.0			40.0		87.5	100.0	25.0	100.0		30.77	50.0				40.0		25.0		33.33	5.56		100.0	25.0	41.67	100.0	100.0	33.33	55.56	75.0		25.0	66.67		25.0			50.0	85.71		100.0	33.33	50.0	33.33	66.67	80.0		40.0	100.0	50.0		75.0		77.78	90.0		94.44				7.14			25.0	66.67	100.0		88.89	88.89	20.0			11.11	33.33		100.0	22.22	33.33	50.0	50.0	100.0		71.43	66.67	55.56		88.89	24.0	14.29	5.56		11.11		11.11	11.11		10.0		100.0	25.0	62.5	9.09	42.86	83.33		20.0		16.67			16.67	50.0				16.67					100.0	50.0	100.0					50.0					66.67		100.0		83.33	100.0	50.0	55.56			75.0	50.0	100.0	25.0	60.0		100.0	100.0	100.0	23.61				100.0	66.67			100.0		33.33					50.0			80.0	100.0		100.0		42.86	50.0	72.73	27.27	88.89			25.0	66.67	100.0	100.0					100.0	50.0			33.33	100.0	20.0	50.0	8.33		27.78	13.89		25.0	100.0				25.0	100.0	14.29		100.0	66.67	20.0		33.33	60.0		66.67		60.0		100.0							16.67			100.0				66.67
SRR24759611_binette_bin5	Bacteria	Pseudomonadota	Gammaproteobacteria	Enterobacterales	Enterobacteriaceae	Gilliamella	Gilliamella apicola	16	79.9	2.12	0.0	385.0	385.0	385.0	32.66	88.0	274.0	44196.0	9346.0	3266.0	2610659.0	2610659.0	2610659.0	11658.5																75.0	277	177	0.062079773714285726	4.17	100.0			100.0	66.67				85.71	100.0	20.0	14.29	12.5	40.0			16.67											50.0		20.0	25.0	20.0	33.33		50.0	100.0		50.0		25.0	14.29	50.0	25.0		2.08	62.5	50.0	50.0	50.0			6.67				33.33				39.58	33.33	43.33		9.09	16.67	14.29	83.33						50.0	50.0				66.67					100.0	100.0	20.0		100.0	66.67		100.0		15.38	50.0	25.0			40.0		100.0		33.33			62.5			75.0	37.5	66.67	33.33	25.0		75.0	33.33					100.0	64.29	28.57	100.0	33.33	50.0	33.33	94.44	90.0		20.0	100.0	50.0		50.0		66.67	80.0		100.0					100.0	14.29	25.0	33.33	100.0		66.67	66.67					33.33		33.33	22.22	33.33	50.0	50.0	100.0		71.43	66.67	66.67		88.89			5.56		22.22							85.71	50.0	37.5		16.67	100.0		20.0		50.0			16.67	33.33					50.0	50.0	33.33		40.0	25.0	36.36									100.0	100.0		75.0		66.67	100.0	33.33	44.44	33.33		100.0	50.0	100.0	100.0	40.0		100.0	50.0	100.0	18.06				33.33				100.0		33.33		20.0		100.0	16.67	20.0		100.0	100.0		100.0		28.57	35.0	54.55	54.55	88.89			62.5	100.0	75.0	83.33			14.29						33.33	80.0	20.0	50.0	16.67	12.5	16.67	11.11	11.11	100.0	100.0				25.0	75.0			100.0	66.67	20.0		50.0	100.0		66.67		60.0		100.0	25.0				1.14									100.0
SRR24759615_binette_bin12	Bacteria	Pseudomonadota	Alphaproteobacteria	Rhizobiales	Rhizobiaceae	Bartonella_A	unclassified	1	77.4	0.16	0.0	57.0	57.0	57.0	44.22	11.0	38.0	172115.0	73462.0	19133.0	2169834.0	2169834.0	2169834.0	72235.2																100.0	349	230	0.007362350457142857	40.28				75.0					42.86	100.0		28.57	12.5															25.0								33.33		50.0			14.29	50.0	25.0	14.29	16.67	50.0	50.0	100.0	50.0											87.5	66.67	100.0	54.55	63.64	83.33	28.57	100.0		33.33			50.0	33.33	100.0				100.0	6.67		50.0	100.0	20.0	20.0	40.0		87.5	77.78	25.0	50.0		30.77	50.0				40.0	25.0	100.0		33.33	55.56		100.0		16.67	100.0	50.0	33.33	22.22				33.33	33.33	25.0				64.29	14.29	100.0	100.0	50.0	33.33	77.78	60.0		40.0	50.0	25.0		50.0		44.44	60.0		100.0				14.29	50.0	28.57	25.0	50.0	90.0		33.33	44.44	20.0			11.11	33.33	50.0	50.0	22.22				50.0	12.5	71.43	66.67	55.56		88.89	24.0	14.29	11.11		11.11					20.0		71.43	100.0	18.75	18.18	42.86	33.33		20.0		16.67			16.67	33.33			33.33			50.0			40.0	25.0	100.0	20.0				50.0					100.0		87.5		83.33		33.33	22.22			83.33	50.0	100.0	50.0	20.0	14.29	50.0	100.0		55.56				50.0		100.0		100.0	100.0	33.33	100.0	10.0	14.29		66.67			60.0			33.33		28.57	65.0	54.55		55.56			50.0	66.67	100.0	50.0					100.0				33.33	50.0	40.0	33.33	16.67	12.5	16.67	11.11	11.11	100.0	80.0				25.0	50.0			50.0	66.67			33.33	60.0	16.67	55.56		80.0		87.5									50.0	100.0				100.0
SRR24759615_binette_bin15	Bacteria	Pseudomonadota	Gammaproteobacteria	Enterobacterales	Enterobacteriaceae	Gilliamella	Gilliamella apicola_R	12	77.1	4.19	0.0	291.0	291.0	291.0	35.2	70.0	217.0	53035.0	11137.0	4078.0	2461745.0	2461745.0	2461745.0	13835.6																75.0	104	58	0.03669848459523809	5.56	100.0			100.0	66.67				71.43	66.67	20.0	14.29	12.5	100.0			33.33	3.12										25.0		20.0	25.0	20.0	33.33			66.67		50.0		25.0	14.29	50.0	25.0	14.29	18.75	75.0	50.0	50.0	75.0			6.67				33.33				27.08		43.33		9.09	16.67	14.29	100.0						50.0	100.0				33.33					100.0	100.0	20.0		87.5	66.67		100.0		23.08	50.0	25.0			40.0		100.0		33.33	5.56		12.5	16.67	33.33	100.0	50.0	100.0	22.22	75.0		75.0	33.33					100.0	71.43	28.57	100.0	33.33	50.0	33.33	94.44	90.0			100.0	50.0		50.0		66.67	80.0		83.33				7.14	100.0	14.29	25.0	33.33	100.0		77.78	77.78			25.0	11.11	66.67		66.67	22.22	33.33	50.0	50.0	100.0		85.71	83.33	66.67		100.0	4.0		5.56		22.22		33.33	33.33		10.0		57.14	50.0	37.5		9.52	100.0		20.0		50.0			16.67	33.33							33.33		40.0	25.0	36.36									100.0	100.0		87.5		50.0	100.0		11.11	33.33		100.0	100.0	100.0	100.0	20.0		100.0	100.0	100.0	12.5				66.67				100.0		33.33		20.0		100.0	16.67	20.0	33.33	100.0	33.33		100.0		28.57	25.0	63.64	54.55	88.89			62.5	100.0	100.0	100.0			14.29						66.67	80.0	40.0	50.0	16.67	12.5	33.33	27.78	11.11	100.0	100.0				25.0				100.0	66.67	40.0		50.0	100.0		66.67		40.0		100.0	25.0				1.14									
SRR24759609_binette_bin7	Bacteria	Pseudomonadota	Gammaproteobacteria	Enterobacterales	Enterobacteriaceae	Klebsiella	Klebsiella grimontii	1	76.0	3.87	0.0	1846.0	1846.0	1846.0	56.61	551.0	1484.0	11083.0	2448.0	1255.0	4082729.0	4082729.0	4082729.0	2922.0																22.22	1160	336	0.001773071304761905	22.22	100.0			75.0	66.67				100.0	100.0	80.0	28.57	12.5	100.0	50.0		88.89	3.12					50.0			25.0	100.0	50.0		60.0	75.0	80.0	100.0		50.0	66.67	50.0	100.0	33.33	50.0	14.29	50.0	50.0	42.86	35.42	75.0	100.0	50.0	100.0			73.33	75.0				66.67			100.0	100.0	100.0	45.45	63.64	58.33	42.86	100.0		33.33			100.0	16.67	100.0				66.67				75.0	100.0	100.0	100.0		100.0	72.22	25.0	50.0		46.15	100.0				60.0		75.0			22.22		62.5	25.0	41.67	100.0	100.0	83.33	44.44	75.0		50.0	66.67	66.67	100.0		25.0	100.0	100.0	42.86	100.0	100.0	100.0	83.33	100.0	100.0		100.0	75.0	75.0		75.0		77.78	90.0		83.33	100.0	100.0		10.71	50.0	28.57	25.0	33.33	100.0		88.89	77.78	20.0			11.11	33.33		66.67	22.22	33.33	50.0	50.0	100.0		85.71	83.33	66.67	10.0	100.0	52.0	71.43	11.11	20.0	100.0		44.44	44.44	8.33	20.0		100.0	50.0	75.0	54.55	71.43	100.0			50.0	50.0	83.33	50.0	16.67	50.0	50.0	75.0	33.33	16.67	50.0	50.0	66.67		80.0	25.0	90.91		4.17			50.0	100.0	8.33		100.0	100.0		100.0	10.0	83.33	100.0	83.33	100.0	66.67	16.67	58.33	75.0	75.0	25.0	20.0	100.0	100.0	100.0	100.0	61.11		57.14		100.0	100.0	50.0		75.0	100.0	33.33	33.33	60.0	42.86		100.0	100.0	66.67	80.0	66.67		100.0		33.33	80.0	72.73	54.55	88.89	25.0		75.0	100.0	100.0	100.0					75.0	50.0			33.33	80.0	20.0	50.0	50.0	25.0	69.44	91.67		100.0	100.0	66.67	66.67	100.0	25.0	66.67			100.0	66.67	60.0		50.0	100.0		100.0	100.0	60.0		100.0				7.14		66.67		33.33	100.0	100.0				66.67
SRR24759600_binette_bin14	Bacteria	Bacillota	Clostridia	Lachnospirales	Lachnospiraceae	Novisyntrophococcus	Novisyntrophococcus fermenticellae	5	73.7	2.06	0.0	822.0	822.0	822.0	43.68	235.0	643.0	15798.0	3104.0	1388.0	2157642.0	2157642.0	2157642.0	3603.4																33.33	278	158	0.012663222323809523	11.11	20.0	33.33		75.0	50.0				71.43	100.0		28.57					66.67	3.12		14.29				20.0		25.0		25.0		20.0	25.0	20.0	33.33			33.33		50.0		25.0	14.29	25.0	25.0	14.29	16.67	50.0		50.0											25.0	50.0	66.67	40.0	63.64	81.82	75.0	14.29	33.33						50.0	100.0									80.0	80.0			100.0	83.33		50.0	20.0	15.38		25.0			20.0		50.0		33.33	5.56		100.0	25.0	41.67	100.0	100.0	66.67	11.11	25.0				33.33				100.0	71.43	50.0	50.0		100.0	83.33	88.89	80.0		20.0	50.0	50.0		37.5		66.67	70.0	12.5	91.67				7.14		10.71		66.67	70.0							11.11			100.0							85.71	83.33	55.56		77.78	4.0	14.29		20.0	11.11	16.67	44.44	44.44		33.33		85.71	50.0	37.5	27.27	14.29	50.0		20.0															80.0	25.0	18.18									100.0	66.67		100.0		75.0	100.0	33.33	11.11		16.67	58.33		75.0	25.0		14.29	50.0	100.0	66.67					50.0	16.67			100.0		33.33		20.0			16.67		83.33	40.0	66.67		100.0		66.67	45.0	36.36		11.11			25.0	66.67	87.5	100.0						50.0				40.0	20.0	16.67			16.67	16.67			60.0			66.67	25.0	100.0			50.0	33.33			50.0	60.0			25.0	60.0	88.89	62.5	50.0							33.33		100.0				100.0
SRR24759602_binette_bin8	Bacteria	Pseudomonadota	Gammaproteobacteria	Enterobacterales	Enterobacteriaceae	Providencia	Providencia rettgeri	2	73.7	2.11	0.0	800.0	800.0	800.0	40.02	206.0	595.0	21127.0	5499.0	2333.0	3527781.0	3527781.0	3527781.0	6617.8																0.0	103	57	0.008794782428571428	15.28	80.0			75.0	66.67			25.0	100.0	100.0	20.0	14.29	12.5	53.33			88.89	3.12						20.0			100.0	25.0		60.0	75.0	80.0	100.0				50.0	100.0	33.33	50.0	14.29	50.0	50.0	42.86	35.42	75.0	100.0	50.0	75.0	66.67		6.67					66.67			93.75	100.0	90.0				28.57	100.0		33.33		33.33	50.0	50.0	100.0		20.0	75.0	66.67					80.0	100.0	80.0		100.0	83.33	25.0	50.0		46.15	75.0		7.5		40.0		100.0		33.33	5.56		62.5	25.0	41.67	100.0	100.0	33.33	55.56	25.0		100.0	66.67	33.33	25.0		25.0	100.0	100.0	42.86	50.0	33.33		33.33	100.0	100.0		100.0	50.0	50.0		75.0		77.78	90.0	12.5	66.67	75.0	25.0	25.0	7.14	100.0	28.57	25.0	50.0	100.0		88.89	77.78		66.67	25.0	11.11	66.67		83.33	33.33	33.33	50.0	50.0	100.0		85.71	83.33	66.67		100.0	32.0	14.29	5.56	20.0	66.67		50.0	50.0		20.0		85.71	50.0	37.5	27.27	100.0	100.0		20.0	50.0	16.67				50.0			33.33	16.67		50.0	33.33	12.5	80.0	37.5	45.45			25.0		50.0				100.0	66.67		100.0		83.33		16.67	22.22		16.67	100.0	50.0	100.0	100.0	20.0	100.0	100.0	100.0	100.0	23.61		25.0		83.33	33.33	50.0		100.0	100.0	33.33	16.67	10.0	14.29		50.0	10.0	33.33	80.0					14.29	70.0	72.73	63.64	100.0			75.0	66.67	87.5	91.67					100.0	37.5			66.67	90.0	40.0	33.33	41.67	25.0	69.44	100.0		100.0	100.0		4.17		25.0	100.0			100.0	66.67	20.0		50.0	100.0		66.67	100.0	60.0		100.0					6.82			33.33	100.0	100.0				83.33
SRR24759607_binette_bin3	Bacteria	Pseudomonadota	Gammaproteobacteria	Enterobacterales	Enterobacteriaceae	Gilliamella	Gilliamella apicola_N	9	72.9	1.92	0.0	246.0	246.0	246.0	34.11	71.0	190.0	30802.0	9731.0	4534.0	1975440.0	1975440.0	1975440.0	10841.4																50.0	104	58	0.05530297038095239	1.39	80.0			100.0	66.67				100.0	100.0	20.0	14.29	12.5	100.0			66.67											50.0		20.0	25.0	20.0	33.33		50.0	66.67		50.0		25.0	14.29	50.0	25.0		2.08	75.0	50.0	50.0	50.0			6.67				33.33				47.92	66.67	36.67		9.09	16.67	28.57	100.0						33.33	100.0				66.67					100.0	100.0	40.0		87.5	38.89		100.0		19.23	50.0				40.0		100.0					87.5			75.0	37.5	83.33	33.33	50.0		50.0	33.33					50.0	78.57	28.57	50.0		50.0	33.33	88.89	80.0		20.0	100.0	50.0		62.5		77.78	100.0		66.67					100.0	21.43	25.0	66.67	80.0		77.78	77.78					33.33		100.0	16.67	33.33	50.0	50.0	100.0		85.71	83.33	66.67		100.0					22.22		5.56	5.56		10.0		85.71		25.0	9.09	19.05	66.67				50.0			16.67	33.33						50.0		12.5	40.0	25.0	27.27									50.0	100.0		100.0		83.33	100.0	50.0	55.56	33.33		83.33	75.0	75.0	100.0	40.0		100.0	100.0		5.56				50.0				25.0			16.67	20.0		100.0	16.67	20.0	33.33	80.0	66.67		100.0		28.57	50.0	54.55	54.55	88.89			75.0	66.67	100.0	100.0			14.29						33.33	95.0	40.0	50.0	16.67	12.5	33.33	27.78	11.11	100.0	100.0				25.0	8.33			100.0	66.67	20.0		50.0	100.0		66.67		60.0		75.0														100.0
SRR24759597_binette_bin7	Bacteria	Pseudomonadota	Gammaproteobacteria	Enterobacterales	Enterobacteriaceae	Morganella	Morganella sibonii	4	72.6	2.66	0.0	1250.0	1250.0	1250.0	51.23	367.0	995.0	10181.0	2646.0	1292.0	2904338.0	2904338.0	2904338.0	3060.8																33.33	311	184	0.012917604995238096	15.28	80.0			75.0	100.0				71.43	100.0		28.57	12.5	13.33			33.33									25.0		25.0		60.0	75.0	80.0	100.0			33.33	50.0	100.0	33.33	50.0	14.29	50.0	50.0	42.86	35.42	100.0	100.0	50.0	75.0								66.67			87.5	66.67	100.0	72.73	100.0	83.33	14.29	83.33		33.33			50.0	33.33	50.0				100.0				75.0	60.0	80.0	40.0		87.5	77.78	25.0	100.0		46.15	100.0		11.25		40.0		75.0		33.33	5.56	6.67	37.5	16.67	33.33	100.0	37.5	66.67	33.33	50.0		100.0	66.67				25.0	100.0	100.0	42.86	100.0	100.0	50.0	33.33	100.0	100.0		60.0	100.0	100.0		75.0		66.67	80.0		100.0				7.14	50.0	28.57	25.0	50.0	100.0		66.67	66.67				11.11	66.67		83.33	22.22	33.33	50.0	50.0	100.0		71.43	83.33	55.56		77.78	12.0		11.11		66.67					20.0		100.0	50.0	50.0	31.82	85.71	100.0		20.0	50.0	33.33	33.33		16.67	33.33			33.33		50.0		33.33		20.0	12.5	90.91					50.0				100.0	100.0		62.5		83.33	100.0	33.33	44.44		16.67	75.0	50.0	75.0	75.0	20.0		100.0	100.0	100.0	61.11		42.86		100.0	16.67	50.0		100.0		33.33		20.0			66.67	30.0	66.67	80.0	100.0		100.0		33.33	70.0	72.73	63.64	100.0			75.0	100.0	87.5	83.33				25.0	100.0	25.0			66.67	60.0	20.0	33.33	50.0	25.0	61.11	66.67		50.0	100.0				25.0	100.0			75.0	66.67	20.0		50.0	60.0		50.0	75.0	60.0		100.0					9.09				100.0	100.0				83.33
SRR24759603_binette_bin17	Bacteria	Pseudomonadota	Gammaproteobacteria	Enterobacterales	Enterobacteriaceae	Gilliamella	Gilliamella sp946480175	5	72.2	3.25	0.0	264.0	264.0	264.0	35.15	49.0	163.0	57471.0	12017.0	2930.0	1864772.0	1864772.0	1864772.0	15098.4																100.0	104	58	0.0300182399952381	2.78	80.0			75.0	66.67				28.57	33.33	20.0		12.5	100.0			83.33											50.0							50.0	100.0		50.0		25.0		25.0			2.08	75.0		50.0	50.0											39.58	33.33	43.33		9.09	16.67	28.57	100.0						16.67	100.0				66.67					80.0	80.0	40.0		87.5	50.0		50.0		7.69	50.0	25.0			40.0		75.0		33.33			75.0		16.67	100.0	50.0	100.0	22.22	50.0		50.0	33.33					100.0	78.57	14.29	50.0	33.33		33.33	88.89	80.0		20.0	50.0	50.0		50.0		44.44	70.0							100.0	14.29		66.67	80.0		88.89	88.89					66.67		100.0	22.22	33.33	50.0	50.0	100.0		85.71	83.33	66.67		100.0			5.56		22.22					10.0		42.86	25.0	37.5		16.67	83.33		20.0		50.0			16.67	33.33					50.0		33.33		40.0	25.0										100.0	66.67		50.0		16.67		16.67	22.22	33.33		83.33	100.0	75.0	100.0	60.0		100.0	100.0	100.0	18.06				66.67				75.0		33.33		20.0		100.0		20.0		80.0	33.33		100.0		28.57	30.0	54.55	45.45	88.89			50.0	66.67	68.75	66.67						25.0			66.67	100.0	40.0	50.0	16.67	12.5	33.33	27.78	11.11	100.0	100.0					100.0			100.0	66.67	20.0		50.0	100.0		44.44		20.0		75.0					1.14									
SRR24759604_binette_bin12	Bacteria	Bacillota	Clostridia	Tissierellales	Tissierellaceae	CABMKH01	CABMKH01 sp040797625	4	70.4	1.7	0.0	919.0	919.0	919.0	32.49	261.0	726.0	24883.0	2720.0	1328.0	2236802.0	2236802.0	2236802.0	3645.1																50.0	250	143	0.009652999614285715	7.41	20.0			25.0	77.78							14.29	12.5					3.12		14.29		16.67			12.5			50.0		20.0	25.0	20.0	33.33		50.0	100.0	50.0	100.0	33.33	50.0				14.29	16.67	50.0							25.0			33.33				22.92		36.67	63.64	90.91	91.67	14.29	100.0						16.67	100.0									80.0	80.0	40.0		87.5	72.22		25.0		19.23			1.25		40.0		25.0		33.33			87.5	25.0	41.67	100.0	50.0	66.67	33.33	25.0		25.0					25.0	100.0	85.71	14.29	50.0	100.0	50.0	33.33	100.0	100.0			75.0	58.33					10.0		5.56	100.0		25.0			17.86			40.0											5.56					12.5	57.14	66.67	55.56		55.56		14.29	5.56	20.0	11.11	16.67	44.44	44.44	8.33	10.0		85.71	75.0	53.12	27.27	19.05	50.0		20.0															80.0	25.0	18.18						66.67		33.33	100.0	100.0					100.0					66.67		100.0			14.29	25.0	100.0	33.33	48.61		3.57		50.0	50.0			100.0		33.33		26.67					100.0	50.0	66.67		100.0		28.57	35.0	72.73		11.11			75.0	33.33	50.0						25.0	12.5				20.0	20.0		25.0	25.0	33.33	50.0	11.11	75.0	100.0				25.0				25.0				33.33	80.0						25.0	25.0	60.0			2.27			100.0						33.33
SRR24759608_binette_bin13	Bacteria	Pseudomonadota	Gammaproteobacteria	Enterobacterales	Enterobacteriaceae	Gilliamella	Gilliamella apis_A	10	68.5	5.97	0.0	403.0	403.0	403.0	34.21	111.0	313.0	21717.0	5274.0	2605.0	1875763.0	1875763.0	1875763.0	6659.0																88.89	277	177	0.12021531804761906	2.78	60.0			100.0	66.67				28.57	66.67		14.29	12.5	100.0				3.12										50.0		20.0	25.0	20.0	33.33		50.0	66.67		50.0		25.0	14.29	50.0	25.0		2.08	75.0	50.0	50.0	25.0							33.33				56.25	100.0	30.0		9.09	16.67	14.29	83.33						33.33	100.0				66.67					100.0	100.0	20.0		75.0	38.89		100.0		15.38	50.0				40.0		100.0		33.33			75.0	16.67	33.33	75.0	37.5	100.0	33.33	25.0			33.33					25.0	64.29	14.29	100.0	33.33	50.0	33.33	94.44	90.0		40.0	75.0	50.0		50.0		66.67	80.0		8.33					100.0	14.29	25.0	33.33	40.0		77.78	77.78			25.0		66.67		33.33	5.56	33.33	50.0	50.0	100.0		85.71	83.33	66.67		88.89			5.56		11.11		38.89	38.89				100.0	25.0	37.5	18.18	21.43	50.0		20.0		50.0			16.67	33.33					50.0			12.5	20.0	12.5	36.36									50.0	100.0		25.0		66.67	100.0					100.0	100.0	100.0	100.0	20.0		100.0		100.0	18.06				50.0				100.0		33.33	16.67	20.0			16.67	20.0	33.33	80.0	100.0		100.0		14.29	45.0	54.55	9.09	33.33			62.5	66.67	100.0	100.0			14.29						66.67	100.0	40.0	33.33	16.67	12.5	33.33	27.78	11.11	100.0	100.0					83.33			100.0	66.67	20.0		50.0	100.0		55.56		40.0		50.0														
SRR24759601_binette_bin7	Bacteria	Pseudomonadota	Gammaproteobacteria	Enterobacterales	Enterobacteriaceae	Gilliamella	Gilliamella apis	4	65.3	2.16	0.0	531.0	531.0	531.0	34.19	128.0	404.0	14598.0	3452.0	1356.0	1497732.0	1497732.0	1497732.0	4526.6																71.43	277	177	0.10161343142857142	2.78	80.0			100.0	66.67				71.43	33.33	20.0	14.29		80.0				3.12										25.0								66.67		50.0		25.0	14.29	50.0	25.0		2.08	87.5	50.0	50.0	50.0			6.67				33.33				60.42	100.0	36.67			16.67	28.57	83.33						50.0	100.0				66.67					80.0	80.0	40.0		87.5	55.56		100.0		15.38					40.0		75.0		33.33			100.0			50.0	50.0	83.33	22.22	50.0		25.0	33.33						85.71	14.29	50.0	33.33	50.0	33.33	100.0	100.0		40.0	100.0	50.0		12.5		33.33	70.0		16.67					100.0	14.29	25.0	33.33	80.0		55.56	55.56			25.0		33.33		66.67	22.22	33.33	50.0	50.0	50.0		71.43	66.67	55.56		88.89			5.56		22.22		38.89	38.89		10.0		85.71	25.0	37.5	18.18	26.19	33.33		20.0		50.0			16.67	33.33						50.0	33.33	12.5	20.0	12.5	36.36										100.0		100.0		41.67	100.0	50.0	55.56			91.67	75.0	75.0	100.0	40.0		75.0	50.0	33.33	12.5				33.33				75.0		33.33	16.67				16.67	20.0		60.0	100.0		100.0		28.57	45.0	72.73	45.45	55.56			50.0	66.67	37.5	58.33			14.29						33.33	70.0	20.0	33.33	8.33	12.5	25.0	22.22	11.11	75.0	100.0					16.67			100.0	33.33	20.0		50.0	100.0		33.33		20.0		100.0	25.0				1.14									
SRR24759616_binette_bin12	Bacteria	Bacillota	Clostridia	Lachnospirales	Lachnospiraceae	Mobilisporobacter	unclassified	1	64.9	3.56	0.0	1166.0	1166.0	1166.0	34.07	361.0	951.0	8056.0	2127.0	1171.0	2321963.0	2321963.0	2321963.0	2541.7																0.0	263	149	0.004222968619047619	2.78				100.0	66.67				42.86	100.0			12.5					3.12							12.5			50.0		20.0	25.0	20.0	33.33		50.0	100.0		50.0		25.0	14.29	25.0	25.0			62.5		50.0							8.33					43.75	100.0	10.0			91.67		50.0						33.33	100.0									100.0	100.0	40.0		87.5	61.11		75.0		11.54			1.25		40.0		25.0		33.33			62.5		16.67	25.0	25.0	83.33	22.22	25.0				33.33				75.0	92.86	28.57		33.33		83.33	77.78	80.0		40.0	100.0	50.0					10.0		86.11						7.14	25.0	66.67	50.0		11.11	22.22				33.33	33.33		100.0	16.67					12.5	85.71	83.33	55.56		66.67					11.11	16.67	33.33	33.33		20.0		71.43	50.0	62.5	9.09	7.14	50.0		20.0	50.0														40.0	25.0	27.27						33.33		33.33	100.0	33.33		37.5		83.33	100.0		11.11			83.33	25.0	100.0	50.0			25.0	100.0	33.33	18.06				16.67	100.0			100.0		33.33					16.67		50.0	70.0	66.67		100.0		42.86	30.0	63.64		11.11			75.0	66.67	93.75							12.5			33.33	80.0	40.0	16.67		12.5	16.67	33.33	11.11	50.0	80.0				25.0	33.33			25.0				33.33	60.0				60.0	88.89	62.5	50.0	100.0			1.14					100.0				100.0
SRR24759608_binette_bin15	Bacteria	Bacillota	Bacilli	Lactobacillales	Lactobacillaceae	Lactobacillus	Lactobacillus panisapium	1	64.4	7.03	0.0	561.0	561.0	561.0	38.48	155.0	437.0	11248.0	3058.0	1339.0	1431279.0	1431279.0	1431279.0	3554.9																0.0	104	58	0.001686611904761905	11.11				50.0	33.33							14.29		100.0				3.12																		33.33	50.0	100.0	33.33	50.0				85.71	75.0	25.0									8.33					16.67		26.67					66.67						33.33											40.0	20.0		18.75	61.11				7.69					40.0		50.0		33.33	5.56		25.0	25.0	41.67	100.0	100.0	83.33	11.11	25.0		25.0	33.33				25.0	100.0	35.71	14.29			50.0	33.33	61.11	50.0			50.0	25.0											7.14					20.0							22.22				16.67						71.43	66.67	88.89		77.78	28.0	14.29	16.67	20.0	11.11		44.44	44.44		10.0		42.86	25.0	31.25		19.05			20.0	50.0														20.0	12.5						50.0				100.0	66.67				33.33	100.0		11.11			75.0	25.0	50.0	100.0			50.0	50.0				14.29		50.0				50.0		33.33								40.0	66.67				14.29	10.0	36.36	54.55	100.0			12.5	33.33	12.5											20.0	20.0	16.67	16.67	12.5	33.33	27.78	11.11	100.0	40.0				25.0				50.0	33.33	20.0		33.33	80.0						25.0	16.67							66.67		100.0				
SRR24759600_binette_bin24	Bacteria	Pseudomonadota	Gammaproteobacteria	Enterobacterales	Enterobacteriaceae	Providencia	unclassified	1	62.2	9.07	0.0	1137.0	1137.0	1137.0	42.39	356.0	892.0	14963.0	3068.0	1518.0	3086716.0	3086716.0	3086716.0	3496.4																0.0	103	57	0.004505597723809524	13.89	80.0			50.0	66.67			25.0	100.0	100.0	20.0	14.29	12.5	100.0			100.0									25.0	100.0	50.0		60.0	75.0	80.0	100.0		50.0	33.33		50.0		25.0	14.29	50.0	50.0	14.29	18.75	87.5	100.0	50.0	75.0			6.67					66.67			78.12	100.0	65.0	9.09	9.09	8.33	42.86	50.0		33.33		33.33	50.0	50.0	50.0				66.67					60.0	80.0	60.0		93.75	50.0	25.0	75.0		38.46	75.0		3.75		40.0		75.0		33.33	5.56		25.0	25.0	41.67	75.0	100.0	83.33	44.44	50.0		100.0	66.67	33.33	50.0		25.0	100.0	71.43	42.86	50.0	66.67	100.0	50.0	77.78	60.0		100.0	75.0	75.0		37.5		55.56	60.0		83.33	100.0	25.0	50.0	7.14	50.0	14.29	25.0	66.67	100.0		66.67	55.56				11.11	66.67		100.0	16.67						85.71	100.0	66.67	10.0	88.89	32.0	14.29			88.89		16.67	16.67		20.0		100.0	50.0	37.5	27.27	85.71	33.33		20.0	50.0		33.33			33.33			33.33	16.67		50.0		12.5	60.0	25.0	27.27			16.67		50.0				100.0	66.67		100.0	10.0	83.33	100.0	50.0	33.33		16.67	83.33	75.0	100.0	50.0	20.0	100.0	100.0	100.0	100.0	54.17		53.57		66.67	33.33	50.0		75.0	100.0	33.33	16.67				66.67	10.0	66.67	90.0	66.67				19.05	60.0	81.82	45.45	88.89			75.0	66.67	93.75	83.33					100.0	50.0			66.67	90.0	40.0	50.0	50.0	25.0	77.78	100.0		50.0	100.0		4.17	66.67	25.0	100.0			75.0	66.67	20.0		50.0	80.0		66.67	50.0	60.0		100.0				7.14	2.27				100.0	100.0				83.33
SRR24759604_binette_bin21	Bacteria	Actinomycetota	Actinomycetes	Actinomycetales	Bifidobacteriaceae	Bombiscardovia	unclassified	1	61.3	9.55	0.0	912.0	912.0	912.0	62.48	327.0	777.0	8616.0	1464.0	1071.0	1401669.0	1401669.0	1401669.0	1863.4																81.32	464	220	0.06473335038095238	1.85				50.0	66.67		33.33		57.14	100.0		14.29		80.0														50.0							50.0	66.67	50.0	50.0			14.29	25.0	25.0			87.5	100.0													60.42	66.67	56.67				14.29	50.0			25.0			33.33					33.33							20.0		68.75	44.44	25.0	50.0		26.92					40.0		25.0		33.33			75.0		16.67	100.0	75.0	33.33	44.44	25.0			33.33				25.0	100.0	64.29	14.29	50.0	33.33	50.0	33.33	72.22	70.0		40.0	75.0	50.0		25.0		33.33	30.0		91.67						28.57	25.0	66.67	100.0										100.0	22.22						85.71	83.33	77.78		100.0	20.0	14.29	5.56		11.11		5.56	5.56				57.14	25.0	25.0	18.18	19.05			20.0														12.5	60.0	25.0										100.0	100.0	6.67	100.0		83.33	100.0	16.67	22.22			91.67	50.0	100.0	75.0		14.29		50.0	33.33	23.61				16.67				100.0		33.33	16.67							80.0	66.67		33.33		14.29	50.0	54.55		11.11			12.5		81.25						25.0			50.0		30.0	20.0			12.5			11.11		100.0				25.0	75.0			25.0				50.0	100.0				60.0		100.0	29.17									100.0				33.33
SRR24759600_binette_bin25	Bacteria	Bacillota	Bacilli	Lactobacillales	Lactobacillaceae	Lactobacillus	unclassified	1	57.2	8.89	0.0	223.0	223.0	223.0	36.03	72.0	182.0	18081.0	5577.0	3282.0	1188960.0	1188960.0	1188960.0	6688.4																79.31	430	154	0.044873111142857136						16.67								12.5	13.33				3.12																		33.33		50.0		25.0				42.86	8.33	12.5									25.0					4.17		6.67					66.67						33.33																								40.0		25.0		33.33			25.0		16.67	25.0		100.0	11.11	50.0		25.0	33.33					25.0	35.71						55.56	40.0			75.0	25.0																																	71.43	66.67	66.67		66.67	24.0	14.29	16.67	20.0			33.33	33.33		10.0		42.86	25.0	18.75		4.76			20.0	50.0														40.0	25.0															16.67	100.0					66.67	100.0	50.0	75.0				50.0	33.33					16.67				50.0		33.33								40.0	66.67				14.29		27.27		11.11					12.5											20.0		16.67		12.5			11.11	50.0	40.0	33.33			25.0								16.67	60.0							16.67					33.33				100.0				
SRR24759609_binette_bin15	Bacteria	Bacillota	Bacilli	Lactobacillales	Lactobacillaceae	Lactobacillus	Lactobacillus juensis	1	52.7	5.05	0.0	425.0	425.0	425.0	36.27	98.0	325.0	26053.0	3310.0	1224.0	1115267.0	1115267.0	1115267.0	4866.1																33.33	104	58	0.013847920871428573	8.33					33.33							14.29	12.5	100.0				3.12																		66.67	50.0	100.0	33.33	50.0				85.71	75.0	25.0									25.0					16.67		26.67					66.67						33.33															94.44				7.69					40.0		50.0		33.33	5.56				16.67	50.0	50.0	50.0	11.11	25.0		25.0	33.33				25.0	100.0	50.0				50.0	33.33	55.56	80.0			25.0	25.0											7.14												22.22										85.71	83.33	100.0		88.89	28.0	14.29	16.67	20.0			33.33	33.33		20.0		42.86	25.0	18.75		19.05			20.0															20.0	12.5						50.0				100.0	66.67				33.33	100.0					58.33	75.0	50.0	100.0				100.0	33.33					16.67				50.0		33.33								20.0					28.57	10.0	27.27	45.45	88.89					12.5											40.0	20.0	33.33			16.67	16.67			40.0				25.0								16.67	60.0							16.67							33.33		100.0				
SRR24759600_binette_bin26	Bacteria	Pseudomonadota	Gammaproteobacteria	Enterobacterales	Enterobacteriaceae	Providencia	unclassified	1	52.2	7.95	0.0	245.0	245.0	245.0	43.95	93.0	209.0	3908.0	1574.0	1098.0	380499.0	380499.0	380499.0	1700.7																84.0	103	57	0.007698041585714286	6.48	20.0			25.0								14.29												20.0						20.0	25.0	20.0	16.67			33.33						25.0	25.0				50.0	50.0												45.83	33.33	53.33											16.67	50.0				100.0	6.67			100.0		20.0	40.0		25.0		12.5	50.0		26.92	25.0								33.33			50.0				25.0	33.33	22.22	25.0		25.0						25.0	78.57	28.57	50.0	33.33			55.56	80.0		40.0	50.0					11.11	20.0				75.0				21.43			20.0		33.33	33.33								22.22													5.56										25.0	12.5	9.09	38.1			20.0		16.67				33.33						50.0	33.33				90.91															100.0	33.33	66.67			25.0		25.0	50.0						12.5				16.67					100.0						16.67			40.0	66.67		100.0		14.29	40.0	27.27	36.36	44.44			25.0		18.75	16.67					50.0					30.0		16.67																			16.67	40.0			50.0			25.0									33.33					
SRR24759616_binette_bin16	Bacteria	Pseudomonadota	Alphaproteobacteria	Rhizobiales	Rhizobiaceae	Bartonella_A	unclassified	1	52.0	8.49	0.0	356.0	356.0	356.0	45.36	127.0	303.0	12328.0	3803.0	2754.0	1404230.0	1404230.0	1404230.0	4625.3																73.81	349	230	0.6118866814285713	15.28				75.0					42.86	66.67		28.57						3.12										50.0							50.0	33.33		50.0			14.29	50.0		14.29	16.67	37.5	50.0	100.0	50.0							33.33				56.25	66.67	50.0	24.24	22.73	8.33	42.86	33.33						33.33	50.0				33.33	13.33		25.0	25.0					62.5	66.67		100.0		26.92					20.0	25.0	75.0		33.33	22.22		100.0	25.0	41.67	100.0	87.5		44.44						50.0			25.0	50.0	14.29	50.0	33.33	50.0	33.33	55.56	80.0		60.0	100.0			25.0		22.22	30.0		50.0			75.0	7.14		21.43	25.0	16.67	100.0		33.33	44.44	20.0			11.11	33.33	50.0	50.0	16.67	33.33	50.0	50.0	100.0		57.14	50.0	44.44		66.67	8.0			40.0			44.44	44.44		20.0		42.86	25.0	18.75	18.18	28.57	33.33		20.0		16.67			16.67				33.33						40.0	25.0	54.55	10.0				50.0					100.0		50.0		50.0	100.0	66.67	66.67			75.0	50.0	100.0	50.0	20.0	14.29		50.0	33.33	18.06				50.0		100.0					33.33				16.67			80.0	100.0					45.0	54.55	18.18	77.78					93.75	41.67					75.0				33.33	40.0	40.0	50.0	16.67	12.5	47.22	36.11	11.11	50.0	80.0					33.33							16.67	60.0		33.33		60.0		100.0									66.67					
SRR24759607_binette_bin9	Bacteria	Pseudomonadota	Alphaproteobacteria	Rhizobiales	Rhizobiaceae	Bartonella_A	Bartonella_A apis	21	51.9	0.5	0.0	147.0	147.0	147.0	45.53	35.0	107.0	34814.0	10340.0	4496.0	1273561.0	1273561.0	1273561.0	13967.9																100.0	349	230	0.9259554790476191	20.83				75.0	66.67				42.86	66.67		28.57																50.0							50.0	66.67		50.0			14.29	50.0		14.29	16.67	37.5		100.0	50.0				25.0			33.33				50.0	66.67	40.0	57.58	50.0		28.57	50.0						16.67	100.0					13.33		25.0	25.0			40.0		62.5	72.22		100.0		15.38					20.0	25.0	25.0		33.33	22.22		37.5	16.67	33.33	100.0	62.5		33.33									25.0	64.29	14.29	50.0		50.0	33.33	55.56	60.0		40.0	100.0	50.0		37.5		33.33	40.0		66.67	12.5			7.14			25.0	16.67	60.0		66.67	77.78	20.0			11.11	33.33		16.67					50.0		28.57	33.33	22.22		44.44	10.0	14.29		20.0								42.86	25.0	25.0	9.09	28.57	66.67		20.0		16.67			16.67	16.67									20.0	12.5	100.0	20.0									66.67		87.5		58.33	100.0	16.67	11.11			66.67	50.0	100.0		20.0	14.29			66.67	11.11				66.67					100.0		33.33		14.29		50.0			60.0	100.0				14.29	35.0	63.64	18.18	44.44			25.0	33.33	62.5	41.67					100.0				33.33	60.0	40.0	50.0	16.67	12.5	47.22	36.11	11.11	50.0	80.0					83.33							33.33	80.0	16.67	44.44		40.0		50.0							16.67		66.67					
SRR24759613_binette_bin15	Bacteria	Bacillota	Bacilli	Lactobacillales	Lactobacillaceae	Lactobacillus	unclassified	1	44.9	3.22	0.0	297.0	297.0	297.0	34.73	93.0	234.0	14127.0	4262.0	2380.0	1168500.0	1168500.0	1168500.0	5080.2																0.0	104	58	0.02258730861904762					50.0	33.33							14.29	12.5	80.0																						66.67	50.0	100.0	33.33	50.0				42.86	66.67	25.0									16.67					4.17		6.67					16.67						16.67										40.0	60.0	20.0		12.5	22.22				7.69					40.0		25.0			5.56		37.5		16.67	50.0		100.0	11.11	25.0		25.0					25.0	50.0	21.43				50.0		38.89	30.0			50.0	25.0											7.14												22.22										57.14	50.0	77.78		55.56	8.0		16.67	20.0						10.0		42.86	25.0	6.25		4.76				50.0														40.0	25.0										50.0	33.33				16.67						16.67	50.0	25.0					50.0						16.67															33.33				28.57		27.27		22.22			62.5													40.0	20.0	16.67	16.67		33.33	27.78		100.0	40.0												16.67	20.0							16.67									100.0				
SRR24759612_binette_bin17	Bacteria	Pseudomonadota	Alphaproteobacteria	Rhizobiales	Rhizobiaceae	Bartonella_A	unclassified	1	44.7	8.77	0.0	425.0	425.0	425.0	45.03	148.0	361.0	21952.0	3815.0	2698.0	1668253.0	1668253.0	1668253.0	4904.1																90.16	349	230	0.3246891828571429	26.39				25.0	16.67				42.86	66.67		14.29															50.0	50.0							50.0	33.33		50.0			14.29	50.0		14.29	16.67	25.0		100.0	25.0							33.33				50.0	33.33	60.0	57.58	54.55	16.67	42.86	50.0						16.67	100.0							25.0				40.0		75.0	38.89		50.0		15.38					20.0					38.89		50.0	16.67	33.33	75.0	37.5	33.33	22.22				33.33	33.33	50.0				71.43	14.29	50.0	33.33		33.33	77.78	80.0			75.0	50.0		12.5		11.11	20.0		44.44	12.5	75.0		14.29	50.0		25.0		80.0		55.56	55.56	20.0			11.11		50.0	33.33	22.22					12.5	42.86	50.0	33.33		66.67	30.0	28.57		20.0						20.0		42.86	25.0	6.25	9.09	28.57	16.67											33.33			50.0			20.0	12.5	30.3	10.0									33.33		75.0		58.33	100.0	83.33	66.67			33.33		50.0			85.71		100.0	33.33	23.61				50.0							66.67		14.29		33.33			80.0	66.67		66.67		14.29	35.0	63.64	9.09	33.33			25.0	66.67	56.25						100.0					60.0	40.0	33.33	16.67	12.5	47.22	36.11	11.11	100.0	40.0	33.33	16.67			66.67					60.0		33.33	60.0		11.11		40.0		100.0						33.33			50.0	100.0				83.33
SRR24759605_binette_bin22	Bacteria	Pseudomonadota	Gammaproteobacteria	Pseudomonadales	Pseudomonadaceae	Entomomonas	unclassified	1	43.6	7.09	0.0	1003.0	1003.0	1003.0	39.56	398.0	861.0	4187.0	1505.0	1085.0	1482710.0	1482710.0	1482710.0	1574.6																28.57	104	58	0.019631365404761906	17.59	60.0		50.0	75.0	50.0				71.43	66.67	20.0	28.57	12.5	33.33			83.33	3.12									100.0	25.0		60.0	75.0	80.0	100.0		50.0	66.67		50.0		25.0				14.29	18.75	50.0			25.0							33.33	66.67			52.08	66.67	43.33	63.64	95.45	50.0	28.57	33.33		33.33				16.67	100.0				66.67					20.0				75.0	61.11	25.0	50.0		19.23	50.0				20.0		25.0			27.78		75.0	25.0	41.67	75.0	75.0	33.33	22.22	25.0					25.0			25.0	35.71	14.29		16.67	50.0	33.33	33.33	40.0		60.0	50.0	50.0		37.5		22.22	40.0		91.67	50.0	75.0		14.29	50.0	21.43		66.67	40.0		66.67	66.67				44.44	33.33		66.67	16.67	33.33	50.0	50.0	100.0		28.57	33.33	22.22		44.44	4.0		5.56		11.11		44.44	44.44		10.0		57.14	25.0	25.0	9.09	59.52	33.33				16.67			16.67	33.33				16.67					40.0	12.5	54.55					50.0			33.33		66.67		87.5		66.67	100.0	16.67	22.22			25.0		50.0		20.0	14.29	50.0	100.0	33.33	11.11				66.67	50.0	50.0		75.0	100.0	33.33	33.33	20.0		100.0		10.0		80.0	33.33		100.0		42.86	60.0	18.18	54.55	77.78				33.33	87.5	41.67					75.0	37.5			33.33	10.0		16.67	33.33	12.5	61.11	63.89		50.0	40.0				25.0	100.0			25.0	66.67			16.67	60.0	16.67	44.44		40.0		50.0										100.0				33.33
SRR24759611_binette_bin18	Bacteria	Pseudomonadota	Alphaproteobacteria	Rhizobiales	Rhizobiaceae	Bartonella_A	unclassified	1	42.7	6.84	0.0	382.0	382.0	382.0	45.28	127.0	323.0	19569.0	4186.0	2652.0	1525937.0	1525937.0	1525937.0	4969.4																90.0	104	58	0.2721940728571429	25.0				25.0	50.0				28.57	33.33		28.57						3.12									50.0	50.0							50.0	100.0		50.0						14.29	16.67	75.0	50.0		50.0											81.25	100.0	70.0	51.52	45.45	16.67	28.57	33.33						16.67	100.0					6.67		25.0	50.0			20.0		37.5	50.0		25.0		26.92						25.0	50.0			22.22		37.5	25.0	41.67	75.0	62.5		44.44				33.33	33.33	25.0				42.86	14.29	50.0	100.0	50.0		55.56	60.0		60.0	75.0	50.0		25.0		11.11	30.0		66.67	12.5	50.0	25.0	7.14	50.0	21.43	25.0		50.0		77.78	77.78				11.11			33.33	27.78				50.0	12.5	14.29	16.67	11.11		11.11	24.0	14.29	5.56	20.0	11.11		50.0	50.0		20.0		28.57	25.0	12.5	27.27	28.57	33.33				16.67			16.67	16.67			33.33					12.5													66.67		75.0		33.33	100.0	33.33	22.22			25.0		25.0	25.0	20.0	28.57			33.33	61.11				50.0		100.0			100.0		50.0	20.0	14.29		33.33			30.0	33.33		100.0		42.86	55.0	45.45	18.18	33.33				33.33	31.25	16.67					100.0					30.0		33.33	16.67		47.22	36.11		50.0	20.0				25.0	16.67			25.0	33.33			16.67	40.0	16.67	55.56		40.0		62.5							16.67		33.33	100.0				
SRR24759603_binette_bin20	Bacteria	Bacteroidota	Bacteroidia	Bacteroidales	Dysgonomonadaceae	Dysgonomonas	unclassified	1	42.6	0.34	0.0	802.0	802.0	802.0	33.97	282.0	674.0	5489.0	1734.0	1111.0	1347779.0	1347779.0	1347779.0	1945.0																60.0	273	183	0.002049054342857143	11.11	20.0			100.0	33.33				57.14	66.67		14.29	12.5					3.12										50.0		20.0	25.0	20.0	33.33		50.0	66.67					14.29	50.0	25.0			37.5	100.0	50.0	75.0											56.25	33.33	70.0	36.36	54.55	75.0	14.29	33.33	25.0						100.0				33.33					40.0	40.0	40.0		53.12	88.89		75.0		23.08	25.0				40.0		75.0			16.67		50.0	25.0	41.67	100.0	50.0	66.67	44.44	50.0			66.67	66.67				25.0	85.71	28.57		33.33	25.0	33.33	66.67	80.0	25.0	20.0	100.0	25.0		25.0		22.22	30.0		83.33				7.14	50.0	21.43		100.0	70.0		66.67	77.78			25.0				100.0	11.11						100.0	83.33	66.67		77.78	20.0	14.29	5.56		55.56		44.44	44.44		20.0		42.86	25.0		18.18	28.57					16.67			16.67	33.33				16.67					40.0	25.0	57.58										33.33		50.0		66.67	100.0	33.33	44.44		16.67	75.0	50.0	75.0	100.0	20.0	14.29	25.0	100.0	66.67	36.11		46.43		50.0	16.67	100.0		100.0		33.33	33.33				50.0			30.0	100.0	25.0	100.0		28.57	50.0	63.64	9.09	88.89			75.0	100.0	62.5	33.33	50.0						50.0			50.0	20.0	50.0	33.33	12.5	25.0	22.22	11.11	100.0	40.0			16.67		41.67							16.67	20.0		11.11		60.0		62.5								33.33		100.0				100.0
SRR24759601_binette_bin16	Bacteria	Pseudomonadota	Alphaproteobacteria	Rhizobiales	Rhizobiaceae	Bartonella_A	unclassified	1	42.2	9.29	0.0	447.0	447.0	447.0	44.8	146.0	367.0	17320.0	3560.0	2136.0	1489770.0	1489770.0	1489770.0	4272.7																100.0	104	58	0.4701625747619048	37.04	20.0			50.0	50.0				28.57	33.33		14.29						3.12			16.67							50.0							50.0	33.33		50.0				25.0		14.29	16.67	50.0	50.0	50.0	25.0				100.0							83.33	100.0	73.33	39.39	40.91	58.33	42.86	33.33					50.0	33.33	50.0					13.33		25.0	25.0	20.0	20.0	20.0		37.5	77.78		100.0		23.08					40.0		25.0		33.33	38.89		87.5	25.0	41.67	75.0	62.5	33.33	33.33				33.33		50.0			25.0	71.43			66.67	50.0	33.33	83.33	90.0		60.0	100.0	25.0		50.0		33.33	60.0		58.33	12.5		50.0	14.29		21.43	25.0	50.0	40.0		33.33	33.33	20.0	33.33		11.11		50.0	83.33	22.22				50.0	12.5	57.14	66.67	44.44		66.67	30.0	28.57	5.56	40.0			44.44	44.44		20.0		71.43	75.0	25.0	27.27	38.1	66.67		20.0		16.67			16.67	16.67						50.0			40.0	25.0	18.18										66.67		62.5		50.0		66.67	66.67			41.67	50.0	50.0		20.0	71.43	25.0	50.0	66.67	36.11				50.0				50.0	100.0		66.67	10.0	14.29		16.67			40.0	33.33		50.0		14.29	50.0	63.64	9.09	11.11			37.5	33.33	31.25	41.67					75.0					30.0	20.0	16.67	16.67	12.5	27.78	11.11	11.11	100.0	100.0	33.33							25.0	33.33	60.0		16.67	60.0		22.22		20.0		50.0	16.67					33.33			50.0	100.0				16.67
SRR24759600_binette_bin27	Bacteria	Bacillota	Bacilli	Lactobacillales	Lactobacillaceae	Lactobacillus	unclassified	1	41.1	2.0	0.0	224.0	224.0	224.0	35.87	87.0	194.0	10057.0	3422.0	2606.0	790809.0	790809.0	790809.0	3938.2																61.11	430	154	0.027653485666666672	9.72					16.67							14.29	12.5	100.0				3.12																		33.33								71.43	58.33															22.92		36.67					33.33						16.67											20.0	20.0			94.44				7.69							50.0			5.56			16.67	33.33	75.0	62.5	50.0	11.11	25.0		25.0					25.0	50.0	7.14	28.57		33.33	50.0		22.22	20.0			25.0	25.0											7.14					20.0							22.22				22.22						28.57	33.33	44.44		33.33	4.0		5.56				33.33	33.33		10.0				18.75		19.05				50.0														20.0	12.5											33.33				33.33			11.11			66.67	75.0	50.0	100.0			50.0	50.0	33.33	12.5				50.0														40.0	33.33		100.0		14.29	10.0	27.27		11.11				33.33	12.5											20.0	20.0		8.33	12.5	25.0	22.22	11.11	25.0					25.0				50.0	33.33	20.0		16.67	20.0						25.0								66.67						
SRR24759610_binette_bin23	Bacteria	Actinomycetota	Actinomycetes	Actinomycetales	Bifidobacteriaceae	Bombiscardovia	unclassified	1	40.9	6.51	0.0	762.0	762.0	762.0	62.7	306.0	662.0	8589.0	1314.0	1047.0	1032802.0	1032802.0	1032802.0	1546.6																90.91	104	58	0.04380816085714286	1.85				75.0					42.86	100.0				40.0														25.0								66.67	50.0	50.0			14.29	25.0	25.0			50.0	100.0													72.92	100.0	56.67			16.67	14.29	50.0			25.0			50.0										60.0	40.0	40.0		68.75	83.33		50.0		26.92							75.0		33.33			25.0			100.0	75.0	33.33	33.33	25.0			33.33					75.0	78.57	14.29	50.0	33.33		33.33	77.78	80.0		60.0	50.0			12.5		22.22	10.0		91.67						28.57	25.0	50.0	60.0										83.33	5.56						57.14	50.0	44.44		55.56	20.0	14.29	5.56				5.56	5.56				42.86	25.0	18.75	27.27	19.05			20.0														12.5	60.0	25.0						50.0				100.0	66.67	6.67	87.5		83.33		16.67	11.11			91.67	50.0	75.0	100.0		14.29	50.0	50.0	33.33	30.56								50.0			16.67							60.0	66.67		33.33		42.86	50.0	63.64		11.11			75.0		81.25						25.0			50.0		50.0	20.0	16.67		12.5			11.11		80.0					58.33			50.0	33.33			50.0	100.0				60.0		50.0	16.67									100.0				
SRR24759605_binette_bin23	Bacteria	Pseudomonadota	Gammaproteobacteria	Enterobacterales	Enterobacteriaceae	Gilliamella	unclassified	1	40.6	6.61	0.0	517.0	517.0	517.0	33.81	158.0	421.0	23811.0	3283.0	1763.0	1581012.0	1581012.0	1581012.0	4348.9																50.0	56	24	0.04562507438095239	1.39	40.0			25.0	66.67				14.29			14.29		100.0														25.0													14.29	25.0	25.0		2.08	12.5	50.0		75.0			6.67								35.42	33.33	36.67				14.29							33.33					33.33					80.0	80.0			62.5	33.33		50.0		19.23					20.0		75.0							16.67	75.0	12.5	50.0	22.22	25.0		50.0	33.33					25.0	35.71		50.0		50.0	33.33	55.56	40.0		20.0	50.0	50.0		37.5		44.44	60.0		8.33					100.0	21.43		66.67	40.0		44.44	44.44			25.0		33.33		100.0	16.67						71.43	66.67	55.56		77.78					11.11							57.14	25.0	25.0		19.05	16.67				33.33				33.33		50.0			50.0		33.33		40.0	25.0	18.18										100.0		25.0		16.67		50.0	55.56			83.33	75.0	100.0	50.0	20.0		100.0		66.67					50.0				75.0		33.33		20.0		50.0		20.0		20.0			100.0			40.0	36.36	45.45	66.67			50.0	33.33	87.5	33.33									33.33	70.0	20.0	33.33	8.33	12.5	25.0	22.22	11.11	75.0	20.0					33.33			75.0	66.67	20.0		50.0	80.0		33.33				50.0					1.14			33.33						
SRR24759613_binette_bin21	Bacteria	Bacillota	Bacilli	Lactobacillales	Lactobacillaceae	Lactobacillus	unclassified	1	40.4	7.02	0.0	537.0	537.0	537.0	36.71	198.0	456.0	6183.0	1647.0	1097.0	852945.0	852945.0	852945.0	1779.9																76.47	430	154	0.0944226748095238					75.0	16.67									40.0																							50.0	50.0	33.33	25.0				57.14	25.0	12.5									16.67					4.17		6.67					50.0						16.67												20.0		12.5	77.78									20.0		25.0					50.0		16.67	25.0		66.67	22.22	25.0		25.0	66.67				25.0	100.0	50.0	14.29					72.22	70.0				25.0		12.5		11.11	20.0											20.0		11.11	11.11								16.67						42.86	33.33	66.67		44.44	20.0	14.29			11.11					20.0		28.57		18.75		4.76				50.0														20.0	12.5						50.0				100.0					16.67	100.0		11.11			66.67	50.0	50.0	75.0			50.0	100.0						16.67															33.33		33.33				36.36	54.55	77.78			12.5	33.33		25.0												16.67	16.67		33.33	27.78		100.0	20.0				25.0				50.0	33.33	20.0		33.33	60.0						25.0	16.67							33.33						
SRR24759607_binette_bin15	Bacteria	Pseudomonadota	Alphaproteobacteria	Rhizobiales	Rhizobiaceae	Bartonella_A	Bartonella_A apihabitans	6	40.0	2.37	0.0	472.0	472.0	472.0	45.27	155.0	386.0	9031.0	2221.0	1264.0	979080.0	979080.0	979080.0	2580.1																100.0	104	58	0.7284091566666667	12.04				50.0					57.14	100.0		28.57	12.5															50.0							50.0	66.67					14.29	50.0	25.0			25.0	50.0	100.0	25.0											45.83	33.33	53.33	33.33	18.18	16.67	28.57	33.33		33.33				16.67	50.0		20.0	50.0	66.67	6.67		25.0				40.0		56.25	72.22	16.67	50.0		15.38	33.33					25.0	25.0		33.33	16.67		87.5	25.0	41.67	100.0	75.0		22.22						50.0			25.0	71.43	14.29	50.0	100.0	50.0		55.56	60.0		40.0	25.0			25.0		22.22	40.0		41.67		25.0			50.0	21.43	25.0	16.67	70.0		33.33	33.33	20.0	33.33			33.33	50.0	16.67	22.22	33.33	50.0	50.0	100.0		14.29	16.67	11.11		44.44	4.0		5.56	20.0	11.11		11.11	11.11		20.0		42.86	25.0	12.5	9.09	23.81			20.0									33.33						20.0	12.5	45.45	10.0				50.0					66.67		100.0		75.0	100.0	66.67	66.67			66.67	50.0	100.0	25.0		28.57	25.0	50.0	33.33	61.11				66.67		50.0		50.0			33.33				16.67			40.0	66.67		33.33		28.57	35.0	72.73	18.18	44.44			25.0	33.33	81.25						75.0				33.33	30.0	20.0	16.67	8.33	12.5	38.89	30.56	11.11	25.0	60.0				25.0	50.0			25.0	33.33			16.67	20.0		44.44		60.0		62.5									16.67					100.0
SRR24759608_binette_bin23	Bacteria	Bacillota	Bacilli	Lactobacillales	Lactobacillaceae	Lactobacillus	unclassified	1	39.9	7.8	0.0	628.0	628.0	628.0	36.01	214.0	529.0	21944.0	1632.0	1092.0	1039839.0	1039839.0	1039839.0	2461.1																88.89	104	58	0.01727653007619048	11.11					16.67								12.5	33.33				3.12																		66.67		50.0		25.0				57.14	58.33	12.5			25.0						33.33					16.67		26.67					66.67						16.67										40.0	40.0	20.0			44.44				7.69					20.0		50.0			5.56		62.5	25.0	41.67	100.0	100.0	66.67		25.0		25.0	33.33				25.0	50.0	35.71				25.0	33.33	50.0	30.0			25.0	25.0											7.14					20.0							22.22				16.67						71.43	66.67	88.89		77.78	24.0	14.29					44.44	44.44		20.0		28.57		6.25		19.05				50.0														40.0	25.0						50.0				100.0	33.33				33.33	100.0		11.11			83.33		75.0	75.0				100.0	33.33	5.56				50.0														40.0					28.57	10.0	54.55					62.5													20.0	20.0		8.33		25.0	22.22		25.0	20.0			16.67									16.67	20.0						25.0								33.33		100.0				
SRR24759613_binette_bin27	Bacteria	Pseudomonadota	Alphaproteobacteria	Rhizobiales	Rhizobiaceae	Bartonella_A	unclassified	1	39.8	9.18	0.0	589.0	589.0	589.0	45.03	237.0	508.0	4548.0	2136.0	1608.0	1260149.0	1260149.0	1260149.0	2277.1																100.0	104	58	0.39835708333333336	35.19				50.0	50.0				42.86	33.33		28.57	12.5															50.0							50.0	100.0		50.0			14.29	50.0		14.29	16.67	37.5	50.0	100.0												66.67	66.67	66.67	87.88	90.91	100.0	42.86	100.0		33.33				33.33	50.0				66.67	6.67						40.0		12.5	50.0	16.67	100.0		19.23	33.33						75.0		33.33	38.89		37.5	25.0	41.67	75.0	87.5	33.33	33.33				33.33	33.33				25.0	50.0	14.29	50.0	100.0	50.0		77.78	60.0		40.0	75.0	25.0		50.0		33.33	60.0		22.22	12.5		25.0	14.29	50.0	14.29	25.0	16.67	80.0		55.56	66.67				11.11		50.0	50.0	5.56	33.33	50.0	50.0	50.0	12.5	28.57	33.33	22.22		44.44	28.0	14.29	11.11	20.0	11.11		16.67	16.67		20.0		14.29	50.0	25.0	18.18	33.33	50.0		20.0		16.67			16.67									12.5	20.0	12.5	13.64										66.67		50.0		16.67	100.0	50.0	22.22			66.67	50.0	75.0	50.0	20.0	14.29	25.0		33.33	61.11				50.0		100.0		50.0			83.33		14.29		50.0			80.0	33.33		33.33		42.86	50.0	45.45	18.18	22.22			25.0	100.0	81.25	50.0					25.0					40.0	20.0	16.67	8.33	12.5	8.33	5.56	11.11	25.0	20.0					50.0					60.0		50.0	60.0	16.67	55.56		40.0		75.0							16.67		50.0	100.0				50.0
SRR24759601_binette_bin12	Bacteria	Pseudomonadota	Alphaproteobacteria	Rhizobiales	Rhizobiaceae	Bartonella_A	unclassified	5	39.6	0.92	0.0	581.0	581.0	581.0	41.34	128.0	452.0	50077.0	2700.0	1232.0	1432001.0	1432001.0	1432001.0	6334.4																0.0	104	58	0.09230013047619046	13.89				75.0	16.67		33.33		28.57	33.33																		50.0							50.0	100.0		50.0			14.29	50.0	25.0			50.0	50.0	100.0	50.0											71.88	33.33	95.0	69.7	63.64	33.33	28.57	50.0		33.33				33.33	100.0					6.67			25.0			40.0		50.0	66.67	50.0	75.0		23.08	50.0				20.0		25.0		33.33			25.0	16.67	33.33	75.0	50.0		44.44				33.33	33.33				25.0	100.0		50.0	66.67		33.33	88.89	100.0		40.0	75.0	25.0	4.35	50.0		22.22	40.0		22.22					50.0	28.57	25.0	16.67	60.0		55.56	66.67	20.0	33.33					50.0	22.22						42.86	50.0	33.33		44.44	24.0	14.29	5.56	20.0						20.0		57.14	75.0	18.75	18.18	42.86	83.33		20.0						33.33						50.0			20.0	12.5	53.03	10.0			25.0	50.0					66.67		12.5		33.33	100.0	66.67	55.56			58.33		75.0	25.0		14.29	25.0	100.0	66.67	36.11				50.0				50.0	100.0	33.33			14.29		50.0			50.0	33.33	25.0	83.33	16.67	28.57	45.0	72.73	18.18	33.33			25.0	66.67	31.25	50.0					100.0					20.0	20.0	33.33	8.33	12.5	19.44	22.22	11.11	25.0	80.0					33.33							50.0	100.0		33.33		20.0		50.0							16.67		16.67	100.0				
SRR24759599_binette_bin27	Bacteria	Pseudomonadota	Gammaproteobacteria	Enterobacterales	Enterobacteriaceae	Gilliamella	unclassified	3	39.4	4.94	0.0	545.0	545.0	545.0	33.92	144.0	430.0	18360.0	2770.0	1348.0	1370591.0	1370591.0	1370591.0	3806.8																100.0	104	58	0.03578263797619047	1.39				50.0	66.67				42.86	33.33	20.0	14.29	12.5	40.0				3.12																		66.67		50.0		25.0	14.29	50.0	25.0		2.08	62.5	50.0	50.0	25.0			6.67								29.17	66.67	6.67		9.09	16.67	28.57	83.33						50.0	100.0				66.67					60.0	100.0	20.0		75.0	77.78				7.69	50.0				20.0		25.0		33.33				16.67	33.33	75.0	37.5	83.33	11.11	50.0		25.0	33.33					50.0	50.0	14.29	50.0		50.0		50.0	50.0		20.0	50.0	50.0		37.5		55.56	60.0		58.33					50.0			16.67	40.0		55.56	55.56					33.33		16.67		33.33	50.0	50.0	50.0		85.71	83.33	55.56		88.89					11.11		38.89	38.89		10.0		57.14	25.0	37.5	18.18	19.05	50.0		20.0		16.67			16.67								33.33	12.5	40.0	25.0	36.36									50.0	33.33		50.0		33.33		50.0	44.44			75.0	25.0	100.0	50.0	40.0		75.0	100.0	66.67					50.0				75.0		33.33	16.67			100.0		20.0	33.33	60.0			100.0		28.57	25.0	54.55	54.55	88.89			62.5	33.33	50.0	83.33						12.5			33.33	80.0	40.0	50.0	8.33	12.5	8.33	5.56	11.11	25.0	60.0					16.67			50.0	33.33	20.0		16.67	20.0		44.44		20.0		50.0														66.67
SRR24759606_binette_bin16	Bacteria	Bacillota	Clostridia	Tissierellales	Tissierellaceae	Tissierella	unclassified	1	39.4	2.6	0.0	1418.0	1418.0	1418.0	30.16	359.0	1148.0	31761.0	2029.0	1112.0	2848677.0	2848677.0	2848677.0	4009.8																16.67	250	143	0.010723487514285715					75.0	50.0									20.0				3.12		14.29		16.67						50.0		20.0	25.0	20.0	33.33		50.0	66.67		50.0		25.0				14.29	18.75	12.5						6.67	25.0			33.33				35.42	66.67	16.67	66.67	90.91	16.67		16.67						16.67										80.0	80.0	40.0		50.0	33.33		50.0		15.38	25.0		1.25		40.0				33.33	5.56		50.0	25.0	41.67	50.0	75.0	50.0	33.33	25.0		25.0	66.67	33.33			25.0		42.86	28.57	50.0	100.0			38.89	50.0		20.0	75.0	75.0	13.04	37.5		66.67	70.0			75.0			7.14					40.0						25.0	11.11				22.22	33.33	50.0	50.0	50.0	12.5	57.14	83.33	55.56		55.56	4.0		5.56		11.11		50.0	50.0	8.33	10.0		57.14	50.0	12.5	9.09	4.76	50.0		20.0	50.0										50.0	50.0		12.5			27.27								33.33						16.67			11.11		16.67	33.33	25.0	50.0		20.0	14.29	50.0	50.0		48.61				33.33							16.67	20.0			16.67		66.67	60.0	33.33		66.67		28.57	15.0	45.45	18.18	77.78			37.5	66.67	81.25	100.0		33.33								70.0	20.0	33.33	8.33		8.33	5.56		75.0	100.0					33.33			25.0				16.67	20.0		33.33			55.56	50.0	50.0	20.0			1.14			33.33						100.0
SRR24759603_binette_bin27	Bacteria	Pseudomonadota	Alphaproteobacteria	Rhizobiales	Rhizobiaceae	Bartonella_A	unclassified	1	38.8	4.43	0.0	291.0	291.0	291.0	45.2	103.0	248.0	13385.0	3833.0	2683.0	1142542.0	1142542.0	1142542.0	4615.0																84.62	104	58	0.3664353338095238	10.65				25.0					28.57	33.33																		50.0							50.0	33.33										50.0							75.0			33.33				67.71	100.0	48.33	24.24	27.27	50.0	14.29	33.33		16.67			50.0	33.33	50.0					6.67		25.0	50.0			20.0		37.5	77.78	8.33	50.0		7.69	16.67								33.33			25.0	16.67	16.67	50.0	37.5	33.33	11.11					33.33					42.86		100.0	66.67		33.33	61.11	50.0		40.0	100.0	25.0		12.5			20.0		11.11	12.5		25.0		50.0		25.0		60.0		55.56	55.56								22.22					12.5	28.57	33.33	22.22		22.22	4.0		11.11	20.0	11.11					20.0		42.86	75.0	18.75	18.18	23.81			20.0												50.0			20.0	12.5	22.73										66.67		75.0		50.0	100.0	16.67	11.11			33.33	50.0	50.0			42.86			33.33	30.56				33.33		50.0		50.0	100.0									40.0	33.33		33.33		14.29	40.0	63.64		11.11			12.5	33.33	6.25	16.67					75.0					20.0	20.0		8.33		8.33	5.56		25.0	40.0					50.0							33.33	80.0		33.33		20.0		50.0									16.67					50.0
SRR24759613_binette_bin23	Bacteria	Pseudomonadota	Alphaproteobacteria	Rhizobiales	Rhizobiaceae	Bartonella_A	unclassified	1	38.1	6.23	0.0	1199.0	1199.0	1199.0	42.37	440.0	1026.0	8045.0	1451.0	1063.0	1785233.0	1785233.0	1785233.0	1758.1																0.0	104	58	0.05669316333333333	24.54				50.0	50.0		33.33		28.57	66.67		28.57			50.0			3.12					16.67					25.0								33.33		50.0			14.29	50.0	25.0	14.29	16.67	37.5		100.0	25.0							33.33				73.96	100.0	58.33	51.52	36.36	75.0	14.29	33.33						16.67	50.0					6.67								75.0	83.33	33.33	75.0		15.38	16.67				20.0		75.0			5.56		25.0	25.0	41.67	100.0	50.0		22.22					33.33	50.0			25.0	57.14	14.29	50.0	33.33	50.0	33.33	66.67	60.0		40.0	100.0	25.0		50.0		33.33	50.0		66.67	12.5		25.0	7.14			25.0	16.67	80.0		55.56	55.56	20.0			11.11	33.33		50.0	16.67					12.5	57.14	50.0	44.44		66.67	8.0			20.0	11.11		44.44	44.44		20.0		28.57	50.0	12.5	18.18	23.81	66.67								16.67						50.0					21.21					50.0					100.0		62.5		58.33		66.67	55.56			41.67		25.0	50.0		37.14	50.0	100.0	66.67	12.5				66.67				50.0	100.0				14.29					50.0	66.67		33.33		14.29	45.0	36.36		44.44					68.75	50.0					50.0				33.33	30.0	40.0	33.33	8.33		8.33	5.56		75.0	20.0				25.0	66.67			25.0	33.33			50.0	100.0	16.67	55.56		40.0		100.0	25.0						16.67		66.67					
SRR24759609_binette_bin21	Bacteria	Actinomycetota	Actinomycetes	Actinomycetales	Bifidobacteriaceae	Bombiscardovia	unclassified	1	37.8	7.45	0.0	615.0	615.0	615.0	62.05	243.0	530.0	4034.0	1420.0	1066.0	886028.0	886028.0	886028.0	1546.3																100.0	104	58	0.038047735619047625					50.0					14.29	33.33		14.29	12.5	26.67														25.0								66.67										62.5	50.0													43.75	66.67	30.0			16.67	14.29	33.33						33.33												20.0		62.5	5.56		25.0		7.69					40.0		50.0		33.33			25.0		16.67	100.0	75.0	33.33	11.11	25.0			33.33					75.0	50.0	14.29		33.33	50.0	33.33	61.11	50.0		40.0	75.0					11.11	10.0		91.67						14.29	25.0	50.0	80.0										83.33	22.22						71.43	66.67	55.56		88.89	20.0	14.29	5.56		11.11		5.56	5.56		10.0		71.43	25.0	18.75	27.27	14.29			20.0														12.5	20.0	12.5										100.0	100.0	6.67	87.5		41.67	100.0	16.67	22.22			75.0	50.0	50.0	100.0		14.29		100.0	33.33	30.56				16.67				25.0			16.67							50.0	33.33		33.33		28.57	20.0	45.45		11.11			12.5		87.5									50.0		30.0	20.0								60.0				25.0	75.0							50.0	100.0				20.0		75.0	12.5									100.0				
SRR24759598_binette_bin27	Bacteria	Pseudomonadota	Gammaproteobacteria	Enterobacterales	Enterobacteriaceae	Gilliamella	unclassified	6	37.7	2.37	0.0	460.0	460.0	460.0	34.1	145.0	374.0	8567.0	2191.0	1274.0	978491.0	978491.0	978491.0	2795.8																100.0	104	58	0.0538058902857143	4.17	20.0			50.0	50.0				42.86	33.33		14.29		40.0														25.0								66.67					14.29	25.0	25.0			12.5	50.0					6.67				33.33				58.33	100.0	33.33		9.09		28.57	83.33						33.33	50.0				66.67					100.0	100.0	40.0		75.0	27.78		50.0		11.54	50.0				40.0		50.0					25.0	25.0	25.0	25.0	87.5	66.67	11.11	50.0		50.0	33.33					100.0	57.14		50.0	33.33	50.0		55.56	60.0		40.0	50.0	25.0		37.5		44.44	50.0		58.33					100.0	7.14	25.0	33.33	40.0		44.44	44.44					66.67		66.67	5.56	33.33	50.0	50.0	100.0		42.86	50.0	33.33		44.44			5.56		22.22		16.67	16.67				42.86		25.0	18.18	30.95	50.0																12.5	20.0	12.5	9.09									100.0	33.33		62.5		33.33		16.67	11.11	33.33		16.67	50.0	25.0		20.0		100.0	50.0	66.67	12.5				16.67							16.67							60.0	33.33		100.0		28.57	40.0	45.45	54.55	77.78			75.0	66.67	50.0	66.67			14.29						66.67	70.0	20.0	50.0							100.0					100.0			75.0	66.67	20.0		16.67	40.0		38.89		20.0		50.0					1.14									
SRR24759602_binette_bin18	Bacteria	Actinomycetota	Actinomycetes	Actinomycetales	Bifidobacteriaceae	Bombiscardovia	unclassified	1	37.6	7.48	0.0	591.0	591.0	591.0	63.24	245.0	516.0	5153.0	1276.0	1049.0	776817.0	776817.0	776817.0	1414.9																86.44	464	220	0.06066309395238096	1.85				75.0	50.0		33.33		57.14	100.0		14.29		73.33														50.0							50.0	66.67	50.0	50.0			14.29	25.0	25.0			75.0	100.0													60.42	66.67	56.67				14.29	66.67			25.0			16.67					33.33					20.0	40.0	20.0		75.0	88.89	25.0	50.0		26.92					20.0		50.0		33.33						100.0	75.0	33.33	33.33	25.0			33.33						50.0		50.0	33.33	50.0	33.33	72.22	70.0		60.0	75.0	25.0				11.11			75.0						28.57	25.0	50.0	60.0										83.33	22.22						85.71	83.33	55.56		100.0	20.0	14.29	5.56				5.56	5.56		10.0		71.43	25.0	25.0	18.18	19.05			20.0														12.5	20.0	12.5											100.0	6.67	100.0		83.33		16.67	22.22			75.0		50.0	100.0		14.29	50.0	100.0		23.61								100.0		33.33	16.67							80.0	66.67		33.33		14.29	40.0	45.45		11.11			37.5		100.0						25.0			50.0		50.0	20.0	16.67							100.0				25.0	41.67			25.0	33.33			50.0	100.0				60.0		75.0										100.0				
SRR24759615_binette_bin24	Bacteria	Bacillota	Bacilli	Lactobacillales	Lactobacillaceae	Lactobacillus	unclassified	1	37.4	2.32	0.0	405.0	405.0	405.0	37.14	151.0	346.0	6056.0	1462.0	1116.0	627994.0	627994.0	627994.0	1801.2																100.0	104	58	0.02933197242857143	5.56					33.33				14.29		20.0			40.0				3.12																		33.33								14.29	33.33															16.67		26.67					16.67																20.0	20.0	20.0			44.44				7.69					20.0		25.0			5.56		87.5		16.67	25.0		50.0	11.11			25.0					25.0	25.0	28.57					33.33	38.89	30.0			25.0	25.0											7.14												11.11										28.57	16.67	33.33		33.33	4.0				11.11		33.33	33.33				14.29				19.05				50.0														20.0	12.5						50.0					33.33		25.0		33.33						33.33	25.0	25.0	25.0										16.67				50.0		33.33													14.29	10.0	18.18	54.55	77.78			12.5	33.33														16.67	8.33		25.0	22.22		25.0	20.0				25.0								16.67	40.0							16.67													
SRR24759599_binette_bin31	Bacteria	Bacillota	Bacilli	Lactobacillales	Lactobacillaceae	Lactobacillus	unclassified	1	35.9	4.08	0.0	608.0	608.0	608.0	35.97	236.0	525.0	7435.0	1377.0	1059.0	862179.0	862179.0	862179.0	1625.3																75.61	430	154	0.023858519333333335	11.11				50.0	16.67								12.5	60.0																						33.33								42.86	58.33	12.5			25.0						16.67					16.67		26.67											16.67										40.0	60.0	20.0		12.5	27.78				7.69					40.0		75.0			5.56		87.5	8.33	25.0	75.0	100.0	66.67		25.0		25.0	33.33				25.0	25.0	7.14	14.29				33.33	33.33	20.0			75.0					11.11	10.0						7.14												22.22										85.71	83.33	100.0		88.89	24.0	14.29					11.11	11.11		10.0		42.86	25.0	6.25		19.05				50.0														20.0	12.5						50.0					33.33				16.67	100.0					75.0	50.0	50.0	100.0				50.0						33.33														40.0			33.33		14.29	10.0	27.27	45.45	66.67			50.0	33.33	12.5	16.67										20.0	20.0	16.67	8.33	12.5	25.0	22.22	11.11	25.0	40.0				25.0	8.33							33.33	80.0														33.33						
SRR24759613_binette_bin25	Bacteria	Pseudomonadota	Alphaproteobacteria	Rhizobiales	Rhizobiaceae	Bartonella_A	unclassified	1	35.9	6.32	0.0	320.0	320.0	320.0	45.86	56.0	238.0	20577.0	4810.0	1195.0	905660.0	905660.0	905660.0	5891.4																0.0	104	58	0.18424903333333334	3.24				50.0	50.0					33.33		14.29									16.67							25.0								33.33					14.29	50.0	25.0	14.29	16.67	25.0		100.0	25.0							33.33				10.42		16.67	63.64	63.64	8.33		33.33						16.67	50.0		20.0	100.0								20.0		75.0	11.11		50.0		11.54					20.0	25.0	50.0			13.89		62.5	16.67	16.67	75.0	12.5		22.22				33.33						42.86		50.0	33.33	50.0	33.33	44.44	60.0			75.0	25.0		37.5		22.22	40.0		27.78	12.5			7.14			25.0		60.0		11.11	11.11				11.11			33.33	11.11				50.0		14.29	16.67	11.11		22.22	28.0	14.29	5.56	20.0						20.0		14.29		12.5		4.76	33.33																	20.0	12.5	13.64										100.0		50.0		50.0	100.0					50.0	50.0	75.0	25.0		14.29		50.0	100.0	18.06				33.33		100.0			100.0		16.67				33.33			80.0			100.0		14.29	10.0	18.18						33.33	56.25	33.33					50.0					60.0	40.0	50.0	16.67		47.22	36.11		50.0	20.0	33.33	16.67		25.0	50.0			25.0	33.33			33.33	80.0	16.67	44.44		40.0		50.0						33.33	16.67		50.0	100.0				
SRR24759605_binette_bin20	Bacteria	Bacillota	Bacilli	Lactobacillales	Lactobacillaceae	Lactobacillus	unclassified	8	34.8	0.96	0.0	221.0	221.0	221.0	35.28	41.0	165.0	73239.0	5738.0	2013.0	984372.0	984372.0	984372.0	12360.3																0.0	430	154	0.07209926885714284	5.56					16.67				14.29					40.0																						66.67								28.57	50.0										16.67					16.67		26.67					66.67						16.67												20.0		37.5			50.0		7.69									33.33	5.56				16.67	25.0			22.22			25.0	66.67				25.0	50.0	28.57					33.33	27.78	30.0			50.0												7.14					20.0							22.22				16.67								11.11			44.0	28.57											25.0	12.5		19.05			20.0	50.0														20.0	12.5											33.33		25.0		16.67	100.0		11.11			41.67	50.0	50.0											16.67	16.67			50.0		33.33								20.0	33.33				28.57	10.0	27.27					12.5	33.33					14.29							20.0		16.67	16.67	12.5	16.67	11.11	11.11	100.0													16.67	20.0						25.0	16.67							33.33						
SRR24759604_binette_bin23	Bacteria	Pseudomonadota	Alphaproteobacteria	Rhizobiales	Rhizobiaceae	Bartonella_A	Bartonella_A sp946479275	9	34.6	0.29	0.0	321.0	321.0	321.0	45.05	81.0	249.0	13548.0	3037.0	1278.0	817215.0	817215.0	817215.0	3904.3																100.0	104	58	0.06764979647619049	8.8				25.0	50.0				28.57	33.33		28.57																50.0							50.0	66.67					14.29	50.0				25.0		100.0	25.0							33.33				16.67		26.67	45.45	45.45	58.33	28.57	33.33							100.0					13.33		25.0	25.0					62.5	22.22		50.0		3.85						25.0	50.0					25.0	16.67	16.67	50.0	12.5	33.33	33.33				33.33		50.0				50.0	14.29	50.0		50.0	33.33	55.56	80.0			75.0	25.0		12.5		11.11	20.0		16.67									60.0		33.33	33.33	20.0				33.33			16.67						14.29	16.67	11.11		22.22	30.0	28.57		20.0						20.0		42.86	25.0	12.5		19.05																		20.0	12.5	59.09	10.0				50.0					66.67		87.5		33.33	100.0	16.67	22.22			58.33	50.0	75.0	25.0		14.29		100.0		11.11				33.33		100.0			100.0				14.29		33.33			60.0					14.29	25.0	54.55	9.09	22.22				33.33	56.25						25.0				33.33	60.0	40.0	50.0	16.67		16.67	11.11		100.0	40.0					33.33							16.67	60.0		11.11		40.0		50.0									16.67					
SRR24759597_binette_bin23	Bacteria	Pseudomonadota	Alphaproteobacteria	Rhizobiales	Rhizobiaceae	Bartonella_A	unclassified	1	34.5	4.0	0.0	352.0	352.0	352.0	43.35	79.0	260.0	50078.0	4822.0	1713.0	1265036.0	1265036.0	1265036.0	7487.5																100.0	104	58	0.37887593666666664	12.5				75.0	16.67							14.29						3.12										25.0													14.29	50.0				37.5		100.0	25.0							33.33				37.5	66.67	20.0	51.52	45.45			50.0						16.67	100.0					6.67		50.0	50.0			20.0		75.0	16.67		100.0		7.69					20.0		25.0		33.33	16.67		50.0	25.0	41.67	75.0	37.5	33.33					33.33	33.33	50.0			25.0	57.14		50.0		50.0	33.33	50.0	50.0		20.0	100.0	25.0	4.35	25.0		22.22	30.0		38.89	12.5		25.0		50.0		25.0	16.67	80.0				20.0	33.33			33.33	50.0	16.67	16.67				50.0		42.86	50.0	33.33		44.44	20.0	14.29					44.44	44.44		20.0		42.86	50.0	12.5	18.18	14.29	66.67		20.0		16.67			16.67										20.0	12.5	95.45	20.0			25.0						66.67		12.5		16.67		16.67	11.11			41.67	50.0	50.0	25.0	20.0			100.0	66.67	5.56				50.0							33.33		14.29					60.0	33.33					25.0	63.64		55.56			12.5	66.67	81.25						75.0				33.33	40.0	40.0	50.0							60.0					66.67							16.67	40.0		33.33				75.0							16.67							
SRR24759613_binette_bin22	Bacteria	Bacillota	Bacilli	Lactobacillales	Lactobacillaceae	Xylocopilactobacillus	unclassified	1	33.4	3.37	0.0	1360.0	1360.0	1360.0	33.36	500.0	1166.0	8687.0	1413.0	1055.0	2001220.0	2001220.0	2001220.0	1723.2																7.69	190	119	0.01753294761904762	6.94	60.0				50.0					33.33		28.57		80.0				3.12										25.0								33.33	50.0	50.0	33.33	25.0	14.29	50.0	25.0	57.14	68.75	25.0	50.0	50.0	25.0			6.67		33.33	33.33	33.33				29.17	33.33	26.67	18.18	27.27			33.33		16.67				33.33					33.33					40.0	60.0	40.0		25.0	83.33	8.33			26.92	16.67				40.0		25.0		33.33	5.56		37.5	16.67	33.33	75.0	37.5	66.67	22.22	25.0		25.0	33.33				25.0	50.0	42.86	28.57			50.0	33.33	50.0	50.0		20.0	25.0	50.0		12.5		22.22	20.0		41.67		25.0		14.29	50.0	7.14	25.0	16.67	60.0		11.11	11.11			25.0	22.22			16.67	16.67						42.86	50.0	44.44		44.44	12.0					16.67	33.33	33.33		20.0		42.86	50.0	31.25		26.19			20.0	50.0	33.33			16.67	16.67									20.0	12.5									33.33	50.0	100.0		25.0		33.33			11.11		16.67	33.33	100.0	50.0		20.0	42.86	50.0	50.0	33.33					50.0								20.0					66.67		33.33				14.29	25.0	36.36					62.5	33.33	18.75	33.33						25.0				20.0	20.0		8.33		16.67	13.89		25.0	40.0					25.0			25.0	33.33			16.67	60.0		5.56		20.0		75.0									33.33					100.0
SRR24759597_binette_bin28	Bacteria	Pseudomonadota	Alphaproteobacteria	Rhizobiales	Rhizobiaceae	Bartonella_A	unclassified	1	33.2	4.75	0.0	730.0	730.0	730.0	43.81	246.0	617.0	8611.0	1563.0	1063.0	1170781.0	1170781.0	1170781.0	1996.2																100.0	104	58	0.09581736209523808	19.44				50.0					14.29			28.57																								33.33					14.29	50.0	25.0	14.29	16.67	25.0		100.0	25.0							33.33				43.75	66.67	30.0	45.45	45.45	50.0	28.57							16.67	50.0					6.67		25.0		20.0	20.0	40.0		62.5	44.44		100.0		7.69						25.0	50.0		33.33	5.56		37.5	16.67	33.33	75.0	37.5	33.33	11.11				33.33	33.33				25.0	64.29	14.29	50.0	33.33	50.0	33.33	77.78	60.0		20.0	75.0			12.5			20.0		5.56				7.14			25.0		60.0		66.67	66.67				11.11			33.33	27.78						14.29	16.67	11.11		33.33	24.0	14.29	5.56				5.56	5.56		20.0		28.57	50.0	12.5	18.18	14.29	33.33		20.0		16.67			16.67	16.67						50.0		12.5	20.0	12.5	51.52	10.0									100.0		12.5		16.67	100.0	83.33	66.67			25.0		25.0		20.0	14.29		50.0	66.67	12.5				50.0		50.0		50.0		33.33	16.67	20.0	14.29		33.33			60.0	66.67		83.33		28.57	25.0	36.36	18.18	33.33			50.0		37.5														16.67		27.78	27.78		50.0	60.0	33.33	16.67		25.0	50.0			25.0	33.33	60.0		50.0	80.0		33.33				75.0						33.33	16.67		33.33	100.0				
SRR24759608_binette_bin30	Bacteria	Pseudomonadota	Alphaproteobacteria	Rhizobiales	Rhizobiaceae	Bartonella_A	unclassified	1	33.0	5.54	0.0	290.0	290.0	290.0	44.96	111.0	250.0	11947.0	3452.0	2645.0	1041447.0	1041447.0	1041447.0	4044.9																95.74	104	58	0.3759828761904762	6.94				75.0	66.67				28.57	33.33											16.67							25.0								33.33		50.0				25.0		14.29	16.67	25.0	50.0	50.0	25.0											75.0	66.67	80.0	9.09	4.55		28.57	50.0		16.67					50.0					6.67			25.0					62.5	50.0	8.33	50.0		23.08	16.67									5.56			25.0	41.67	50.0	62.5	33.33	11.11				33.33						28.57			33.33		33.33	55.56	60.0		40.0	50.0	50.0		25.0		22.22	30.0		38.89	12.5		50.0	7.14	50.0	28.57	25.0	50.0	30.0				20.0	33.33		11.11	33.33	50.0	50.0	11.11						14.29	16.67	11.11		22.22	30.0	28.57	11.11		11.11		11.11	11.11		20.0		14.29	25.0	12.5	27.27	28.57	33.33				16.67			16.67				33.33								50.0	10.0				50.0					33.33		50.0		33.33		50.0	44.44			50.0	50.0	75.0		20.0	28.57			66.67	18.06				33.33		50.0						20.0			16.67			60.0	66.67		33.33		28.57	40.0	27.27						33.33	37.5	41.67									33.33	50.0	20.0	33.33	16.67		47.22	36.11		50.0						33.33					60.0		16.67	20.0		22.22		20.0		37.5							16.67							
SRR24759598_binette_bin38	Bacteria	Pseudomonadota	Alphaproteobacteria	Rhizobiales	Rhizobiaceae	Bartonella_A	unclassified	1	32.1	7.84	0.0	331.0	331.0	331.0	45.27	130.0	287.0	19940.0	3194.0	2592.0	1123381.0	1123381.0	1123381.0	3964.5																93.1	104	58	0.3676093133333333	5.56				25.0					14.29	33.33		14.29	12.5																									50.0				25.0		14.29	16.67	37.5		50.0	50.0							33.33				37.5	33.33	40.0	51.52	54.55	33.33	28.57	50.0						16.67	50.0				33.33	13.33		50.0	100.0	20.0	20.0			87.5	72.22		50.0		15.38							50.0		33.33	5.56			16.67	33.33	50.0	25.0								50.0			25.0	14.29		50.0		50.0		22.22	20.0		20.0	75.0			25.0		11.11	40.0		38.89	12.5		50.0	7.14	50.0		25.0		40.0		11.11	11.11	20.0	33.33		11.11			33.33					50.0		28.57	33.33	22.22		44.44	8.0			20.0			5.56	5.56		20.0			50.0	12.5		14.29	50.0		20.0		16.67			16.67	16.67			33.33					12.5			43.94	10.0									33.33		25.0		50.0		50.0	44.44			16.67			25.0	20.0	28.57	25.0	50.0	66.67	5.56				33.33				25.0	100.0		16.67	20.0	14.29		50.0			60.0	33.33					20.0			44.44			25.0	100.0	25.0	16.67					100.0					40.0	20.0	50.0	16.67		16.67	11.11		100.0	20.0				25.0	66.67							16.67	20.0	16.67	22.22		20.0		50.0									50.0	100.0				
SRR24759614_binette_bin22	Bacteria	Actinomycetota	Actinomycetes	Actinomycetales	Bifidobacteriaceae	Bombiscardovia	unclassified	1	32.1	4.49	0.0	364.0	364.0	364.0	61.97	101.0	290.0	17676.0	2633.0	1123.0	791620.0	791620.0	791620.0	3377.0																72.73	464	220	0.04167517999999999	3.7				50.0								14.29	12.5	40.0														25.0							50.0	33.33	50.0	50.0			14.29	25.0	25.0				100.0													45.83	33.33	53.33				14.29				25.0			16.67										20.0	20.0			37.5	94.44		50.0		30.77												50.0			100.0	75.0		44.44									75.0	28.57	14.29	50.0		50.0		44.44	60.0		20.0	75.0			12.5		11.11	10.0		25.0						28.57		50.0	60.0										83.33	16.67						14.29	16.67	22.22		22.22							5.56	5.56				28.57	25.0	6.25	18.18	23.81																	12.5	20.0											100.0	33.33	6.67			8.33		16.67	22.22			41.67		25.0	50.0						23.61								50.0		33.33	16.67							20.0	33.33					45.0	9.09							37.5						50.0			50.0		30.0	20.0								20.0				25.0	16.67							33.33	80.0						75.0	16.67									100.0				
SRR24759597_binette_bin27	Bacteria	Pseudomonadota	Alphaproteobacteria	Rhizobiales	Rhizobiaceae	Bartonella_A	Bartonella_A sp016102285	1	32.0	4.88	0.0	215.0	215.0	215.0	46.4	82.0	185.0	8955.0	3684.0	2756.0	808496.0	808496.0	808496.0	4181.9																100.0	104	58	0.5231628928571429	29.17				25.0	50.0				28.57	66.67			12.5																							33.33					14.29	50.0		14.29	16.67	25.0	50.0	100.0	50.0											37.5		60.0	21.21	18.18	25.0	28.57	66.67							50.0													31.25	72.22				15.38						25.0	25.0			47.22			8.33	25.0	25.0	50.0		33.33					33.33				25.0	14.29			33.33		33.33	33.33	40.0		20.0		25.0		50.0		33.33	40.0		75.0			25.0	14.29	50.0	14.29	25.0	16.67	20.0		33.33	44.44				11.11			50.0							42.86	33.33	33.33		44.44	4.0						16.67	16.67		20.0		28.57		12.5	9.09	28.57	16.67														50.0		12.5	20.0	12.5											66.67		25.0		66.67	100.0	66.67	44.44			25.0		50.0				50.0			12.5				16.67		50.0		50.0	100.0		83.33	20.0			16.67			20.0	33.33				14.29	25.0	9.09							43.75	50.0													16.67	12.5	16.67	11.11	11.11	50.0						50.0			50.0	66.67			16.67	40.0	16.67	33.33		40.0		25.0									33.33	100.0				
SRR24759605_binette_bin21	Bacteria	Pseudomonadota	Gammaproteobacteria	Enterobacterales	Enterobacteriaceae	Gilliamella	Gilliamella apicola_N	3	31.7	0.96	0.0	70.0	70.0	70.0	33.59	20.0	53.0	40042.0	15100.0	6572.0	848405.0	848405.0	848405.0	16759.7																100.0	104	58	0.04425543390476191	2.78	40.0				33.33				14.29		20.0	14.29		100.0				3.12										25.0		20.0	25.0	20.0	33.33			33.33					14.29	50.0	25.0			37.5	50.0	50.0								33.33				4.17		6.67		9.09	16.67	14.29	33.33							50.0									100.0	100.0			50.0	16.67		50.0		7.69	50.0				40.0		75.0					50.0	25.0	41.67	100.0	50.0	66.67	22.22			25.0	33.33						14.29	28.57			50.0		44.44	20.0			25.0	25.0		12.5		11.11	20.0							100.0						55.56	55.56														42.86	50.0	33.33		44.44							44.44	44.44				57.14	25.0	12.5		4.76	66.67																	20.0	12.5	36.36										66.67		50.0		16.67				33.33		75.0	100.0	50.0	100.0	20.0		100.0	50.0	33.33					66.67												20.0		80.0					14.29	5.0	18.18					50.0	66.67	62.5	16.67			14.29			50.0				70.0	20.0	16.67			16.67	16.67			80.0					8.33			100.0	66.67	20.0		50.0	100.0		27.78					25.0													
SRR24759599_binette_bin41	Bacteria	Pseudomonadota	Alphaproteobacteria	Rhizobiales	Rhizobiaceae	Bartonella_A	unclassified	1	31.0	7.73	0.0	530.0	530.0	530.0	46.71	196.0	446.0	4562.0	1833.0	1177.0	919351.0	919351.0	919351.0	1935.3																93.33	104	58	0.6027336876190477	14.35				25.0					42.86	100.0		14.29						3.12										25.0								66.67		50.0			14.29	50.0	25.0	14.29	16.67	12.5		100.0	50.0											54.17	33.33	66.67	12.12	4.55	25.0	28.57	50.0		33.33				16.67	50.0		20.0	50.0								40.0		15.62	33.33	25.0	25.0		11.54	50.0				20.0	25.0	75.0			30.56		25.0	8.33	25.0	100.0	62.5		22.22				33.33	33.33	25.0				71.43		100.0	100.0	50.0	33.33	55.56	80.0			25.0	25.0		37.5		22.22	30.0		91.67			50.0	7.14	50.0	7.14	25.0	33.33	30.0		44.44	55.56				11.11			66.67	5.56					12.5	28.57	33.33	22.22		44.44	24.0	14.29	11.11		11.11		50.0	50.0		20.0		57.14		6.25	9.09	19.05	16.67								16.67			33.33					12.5								50.0					66.67		25.0		50.0		50.0	22.22			66.67		75.0	50.0		14.29	50.0	100.0		50.0				50.0				25.0	100.0		50.0		14.29		16.67			10.0			100.0		28.57	30.0	45.45		11.11			25.0		43.75	41.67					25.0					20.0	20.0		16.67	12.5	38.89	27.78	11.11	50.0	20.0					66.67			50.0	66.67			16.67	40.0		11.11		60.0		37.5									33.33	100.0				
SRR24759599_binette_bin29	Bacteria	Actinomycetota	Actinomycetes	Actinomycetales	Bifidobacteriaceae	Bombiscardovia	Bombiscardovia mellis	4	30.2	1.08	0.0	381.0	381.0	381.0	63.02	124.0	318.0	10126.0	1729.0	1125.0	669629.0	669629.0	669629.0	2334.5																80.0	464	220	0.0620516471904762					25.0	50.0				42.86	66.67				60.0																						33.33	50.0	50.0			14.29	25.0	25.0			50.0	100.0													50.0	66.67	40.0				14.29	16.67			25.0			16.67					33.33					40.0	60.0			75.0	100.0		25.0		19.23					40.0		50.0		33.33			75.0		16.67	100.0	75.0		33.33									50.0	14.29	14.29		33.33		33.33	22.22	20.0		60.0	75.0	25.0				11.11	10.0		83.33						21.43	25.0	66.67	50.0										100.0	5.56						28.57	33.33	33.33		44.44			5.56		11.11		5.56	5.56				42.86	25.0	25.0	18.18	14.29			20.0														12.5	20.0	12.5										100.0	33.33	6.67	100.0		50.0		16.67	11.11			91.67	50.0	75.0	100.0		14.29	50.0	50.0		25.0				16.67				50.0		33.33	16.67							30.0	33.33		33.33		14.29	30.0	27.27		11.11			25.0		81.25									50.0						12.5			11.11		40.0				25.0	75.0			25.0	33.33			16.67	40.0				40.0		62.5	16.67									100.0				
SRR24759608_binette_bin27	Bacteria	Actinomycetota	Actinomycetes	Actinomycetales	Bifidobacteriaceae	Bombiscardovia	unclassified	3	30.0	3.03	0.0	276.0	276.0	276.0	60.84	89.0	222.0	10650.0	2871.0	1669.0	746990.0	746990.0	746990.0	3480.5																100.0	104	58	0.02662545388095238					50.0			33.33						12.5																							33.33	50.0	50.0								37.5	50.0													37.5	66.67	20.0				14.29	50.0			25.0			16.67					66.67					20.0	20.0			43.75	83.33	25.0	25.0		7.69							25.0							16.67	25.0		33.33	11.11	25.0			33.33				25.0	75.0	21.43	14.29					33.33	20.0		40.0	50.0						10.0		83.33						14.29	25.0	33.33	20.0										66.67	16.67						42.86	33.33	33.33		55.56	20.0	14.29										14.29	25.0	6.25	27.27	14.29																		20.0	12.5										100.0	33.33	6.67			16.67		16.67	22.22			8.33			25.0		14.29	25.0			12.5				16.67				25.0										30.0					14.29	20.0	9.09		11.11					37.5											30.0	20.0			12.5			11.11						25.0	75.0			25.0	33.33			33.33	40.0						25.0										100.0				
SRR24759603_binette_bin29	Bacteria	Bacillota	Bacilli	Lactobacillales	Lactobacillaceae	Xylocopilactobacillus	Xylocopilactobacillus sp945273735	2	29.9	0.95	0.0	385.0	385.0	385.0	32.14	145.0	330.0	3858.0	1426.0	1084.0	574319.0	574319.0	574319.0	1661.3																25.0	104	58	0.009921688152380951					25.0	66.67																															66.67	50.0	50.0	33.33	25.0				42.86	66.67	12.5									16.67					4.17		6.67				14.29	66.67						16.67												20.0			22.22				7.69					20.0				33.33	5.56		62.5					66.67	11.11	25.0		25.0						50.0	50.0						61.11	50.0			50.0	50.0											7.14					30.0							22.22				16.67						71.43	66.67	77.78		66.67	4.0									10.0		28.57	25.0	12.5		4.76			20.0															20.0	12.5										50.0					8.33	100.0		11.11			66.67	50.0	75.0	50.0				50.0	33.33									50.0		33.33								20.0	33.33				28.57		45.45					12.5		87.5														8.33		8.33	5.56		25.0	20.0												16.67	60.0						37.5														33.33
SRR24759602_binette_bin17	Bacteria	Pseudomonadota	Alphaproteobacteria	Rhizobiales	Rhizobiaceae	Bartonella_A	unclassified	1	29.7	2.83	0.0	407.0	407.0	407.0	44.88	178.0	357.0	3211.0	1914.0	1576.0	775226.0	775226.0	775226.0	1954.6																100.0	104	58	0.42251202380952374	8.33				50.0	50.0				14.29			14.29																50.0							50.0	66.67		50.0			14.29	25.0				37.5		50.0	50.0											31.25	33.33	30.0	45.45	63.64	16.67	14.29	50.0						16.67	50.0		10.0	25.0				25.0				20.0		50.0	27.78		50.0									75.0		33.33	25.0			8.33	25.0	25.0	75.0		22.22				33.33	33.33					50.0		50.0	66.67	50.0		50.0	50.0		20.0		25.0		12.5		11.11	10.0		75.0			25.0				25.0	16.67	30.0		33.33	33.33	20.0						16.67	11.11	33.33	50.0	50.0	50.0	12.5	42.86	33.33	33.33		44.44	20.0	14.29	5.56				11.11	11.11				28.57	50.0	25.0					20.0		16.67			16.67				33.33								13.64					50.0					33.33		62.5		16.67		16.67				41.67		25.0	50.0	20.0	14.29	25.0		66.67	30.56				16.67		100.0		50.0			50.0				33.33			60.0	33.33		50.0		28.57	15.0	27.27	9.09	22.22			12.5	66.67	31.25	16.67										40.0	20.0	33.33	16.67		27.78	27.78		50.0	20.0					33.33			25.0	33.33			16.67	40.0				20.0		12.5														66.67
SRR24759609_binette_bin23	Bacteria	Pseudomonadota	Gammaproteobacteria	Enterobacterales	Enterobacteriaceae	Gilliamella	unclassified	1	28.9	4.21	0.0	432.0	432.0	432.0	34.81	165.0	368.0	5607.0	1587.0	1111.0	677965.0	677965.0	677965.0	1749.6																66.67	277	177	0.07294262271428573		20.0			50.0	33.33									40.0				3.12										25.0								33.33		50.0		25.0	14.29	25.0	25.0	14.29	18.75	25.0	50.0					6.67				33.33				16.67	33.33	6.67				14.29	50.0						16.67	50.0									40.0	20.0	20.0		12.5	5.56		50.0		15.38	50.0				20.0		25.0			5.56		87.5	16.67	33.33	100.0	25.0	33.33	22.22	25.0		25.0						75.0	35.71						38.89	30.0		20.0	50.0	25.0		25.0		22.22	40.0						7.14			25.0	66.67			55.56	55.56			25.0	11.11	66.67		66.67							14.29	16.67	11.11		11.11	4.0						38.89	38.89		10.0		57.14		25.0	9.09	19.05	50.0																12.5			36.36									100.0	33.33		25.0		25.0	100.0											75.0	50.0	33.33					66.67				100.0		33.33	16.67	20.0						40.0	33.33		100.0		28.57	15.0	18.18	9.09	22.22			37.5		25.0				14.29			25.0			66.67	55.0	20.0				16.67	16.67			40.0					66.67			100.0	33.33	20.0		33.33	80.0		33.33					25.0													
SRR24759610_binette_bin25	Bacteria	Actinomycetota	Actinomycetes	Actinomycetales	Cellulomonadaceae	Cellulosimicrobium	unclassified	1	28.7	1.51	0.0	610.0	610.0	610.0	61.71	163.0	485.0	14589.0	2710.0	1156.0	1346315.0	1346315.0	1346315.0	3247.3																0.0	288	173	0.009214839038095238	5.56					16.67		33.33		28.57	33.33				6.67	50.0	33.33	33.33																								28.57	50.0	25.0			37.5	50.0	50.0												75.0	100.0	60.0							33.33			50.0						66.67			75.0		20.0	40.0	20.0		18.75	5.56	41.67	50.0		23.08	33.33									8.33		50.0		16.67	25.0	25.0	50.0	11.11	50.0							50.0	50.0	35.71	28.57		66.67		33.33	27.78	10.0		60.0	25.0	25.0		25.0		33.33	30.0		8.33						14.29	25.0	33.33	40.0	12.5						33.33			66.67	5.56						14.29				11.11			5.56	20.0								14.29	50.0	25.0	18.18	14.29	16.67																	40.0	12.5	50.0					50.0				50.0	33.33	6.67	12.5		25.0	100.0					50.0	25.0	75.0							30.56				16.67	33.33						16.67	20.0		50.0	16.67			40.0	33.33		100.0		14.29	50.0	36.36	54.55	77.78			12.5	33.33	75.0	16.67					100.0							16.67										16.67	25.0	41.67							33.33	40.0				20.0		50.0									33.33	100.0	33.33			33.33
SRR24759613_binette_bin24	Bacteria	Pseudomonadota	Alphaproteobacteria	Rhizobiales	Rhizobiaceae	Bartonella_A	unclassified	1	28.2	2.03	0.0	382.0	382.0	382.0	44.89	109.0	301.0	10545.0	2814.0	1136.0	860341.0	860341.0	860341.0	3078.9																100.0	104	58	0.21239135142857146	1.85				25.0																								25.0								33.33								14.29	16.67	25.0										33.33				29.17	33.33	26.67	3.03			28.57	50.0							100.0					6.67								75.0	72.22		25.0		11.54										13.89		25.0	8.33	8.33		25.0	33.33	11.11					33.33	50.0				14.29		50.0				33.33	20.0		20.0	25.0						10.0		8.33			25.0	7.14	50.0				50.0		22.22	22.22	20.0			11.11		50.0	33.33		33.33	50.0	50.0	50.0	12.5	28.57	16.67	22.22		22.22	8.0			20.0	11.11		11.11	11.11		20.0		28.57	25.0		9.09	4.76	83.33								33.33						50.0			20.0	12.5													50.0		25.0		66.67	44.44			33.33		50.0			14.29	25.0									100.0		100.0	100.0	33.33	16.67		14.29		16.67			50.0	33.33				28.57	5.0	9.09		11.11					43.75						25.0								16.67		47.22	36.11		50.0	40.0					16.67							33.33	60.0	16.67	55.56		20.0		37.5							16.67		16.67					
SRR24759612_binette_bin19	Bacteria	Pseudomonadota	Gammaproteobacteria	Enterobacterales	Enterobacteriaceae	Gilliamella	unclassified	2	28.1	1.4	0.0	396.0	396.0	396.0	34.4	130.0	331.0	19467.0	2589.0	1661.0	1027951.0	1027951.0	1027951.0	3503.7																0.0	104	58	0.03134264885714285	1.39	60.0			100.0	66.67				42.86	33.33				20.0														50.0							50.0	100.0	50.0	100.0	33.33	50.0				14.29	18.75	50.0			25.0			6.67				33.33				20.83		33.33		9.09		28.57	66.67						16.67					33.33					40.0	60.0			50.0			50.0		7.69	25.0				20.0		50.0					12.5	16.67	33.33	50.0	37.5	83.33	22.22	50.0		50.0	66.67					50.0	57.14	14.29	50.0			33.33	77.78	60.0			25.0	50.0	4.35	25.0		33.33	60.0		8.33					100.0	14.29		50.0	60.0		33.33	33.33					33.33		83.33		33.33	50.0	50.0	100.0		57.14	66.67	44.44		55.56					11.11							57.14	25.0	25.0		9.52	83.33														50.0			20.0	12.5	13.64									50.0	66.67		50.0		16.67		50.0	44.44	33.33		58.33	25.0	50.0	50.0			50.0		66.67	5.56				33.33				50.0		33.33					16.67	20.0		40.0	33.33		100.0		28.57	20.0	45.45	45.45	55.56			25.0	66.67	25.0	66.67									33.33	55.0	40.0	16.67	8.33	12.5	8.33	5.56	11.11	25.0	80.0				25.0	50.0			50.0	33.33	20.0		50.0	100.0		27.78		20.0		50.0														100.0
SRR24759613_binette_bin30	Bacteria	Actinomycetota	Actinomycetes	Actinomycetales	Bifidobacteriaceae	Bombiscardovia	unclassified	1	27.4	4.24	0.0	424.0	424.0	424.0	60.48	109.0	328.0	21345.0	3038.0	1390.0	1142421.0	1142421.0	1142421.0	4638.6																100.0	104	58	0.02703923438095238	1.85				25.0	16.67				14.29				12.5	6.67														25.0								33.33					14.29	25.0				62.5	50.0	50.0												29.17	33.33	26.67				14.29							33.33										80.0	100.0	20.0			88.89				11.54							50.0										33.33	22.22	25.0			33.33					75.0	50.0	28.57	50.0			50.0	50.0	50.0		20.0	50.0	25.0							83.33						14.29																									20.0	14.29											25.0	6.25	18.18	19.05																		60.0	25.0										100.0	66.67	6.67	75.0		16.67		16.67	11.11			41.67		50.0	25.0		14.29	25.0											25.0										20.0					14.29	30.0	36.36		11.11			62.5		31.25						25.0			50.0		10.0				12.5			11.11						25.0	83.33			25.0	33.33			33.33	60.0																100.0				
SRR24759601_binette_bin18	Bacteria	Pseudomonadota	Alphaproteobacteria	Rhizobiales	Rhizobiaceae	Bartonella_A	unclassified	1	27.3	2.18	0.0	742.0	742.0	742.0	43.85	262.0	631.0	10160.0	1518.0	1069.0	1150813.0	1150813.0	1150813.0	1951.1																100.0	104	58	0.12875833357142857	19.44				50.0	50.0				28.57	33.33		14.29																25.0								33.33						25.0		14.29	16.67	62.5		50.0	25.0											12.5	33.33		51.52	45.45	25.0	14.29	100.0							50.0				33.33					20.0	20.0			68.75	66.67		25.0		7.69					20.0		100.0			22.22		50.0	8.33	25.0	50.0	37.5		11.11				33.33	33.33	25.0				42.86	14.29				33.33	44.44	60.0			50.0	50.0		37.5		22.22	40.0		41.67			25.0	7.14	50.0				80.0	12.5	44.44	44.44	20.0			11.11		50.0	33.33	30.56					12.5	71.43	66.67	55.56		66.67	24.0	14.29		20.0	11.11		11.11	11.11		20.0		28.57		12.5	9.09		83.33				16.67			16.67				33.33			50.0			20.0	12.5											66.67		62.5		25.0	100.0	16.67	11.11			33.33		25.0	50.0	20.0	14.29		100.0	33.33	5.56				33.33		100.0		75.0		33.33	33.33	10.0	14.29		33.33			50.0			50.0		28.57	10.0	18.18		11.11			25.0	66.67	18.75	16.67										40.0	20.0	33.33	8.33		8.33	5.56		75.0	40.0												33.33	80.0		33.33		40.0		100.0							16.67		66.67	100.0				50.0
SRR24759599_binette_bin39	Bacteria	Pseudomonadota	Gammaproteobacteria	Enterobacterales	Enterobacteriaceae	Gilliamella	unclassified	1	27.2	4.31	0.0	307.0	307.0	307.0	34.31	113.0	257.0	7619.0	2817.0	1796.0	822946.0	822946.0	822946.0	3005.5																80.0	104	58	0.015132535961904761		100.0			50.0	66.67				85.71	100.0				20.0														25.0							50.0	66.67					14.29	25.0	25.0			37.5	50.0		25.0							33.33				18.75		30.0					16.67						16.67					66.67					60.0	60.0			62.5	16.67				15.38					40.0		100.0					25.0			25.0		83.33	33.33	50.0									42.86			33.33			55.56	40.0			75.0	50.0		25.0		33.33	50.0								14.29			10.0		44.44	44.44					33.33			5.56	33.33	50.0	50.0	100.0		42.86	50.0	33.33		33.33			5.56									57.14		25.0			83.33															33.33				18.18										33.33		75.0		50.0						33.33	25.0		100.0			75.0		66.67	18.06				16.67				50.0		33.33					16.67	20.0		20.0			33.33		28.57	15.0	27.27		11.11			25.0	66.67	43.75	75.0			14.29						33.33	40.0	20.0		8.33		25.0	22.22		25.0	80.0								100.0	33.33	20.0		16.67	40.0		16.67		60.0		12.5														
SRR24759610_binette_bin26	Bacteria	Pseudomonadota	Gammaproteobacteria	Enterobacterales	Enterobacteriaceae	Gilliamella	Gilliamella apis_A	2	27.2	0.3	0.0	300.0	300.0	300.0	34.0	78.0	238.0	14633.0	2602.0	1364.0	753245.0	753245.0	753245.0	3938.2																0.0	104	58	0.08092974685714287	1.39	100.0			25.0	16.67									100.0																						33.33					14.29	50.0	25.0				50.0	50.0	50.0			6.67								18.75	33.33	10.0		9.09	16.67								16.67	50.0									60.0	40.0			25.0	16.67				11.54	25.0				20.0										25.0	12.5	16.67	11.11				33.33							14.29	50.0			33.33	22.22			20.0	25.0			50.0		55.56	70.0							50.0	7.14			20.0		22.22	22.22					33.33									57.14	50.0	44.44		55.56					11.11							28.57				7.14	50.0				16.67			16.67								33.33		20.0	12.5	27.27										66.67		25.0			100.0					58.33	25.0	50.0	50.0	20.0		50.0		66.67					16.67				75.0		33.33				100.0				20.0					14.29	20.0	18.18	9.09	22.22					43.75	83.33									33.33	55.0	20.0	16.67							20.0				25.0				25.0	33.33			33.33	40.0		27.78				25.0														
SRR24759615_binette_bin28	Bacteria	Pseudomonadota	Gammaproteobacteria	Pseudomonadales	Pseudomonadaceae	Entomomonas	unclassified	1	26.9	1.68	0.0	402.0	402.0	402.0	37.99	67.0	301.0	63884.0	3304.0	1324.0	1159813.0	1159813.0	1159813.0	11594.9																0.0	104	58	0.01633780426190476	6.94	40.0			75.0	50.0							14.29					33.33											50.0		60.0	75.0	80.0	100.0		50.0	66.67															100.0	13.33				33.33				37.5	33.33	40.0	18.18	18.18	66.67				33.33																40.0		65.62	5.56	25.0	50.0		7.69	50.0												8.33	25.0	50.0	37.5	33.33	33.33	25.0				33.33				25.0	50.0	14.29				33.33	55.56	60.0		40.0	50.0	25.0		50.0		22.22	40.0		16.67					50.0	14.29			50.0		22.22	22.22				33.33			33.33	33.33	33.33	50.0	50.0	50.0		14.29	16.67	11.11		11.11	8.0						11.11	11.11				42.86	25.0	12.5		35.71	33.33								16.67		50.0	33.33						60.0	50.0						50.0					33.33		50.0		8.33			11.11			16.67		25.0			8.57				11.11				66.67	33.33	100.0		25.0	100.0									20.0	33.33		33.33		14.29	30.0	27.27	9.09	22.22			25.0	33.33	31.25	50.0						12.5				10.0		16.67	50.0	12.5	44.44	33.33		50.0						41.67	14.29						33.33	60.0		38.89		20.0		37.5									33.33	100.0				66.67
SRR24759604_binette_bin39	Bacteria	Pseudomonadota	Alphaproteobacteria	Rhizobiales	Rhizobiaceae	Bartonella_A	unclassified	1	26.7	8.32	0.0	170.0	170.0	170.0	47.79	67.0	147.0	2549.0	1479.0	1069.0	246734.0	246734.0	246734.0	1547.6																79.27	104	58	0.5770872857142857	1.39																																											25.0				50.0													43.75	33.33	50.0	6.06						33.33												25.0	100.0							16.67			15.38	33.33											50.0	16.67	16.67	25.0	37.5		11.11										14.29			33.33			11.11	20.0		40.0															28.57														5.56	33.33	50.0	50.0	50.0									5.56												18.18	14.29					16.67			16.67	16.67											69.7	20.0													16.67										20.0				33.33	12.5				16.67															33.33		66.67			20.0																																																													
SRR24759608_binette_bin37	Bacteria	Pseudomonadota	Gammaproteobacteria	Enterobacterales	Enterobacteriaceae	Gilliamella	Gilliamella apis_A	1	26.5	4.55	0.0	312.0	312.0	312.0	34.06	83.0	252.0	48815.0	2276.0	1201.0	672613.0	672613.0	672613.0	6139.8																96.3	277	177	0.10964102371428573						50.0				71.43	33.33	20.0	14.29	12.5	6.67				3.12										50.0		20.0	25.0	20.0	33.33		50.0	66.67		50.0		25.0						37.5			50.0											16.67	33.33	6.67				28.57	33.33						16.67										20.0	60.0	40.0		25.0	38.89		50.0							20.0		50.0						25.0	41.67	75.0	50.0	33.33	11.11	25.0		25.0						50.0	35.71				50.0	33.33	33.33	20.0		20.0		25.0				11.11	20.0		83.33					100.0			50.0	80.0		22.22	22.22			25.0				83.33	16.67						42.86	50.0	33.33		44.44							44.44	44.44		10.0		28.57		12.5	9.09	19.05					16.67				16.67							33.33		20.0	12.5										50.0	100.0		100.0		25.0	100.0	50.0	55.56			8.33			25.0				100.0		5.56				33.33													33.33	60.0			100.0		14.29	10.0	27.27	36.36	55.56			25.0	66.67		16.67										10.0		16.67			8.33	8.33			40.0				25.0	16.67							33.33	60.0		22.22		20.0		75.0					1.14									
SRR24759602_binette_bin20	Bacteria	unclassified	unclassified	unclassified	unclassified	unclassified	unclassified	1	26.4	2.44	0.0	212.0	212.0	212.0	37.22	49.0	159.0	21294.0	3657.0	1344.0	635230.0	635230.0	635230.0	5271.3																66.67	104	58	0.042677867190476185	5.56				25.0	33.33							14.29						3.12																										28.57	50.0	12.5									25.0					4.17		6.67					50.0						16.67												20.0			5.56				7.69					40.0		25.0			5.56			25.0	41.67	100.0	100.0					25.0	33.33				25.0	50.0	28.57				50.0		16.67	30.0			50.0	25.0											7.14												22.22										85.71	83.33	100.0		77.78	24.0	14.29			11.11		44.44	44.44				42.86		6.25		4.76				50.0																					50.0				100.0	33.33				8.33	100.0					25.0			75.0										50.0				50.0		33.33								20.0							9.09	54.55	77.78			12.5	33.33	6.25											20.0	20.0	16.67	8.33		8.33	5.56		25.0	40.0	33.33												20.0												33.33								
SRR24759608_binette_bin26	Bacteria	unclassified	unclassified	unclassified	unclassified	unclassified	unclassified	6	26.1	0.81	0.0	208.0	208.0	208.0	36.07	21.0	139.0	68247.0	7383.0	1448.0	859035.0	859035.0	859035.0	20687.6																0.0	56	24	0.0344951268095238	5.56																																																								33.33				12.5		20.0																										38.89									20.0		25.0											11.11									25.0	14.29						11.11	20.0			25.0																							25.0											28.57	33.33	44.44		33.33												28.57	25.0			14.29																																		8.33						8.33			25.0			25.0			5.56																		40.0					14.29	10.0							33.33												20.0		16.67	16.67		16.67	11.11		50.0	80.0								25.0																									
SRR24759599_binette_bin43	Bacteria	Pseudomonadota	Alphaproteobacteria	Rhizobiales	Rhizobiaceae	Bartonella_A	unclassified	1	26.1	8.16	0.0	612.0	612.0	612.0	43.25	188.0	507.0	8326.0	1848.0	1102.0	1111023.0	1111023.0	1111023.0	2401.9																0.0	56	24	0.14829662000000002	23.61				25.0					14.29	33.33											16.67						50.0	25.0										50.0						28.57	33.33	25.0	50.0		25.0											43.75	33.33	50.0	42.42	45.45	50.0	28.57	100.0						16.67	100.0					6.67		25.0	25.0	20.0	20.0			28.12	33.33		25.0		15.38					20.0		25.0		33.33	30.56		12.5	25.0	41.67	50.0	25.0		22.22				33.33	33.33	50.0			25.0	28.57		50.0	33.33		33.33	33.33	60.0		40.0	50.0						10.0		25.0		50.0	75.0	7.14		14.29		50.0	50.0		11.11	11.11	20.0			11.11	33.33		50.0	11.11	33.33	50.0	50.0	50.0		71.43	66.67	55.56		55.56	24.0	14.29	5.56				11.11	11.11		20.0		42.86	50.0	12.5	18.18	28.57	16.67		20.0																	16.67										33.33		62.5		33.33		33.33	11.11								14.29		100.0	33.33	12.5				33.33		100.0					50.0	10.0	14.29		33.33			50.0			83.33			20.0						25.0	33.33											33.33	40.0	40.0	33.33	8.33		8.33	5.56		75.0	20.0	33.33	16.67						25.0	33.33	60.0		16.67	40.0		33.33		40.0		37.5						33.33	16.67							
SRR24759597_binette_bin26	Bacteria	unclassified	unclassified	unclassified	unclassified	unclassified	unclassified	1	25.9	0.21	0.0	292.0	292.0	292.0	36.82	123.0	256.0	4086.0	1239.0	1033.0	373213.0	373213.0	373213.0	1368.4																0.0	104	58	0.0239091370952381	7.41					66.67									60.0																								50.0		25.0				28.57	50.0	12.5									8.33					16.67		26.67				14.29	100.0																60.0	60.0				5.56		25.0		11.54					20.0		50.0			5.56		12.5				25.0	66.67		25.0		25.0						25.0		28.57					11.11					50.0											7.14					10.0							22.22										57.14	50.0	55.56		55.56	4.0											14.29				19.05																													50.0					8.33	100.0					75.0	100.0	75.0	75.0																								10.0						15.0	27.27					50.0	33.33	6.25						25.0									12.5			11.11		20.0												16.67	20.0						12.5								33.33						
SRR24759614_binette_bin23	Bacteria	Pseudomonadota	Alphaproteobacteria	Rhizobiales	Rhizobiaceae	Bartonella_A	unclassified	1	25.9	2.45	0.0	151.0	151.0	151.0	46.13	57.0	130.0	17427.0	3531.0	2623.0	540648.0	540648.0	540648.0	4413.7																90.91	349	230	0.4988092599999999	1.39				50.0	50.0				14.29	33.33																		25.0								33.33					14.29	25.0				12.5		50.0					100.0							18.75	33.33	10.0	6.06		16.67		33.33							100.0											40.0		12.5	5.56		50.0									25.0					87.5	8.33	25.0	25.0	62.5		11.11					33.33	25.0			25.0	14.29		50.0	66.67			16.67	30.0			25.0	25.0		12.5		11.11	20.0		41.67								16.67			11.11	11.11							16.67	5.56				50.0		28.57	16.67	22.22		33.33	10.0	14.29	5.56				16.67	16.67		20.0		14.29		12.5	9.09		50.0																12.5			13.64												37.5		25.0	100.0	16.67				33.33		50.0			28.57	25.0		100.0	25.0				16.67		100.0		50.0	100.0		16.67							40.0	33.33		100.0		14.29	15.0	27.27					12.5	33.33	12.5											30.0		33.33	8.33	12.5	8.33	5.56	11.11	25.0			16.67		25.0						40.0					22.22		40.0																
SRR24759598_binette_bin39	Bacteria	Actinomycetota	Actinomycetes	Actinomycetales	Bifidobacteriaceae	Bombiscardovia	unclassified	1	25.7	5.3	0.0	542.0	542.0	542.0	60.52	207.0	463.0	3021.0	1554.0	1100.0	833929.0	833929.0	833929.0	1674.1																100.0	104	58	0.03302417600000001	1.85							33.33		28.57	66.67		14.29	12.5	60.0																						33.33										50.0	50.0													29.17	33.33	26.67			16.67		16.67						33.33										20.0	20.0	20.0		12.5	72.22	25.0	50.0		11.54					40.0		25.0		33.33			25.0		16.67	25.0		33.33	22.22	25.0			33.33				25.0	25.0	64.29	14.29	50.0		50.0	33.33	83.33	90.0		20.0	75.0			12.5		22.22	10.0		58.33						14.29		66.67	20.0										100.0							42.86	50.0	33.33		44.44	20.0	14.29			11.11							42.86	25.0	12.5	18.18	19.05			20.0															40.0	12.5										50.0	100.0		75.0		58.33						50.0		25.0	75.0		14.29		50.0		18.06				16.67				25.0										80.0	33.33				14.29	25.0	36.36		11.11			37.5		93.75						25.0					20.0		16.67							40.0				25.0	16.67							33.33	60.0				40.0		25.0	12.5									100.0				33.33
SRR24759608_binette_bin84	Bacteria	Actinomycetota	Actinomycetes	Actinomycetales	Bifidobacteriaceae	Bombiscardovia	unclassified	1	25.3	9.75	0.0	769.0	769.0	769.0	64.37	320.0	673.0	5693.0	1211.0	1029.0	979208.0	979208.0	979208.0	1384.0																81.82	104	58	0.05307533459523811					25.0	50.0				57.14	100.0				13.33														25.0							50.0	66.67	50.0	50.0			14.29	25.0	25.0			62.5	50.0													43.75	66.67	30.0				14.29	33.33			25.0			33.33												40.0		62.5	83.33		50.0		15.38							50.0		33.33			12.5		16.67	100.0	75.0		33.33									50.0	57.14		50.0	33.33		33.33	33.33	60.0		40.0	50.0	25.0		12.5		11.11	10.0		50.0						14.29	25.0	66.67	30.0										100.0	5.56						71.43	66.67	44.44		88.89			5.56				5.56	5.56				57.14	50.0	25.0	9.09				20.0														12.5												100.0	33.33	6.67	87.5		83.33		16.67	11.11			58.33		50.0	100.0		14.29	50.0	50.0		30.56				16.67				50.0			16.67							40.0			33.33		28.57	25.0	36.36		11.11			25.0		93.75									50.0		10.0									60.0					50.0			50.0	33.33			16.67	20.0				60.0		37.5										100.0				
SRR24759599_binette_bin63	Bacteria	Pseudomonadota	Alphaproteobacteria	Rhizobiales	Rhizobiaceae	Bartonella_A	unclassified	1	24.9	8.29	0.0	248.0	248.0	248.0	44.35	93.0	208.0	3844.0	1887.0	1225.0	444846.0	444846.0	444846.0	1981.8																100.0	349	230	0.5568651419047619	18.98				50.0	16.67													3.12										25.0																			50.0						25.0							33.33	33.33	33.33	9.09	4.55			16.67														25.0	100.0					25.0	16.67		25.0		15.38					20.0							75.0	16.67	33.33	75.0	25.0	33.33	22.22									25.0	35.71			33.33			44.44	60.0		40.0	25.0	25.0		50.0		44.44	60.0		25.0						14.29			60.0				20.0	33.33						16.67						28.57	16.67	22.22		33.33							33.33	33.33		20.0		42.86			18.18	23.81					16.67			16.67										20.0	12.5	18.18												12.5		16.67			11.11			25.0		50.0		20.0				33.33	12.5				50.0											16.67			10.0	66.67					20.0	27.27						33.33	43.75	41.67					75.0														40.0												16.67	40.0		11.11				50.0														
SRR24759612_binette_bin21	Bacteria	Actinomycetota	Actinomycetes	Actinomycetales	Bifidobacteriaceae	Bombiscardovia	unclassified	8	24.9	1.08	0.0	385.0	385.0	385.0	56.24	101.0	281.0	17474.0	3509.0	1324.0	1158052.0	1158052.0	1158052.0	4667.0																100.0	104	58	0.025875827809523817					25.0			33.33		28.57	33.33		14.29		40.0																						33.33					14.29	25.0				12.5	50.0	50.0												37.5	33.33	40.0			16.67								33.33										40.0	20.0	20.0		62.5	22.22	25.0	25.0		15.38									33.33						100.0	50.0	16.67	22.22				33.33					50.0	42.86	14.29	50.0		50.0	50.0	61.11	70.0		20.0	75.0			25.0		33.33	20.0		33.33						28.57	25.0	66.67	20.0										66.67									11.11		11.11	20.0	14.29								10.0		28.57	50.0	18.75	18.18	14.29			20.0																										100.0	100.0		37.5		41.67						33.33	25.0	50.0			14.29	25.0	100.0	33.33																16.67			50.0	33.33				28.57	35.0	18.18		11.11			12.5		25.0									50.0		10.0													25.0	33.33			25.0	33.33			50.0	100.0				20.0		25.0										100.0				66.67
SRR24759604_binette_bin26	Bacteria	Pseudomonadota	Gammaproteobacteria	Enterobacterales	Enterobacteriaceae	Gilliamella	unclassified	1	24.8	2.9	0.0	239.0	239.0	239.0	34.67	97.0	207.0	8408.0	3479.0	2675.0	849878.0	849878.0	849878.0	3799.4																0.0	56	24	0.030703828666666662	1.39	20.0			50.0	33.33									20.0														25.0								33.33		50.0		25.0	14.29	50.0	25.0		2.08	25.0	50.0	50.0				6.67				33.33				16.67		26.67		9.09	16.67	14.29	33.33						16.67					66.67					20.0	60.0			37.5			25.0		15.38														16.67	50.0	12.5	83.33	11.11	50.0		25.0	33.33						28.57	14.29					44.44	20.0			25.0	25.0		25.0		22.22	20.0							100.0	14.29		50.0	100.0		55.56	55.56							83.33	16.67						28.57	33.33	22.22		33.33					22.22									12.5		4.76					16.67			16.67										20.0	12.5	36.36																	11.11	33.33		58.33	75.0	50.0	50.0	20.0		50.0		66.67					33.33				25.0						100.0				70.0			100.0		14.29	25.0	36.36	9.09	11.11			25.0	66.67	18.75	50.0										50.0	20.0				16.67	16.67		50.0									50.0	33.33	20.0		16.67	40.0		33.33				100.0														
SRR24759601_binette_bin17	Bacteria	unclassified	unclassified	unclassified	unclassified	unclassified	unclassified	15	24.3	0.77	0.0	242.0	242.0	242.0	37.11	20.0	164.0	68501.0	7262.0	1497.0	962629.0	962629.0	962629.0	19524.7																0.0	56	24	0.057211011333333325					25.0																																																				33.33																															18.75																																											25.0																																				11.11															25.0																																																																						20.0					14.29																																										20.0																				
SRR24759600_binette_bin50	Bacteria	unclassified	unclassified	unclassified	unclassified	unclassified	unclassified	1	24.3	5.6	0.0	475.0	475.0	475.0	46.19	174.0	402.0	5748.0	1658.0	1114.0	772309.0	772309.0	772309.0	1823.8																100.0	56	24	0.4671765880952381	13.89					50.0				14.29	33.33			12.5																							33.33		50.0					25.0	14.29	16.67				25.0											12.5	33.33		21.21	27.27	8.33	28.57	33.33					50.0	16.67	50.0		30.0	100.0						20.0	20.0	20.0		6.25	44.44				7.69					20.0	25.0	25.0			55.56					25.0	50.0		11.11						25.0				28.57		50.0	33.33			27.78	10.0			25.0	50.0		37.5		22.22	30.0		16.67				14.29	50.0		25.0	33.33	20.0		22.22	33.33				11.11			66.67							28.57	16.67	22.22		33.33	4.0						5.56	5.56				57.14	25.0	12.5	9.09		50.0								16.67			33.33			50.0		12.5													33.33				33.33	100.0	16.67	11.11			8.33					14.29	25.0			25.0				16.67		50.0		50.0		33.33	100.0	20.0			16.67			20.0					14.29	10.0	9.09					37.5		12.5	50.0										20.0	20.0		8.33		8.33	5.56		25.0	20.0				25.0	66.67							33.33	60.0	16.67	11.11		20.0		25.0									33.33	100.0				
SRR24759597_binette_bin29	Bacteria	unclassified	unclassified	unclassified	unclassified	unclassified	unclassified	4	24.3	0.94	0.0	285.0	285.0	285.0	34.26	69.0	221.0	16281.0	3233.0	1248.0	720905.0	720905.0	720905.0	4030.1																100.0	104	58	0.03712176476190475	5.56														100.0																														14.29	16.67															16.67		26.67																					40.0	60.0	20.0			16.67											25.0								25.0		66.67	11.11	25.0		25.0					25.0	50.0	35.71	28.57					33.33	40.0			50.0																	20.0		11.11	11.11				11.11				16.67								11.11																		19.05																									50.0									8.33	100.0		11.11			33.33	50.0	25.0	50.0										16.67																				10.0	18.18					50.0	33.33	12.5																																							25.0														
SRR24759608_binette_bin34	Bacteria	Pseudomonadota	Alphaproteobacteria	Rhizobiales	Rhizobiaceae	Bartonella_A	unclassified	1	24.1	2.58	0.0	351.0	351.0	351.0	46.01	130.0	296.0	4584.0	1864.0	1197.0	622838.0	622838.0	622838.0	1972.1																100.0	104	58	0.602906130952381	12.5				50.0					28.57	33.33																		25.0							50.0	33.33					14.29	50.0					50.0	100.0								33.33				68.75	66.67	70.0	6.06		8.33		50.0							50.0		20.0	50.0	33.33				50.0	20.0	20.0	40.0		18.75	38.89		75.0		23.08						25.0	25.0			25.0		50.0	16.67	16.67	75.0	12.5		33.33										42.86		100.0	66.67			44.44	60.0		40.0	25.0			12.5		11.11	20.0		16.67		25.0	25.0		50.0	28.57	25.0	16.67	40.0										50.0	22.22					12.5	28.57	33.33	22.22		33.33	4.0		5.56	20.0						20.0		28.57	25.0		18.18	28.57					16.67			16.67	33.33											13.64					50.0					33.33		25.0		25.0	100.0		11.11			25.0		50.0		20.0	14.29	50.0	100.0	33.33	30.56				33.33				50.0	100.0		50.0				16.67			30.0	33.33		83.33			55.0	27.27	9.09	55.56			50.0		62.5						100.0							16.67	16.67		27.78	11.11		50.0						33.33			50.0	66.67			33.33	60.0	16.67	44.44		20.0		50.0									16.67					
SRR24759609_binette_bin24	Bacteria	unclassified	unclassified	unclassified	unclassified	unclassified	unclassified	1	24.0	2.92	0.0	553.0	553.0	553.0	61.27	217.0	476.0	2581.0	1427.0	1061.0	793519.0	793519.0	793519.0	1536.8																100.0	104	58	0.023884623276190474	3.7				50.0	50.0		33.33		57.14	100.0			12.5	26.67														50.0							50.0	66.67	50.0	50.0			14.29	25.0				75.0	50.0	50.0												58.33	66.67	53.33			16.67	14.29	33.33			25.0								33.33					60.0	60.0			50.0	88.89	25.0			19.23					20.0		50.0										33.33	22.22	25.0			33.33				25.0	75.0	21.43	14.29		33.33		33.33	55.56	40.0		40.0	50.0	25.0					10.0		5.56						21.43	25.0		10.0										33.33	5.56						57.14	50.0	55.56		66.67	20.0	14.29	5.56		11.11							14.29		12.5	27.27	23.81																		60.0	25.0										100.0	66.67	6.67	100.0		83.33		16.67	11.11			41.67			100.0			50.0		33.33	18.06								50.0													33.33		14.29	40.0	9.09		11.11			25.0		100.0						50.0			50.0		10.0				12.5			11.11		20.0				25.0	50.0			50.0	33.33			33.33	40.0				60.0		12.5	12.5									100.0				
SRR24759599_binette_bin50	Bacteria	unclassified	unclassified	unclassified	unclassified	unclassified	unclassified	1	23.4	6.05	0.0	537.0	537.0	537.0	47.58	212.0	461.0	3752.0	1496.0	1079.0	788945.0	788945.0	788945.0	1576.5																100.0	104	58	0.436206148095238	5.56									14.29	33.33																		25.0								66.67						25.0	25.0	14.29	16.67	12.5		50.0								33.33				31.25	33.33	30.0	48.48	63.64	41.67	14.29	33.33						33.33	50.0		20.0	100.0						20.0	20.0			43.75	22.22	8.33			7.69	16.67				20.0	25.0	100.0		33.33	38.89			16.67	16.67	25.0	25.0						33.33	33.33	25.0				14.29			100.0			11.11				25.0	25.0		37.5		22.22	30.0						7.14					30.0		22.22	33.33				11.11			33.33	5.56						28.57	33.33	22.22		55.56	24.0	14.29	5.56		11.11		5.56	5.56		20.0		42.86	25.0	18.75	9.09		33.33		20.0						16.67						50.0		12.5															25.0		41.67	100.0	16.67				25.0			50.0			50.0	100.0	33.33	50.0				16.67		50.0		50.0			66.67				16.67			20.0			33.33		28.57	10.0						25.0	100.0		50.0										20.0	20.0							50.0	20.0				25.0	100.0			25.0	33.33			16.67	40.0	16.67	22.22		20.0		37.5									33.33	100.0				
SRR24759608_binette_bin29	Bacteria	Bacillota	Bacilli	Lactobacillales	Lactobacillaceae	Lactobacillus	unclassified	1	23.1	0.59	0.0	86.0	86.0	86.0	36.33	33.0	74.0	6813.0	3709.0	2744.0	322174.0	322174.0	322174.0	4070.2																0.0	104	58	0.01726485246190476													14.29		80.0				3.12																										14.29	33.33															4.17		6.67					16.67																20.0	20.0								7.69							50.0			5.56		12.5			25.0	25.0	16.67	11.11			25.0	33.33						14.29				50.0		11.11	20.0			25.0												7.14												11.11															28.0	14.29	16.67	20.0			33.33	33.33		20.0						4.76																		20.0	12.5						50.0					33.33										41.67	25.0	50.0	25.0				100.0	33.33																			40.0							18.18	45.45	66.67			25.0		12.5													16.67																			16.67	20.0														33.33						
SRR24759614_binette_bin28	Bacteria	Pseudomonadota	Gammaproteobacteria	Enterobacterales	Enterobacteriaceae	Gilliamella	unclassified	1	23.0	2.75	0.0	131.0	131.0	131.0	35.67	46.0	111.0	9718.0	4357.0	2791.0	535286.0	535286.0	535286.0	4677.8																80.0	277	177	0.08206555995238096	1.39				75.0	50.0				28.57	66.67		14.29		20.0														25.0													14.29	25.0	25.0		2.08	12.5	50.0													12.5		20.0											16.67	50.0				66.67					40.0	20.0			12.5			100.0		15.38	50.0				20.0		25.0					62.5	8.33	8.33	50.0	50.0		22.22										28.57	14.29	50.0		50.0		33.33	40.0			25.0	25.0		12.5		11.11	30.0		58.33						14.29	25.0	50.0	60.0		33.33	33.33			25.0		33.33		83.33							14.29	16.67	11.11		22.22							16.67	16.67				42.86		18.75			16.67				33.33				33.33							33.33	12.5	20.0	12.5	36.36										66.67		25.0		33.33						16.67		25.0		20.0		75.0	50.0	33.33					33.33							16.67	20.0			16.67			40.0	100.0		100.0		14.29	25.0	9.09		11.11			25.0	33.33	25.0										33.33	45.0	20.0	16.67							20.0								100.0	33.33	20.0		33.33	80.0		5.56		40.0		50.0	25.0													
SRR24759608_binette_bin40	Bacteria	unclassified	unclassified	unclassified	unclassified	unclassified	unclassified	1	22.7	3.83	0.0	776.0	776.0	776.0	51.17	288.0	665.0	28975.0	1423.0	1064.0	1147223.0	1147223.0	1147223.0	2322.8																0.0	104	58	0.07779815452380952	1.39				25.0	16.67		33.33					14.29		20.0		33.33	33.33																													37.5																											33.33					66.67			25.0	50.0	60.0	40.0				16.67	25.0	25.0											33.33			12.5	16.67	33.33	50.0	12.5	50.0											14.29	14.29			50.0	50.0	33.33	20.0			25.0	25.0		12.5		22.22	10.0		25.0									20.0																																	14.29	50.0	12.5					20.0																				16.67							66.67				8.33						50.0	25.0	50.0	50.0		14.29				5.56				33.33														30.0							27.27					25.0		25.0									50.0		20.0												16.67	25.0	33.33							16.67	20.0					22.22	25.0		20.0								100.0				66.67
SRR24759599_binette_bin75	Bacteria	Pseudomonadota	Alphaproteobacteria	Rhizobiales	Rhizobiaceae	Bartonella_A	unclassified	1	22.7	7.7	0.0	381.0	381.0	381.0	47.71	152.0	328.0	2483.0	1451.0	1084.0	555480.0	555480.0	555480.0	1550.4																86.36	104	58	0.5020512752380951	10.65				50.0	16.67				14.29	33.33			12.5																												14.29	25.0				12.5		50.0												55.21	66.67	48.33	6.06			28.57	16.67		16.67				16.67	50.0				66.67			25.0	100.0					25.0		8.33	50.0		15.38	16.67				20.0		75.0			16.67		25.0				12.5								50.0				35.71		50.0	33.33			22.22	40.0		40.0	25.0	25.0		12.5		11.11	20.0		25.0					50.0	14.29	25.0		30.0			11.11							33.33	5.56	33.33	50.0	50.0	50.0		57.14	50.0	44.44		44.44			5.56		11.11							42.86	25.0	6.25	9.09	9.52	16.67								33.33											18.18														33.33		66.67	55.56			33.33		25.0	50.0					66.67	18.06						100.0					33.33							20.0			100.0			35.0	36.36		55.56					31.25	16.67					50.0					10.0		33.33	8.33		8.33	5.56		25.0	60.0					66.67			25.0	33.33						44.44		40.0		37.5							16.67							
SRR24759614_binette_bin24	Bacteria	Bacillota	Bacilli	Lactobacillales	Lactobacillaceae	Lactobacillus	unclassified	2	22.6	0.27	0.0	80.0	80.0	80.0	35.72	22.0	63.0	30698.0	7580.0	3474.0	540915.0	540915.0	540915.0	10379.6																0.0	104	58	0.032519285452380954	5.56												14.29		40.0																						33.33								28.57	50.0				25.0											12.5		20.0					33.33						16.67										40.0	60.0	20.0			22.22				7.69					20.0		75.0		33.33	5.56				16.67	25.0		66.67		25.0			33.33					25.0	7.14	28.57			50.0		11.11																7.14												22.22										57.14	66.67	44.44		55.56	24.0	14.29								20.0		57.14	25.0	25.0		14.29			20.0	50.0																										33.33				16.67						83.33	50.0	75.0	100.0			50.0	100.0						16.67															33.33				14.29	10.0	36.36	54.55	88.89			50.0															16.67		12.5			11.11		100.0								50.0	33.33	20.0			20.0																				
SRR24759610_binette_bin31	Bacteria	Actinomycetota	Actinomycetes	Actinomycetales	Bifidobacteriaceae	Bombiscardovia	unclassified	5	22.4	0.12	0.0	330.0	330.0	330.0	60.98	105.0	277.0	8877.0	1597.0	1097.0	554607.0	554607.0	554607.0	2216.5																100.0	104	58	0.06682509580952381	3.7				50.0	50.0		33.33		14.29	33.33			12.5	20.0																						66.67	50.0	50.0								75.0														45.83	66.67	33.33			16.67					25.0			50.0										60.0	60.0			75.0	94.44	25.0			15.38							50.0		33.33			37.5		16.67	25.0		33.33		25.0							25.0	50.0	7.14	14.29	50.0				22.22			20.0	25.0	25.0							47.22						14.29	25.0	50.0	20.0										83.33	16.67						14.29	16.67	11.11		44.44													50.0	25.0	18.18	9.52			20.0															60.0	25.0										50.0	33.33		25.0		50.0	100.0		11.11			25.0		25.0	25.0		14.29			33.33					16.67				75.0		33.33								40.0	33.33				28.57	30.0	18.18		11.11			50.0		75.0						50.0			50.0		30.0		16.67							20.0					41.67							16.67	40.0				20.0		25.0										100.0				
SRR24759615_binette_bin35	Bacteria	unclassified	unclassified	unclassified	unclassified	unclassified	unclassified	1	21.9	2.23	0.0	356.0	356.0	356.0	46.54	136.0	304.0	3371.0	1555.0	1111.0	549222.0	549222.0	549222.0	1688.4																100.0	104	58	0.47890241190476185	5.56									14.29	33.33																		25.0														25.0				50.0		50.0												6.25		10.0	18.18	4.55	33.33								16.67	50.0											20.0		12.5	27.78		25.0							20.0				33.33	25.0		37.5	16.67	16.67	25.0			22.22										35.71		50.0	66.67			16.67	30.0						25.0		22.22	20.0		8.33			25.0		50.0				20.0		11.11	22.22								5.56						28.57	33.33	22.22		33.33			5.56							20.0		42.86	50.0	12.5			16.67		20.0																													25.0		25.0						16.67		25.0			14.29	25.0	100.0		37.5				16.67		100.0			100.0		50.0				16.67			10.0	33.33		83.33				36.36		44.44			12.5			41.67												16.67	16.67		38.89	27.78		100.0	60.0				25.0										16.67	33.33		40.0																
SRR24759607_binette_bin17	Bacteria	Pseudomonadota	Alphaproteobacteria	Rhizobiales	Rhizobiaceae	Bartonella_A	Bartonella_A sp945285915	2	21.7	0.28	0.0	117.0	117.0	117.0	41.66	30.0	88.0	11784.0	4668.0	1758.0	412808.0	412808.0	412808.0	5048.6																50.0	349	230	0.15816373423809524	8.33				50.0																																		50.0				25.0					50.0	50.0	25.0											50.0		80.0	9.09																		25.0	100.0	20.0	20.0	40.0		12.5	38.89	8.33			23.08	16.67					25.0	25.0					62.5	16.67	33.33	75.0	50.0		22.22					33.33					35.71			33.33		33.33	22.22	20.0		20.0	25.0								16.67						28.57	25.0				11.11	22.22								5.56					12.5					11.11			11.11							20.0		28.57			9.09	28.57	16.67																			54.55	10.0									33.33				8.33		50.0	33.33			25.0		50.0				25.0	100.0		12.5				50.0					100.0						33.33						33.33			30.0	36.36					50.0	33.33							100.0	25.0							16.67	12.5	16.67	11.11	11.11	100.0														20.0		11.11																		
SRR24759603_binette_bin34	unclassified	unclassified	unclassified	unclassified	unclassified	unclassified	unclassified	4	21.6	1.82	0.0	381.0	381.0	381.0	30.53	85.0	291.0	57523.0	3307.0	1343.0	1049403.0	1049403.0	1049403.0	7092.2																0.0	56	24	0.03187744995238095				50.0		16.67								12.5	20.0				3.12																		33.33														66.67																																			20.0			33.33																	16.67	16.67	25.0		33.33		50.0									21.43		50.0				16.67	10.0			25.0	25.0																		11.11	11.11							33.33							14.29	16.67	11.11		11.11							33.33	33.33				14.29	25.0																																																								16.67											16.67			40.0					14.29		18.18					12.5	33.33												10.0														16.67											25.0												33.33					100.0
SRR24759599_binette_bin38	Bacteria	Bacillota	Bacilli	Lactobacillales	Lactobacillaceae	Lactobacillus	unclassified	6	21.6	0.67	0.0	259.0	259.0	259.0	33.65	40.0	177.0	61945.0	6989.0	1619.0	1052787.0	1052787.0	1052787.0	11711.7																0.0	104	58	0.02822129042857144					25.0	16.67									40.0																																														4.17		6.67																					20.0	20.0			12.5	16.67		50.0									25.0							16.67	25.0		33.33	11.11	25.0		25.0							21.43						22.22	20.0			50.0																																				11.11												10.0		14.29	25.0	12.5		4.76				50.0																																				33.33		50.0				50.0	50.0			33.33			16.67														20.0							27.27					25.0	33.33																	8.33	8.33											50.0	33.33	20.0																							
SRR24759606_binette_bin50	Bacteria	Actinomycetota	Actinomycetes	Actinomycetales	Bifidobacteriaceae	Bombiscardovia	unclassified	1	21.6	7.43	0.0	271.0	271.0	271.0	62.97	113.0	236.0	2492.0	1284.0	1045.0	358118.0	358118.0	358118.0	1391.6																100.0	104	58	0.044856568						66.67									20.0														25.0													14.29	25.0	25.0				100.0													37.5	66.67	20.0					33.33																				12.5	27.78		50.0		15.38												12.5		16.67	100.0	50.0		33.33				33.33					25.0	42.86		50.0			33.33	55.56	80.0		40.0	50.0	50.0					10.0		11.11						14.29	25.0	50.0	20.0										50.0							28.57	33.33	22.22		44.44	20.0	14.29			11.11					10.0		57.14		12.5	27.27	14.29																														66.67				25.0	100.0					16.67	50.0	25.0					100.0	33.33	5.56				16.67														20.0	66.67					25.0	18.18							6.25									50.0		30.0	20.0								40.0				25.0	16.67							33.33	80.0							16.67									100.0				
SRR24759599_binette_bin36	Bacteria	Pseudomonadota	Alphaproteobacteria	Rhizobiales	Rhizobiaceae	Bartonella_A	Bartonella_A sp946478235	2	21.6	0.27	0.0	142.0	142.0	142.0	42.33	49.0	117.0	17884.0	3779.0	2430.0	525606.0	525606.0	525606.0	4803.9																0.0	104	58	0.09173784538095238	1.39				50.0			33.33		28.57	33.33																	50.0	25.0							50.0	33.33		50.0					25.0	14.29	16.67	12.5	50.0		25.0											37.5	33.33	40.0	36.36	45.45	33.33		33.33		33.33				16.67	50.0					6.67			25.0	20.0	20.0	40.0		12.5	33.33	41.67			23.08	33.33				20.0	25.0	25.0		33.33	5.56		37.5		16.67	75.0	37.5	33.33	33.33									25.0	50.0					33.33	44.44	40.0		40.0	25.0	25.0		37.5		22.22	40.0		58.33				7.14		28.57	25.0	33.33	20.0		22.22	33.33				11.11			33.33	5.56				50.0		14.29	16.67	11.11		22.22	4.0											14.29	50.0	12.5	9.09	14.29			20.0		16.67			16.67												27.27										33.33		37.5		16.67						25.0		50.0		20.0		25.0		66.67	5.56				50.0		50.0															33.33			30.0	36.36					50.0		37.5	16.67										20.0	20.0	16.67	16.67		16.67	11.11		50.0	20.0													20.0		11.11		20.0		25.0									33.33					
SRR24759616_binette_bin23	Bacteria	Pseudomonadota	Alphaproteobacteria	Rhizobiales	Rhizobiaceae	Bartonella_A	unclassified	1	21.6	2.91	0.0	352.0	352.0	352.0	44.71	149.0	307.0	3705.0	1961.0	1587.0	695501.0	695501.0	695501.0	2062.2																100.0	104	58	0.3833127880952381	18.06				25.0	50.0				28.57	33.33			12.5														50.0									33.33						25.0		14.29	16.67	25.0		50.0	75.0							33.33				25.0	33.33	20.0	27.27	36.36	66.67	28.57	50.0						16.67								25.0	25.0	20.0	20.0			37.5	38.89		50.0		7.69					20.0	25.0	25.0			13.89				16.67	75.0	25.0		11.11					33.33	25.0			25.0	14.29		50.0			33.33	22.22	20.0			25.0	25.0										25.0	7.14				50.0	30.0		22.22	22.22				11.11			50.0						12.5	28.57	33.33	22.22		44.44	4.0						5.56	5.56		20.0		28.57	25.0	12.5	9.09	14.29									16.67								12.5			9.09					50.0					66.67		75.0		41.67		33.33	11.11			25.0		50.0			14.29								33.33							16.67	40.0						40.0	33.33				14.29	20.0	9.09	9.09	11.11			25.0	33.33	12.5											20.0	20.0		8.33		27.78	30.56		75.0	20.0					50.0							33.33	60.0	16.67	11.11		20.0		37.5									33.33	100.0				100.0
SRR24759615_binette_bin32	Bacteria	Bacillota	Bacilli	Lactobacillales	Lactobacillaceae	Apilactobacillus	unclassified	1	21.5	0.17	0.0	30.0	30.0	30.0	36.69	2.0	15.0	174160.0	51933.0	5268.0	437277.0	437277.0	437277.0	83477.4																0.0	104	58	0.030632219666666665	1.85				50.0																																					14.29	25.0	25.0	14.29	33.33	12.5	50.0													4.17		6.67					33.33						16.67														100.0	61.11				19.23					40.0					5.56								11.11			25.0																	75.0												7.14												11.11										42.86	33.33	44.44		33.33	4.0											28.57				4.76																		20.0	12.5															16.67	100.0																						50.0																10.0														25.0														20.0													20.0																				
SRR24759609_binette_bin92	Bacteria	Bacillota	Bacilli	Lactobacillales	Lactobacillaceae	Lactobacillus	unclassified	1	21.4	9.35	0.0	149.0	149.0	149.0	38.02	59.0	129.0	2819.0	1367.0	1084.0	208867.0	208867.0	208867.0	1508.3																100.0	104	58	0.029359580214285714					50.0	16.67									33.33				3.12																				50.0		25.0																				4.17		6.67																							40.0		12.5	5.56																37.5		16.67	50.0	25.0	50.0	11.11			25.0							42.86						44.44	60.0			25.0																																													33.33	33.33					25.0			4.76																		20.0	12.5																					16.67	25.0		50.0										16.67															33.33						18.18					25.0																																		16.67	20.0							16.67													
SRR24759597_binette_bin36	Bacteria	Pseudomonadota	Alphaproteobacteria	Rhizobiales	Rhizobiaceae	Bartonella_A	unclassified	1	21.3	3.86	0.0	358.0	358.0	358.0	44.52	133.0	305.0	4816.0	1577.0	1100.0	558539.0	558539.0	558539.0	1786.1																0.0	56	24	0.4143552271428571	12.5				50.0					14.29	33.33																		25.0														25.0		14.29	16.67	25.0		50.0												25.0	33.33	20.0					66.67							50.0				33.33				25.0					50.0	22.22		75.0		7.69										30.56		37.5		16.67	50.0	12.5												21.43		50.0	33.33			11.11	20.0			75.0						10.0		8.33				7.14				16.67	20.0		44.44	44.44				11.11			16.67							14.29	16.67	11.11		11.11	10.0	14.29								10.0		14.29	25.0		9.09	14.29	50.0				16.67			16.67												27.27	10.0											50.0		25.0						41.67	50.0	75.0		20.0			50.0	33.33	12.5				33.33					100.0		50.0		14.29					50.0	66.67					20.0	36.36							12.5																19.44	8.33			40.0				25.0	50.0			25.0	33.33				20.0				20.0																
SRR24759615_binette_bin43	Bacteria	unclassified	unclassified	unclassified	unclassified	unclassified	unclassified	1	21.2	4.63	0.0	362.0	362.0	362.0	45.15	140.0	307.0	3122.0	1715.0	1154.0	594294.0	594294.0	594294.0	1776.1																80.0	104	58	0.42860037285714286	22.22				25.0																								25.0													14.29	50.0		14.29	16.67		50.0	100.0	25.0											31.25	33.33	30.0			8.33		16.67						16.67														62.5	16.67	8.33	25.0		15.38	16.67						25.0		33.33	30.56			16.67	33.33	50.0	37.5	33.33	22.22				33.33	33.33	25.0			25.0	14.29		50.0	33.33			33.33	40.0		20.0	25.0						10.0		58.33			25.0	7.14	50.0	14.29			20.0		44.44	44.44				11.11	33.33			5.56	33.33	50.0	50.0	50.0	12.5						30.0	28.57	5.56							20.0		42.86	25.0	12.5	18.18	14.29	50.0		20.0																	33.33	10.0											62.5		16.67		50.0	33.33			41.67	50.0	50.0	25.0		14.29	25.0		33.33	18.06				33.33							50.0					10.0		10.0	33.33		50.0			25.0	18.18						33.33	81.25										33.33	20.0	20.0		8.33		38.89	30.56		25.0	20.0													20.0															33.33					
SRR24759599_binette_bin40	Bacteria	unclassified	unclassified	unclassified	unclassified	unclassified	unclassified	1	21.1	1.62	0.0	121.0	121.0	121.0	46.16	41.0	101.0	17918.0	4099.0	2933.0	524678.0	524678.0	524678.0	5421.1																80.0	104	58	0.5706323957142856					25.0					14.29	33.33		28.57						3.12																		33.33						25.0	25.0	14.29	16.67	12.5		50.0	25.0														9.09	9.09	8.33	14.29	33.33						16.67	50.0											40.0		18.75			25.0		7.69							50.0		33.33	22.22		25.0	25.0	41.67	50.0	25.0		11.11				33.33	33.33					64.29	14.29	50.0		50.0	33.33	44.44	40.0			25.0	25.0							75.0				7.14			25.0	33.33			22.22	33.33				11.11			33.33												24.0	14.29					44.44	44.44					25.0	12.5			66.67		20.0																	90.91	20.0									100.0				33.33		16.67				25.0		25.0	25.0										33.33		50.0					33.33		14.29		16.67			30.0					14.29		45.45					25.0	100.0												30.0		33.33	16.67		16.67	11.11		50.0						66.67			25.0	33.33			16.67	40.0		22.22		20.0											33.33					
SRR24759602_binette_bin21	Bacteria	unclassified	unclassified	unclassified	unclassified	unclassified	unclassified	1	21.1	0.13	0.0	514.0	514.0	514.0	59.3	157.0	418.0	8574.0	2213.0	1200.0	1064836.0	1064836.0	1064836.0	2694.4																0.0	56	24	0.021800535423809525	5.56					50.0				14.29		40.0			40.0	50.0								66.67				50.0			40.0	50.0	60.0	66.67	25.0										14.29	18.75							73.33	25.0				33.33			66.67	100.0	46.67	36.36	45.45	83.33	14.29	50.0		16.67			100.0		100.0				33.33					40.0	60.0	40.0		12.5	16.67	8.33			15.38	41.67						25.0			22.22				16.67	25.0		33.33	11.11	25.0		25.0	66.67	33.33	50.0				21.43	14.29					33.33	20.0		40.0	25.0	50.0		12.5		11.11	10.0		58.33	75.0	100.0		10.71		14.29			20.0							11.11			33.33		33.33	50.0	50.0	50.0					10.0	11.11	52.0	42.86			33.33				8.33	10.0		28.57	50.0	25.0	18.18	19.05	16.67			50.0					33.33				16.67		50.0			20.0				4.17			50.0					33.33		50.0	10.0		100.0	16.67		33.33	16.67	33.33	50.0	50.0			100.0		50.0		5.56		21.43		33.33	16.67			50.0	100.0	33.33	33.33	60.0	14.29			100.0	66.67		33.33		33.33		4.76	20.0	36.36		11.11	25.0		25.0		6.25	16.67										20.0		16.67			8.33	8.33					100.0			33.33					40.0		16.67	20.0		5.56	25.0			25.0									66.67	100.0				
SRR24759613_binette_bin33	Bacteria	unclassified	unclassified	unclassified	unclassified	unclassified	unclassified	1	21.0	2.48	0.0	156.0	156.0	156.0	51.64	18.0	98.0	71779.0	12106.0	2233.0	929853.0	929853.0	929853.0	20534.2																0.0	56	24	0.00515554344					25.0	16.67																																																																																			33.33																																											25.0																																																		25.0																																																																						40.0																									20.0																																										
SRR24759599_binette_bin47	Bacteria	unclassified	unclassified	unclassified	unclassified	unclassified	unclassified	1	21.0	3.96	0.0	427.0	427.0	427.0	29.31	116.0	340.0	16254.0	2448.0	1232.0	965654.0	965654.0	965654.0	3519.7																0.0	56	24	0.014759657095238096	1.39			50.0		16.67													3.12																															25.0											4.17		6.67																					20.0	20.0	20.0		25.0																					37.5	66.67		25.0		25.0							21.43					33.33	38.89	30.0			50.0	25.0																																			11.11									33.33	33.33				14.29	25.0			4.76																														33.33										16.67			50.0																							33.33		33.33						18.18	9.09	11.11			37.5																											8.33										22.22																		100.0
SRR24759606_binette_bin25	Bacteria	Pseudomonadota	Alphaproteobacteria	Rhizobiales	Rhizobiaceae	Bartonella_A	Bartonella_A sp945285915	1	20.6	1.58	0.0	188.0	188.0	188.0	44.17	70.0	160.0	5832.0	1694.0	1127.0	310943.0	310943.0	310943.0	1859.0																100.0	349	230	0.12603582952380948	7.87									14.29	66.67		14.29	12.5					3.12																								25.0						50.0												42.71	33.33	48.33	9.09						33.33							20.0	50.0				25.0	75.0					18.75	22.22	25.0			15.38	50.0				20.0		50.0						16.67	16.67	75.0	37.5													14.29		100.0						20.0									50.0						14.29			20.0		33.33	33.33								5.56						14.29	16.67	11.11		22.22			5.56				38.89	38.89				42.86	25.0			9.52																	12.5	20.0	12.5	72.73	20.0				50.0							12.5		41.67						8.33			25.0						50.0				50.0				25.0	100.0		16.67				50.0						33.33			30.0			44.44					37.5						50.0							16.67	8.33		38.89	30.56		25.0	20.0					50.0								20.0	16.67	33.33		40.0		25.0														
SRR24759599_binette_bin37	Bacteria	Pseudomonadota	Gammaproteobacteria	Enterobacterales	Enterobacteriaceae	Morganella	unclassified	1	20.6	0.0	0.0	525.0	525.0	525.0	51.91	192.0	450.0	17451.0	1412.0	1051.0	774657.0	774657.0	774657.0	2030.2																0.0	103	57	0.0070893107	8.33	60.0				44.44				14.29		20.0			20.0														25.0									50.0	100.0	33.33	50.0				42.86	33.33	62.5											33.33			53.12	100.0	25.0	27.27	36.36	25.0	14.29	50.0		16.67				16.67	50.0								25.0			40.0		68.75	27.78	16.67	50.0		15.38	33.33				20.0		50.0		33.33	5.56		25.0		16.67	50.0	25.0	33.33		25.0				33.33				50.0	50.0			33.33		33.33	44.44	40.0		40.0		33.33		25.0		33.33	30.0		33.33				7.14	100.0			33.33	70.0		77.78	66.67				11.11			33.33							14.29	16.67	11.11		22.22	12.0				22.22					20.0		42.86	50.0	25.0	9.09	14.29	16.67		20.0		16.67	33.33			50.0				16.67	50.0	50.0	33.33				45.45					50.0				50.0	66.67		25.0		33.33					16.67	50.0		75.0	25.0			25.0	100.0	33.33	25.0		14.29		33.33				75.0		33.33		6.67			16.67		66.67	40.0			66.67		4.76	20.0	45.45	18.18	33.33			25.0	33.33		50.0				25.0	100.0	12.5				20.0	20.0		16.67		8.33	27.78			20.0		16.67			8.33			50.0				16.67	40.0		55.56				62.5									100.0	100.0				50.0
SRR24759615_binette_bin39	Bacteria	unclassified	unclassified	unclassified	unclassified	unclassified	unclassified	1	20.6	4.12	0.0	624.0	624.0	624.0	44.29	241.0	536.0	3503.0	1481.0	1080.0	916239.0	916239.0	916239.0	1590.6																0.0	56	24	0.28277826714285714	19.44				25.0	50.0				28.57	33.33		14.29																25.0													14.29	25.0				25.0		50.0								33.33				25.0	33.33	20.0	21.21	27.27	75.0	28.57	50.0						16.67	50.0					13.33		25.0		20.0	20.0	20.0		25.0	33.33		50.0									25.0		33.33				25.0	41.67	50.0	37.5		11.11				33.33	33.33				25.0	28.57	14.29				33.33	27.78	50.0			50.0	25.0		12.5		11.11	20.0		22.22	12.5		25.0				25.0	50.0	20.0		33.33	33.33						50.0	83.33							42.86	33.33	33.33		33.33	30.0	28.57					11.11	11.11		20.0			25.0	25.0	9.09	14.29	16.67		20.0															20.0	12.5	15.15										33.33		25.0		33.33	100.0	66.67	44.44			16.67		25.0			14.29		50.0						33.33		50.0												60.0	33.33		50.0		14.29	25.0	18.18	9.09	22.22			37.5	66.67	31.25											30.0		33.33	16.67		16.67	11.11		50.0	20.0	33.33			25.0	33.33					40.0		16.67	20.0		33.33		20.0		25.0						33.33								83.33
SRR24759601_binette_bin19	Bacteria	Bacillota	Bacilli	Lactobacillales	Lactobacillaceae	Lactobacillus	unclassified	1	20.6	1.07	0.0	273.0	273.0	273.0	36.88	97.0	231.0	5223.0	1598.0	1109.0	448713.0	448713.0	448713.0	1944.7																44.44	104	58	0.03041728957142857	5.56					33.33							14.29	12.5	13.33				3.12										50.0							50.0	100.0	50.0	100.0	33.33	50.0				42.86	25.0	12.5									16.67					16.67		26.67					16.67						16.67										40.0	60.0	40.0			50.0											75.0					25.0		16.67	50.0	25.0	33.33	11.11	25.0		25.0					25.0	75.0	50.0				50.0	33.33	44.44	40.0			25.0	25.0																40.0																	14.29	16.67	22.22		22.22							33.33	33.33				14.29		6.25		19.05																		20.0	12.5										100.0	66.67				8.33	100.0					75.0		50.0	100.0						5.56				16.67																			28.57	10.0	45.45		11.11			75.0		12.5											20.0	20.0		8.33		8.33	5.56		75.0													33.33	80.0						25.0										100.0				
SRR24759604_binette_bin29	Bacteria	Pseudomonadota	Alphaproteobacteria	Rhizobiales	Rhizobiaceae	Bartonella_A	unclassified	1	20.2	1.17	0.0	374.0	374.0	374.0	45.56	121.0	314.0	6406.0	1638.0	1076.0	628344.0	628344.0	628344.0	2147.3																50.0	104	58	0.06960142585714287	21.3				25.0	50.0																															66.67		50.0				25.0		14.29	16.67	50.0		50.0	25.0											29.17	33.33	26.67	12.12	9.09	8.33	14.29	33.33		33.33				16.67	50.0									20.0	20.0			25.0	27.78	16.67	25.0		11.54	33.33				20.0		50.0		33.33	5.56		25.0		16.67	50.0	12.5						33.33	33.33							50.0			33.33	33.33	20.0			25.0	25.0		37.5		22.22	50.0		38.89	12.5		25.0	7.14			25.0	33.33	30.0		44.44	55.56				11.11			33.33		33.33	50.0	50.0	50.0	12.5	28.57	33.33	22.22		33.33	24.0	14.29										57.14	50.0	25.0	9.09	19.05	16.67		20.0		16.67			16.67	16.67									20.0	12.5											66.67				33.33		33.33	11.11			33.33		50.0		20.0	14.29	25.0		33.33					33.33		100.0		25.0	100.0			10.0	14.29		16.67			10.0	33.33				42.86	25.0	9.09		55.56			25.0		56.25	16.67					25.0					20.0	20.0	16.67	8.33		8.33	5.56		25.0	20.0					16.67							33.33	40.0				20.0		37.5									33.33	100.0				
SRR24759609_binette_bin33	Bacteria	unclassified	unclassified	unclassified	unclassified	unclassified	unclassified	1	20.2	2.86	0.0	548.0	548.0	548.0	29.38	180.0	458.0	14314.0	1689.0	1115.0	952075.0	952075.0	952075.0	2391.8																0.0	104	58	0.010819550152380954		20.0																	3.12										25.0																		12.5																			8.33																		40.0	60.0			37.5												25.0						16.67	16.67	25.0		33.33		25.0			33.33						7.14	28.57					11.11				25.0		4.35															20.0		11.11	11.11														14.29	16.67	22.22		11.11							33.33	33.33					25.0		4.55					50.0																																				33.33		50.0		20.0									16.67				50.0		33.33								20.0							27.27					25.0	33.33																	8.33	8.33		50.0																														100.0				100.0
SRR24759607_binette_bin18	Bacteria	Bacillota	Bacilli	Lactobacillales	Lactobacillaceae	Lactobacillus	unclassified	1	20.2	0.7	0.0	243.0	243.0	243.0	36.77	82.0	206.0	4762.0	1598.0	1067.0	391788.0	391788.0	391788.0	1924.8																33.33	104	58	0.10182413390476189	5.56													12.5																									50.0		25.0																				16.67		26.67					33.33						16.67										20.0	20.0	20.0			11.11									40.0		50.0					75.0						11.11			25.0						50.0	14.29						5.56	10.0			25.0																																		85.71	83.33	100.0		77.78										10.0		42.86		6.25		19.05				50.0																														16.67						25.0	50.0	25.0	25.0				50.0	33.33									50.0		33.33								20.0	33.33					10.0	18.18		11.11			37.5																						40.0	33.33											16.67	40.0												33.33		66.67						
SRR24759598_binette_bin36	Bacteria	unclassified	unclassified	unclassified	unclassified	unclassified	unclassified	4	19.8	0.46	0.0	293.0	293.0	293.0	38.99	58.0	230.0	35261.0	2473.0	1130.0	669974.0	669974.0	669974.0	6763.1																0.0	104	58	0.023250730595238092					25.0	16.67				28.57	33.33																											50.0	50.0	33.33	25.0				42.86	25.0	12.5										33.33				4.17		6.67											16.67														62.5	44.44									20.0																25.0						25.0							11.11					25.0																						25.0											14.29	16.67	11.11		33.33												42.86				4.76																																87.5		33.33						16.67		25.0																									20.0					14.29																													80.0												16.67	40.0				20.0																
SRR24759610_binette_bin38	Bacteria	unclassified	unclassified	unclassified	unclassified	unclassified	unclassified	1	19.8	3.31	0.0	615.0	615.0	615.0	62.3	258.0	538.0	2842.0	1255.0	1034.0	790401.0	790401.0	790401.0	1342.1																0.0	56	24	0.020319152714285714					50.0	66.67		33.33		42.86	66.67			12.5	26.67														25.0								33.33	50.0	50.0			14.29	25.0	25.0			75.0	50.0													25.0	66.67						50.0			25.0			33.33					33.33					20.0	20.0			75.0	100.0	25.0			7.69							25.0		33.33			12.5		16.67	100.0	50.0		11.11				33.33				25.0	75.0			50.0				11.11			40.0	25.0	50.0		25.0		22.22	30.0		58.33							25.0	50.0	30.0										50.0							14.29	16.67	11.11		33.33	20.0	14.29			11.11							28.57	25.0	25.0	9.09				20.0															20.0	12.5										100.0	33.33	6.67	50.0		66.67						33.33		25.0	75.0		14.29				12.5				16.67				75.0		33.33									33.33				14.29	15.0			11.11			25.0		50.0									50.0		30.0		16.67		12.5			11.11		20.0				25.0	66.67			25.0				33.33	60.0				40.0		12.5										100.0				
SRR24759605_binette_bin26	Bacteria	Pseudomonadota	Alphaproteobacteria	Rhizobiales	Rhizobiaceae	Bartonella_A	unclassified	1	19.7	0.62	0.0	199.0	199.0	199.0	44.94	82.0	173.0	12677.0	2073.0	1623.0	419705.0	419705.0	419705.0	2544.0																0.0	56	24	0.4818473366666667	5.56				25.0																																										25.0														25.0	33.33	20.0	21.21	13.64			16.67		16.67					50.0											40.0		25.0	50.0	8.33	25.0			16.67											25.0			75.0								33.33	25.0				35.71		100.0			33.33	11.11	20.0			75.0			37.5		22.22	40.0		16.67		25.0	25.0				25.0	16.67	10.0		33.33	44.44	20.0					50.0	50.0	5.56						14.29	16.67	11.11		33.33										10.0		28.57			9.09	14.29	16.67																													33.33				8.33	100.0	16.67				25.0		50.0			14.29	25.0	50.0	100.0					33.33		50.0									16.67			10.0					14.29	20.0	45.45	9.09	22.22			25.0	33.33	18.75	41.67																			60.0		16.67			50.0									16.67	11.11				12.5							16.67							83.33
SRR24759603_binette_bin35	Bacteria	Pseudomonadota	Alphaproteobacteria	Rhizobiales	Rhizobiaceae	Bartonella_A	unclassified	1	19.7	0.74	0.0	461.0	461.0	461.0	45.5	143.0	387.0	15337.0	1572.0	1078.0	772413.0	772413.0	772413.0	2615.6																60.0	349	230	0.06077516523809523	15.28				25.0					14.29														100.0					37.5																14.29	16.67				25.0							33.33				28.12	66.67	5.0	21.21	27.27	8.33		33.33		16.67							10.0	50.0										50.0	22.22	8.33	25.0		7.69	16.67					25.0				5.56		12.5	16.67	16.67	25.0	37.5	33.33	11.11				33.33	33.33					21.43						22.22	20.0		20.0	50.0			12.5			20.0		13.89	12.5			7.14	50.0		25.0		60.0		11.11	11.11				11.11			33.33	16.67						14.29	16.67	11.11		22.22	24.0	14.29			11.11		5.56	5.56	8.33	20.0		42.86	25.0		18.18		83.33																12.5															25.0		8.33	100.0	16.67	11.11										50.0	33.33	5.56				16.67							16.67		14.29					10.0	33.33					10.0	18.18							6.25																			50.0	20.0		16.67		25.0	33.33					20.0		16.67	20.0		22.22				50.0									33.33					
SRR24759598_binette_bin43	Bacteria	unclassified	unclassified	unclassified	unclassified	unclassified	unclassified	1	19.7	3.37	0.0	418.0	418.0	418.0	47.17	168.0	360.0	2920.0	1488.0	1102.0	611678.0	611678.0	611678.0	1553.5																100.0	56	24	0.49614320333333334	11.11					50.0				42.86	66.67																										33.33		50.0						14.29	16.67	25.0			25.0											12.5		20.0	30.3	36.36	33.33								16.67					33.33					20.0	20.0	40.0		18.75	66.67		25.0		7.69					20.0		50.0			55.56						25.0		11.11					33.33					28.57		50.0	66.67			33.33	20.0			50.0	50.0		12.5		11.11	10.0		50.0				14.29				33.33	20.0		33.33	44.44				11.11			66.67							28.57	33.33	22.22		55.56	4.0				11.11		5.56	5.56		20.0		28.57		12.5			33.33								16.67			33.33			50.0		12.5													33.33		37.5		58.33	100.0	16.67				16.67		25.0				25.0	100.0		37.5						50.0		50.0	100.0	33.33	100.0	20.0			16.67			10.0			50.0		28.57		18.18					50.0	66.67	12.5	16.67													8.33		8.33	5.56		25.0	20.0					50.0							33.33	60.0		11.11		40.0		25.0							16.67		33.33					
SRR24759596_binette_bin14	Bacteria	Pseudomonadota	Alphaproteobacteria	Rhizobiales	Rhizobiaceae	Bartonella_A	unclassified	1	19.6	1.28	0.0	229.0	229.0	229.0	45.41	86.0	196.0	15971.0	2181.0	1628.0	520643.0	520643.0	520643.0	3137.2																0.0	104	58	0.5085823495238095	12.5				50.0	50.0				14.29	33.33		28.57																								33.33					14.29	50.0	25.0	14.29	16.67	12.5	50.0	100.0												18.75		30.0	36.36	27.27	25.0	14.29	33.33						33.33			20.0	100.0	66.67	6.67		25.0				20.0		37.5	55.56		50.0		15.38							25.0		33.33	5.56				16.67	50.0		33.33	11.11				66.67	33.33	50.0				50.0	14.29	50.0	33.33	50.0		50.0	30.0		20.0	50.0	25.0		12.5		11.11	10.0		41.67		25.0	50.0	7.14	50.0	14.29	25.0	16.67								11.11		50.0	16.67	5.56						42.86	33.33	33.33		44.44	24.0	14.29	5.56							20.0		42.86	25.0	25.0	9.09	14.29	33.33		20.0									33.33																		33.33		62.5		41.67		66.67	44.44			25.0		25.0			14.29	50.0	50.0	33.33	18.06				33.33		100.0							14.29		33.33			40.0	66.67		83.33		28.57	15.0	27.27		11.11			12.5		37.5	16.67							50.0			40.0	20.0	16.67	8.33	12.5	8.33	5.56	11.11	25.0	40.0				25.0	33.33			25.0	33.33			33.33	40.0		11.11		40.0											33.33					
SRR24759601_binette_bin23	Bacteria	Pseudomonadota	Gammaproteobacteria	Enterobacterales	Enterobacteriaceae	Gilliamella	unclassified	1	19.3	2.53	0.0	160.0	160.0	160.0	36.44	57.0	136.0	4443.0	1516.0	1066.0	252747.0	252747.0	252747.0	1841.8																100.0	104	58	0.027336451738095242	1.39									42.86	66.67																		25.0							50.0	33.33		50.0		25.0						25.0														6.25		10.0			16.67		33.33																		20.0		37.5	22.22		50.0														75.0			25.0	12.5		11.11										28.57			33.33			16.67	30.0						12.5		11.11	20.0									25.0		40.0											22.22						14.29	16.67	11.11		33.33			5.56																																													37.5		41.67			11.11			16.67		25.0						33.33	18.06				16.67											16.67			20.0			100.0			10.0	27.27					12.5	33.33	12.5	16.67										20.0	20.0																									40.0		50.0					1.14									66.67
SRR24759597_binette_bin39	Bacteria	Pseudomonadota	Alphaproteobacteria	Rhizobiales	Rhizobiaceae	Bartonella_A	unclassified	1	19.1	3.48	0.0	344.0	344.0	344.0	46.41	147.0	291.0	4475.0	2082.0	1697.0	677755.0	677755.0	677755.0	2058.1																100.0	104	58	0.5413000076190476	19.44					50.0				28.57	33.33		14.29																25.0								33.33							25.0	14.29	16.67	12.5			25.0											34.38		55.0	24.24	27.27	25.0		33.33		16.67							30.0	100.0	33.33					20.0	20.0			15.62	61.11	8.33			15.38	16.67				20.0	25.0	25.0			55.56		12.5			75.0	50.0		11.11				33.33		25.0				28.57		50.0	100.0	50.0		22.22	20.0			25.0	50.0		12.5			10.0		75.0				14.29		14.29	25.0	33.33	40.0		22.22	33.33				11.11			66.67	5.56					12.5	14.29	16.67	11.11		33.33	24.0	14.29	5.56		11.11		5.56	5.56				57.14		12.5		14.29	33.33								16.67			33.33			50.0		12.5	20.0	12.5	13.64					50.0					33.33		37.5		50.0	100.0	33.33	33.33			16.67		25.0				25.0		33.33	50.0				33.33				75.0	100.0	33.33	100.0	20.0			16.67			20.0			83.33		28.57	20.0		9.09	11.11			25.0		12.5	16.67										40.0	20.0	16.67	8.33		8.33	5.56		25.0	60.0					66.67							16.67	40.0		11.11		20.0		25.0									33.33	100.0				
SRR24759609_binette_bin35	Bacteria	unclassified	unclassified	unclassified	unclassified	unclassified	unclassified	1	19.1	2.88	0.0	314.0	314.0	314.0	34.01	89.0	254.0	14628.0	2165.0	1174.0	650919.0	650919.0	650919.0	3014.2																0.0	104	58	0.012520034433333337	5.56					16.67									100.0																						33.33																								22.92		36.67			8.33		33.33											33.33					40.0	80.0	20.0			5.56				3.85					20.0		50.0						8.33	8.33	25.0	25.0	50.0		25.0		25.0						75.0	21.43	28.57				33.33	22.22	20.0				25.0													7.14																				42.86	33.33	33.33		33.33							11.11	11.11		10.0		14.29				19.05				50.0																									100.0	33.33				8.33				33.33		58.33	75.0	50.0	75.0				50.0																					33.33				14.29	15.0	27.27					50.0	33.33	6.25											20.0		16.67							20.0												16.67	20.0														33.33						
SRR24759613_binette_bin32	Bacteria	Bacillota	Bacilli	Lactobacillales	Lactobacillaceae	Lactobacillus	unclassified	3	18.9	0.32	0.0	241.0	241.0	241.0	34.98	96.0	208.0	5427.0	2204.0	1606.0	524759.0	524759.0	524759.0	2341.4																50.0	104	58	0.023525057199999998	4.17													12.5	33.33																														28.57	8.33										8.33					4.17		6.67					16.67						16.67															55.56													33.33							37.5	33.33	11.11	25.0		25.0	33.33						14.29					33.33	11.11	20.0			50.0																	20.0											16.67						28.57	33.33	44.44		22.22	20.0	14.29								20.0			25.0	12.5		4.76			20.0	50.0																										33.33				8.33			11.11			16.67	50.0	25.0					100.0	33.33																			20.0							9.09							12.5														8.33	12.5	8.33	5.56	11.11	75.0					25.0									20.0						25.0								33.33						
SRR24759606_binette_bin30	Bacteria	unclassified	unclassified	unclassified	unclassified	unclassified	unclassified	1	18.7	1.64	0.0	378.0	378.0	378.0	60.82	133.0	320.0	9595.0	1554.0	1095.0	604191.0	604191.0	604191.0	2013.5																50.0	104	58	0.03549786138095238	3.7				50.0	16.67		33.33		57.14	100.0			12.5	20.0														25.0								33.33	50.0	50.0			14.29	25.0				62.5		50.0												45.83	66.67	33.33			16.67		33.33			25.0			50.0					33.33					20.0	20.0			50.0	66.67	25.0	25.0		15.38					20.0		25.0		33.33			12.5										33.33				25.0		14.29	14.29				16.67	22.22	20.0		20.0	25.0	25.0		12.5		11.11	20.0		33.33						14.29	25.0	33.33	30.0										66.67							28.57	16.67	22.22		44.44	20.0	14.29										28.57	25.0	18.75	18.18	9.52			20.0															40.0	12.5											33.33	6.67	100.0		66.67	100.0					8.33			25.0		14.29												25.0										70.0					28.57	35.0						25.0		56.25						50.0					30.0		16.67		12.5			11.11		40.0					25.0			25.0				16.67	40.0				60.0		12.5	12.5									100.0				
SRR24759613_binette_bin36	Bacteria	unclassified	unclassified	unclassified	unclassified	unclassified	unclassified	1	18.7	2.76	0.0	780.0	780.0	780.0	50.2	241.0	653.0	14795.0	1613.0	1089.0	1328883.0	1328883.0	1328883.0	2575.2																0.0	56	24	0.07082860238095237								33.33							20.0																														14.29	16.67	25.0																			16.67								16.67					33.33				25.0	40.0	20.0					25.0	25.0		7.69							25.0		33.33	5.56							16.67					33.33				25.0	25.0	14.29	14.29					22.22	20.0			25.0			12.5		22.22	20.0						7.14				33.33								11.11			33.33							14.29	16.67	22.22		11.11	24.0	14.29										28.57	50.0	12.5					20.0																											33.33										33.33	25.0	50.0	25.0		14.29	25.0																		16.67			50.0							18.18							12.5									50.0											20.0					8.33			25.0	33.33	20.0		16.67	20.0							12.5							33.33						66.67
SRR24759609_binette_bin32	Bacteria	unclassified	unclassified	unclassified	unclassified	unclassified	unclassified	1	18.7	2.4	0.0	251.0	251.0	251.0	34.05	55.0	190.0	40768.0	3653.0	1281.0	689723.0	689723.0	689723.0	6290.1																0.0	56	24	0.04222472828571428						16.67								12.5	20.0																						33.33	50.0	50.0	33.33	25.0				14.29	16.67	12.5														4.17		6.67																					20.0	20.0				38.89																		16.67	25.0		50.0	11.11	25.0		25.0							50.0	14.29					44.44	60.0			50.0																																				11.11														14.29	25.0	12.5		4.76																																		8.33						33.33	25.0	50.0				50.0							16.67																			14.29		36.36	9.09	44.44				33.33																	8.33	8.33											50.0	33.33	20.0																	33.33						
SRR24759610_binette_bin33	Bacteria	Bacillota	Bacilli	Bacillales_D	Amphibacillaceae	Oceanobacillus	Oceanobacillus sp032085455	1	18.7	0.0	0.0	368.0	368.0	368.0	37.28	150.0	320.0	3305.0	1302.0	1053.0	492455.0	492455.0	492455.0	1424.2																0.0	103	57	0.0011872333333333334	2.78					50.0		33.33					14.29																3.12																14.29	16.67							60.0								12.5	33.33					14.29	16.67						66.67	50.0									20.0	40.0	40.0		50.0		25.0			7.69										5.56			8.33	8.33	25.0	50.0	33.33	11.11	25.0			33.33	66.67			25.0		21.43	14.29				33.33	16.67	10.0		40.0		50.0			33.33								7.14				16.67	40.0							11.11			50.0	16.67	33.33									11.11	30.0	28.57		40.0			11.11	11.11		20.0		14.29	25.0	6.25			16.67																	40.0	25.0											33.33						33.33	55.56			16.67		25.0					100.0						16.67										50.0					33.33		50.0			10.0	27.27					37.5		6.25														16.67		25.0	27.78					33.33																	50.0									33.33					
SRR24759602_binette_bin27	Bacteria	unclassified	unclassified	unclassified	unclassified	unclassified	unclassified	1	18.6	1.92	0.0	501.0	501.0	501.0	61.02	208.0	438.0	2722.0	1287.0	1048.0	653800.0	653800.0	653800.0	1374.9																0.0	56	24	0.03358019304761905					25.0			33.33		28.57	33.33				26.67																						66.67	50.0	50.0								50.0																			16.67	14.29	50.0			25.0			50.0										40.0	40.0			59.38	22.22	25.0										25.0		33.33			12.5			100.0	50.0										25.0	75.0	14.29	14.29					22.22	20.0			50.0						10.0		41.67							25.0		20.0										33.33							28.57	16.67	22.22		44.44					11.11								25.0	18.75					20.0																										100.0	33.33		87.5		25.0		16.67	11.11			16.67	50.0	25.0							5.56																		20.0					42.86		9.09					50.0		43.75											10.0				12.5			11.11		20.0					41.67							16.67	40.0				20.0		25.0	12.5													33.33
SRR24759610_binette_bin34	Bacteria	unclassified	unclassified	unclassified	unclassified	unclassified	unclassified	2	18.6	0.15	0.0	250.0	250.0	250.0	33.07	66.0	198.0	21959.0	2551.0	1192.0	570485.0	570485.0	570485.0	3822.1																0.0	104	58	0.0480926858095238	1.39	20.0			25.0	66.67				14.29				12.5	6.67														25.0							50.0	100.0		50.0		25.0						25.0			25.0											25.0	66.67						33.33						16.67	50.0									60.0	40.0			15.62	16.67		25.0																	25.0	12.5		22.22				33.33						28.57						33.33	40.0		40.0		50.0		12.5		22.22	30.0		16.67					100.0						11.11	11.11			25.0						33.33	50.0	50.0	100.0		28.57	16.67	22.22		33.33														12.5	9.09	21.43	66.67				16.67				16.67									20.0	12.5											33.33		25.0								41.67		75.0				25.0			5.56								100.0		33.33								10.0			100.0		28.57	20.0	18.18	36.36	55.56			25.0		18.75	16.67												16.67		12.5			11.11		40.0												33.33	40.0																				
SRR24759602_binette_bin23	Bacteria	unclassified	unclassified	unclassified	unclassified	unclassified	unclassified	1	18.5	0.13	0.0	527.0	527.0	527.0	51.52	197.0	453.0	6493.0	1412.0	1056.0	771650.0	771650.0	771650.0	1741.2																0.0	103	57	0.029480007428571427	2.78					50.0				28.57	33.33		42.86						3.12																												50.0													25.0				9.09	9.09		14.29																	40.0	80.0	20.0		12.5	44.44		25.0	20.0								25.0							16.67	25.0	25.0	50.0		25.0								75.0	21.43	35.71	50.0		50.0	33.33	16.67	10.0			50.0	25.0		12.5		33.33	30.0	12.5	50.0								33.33											66.67							71.43	83.33	33.33		55.56							33.33	33.33				28.57	25.0	12.5																											50.0				100.0	66.67	6.67	62.5		33.33	100.0	16.67	11.11		16.67		25.0			20.0									16.67				25.0										10.0	33.33				4.76		18.18					37.5		68.75	66.67																			60.0				25.0	25.0							16.67	20.0				20.0			12.5									100.0				
SRR24759609_binette_bin30	Bacteria	unclassified	unclassified	unclassified	unclassified	unclassified	unclassified	1	18.2	1.61	0.0	236.0	236.0	236.0	36.11	97.0	205.0	3729.0	1270.0	1052.0	316987.0	316987.0	316987.0	1451.1																28.57	104	58	0.016858277947619044						16.67								12.5																							33.33		50.0		25.0				28.57	8.33										16.67					4.17		6.67	9.09	9.09	8.33		16.67						16.67															22.22											25.0							16.67	25.0						25.0												33.33	11.11				25.0	25.0																10.0																			11.11		11.11														18.75		4.76				50.0																										33.33				33.33						41.67		50.0	25.0			50.0							16.67				50.0		33.33								40.0					14.29		9.09																		20.0	20.0			12.5			11.11										50.0	33.33	20.0		33.33	40.0						12.5	16.67													
SRR24759614_binette_bin34	Bacteria	Pseudomonadota	Gammaproteobacteria	Enterobacterales	Enterobacteriaceae	Gilliamella	Gilliamella apis	1	18.0	2.09	0.0	146.0	146.0	146.0	35.37	43.0	119.0	10413.0	2313.0	1294.0	322447.0	322447.0	322447.0	3066.1																97.73	104	58	0.12144876642857144	2.78	20.0			25.0	33.33																									20.0	25.0	20.0	33.33													12.5														14.58		23.33				14.29	33.33						16.67												20.0		50.0	16.67											25.0					100.0			25.0	50.0	66.67	11.11	50.0		75.0	33.33						35.71	14.29		33.33			50.0	30.0				25.0					10.0													33.33	33.33								5.56						28.57	33.33	11.11		33.33			5.56									28.57		6.25		9.52					16.67			16.67										20.0	12.5											33.33										16.67	50.0	25.0		20.0		50.0			12.5				16.67														20.0	33.33		100.0				27.27					12.5	33.33	18.75	25.0										50.0	20.0				16.67	16.67			40.0								25.0	33.33			16.67	20.0		16.67									1.14									
SRR24759608_binette_bin36	Bacteria	unclassified	unclassified	unclassified	unclassified	unclassified	unclassified	1	18.0	0.26	0.0	207.0	207.0	207.0	37.26	80.0	178.0	2953.0	1487.0	1073.0	305028.0	305028.0	305028.0	1592.7																0.0	56	24	0.03903509238095239					50.0	16.67																															33.33								14.29	33.33	12.5														10.42		16.67					33.33						16.67					33.33							20.0		12.5					19.23					20.0				33.33	5.56					25.0		33.33		25.0		25.0					25.0	25.0	21.43	14.29					16.67	10.0															7.14		7.14			20.0							11.11				16.67						42.86	50.0	44.44		33.33	4.0				11.11							14.29	25.0	12.5		4.76			20.0	50.0														20.0	12.5																		11.11			16.67			50.0														50.0		33.33													14.29	10.0	18.18	45.45	55.56			12.5	33.33														16.67	16.67		16.67	11.11		100.0	20.0													20.0						25.0	16.67							33.33						
SRR24759600_binette_bin55	Bacteria	Pseudomonadota	Alphaproteobacteria	Rhizobiales	Rhizobiaceae	Bartonella_A	unclassified	1	18.0	3.14	0.0	441.0	441.0	441.0	44.9	147.0	371.0	9061.0	1670.0	1076.0	729616.0	729616.0	729616.0	2065.0																100.0	104	58	0.12542687976190475	7.41				50.0	66.67				28.57																			25.0							50.0	33.33					14.29	50.0				12.5		100.0				20.0								35.42	33.33	36.67	9.09	4.55	25.0	28.57	33.33						16.67	50.0		20.0	100.0		6.67		25.0						37.5	11.11		50.0		3.85										16.67		37.5					33.33	11.11				33.33		25.0				21.43		50.0	33.33		33.33	55.56	40.0			75.0	50.0		25.0		22.22	30.0		22.22	12.5		50.0		50.0		25.0		20.0		33.33	33.33							33.33	5.56	33.33	50.0	50.0	50.0						22.22	20.0	14.29	5.56									28.57	25.0	12.5	9.09	4.76	33.33																			9.09										33.33		37.5		16.67		50.0	44.44			25.0		25.0			17.14				18.06								50.0		33.33	33.33		14.29		16.67			60.0			33.33			20.0	18.18						33.33	12.5	41.67					25.0					20.0	20.0	33.33	8.33	12.5	8.33	5.56	11.11	75.0	40.0		33.33		25.0	16.67			25.0	33.33			33.33	60.0		11.11				25.0							16.67							
SRR24759597_binette_bin53	Bacteria	Pseudomonadota	Alphaproteobacteria	Rhizobiales	Rhizobiaceae	Bartonella_A	unclassified	1	18.0	4.72	0.0	68.0	68.0	68.0	46.64	21.0	54.0	12709.0	3526.0	1725.0	210009.0	210009.0	210009.0	4285.6																88.24	349	230	0.6266944385714284	3.7																																														12.5														45.83	66.67	33.33				14.29			33.33				16.67	50.0								50.0			40.0			5.56	16.67			7.69	33.33				20.0		75.0		33.33			25.0				25.0												28.57			33.33			11.11	20.0		40.0	25.0											25.0						10.0		11.11	11.11								5.56						14.29	16.67	11.11		11.11			11.11									14.29	25.0	12.5	9.09	9.52			20.0																															8.33		50.0	44.44			33.33		25.0	50.0						12.5															16.67				33.33		33.33			20.0	27.27					25.0		6.25						50.0														20.0															11.11				12.5														
SRR24759601_binette_bin21	Bacteria	unclassified	unclassified	unclassified	unclassified	unclassified	unclassified	1	18.0	0.36	0.0	230.0	230.0	230.0	45.44	48.0	178.0	32461.0	3014.0	1229.0	590424.0	590424.0	590424.0	5946.6																0.0	56	24	0.08544812761904763																													25.0													14.29	25.0						50.0												12.5	33.33																																									8.33		12.5					33.33																	11.11			20.0	50.0		4.35				10.0																																																																																																												16.67													15.0																																																													
SRR24759600_binette_bin38	Bacteria	Bacillota	Bacilli	Lactobacillales	Lactobacillaceae	Lactobacillus	unclassified	1	17.9	0.18	0.0	167.0	167.0	167.0	36.38	70.0	146.0	2358.0	1322.0	1066.0	224073.0	224073.0	224073.0	1404.9																75.0	104	58	0.041227045809523806	5.56					16.67																																							14.29	16.67	12.5														16.67		26.67																							20.0			11.11									20.0																25.0						25.0	42.86						27.78	50.0			50.0																								11.11										57.14	66.67	44.44		44.44												14.29				19.05				50.0																														16.67																							50.0		33.33														10.0	18.18		11.11			12.5	33.33												20.0	20.0		16.67		16.67	11.11		50.0	20.0																				16.67													
SRR24759602_binette_bin25	Bacteria	Bacillota	Bacilli	Lactobacillales	Lactobacillaceae	Lactobacillus	unclassified	1	17.9	0.59	0.0	139.0	139.0	139.0	36.31	47.0	116.0	5019.0	1751.0	1090.0	238743.0	238743.0	238743.0	2084.5																100.0	104	58	0.021658848880952382					75.0	16.67									53.33				3.12																		33.33																			8.33					29.17	66.67	6.67					16.67						16.67														12.5																										25.0						25.0							11.11	20.0		20.0	25.0																	20.0											16.67						14.29	16.67	22.22		22.22							33.33	33.33		10.0				6.25	9.09	11.9																		20.0	12.5										50.0					16.67			11.11										50.0																					33.33				14.29	20.0							33.33												20.0	20.0																				16.67	20.0						25.0														
SRR24759596_binette_bin16	Bacteria	unclassified	unclassified	unclassified	unclassified	unclassified	unclassified	1	17.9	1.04	0.0	308.0	308.0	308.0	32.46	116.0	264.0	13957.0	2204.0	1626.0	690262.0	690262.0	690262.0	2634.1																0.0	56	24	0.07345846866666667		20.0			25.0	50.0				14.29			14.29		6.67																20.0	25.0	20.0	33.33			33.33					14.29	25.0	25.0			25.0	50.0		25.0							33.33				16.67	33.33	6.67				14.29	16.67																				37.5	33.33	8.33	25.0		7.69	16.67						50.0								25.0	25.0	33.33	11.11			25.0											50.0	33.33	33.33			20.0	25.0	50.0		25.0		44.44	60.0							50.0		25.0		20.0		22.22	22.22			25.0				33.33																		5.56	5.56		10.0		14.29		25.0		19.05				50.0													12.5	20.0	12.5	27.27										100.0		25.0		16.67		50.0	44.44			41.67			100.0			100.0	100.0	33.33					16.67				50.0		33.33	16.67				16.67			30.0					14.29	15.0		18.18	33.33				66.67	56.25	50.0										30.0		33.33															75.0	66.67	20.0		33.33	40.0		11.11				25.0														
SRR24759596_binette_bin18	Bacteria	Pseudomonadota	Alphaproteobacteria	Rhizobiales	Rhizobiaceae	Bartonella_A	unclassified	1	17.9	1.27	0.0	190.0	190.0	190.0	45.07	81.0	159.0	11086.0	3563.0	2358.0	627676.0	627676.0	627676.0	3543.5																100.0	104	58	0.5393817933333334	23.61				25.0					14.29	33.33																										33.33								14.29	16.67		50.0		25.0											43.75	33.33	50.0	12.12	18.18	50.0	14.29	16.67						16.67	50.0		10.0	25.0										12.5	33.33		50.0		19.23					20.0	25.0	25.0		33.33	22.22		25.0		16.67	100.0			11.11					33.33				25.0	7.14					33.33	11.11			40.0	75.0			25.0		22.22	40.0		11.11	12.5		50.0	7.14		21.43	25.0	16.67	20.0		44.44	55.56	20.0			11.11			16.67							28.57	33.33	22.22		55.56	4.0											28.57	25.0	12.5	9.09	28.57	33.33		20.0															40.0	25.0											66.67		25.0		16.67		66.67	44.44			8.33		25.0						33.33					50.0		50.0		50.0			33.33		14.29		33.33			20.0	100.0				14.29	35.0	18.18	18.18	33.33					56.25											20.0	20.0	16.67						50.0	40.0												16.67	20.0		22.22		20.0		25.0									33.33	100.0				
SRR24759615_binette_bin62	Bacteria	Pseudomonadota	Gammaproteobacteria	Enterobacterales	Enterobacteriaceae	Gilliamella	unclassified	1	17.8	5.12	0.0	161.0	161.0	161.0	36.88	62.0	140.0	7094.0	1312.0	1073.0	226868.0	226868.0	226868.0	1717.1																44.74	104	58	0.06659148428571428	1.39	20.0				50.0							14.29																																14.29	16.67	37.5														31.25	66.67	10.0																						20.0	40.0							7.69					20.0		25.0			5.56					25.0	12.5	33.33		50.0									50.0			33.33	50.0		33.33	40.0		20.0		25.0		12.5		11.11	10.0						7.14			25.0		20.0		11.11	11.11				11.11				22.22						14.29	16.67	11.11		11.11	4.0		5.56									14.29		12.5	9.09	7.14																33.33														33.33							11.11			33.33		25.0	50.0				50.0		12.5				16.67														20.0	33.33		100.0			30.0	36.36					25.0			16.67																			20.0																			25.0									33.33					
SRR24759602_binette_bin39	Bacteria	Pseudomonadota	Alphaproteobacteria	Rhizobiales	Rhizobiaceae	Bartonella_A	unclassified	2	17.8	4.2	0.0	145.0	145.0	145.0	47.2	56.0	125.0	9363.0	1439.0	1080.0	215824.0	215824.0	215824.0	1863.5																92.68	349	230	0.8111411700000001	3.7																												25.0							50.0	33.33																								52.08	66.67	43.33	6.06															66.67			25.0	75.0										11.54					20.0							50.0	16.67	16.67	50.0	25.0		11.11				33.33						14.29			66.67			11.11	20.0		40.0							10.0								14.29			20.0		11.11	11.11														14.29	16.67	11.11		11.11	20.0	14.29	5.56									14.29	25.0		9.09	9.52					16.67			16.67	16.67									20.0	12.5	54.55	20.0													16.67										20.0				66.67	48.61				33.33																				25.0								31.25						75.0														20.0																			25.0														
SRR24759604_binette_bin28	Bacteria	unclassified	unclassified	unclassified	unclassified	unclassified	unclassified	1	17.7	0.34	0.0	179.0	179.0	179.0	36.53	71.0	152.0	4216.0	1818.0	1244.0	305387.0	305387.0	305387.0	1825.2																0.0	56	24	0.048904941476190476	5.56					16.67							14.29						3.12																										28.57	50.0															16.67		26.67																					20.0	20.0	20.0			16.67				15.38					20.0					5.56				16.67	25.0						25.0						25.0	28.57				50.0		16.67	30.0			25.0												7.14												22.22										57.14	50.0	55.56		44.44	4.0				11.11		33.33	33.33				14.29				19.05				50.0																									50.0	33.33										33.33		50.0											16.67																				15.0	36.36					37.5		6.25											20.0		16.67	16.67	12.5	16.67	11.11	11.11	100.0	20.0				25.0									20.0																				
SRR24759615_binette_bin36	Bacteria	unclassified	unclassified	unclassified	unclassified	unclassified	unclassified	5	17.7	0.61	0.0	307.0	307.0	307.0	28.67	80.0	240.0	19504.0	2788.0	1215.0	747667.0	747667.0	747667.0	4010.3																0.0	56	24	0.028815080690476193		40.0				16.67				14.29																											33.33													25.0	33.33										8.33		13.33					16.67																				12.5	5.56																			25.0		66.67		25.0		50.0							7.14						55.56	20.0			25.0	25.0					10.0											20.0																																	14.29	25.0			9.52				50.0	16.67				16.67																					33.33		12.5		8.33						16.67		25.0											16.67											16.67			20.0					14.29		9.09	9.09	11.11				33.33	12.5															12.5	8.33	8.33	11.11														33.33	40.0						25.0														33.33
SRR24759604_binette_bin27	Bacteria	unclassified	unclassified	unclassified	unclassified	unclassified	unclassified	1	17.5	0.0	0.0	101.0	101.0	101.0	33.61	34.0	84.0	8567.0	1972.0	1313.0	204092.0	204092.0	204092.0	2694.4																0.0	56	24	0.07776138814285716		20.0				33.33							14.29					16.67																																											4.17		6.67																																											16.67	16.67	25.0	25.0	33.33				25.0											50.0	33.33	11.11					25.0					10.0		33.33								50.0			11.11	11.11					33.33		50.0		33.33	50.0	50.0	100.0						11.11																4.76																33.33		20.0	12.5											66.67								33.33															16.67								20.0			16.67						33.33					36.36	55.56				66.67	12.5										33.33	20.0	20.0	16.67																			16.67	40.0																				
SRR24759599_binette_bin46	Bacteria	Pseudomonadota	Gammaproteobacteria	Enterobacterales	Enterobacteriaceae	Gilliamella	unclassified	1	17.3	1.79	0.0	84.0	84.0	84.0	35.27	28.0	69.0	8623.0	3230.0	1779.0	254568.0	254568.0	254568.0	3656.3																0.0	104	58	0.06196158028571429	1.39	20.0			25.0	33.33													3.12																		33.33										62.5														18.75	33.33	10.0											16.67												20.0		12.5										20.0		25.0						8.33	25.0	75.0	62.5												14.29			33.33			27.78	30.0		20.0		25.0				11.11	10.0													33.33	33.33			25.0					5.56	33.33	50.0	50.0	100.0		28.57	33.33	22.22		33.33			5.56				44.44	44.44		10.0		14.29		12.5	9.09	14.29	16.67				33.33				33.33							33.33														33.33				16.67												50.0	100.0	33.33	12.5				50.0				25.0											33.33		100.0		14.29		9.09	9.09	11.11			12.5			16.67										20.0									20.0					33.33			50.0	33.33	20.0		16.67	20.0		5.56																		
SRR24759611_binette_bin26	Bacteria	unclassified	unclassified	unclassified	unclassified	unclassified	unclassified	1	17.1	1.1	0.0	238.0	238.0	238.0	34.85	48.0	187.0	14687.0	3012.0	1109.0	542244.0	542244.0	542244.0	4163.2																0.0	56	24	0.008926485204761905		20.0								14.29	33.33							50.0																									25.0				25.0		50.0																	25.0		33.33						16.67												40.0		25.0											25.0									25.0		33.33	11.11						25.0			25.0	28.57						22.22	20.0			25.0			25.0		22.22	50.0							50.0	14.29			20.0		11.11	11.11	20.0																	11.11													25.0	31.25																	50.0										50.0									33.33						16.67			50.0			50.0							16.67	33.33			25.0										20.0			33.33			10.0	18.18				25.0	25.0	33.33	12.5	33.33															16.67	16.67								33.33			50.0	66.67	20.0							20.0		25.0														16.67
SRR24759601_binette_bin24	Bacteria	unclassified	unclassified	unclassified	unclassified	unclassified	unclassified	1	17.0	0.91	0.0	284.0	284.0	284.0	36.75	92.0	235.0	5641.0	1917.0	1115.0	517437.0	517437.0	517437.0	2215.8																0.0	104	58	0.031405050857142854	1.39	20.0			25.0	33.33									20.0			33.33											50.0		20.0	25.0	20.0	33.33		50.0	66.67						25.0				25.0		50.0	50.0											6.25		10.0		9.09		14.29	50.0							100.0									20.0	20.0			50.0	22.22					50.0				40.0		25.0					12.5			25.0	12.5		11.11									100.0		14.29		33.33		33.33						25.0		12.5		11.11	30.0		33.33									30.0		11.11	11.11					33.33			5.56						28.57	33.33	22.22		22.22			5.56		11.11							71.43																		50.0															100.0	33.33		25.0		16.67				33.33		33.33		25.0	50.0			25.0		33.33	18.06				16.67				75.0		33.33								40.0			66.67		14.29		9.09	45.45	55.56					25.0	33.33									33.33	20.0	20.0	16.67	16.67		16.67	11.11		100.0	40.0	33.33				66.67			50.0				16.67	40.0		33.33				37.5						33.33								
SRR24759606_binette_bin26	Bacteria	unclassified	unclassified	unclassified	unclassified	unclassified	unclassified	1	16.8	0.26	0.0	258.0	258.0	258.0	34.7	112.0	227.0	3696.0	1893.0	1559.0	488537.0	488537.0	488537.0	1949.5																0.0	56	24	0.019011837247619047		40.0				16.67				14.29		20.0	14.29		60.0														25.0		20.0	25.0	20.0	33.33		50.0	66.67													25.0							33.33				10.42		16.67																33.33					20.0	40.0	20.0		12.5					3.85												12.5	16.67	33.33	50.0		83.33	22.22	25.0		50.0	33.33						50.0	14.29			50.0	33.33	50.0	50.0				25.0		12.5		22.22	30.0								7.14		16.67	40.0		33.33	33.33							16.67	16.67	33.33	50.0	50.0	50.0		14.29	16.67			44.44					11.11					10.0		28.57		12.5		4.76	16.67				16.67				16.67											9.09										66.67		50.0					11.11	33.33		33.33	25.0	25.0	50.0			100.0	50.0	33.33	5.56				33.33				50.0		33.33		20.0				20.0		20.0					14.29	5.0	36.36					37.5		6.25	16.67										5.0									40.0					66.67			100.0	66.67	20.0		16.67	40.0						50.0										100.0				
SRR24759608_binette_bin47	Bacteria	Pseudomonadota	Alphaproteobacteria	Rhizobiales	Rhizobiaceae	Bartonella_A	unclassified	1	16.8	2.85	0.0	300.0	300.0	300.0	47.53	120.0	259.0	3833.0	1445.0	1101.0	433239.0	433239.0	433239.0	1549.5																100.0	104	58	0.4288623109523809					25.0									12.5																							33.33		50.0				25.0		14.29	16.67	25.0		50.0												15.62		25.0	3.03		8.33	14.29			16.67							30.0	100.0						20.0	20.0			25.0	27.78	8.33	25.0		11.54	16.67				20.0		100.0			13.89					25.0	50.0		11.11						50.0						50.0				22.22	20.0			25.0	25.0		12.5			10.0					25.0	7.14		7.14		33.33	20.0		22.22	22.22				11.11		50.0	66.67							42.86	33.33	33.33		33.33	4.0				11.11		5.56	5.56				28.57					16.67								16.67								12.5	20.0	12.5											33.33				16.67		16.67	11.11			16.67			50.0		14.29								16.67				25.0	100.0		16.67				16.67			50.0	66.67				14.29	5.0						25.0	33.33	18.75																				20.0												16.67	20.0	16.67	22.22				25.0							16.67		33.33	100.0				
SRR24759596_binette_bin17	Bacteria	Actinomycetota	Actinomycetes	Actinomycetales	Bifidobacteriaceae	Bombiscardovia	unclassified	1	16.8	0.27	0.0	264.0	264.0	264.0	61.54	90.0	225.0	12586.0	1317.0	1056.0	400007.0	400007.0	400007.0	2399.3																76.47	464	220	0.05861586766666666						16.67		33.33		14.29																											33.33					14.29	25.0	25.0			25.0	100.0													31.25	33.33	30.0					16.67						16.67										20.0	60.0			37.5		25.0	25.0		19.23					40.0				33.33									22.22									75.0		14.29	50.0			33.33	11.11	20.0		40.0	25.0	25.0					10.0		50.0						21.43	25.0	16.67	10.0										50.0							57.14	50.0	44.44		55.56												28.57	25.0	12.5	9.09	14.29			20.0															20.0	12.5										100.0	33.33		25.0		16.67						25.0	50.0	50.0						33.33	12.5								25.0										30.0					14.29	30.0	9.09					25.0		25.0											30.0	20.0								40.0					50.0			25.0					20.0						12.5	16.67									100.0				
SRR24759598_binette_bin45	Bacteria	unclassified	unclassified	unclassified	unclassified	unclassified	unclassified	1	16.8	2.24	0.0	229.0	229.0	229.0	32.87	64.0	185.0	13932.0	2256.0	1254.0	506450.0	506450.0	506450.0	3546.0																0.0	56	24	0.059899718761904766	2.78	20.0				33.33								12.5					3.12										25.0													14.29	25.0	25.0			12.5	50.0		25.0											16.67	33.33	6.67											16.67	50.0									60.0	100.0	20.0		37.5	22.22		25.0		7.69					40.0		25.0						16.67	33.33	75.0	25.0	33.33	11.11			25.0							14.29		100.0				16.67	10.0		20.0		25.0		12.5		11.11	10.0											40.0		11.11	11.11			25.0		33.33		33.33	16.67	33.33	50.0	50.0	100.0		57.14	66.67	44.44		44.44							33.33	33.33		10.0		28.57		25.0	9.09	19.05	16.67															33.33				18.18												25.0		8.33			11.11			25.0		25.0	50.0			50.0	100.0						33.33				50.0		33.33						20.0		30.0			33.33		14.29	5.0	9.09		11.11			62.5		43.75	16.67			14.29						33.33	20.0					16.67	16.67			40.0								50.0	33.33	20.0		16.67	20.0		5.56				50.0														
SRR24759601_binette_bin25	Bacteria	unclassified	unclassified	unclassified	unclassified	unclassified	unclassified	1	16.4	0.94	0.0	247.0	247.0	247.0	34.99	85.0	210.0	5091.0	1600.0	1062.0	393171.0	393171.0	393171.0	1896.0																0.0	56	24	0.02409129312380952	1.39	60.0			25.0	66.67								12.5	80.0														25.0		20.0	25.0	20.0	33.33								14.29	25.0	25.0			37.5	50.0					6.67				33.33								9.09			33.33						33.33										20.0	60.0			18.75					7.69					20.0		25.0									37.5	33.33	11.11	25.0														33.33					25.0	50.0		12.5		11.11	20.0		50.0									20.0		22.22	22.22			25.0											14.29	16.67	11.11		22.22												28.57		25.0			33.33				16.67				16.67											22.73										33.33				16.67						41.67	100.0	75.0				100.0		33.33									75.0		33.33		20.0		100.0	16.67			20.0						5.0	18.18	27.27	33.33			25.0	66.67	18.75	33.33										20.0		16.67						50.0	20.0								75.0	66.67	20.0		16.67	40.0		11.11					25.0				1.14									
SRR24759605_binette_bin27	Bacteria	Pseudomonadota	Alphaproteobacteria	Rhizobiales	Rhizobiaceae	Bartonella_A	unclassified	1	16.3	0.46	0.0	68.0	68.0	68.0	46.48	27.0	60.0	20783.0	3069.0	2964.0	250391.0	250391.0	250391.0	5044.1																0.0	104	58	0.5162454714285716	5.09				25.0	16.67																																					25.0		14.29	16.67			50.0								33.33				8.33		13.33												50.0							25.0	75.0	20.0	20.0			25.0					15.38						25.0	25.0			5.56			25.0	41.67	50.0	37.5											25.0	21.43		50.0				11.11	20.0			25.0	25.0		25.0		11.11	30.0		8.33				7.14							11.11	11.11	20.0			11.11															4.0						11.11	11.11				14.29				9.52																		20.0	12.5																																		33.33																			14.29	10.0	27.27					25.0		25.0	16.67					50.0					10.0		16.67	8.33		27.78	13.89		25.0	20.0					50.0								20.0		11.11													33.33					
SRR24759603_binette_bin36	Bacteria	unclassified	unclassified	unclassified	unclassified	unclassified	unclassified	1	16.2	0.34	0.0	396.0	396.0	396.0	45.79	160.0	345.0	4340.0	1275.0	1045.0	528013.0	528013.0	528013.0	1440.4																0.0	56	24	0.1488780217142857	12.96				25.0					14.29												16.67							25.0							50.0	66.67					14.29	25.0		14.29	16.67	50.0		50.0	25.0											4.17		6.67	24.24	18.18	16.67	28.57	33.33					50.0	16.67						6.67								12.5	11.11		25.0		11.54										47.22		12.5				25.0		22.22				33.33	33.33	50.0						50.0	33.33			11.11				25.0						10.0		22.22				14.29	50.0		25.0	33.33	30.0		33.33	33.33	20.0			11.11			33.33	25.0											24.0	14.29					5.56	5.56				14.29	25.0	6.25		4.76	33.33														50.0		12.5			27.27										33.33		12.5		16.67		33.33	22.22								14.29			33.33	18.06						100.0		75.0		33.33	83.33	20.0	14.29		16.67			50.0	33.33				28.57	10.0		9.09	22.22						16.67					50.0					20.0		16.67	16.67		27.78	27.78		50.0			16.67			33.33					60.0		16.67	20.0				20.0		37.5							16.67		33.33	100.0				
SRR24759597_binette_bin33	Bacteria	Pseudomonadota	Gammaproteobacteria	Enterobacterales	Enterobacteriaceae	Gilliamella	unclassified	1	16.2	0.53	0.0	270.0	270.0	270.0	36.33	85.0	225.0	7688.0	1708.0	1097.0	474280.0	474280.0	474280.0	2268.9																0.0	56	24	0.04229216485714286		80.0			50.0	66.67							14.29		40.0														25.0								66.67									2.08				25.0											29.17	66.67	6.67				14.29							16.67	50.0									40.0	60.0	20.0		25.0	16.67		50.0			50.0				20.0		75.0						8.33	25.0	25.0	50.0					25.0						75.0	14.29		50.0		50.0		5.56	10.0		20.0	25.0	50.0					20.0		66.67					50.0			33.33	20.0		11.11	11.11			25.0				33.33							28.57	16.67	22.22		33.33							11.11	11.11				28.57		25.0	9.09	11.9	16.67													50.0		33.33		20.0	12.5										50.0	33.33						50.0	44.44	33.33		75.0	50.0	75.0	100.0			50.0		33.33					16.67				50.0		33.33		20.0						40.0	33.33				28.57	20.0	27.27	9.09	22.22			37.5	33.33	31.25											50.0	20.0	16.67							20.0					16.67			50.0	33.33	20.0		16.67	20.0		55.56				25.0	25.0													
SRR24759610_binette_bin98	Bacteria	Actinomycetota	Actinomycetes	Actinomycetales	Bifidobacteriaceae	Bombiscardovia	unclassified	1	16.1	5.43	0.0	302.0	302.0	302.0	61.18	127.0	264.0	3045.0	1279.0	1038.0	392468.0	392468.0	392468.0	1359.2																91.67	104	58	0.028721187309523805					25.0			33.33		14.29				12.5	20.0																																12.5														12.5	33.33						16.67						16.67										20.0	20.0			37.5	22.22	25.0								20.0									16.67	100.0	50.0	33.33		25.0			33.33						21.43		50.0			33.33	33.33	20.0			50.0						10.0		27.78							25.0												33.33							42.86	50.0	33.33		44.44	20.0	14.29								10.0		57.14		6.25	9.09																															66.67		12.5		8.33						33.33	50.0	50.0			14.29		100.0	33.33					16.67														40.0	66.67					10.0	27.27							43.75									50.0		20.0	20.0								80.0					33.33							16.67	40.0							16.67									100.0				
SRR24759611_binette_bin28	unclassified	unclassified	unclassified	unclassified	unclassified	unclassified	unclassified	1	16.0	1.58	0.0	140.0	140.0	140.0	28.73	34.0	106.0	13173.0	3738.0	1360.0	398281.0	398281.0	398281.0	4411.5																0.0	56	24	0.01653006445238095															6.67			16.67																																				25.0																																									25.0																																				25.0																																																			25.0																																																																																											12.5																																														33.33
SRR24759600_binette_bin42	Bacteria	Pseudomonadota	Gammaproteobacteria	Enterobacterales	Enterobacteriaceae	Gilliamella	unclassified	1	16.0	0.65	0.0	181.0	181.0	181.0	35.62	67.0	155.0	6598.0	1419.0	1089.0	275292.0	275292.0	275292.0	1882.9																100.0	277	177	0.08809689023809525	1.39				50.0	50.0									26.67																20.0	25.0	20.0	33.33								14.29	25.0	25.0			12.5	50.0		25.0											10.42		16.67			16.67													66.67					40.0	60.0			12.5	11.11		25.0		7.69												87.5	25.0	41.67	50.0	37.5	66.67	22.22	25.0		50.0							21.43			33.33			33.33	20.0			25.0	25.0		12.5		11.11	20.0							50.0				20.0		44.44	44.44					33.33			5.56													5.56				11.11	11.11				14.29		12.5		4.76																33.33		20.0	12.5	18.18												25.0		33.33															12.5				33.33														30.0	66.67		33.33		14.29	5.0	9.09		11.11			25.0		12.5				14.29						33.33	30.0	20.0																											25.0														
SRR24759597_binette_bin34	Bacteria	unclassified	unclassified	unclassified	unclassified	unclassified	unclassified	1	15.9	0.77	0.0	490.0	490.0	490.0	31.31	179.0	416.0	7502.0	1609.0	1124.0	790709.0	790709.0	790709.0	1928.1																0.0	104	58	0.031112584904761903	1.39	20.0				33.33									66.67																						66.67					14.29	25.0	25.0		2.08		50.0													4.17		6.67											16.67					33.33					80.0	80.0	20.0		37.5	50.0				7.69									33.33						25.0	12.5	66.67	22.22	25.0		25.0	33.33						35.71	14.29					38.89	30.0			25.0	25.0		12.5		11.11	20.0							100.0				20.0		11.11	11.11							33.33					50.0		14.29	16.67	11.11		22.22												28.57	25.0	37.5		4.76	16.67		20.0		16.67			16.67												31.82												25.0		16.67						50.0	50.0	50.0	50.0	40.0		75.0	50.0	66.67					16.67				50.0								20.0		40.0			33.33		28.57	5.0	45.45	18.18	44.44			37.5	33.33	18.75	41.67						12.5				20.0	20.0		8.33	12.5	25.0	22.22	11.11	25.0									50.0	33.33	20.0					5.56				25.0	25.0		16.67											83.33
SRR24759611_binette_bin34	Bacteria	Bacillota	Bacilli	Lactobacillales	Lactobacillaceae	Lactobacillus	unclassified	1	15.6	2.82	0.0	69.0	69.0	69.0	36.43	20.0	56.0	15585.0	3643.0	1948.0	232388.0	232388.0	232388.0	4978.0																100.0	104	58	0.025584527695238096															13.33				3.12																				50.0		25.0																																	16.67																												33.33					16.67	25.0																		33.33					25.0																																							4.0		16.67	20.0			33.33	33.33		20.0			25.0	12.5					20.0															20.0	12.5											33.33				16.67						16.67		25.0					100.0	33.33					16.67															33.33						9.09		11.11																20.0	20.0																				16.67	60.0														66.67		100.0				
SRR24759599_binette_bin44	unclassified	unclassified	unclassified	unclassified	unclassified	unclassified	unclassified	2	15.6	0.64	0.0	257.0	257.0	257.0	32.64	34.0	189.0	43700.0	3858.0	1259.0	777196.0	777196.0	777196.0	11490.6																0.0	56	24	0.019719444761904764															20.0			16.67																																											6.25		10.0																						20.0			12.5	33.33						25.0																				33.33							14.29		33.33							50.0		4.35			11.11	10.0																						5.56													5.56										25.0																																									33.33											12.5																		20.0			33.33											25.0	16.67														12.5			11.11														16.67	20.0		33.33																		100.0
SRR24759613_binette_bin34	Bacteria	unclassified	unclassified	unclassified	unclassified	unclassified	unclassified	1	15.6	0.82	0.0	350.0	350.0	350.0	29.3	79.0	276.0	53119.0	2286.0	1213.0	815836.0	815836.0	815836.0	7066.9																0.0	56	24	0.02125670776190476		60.0											14.29		60.0														25.0																																12.5	33.33																						20.0	20.0			12.5	38.89		25.0					1.25											16.67	25.0		50.0	11.11										14.29	28.57				33.33	22.22	20.0		20.0	50.0																			11.11	11.11							33.33																								25.0			7.14																														33.33				8.33							25.0					50.0							16.67				75.0		33.33								30.0						10.0		9.09	11.11			25.0	33.33	18.75																									8.33			25.0	33.33													16.67		1.14									100.0
SRR24759610_binette_bin35	Bacteria	Pseudomonadota	Alphaproteobacteria	Rhizobiales	Rhizobiaceae	Bartonella_A	Bartonella_A sp945285915	1	15.5	0.49	0.0	77.0	77.0	77.0	41.73	26.0	64.0	18614.0	5113.0	3120.0	386485.0	386485.0	386485.0	6637.0																100.0	56	24	0.10793700561904762	3.7																																										25.0		14.29	16.67			50.0	50.0			20.0								33.33	66.67	13.33	45.45	45.45	8.33	14.29							16.67			20.0	100.0								40.0		12.5			25.0		15.38										5.56			16.67	33.33	75.0		33.33	11.11										71.43						88.89	80.0		20.0	75.0			12.5			30.0					25.0	7.14	50.0				40.0		22.22	22.22	20.0			11.11				22.22				50.0		14.29	16.67	11.11		11.11	8.0			20.0	11.11							14.29		6.25	18.18	9.52																		20.0	12.5											33.33		50.0				16.67	22.22			41.67	50.0	50.0			14.29			33.33	5.56				50.0				50.0		33.33					16.67			30.0	33.33					20.0	63.64		11.11			25.0								50.0																16.67										33.33	40.0		22.22				50.0									50.0	100.0				
SRR24759597_binette_bin32	Bacteria	unclassified	unclassified	unclassified	unclassified	unclassified	unclassified	1	15.5	0.03	0.0	195.0	195.0	195.0	37.24	79.0	170.0	3488.0	1318.0	1067.0	268030.0	268030.0	268030.0	1492.1																0.0	104	58	0.07624098842857144	5.56				50.0																																								28.57	50.0	12.5									8.33					16.67		26.67																									12.5	22.22				7.69							25.0			5.56		25.0					33.33	11.11			25.0						25.0							22.22	20.0			50.0												7.14												22.22										28.57	33.33	33.33		22.22	4.0															19.05																																		8.33	100.0					25.0		25.0	25.0																				50.0										10.0	9.09	54.55	77.78																		16.67		12.5			11.11															20.0																				
SRR24759597_binette_bin35	Bacteria	Actinomycetota	Actinomycetes	Actinomycetales	Bifidobacteriaceae	Bombiscardovia	unclassified	1	15.5	0.57	0.0	201.0	201.0	201.0	60.01	97.0	180.0	2247.0	2092.0	1962.0	419004.0	419004.0	419004.0	2088.6																100.0	104	58	0.07124935814285714	3.7							33.33					28.57	12.5															25.0							50.0	66.67	50.0	50.0			28.57	50.0	25.0			50.0	50.0	50.0												14.58		23.33			16.67		33.33			25.0															20.0		12.5	50.0	25.0			19.23					40.0													22.22				33.33				25.0		42.86	14.29	50.0		50.0		50.0	70.0			50.0						10.0		58.33						7.14		33.33	20.0										66.67	16.67						57.14	50.0	44.44		44.44	20.0	14.29			11.11							57.14				9.52																		20.0												66.67	6.67						11.11			41.67		75.0			14.29	25.0			5.56								25.0										20.0					28.57	25.0	36.36					12.5		50.0						50.0			50.0											80.0					33.33			25.0	33.33			16.67	20.0						25.0										100.0				
SRR24759600_binette_bin45	Bacteria	unclassified	unclassified	unclassified	unclassified	unclassified	unclassified	1	15.3	0.5	0.0	180.0	180.0	180.0	44.73	64.0	153.0	11639.0	2169.0	1631.0	423114.0	423114.0	423114.0	3156.8																0.0	104	58	0.3603898147619048	5.56					50.0				28.57	66.67		14.29	12.5															25.0										50.0				25.0		14.29	16.67	12.5		50.0	25.0							33.33				31.25		50.0	45.45	45.45	8.33		16.67							50.0									20.0	20.0				27.78		25.0		7.69							25.0			5.56				16.67	50.0			11.11					33.33					7.14	14.29		66.67		33.33					50.0	25.0							33.33			25.0	7.14			25.0		20.0				20.0			11.11			33.33	22.22	33.33	50.0	50.0	50.0						22.22	4.0		5.56									28.57	25.0	12.5		14.29					16.67			16.67							50.0					9.09										33.33		25.0		50.0		16.67	11.11							20.0	14.29	25.0			25.0				33.33		100.0							14.29		16.67			10.0			33.33		14.29	10.0	18.18		11.11			25.0		6.25																				20.0												16.67	40.0				60.0		25.0									33.33					
SRR24759600_binette_bin44	Bacteria	unclassified	unclassified	unclassified	unclassified	unclassified	unclassified	1	15.3	1.74	0.0	507.0	507.0	507.0	41.06	158.0	425.0	15166.0	1582.0	1080.0	855158.0	855158.0	855158.0	2557.6																0.0	56	24	0.07591688557142855	18.52				25.0			33.33			33.33													16.67					37.5								33.33						25.0		14.29	16.67	37.5		50.0					50.0							4.17		6.67	30.3	18.18		14.29	33.33							50.0							25.0	50.0					37.5	5.56	25.0			11.54					20.0					5.56		25.0	16.67	33.33	50.0	37.5	33.33					66.67	33.33					7.14						33.33				25.0			12.5			20.0		16.67		25.0	25.0	7.14	50.0			16.67	30.0		22.22	22.22	20.0			11.11			16.67	22.22				50.0		14.29	16.67	11.11		11.11	30.0	28.57					5.56	5.56		20.0		57.14	25.0			4.76	33.33				16.67			16.67	16.67						50.0		12.5	20.0	12.5	15.15										33.33		12.5		25.0		33.33	22.22			16.67		25.0		20.0			50.0	66.67					33.33							16.67		14.29		16.67			20.0					28.57	5.0	18.18	9.09	22.22				33.33							25.0					10.0	20.0	16.67							40.0	33.33											33.33	40.0		33.33		20.0		37.5						33.33			33.33					100.0
SRR24759603_binette_bin39	Bacteria	unclassified	unclassified	unclassified	unclassified	unclassified	unclassified	1	15.3	0.51	0.0	366.0	366.0	366.0	38.04	124.0	308.0	7856.0	1666.0	1085.0	615193.0	615193.0	615193.0	2080.2																0.0	56	24	0.08293884247619049																																																													12.5	33.33													50.0								25.0						5.56		25.0														25.0		16.67	25.0			11.11				33.33						21.43						11.11	20.0		20.0	25.0								33.33		25.0			50.0												33.33							50.0		14.29	16.67	11.11		11.11										10.0			25.0		9.09		16.67				16.67			16.67																										8.33										20.0	14.29		50.0						16.67					100.0			10.0	14.29					30.0						10.0	18.18						33.33											33.33	20.0	20.0																							33.33																		
SRR24759598_binette_bin41	Bacteria	unclassified	unclassified	unclassified	unclassified	unclassified	unclassified	2	15.3	0.76	0.0	268.0	268.0	268.0	31.4	49.0	198.0	29755.0	3977.0	1281.0	789656.0	789656.0	789656.0	6941.5																0.0	104	58	0.04568414638095238	1.85	40.0								28.57	66.67		28.57		20.0																20.0	25.0	20.0	33.33			33.33													25.0											4.17		6.67							33.33					50.0				33.33											25.0			3.85	50.0				20.0										25.0						25.0								14.29			50.0									12.5		11.11	10.0		25.0									20.0		11.11	11.11														14.29	16.67	11.11		11.11												28.57	25.0	12.5		4.76																														33.33				33.33						16.67		25.0				50.0			5.56				16.67											16.67	20.0	33.33	20.0			33.33		14.29	5.0	9.09	18.18	55.56				66.67	6.25	16.67					25.0							16.67			11.11	16.67			20.0								50.0	33.33	20.0		16.67	20.0				40.0		25.0														50.0
SRR24759606_binette_bin32	Bacteria	Bacillota	Bacilli	Lactobacillales	Lactobacillaceae	Lactobacillus	unclassified	1	15.2	0.7	0.0	69.0	69.0	69.0	35.24	23.0	56.0	15123.0	5669.0	2975.0	357432.0	357432.0	357432.0	6317.1																100.0	104	58	0.017293579252380953	5.56				25.0	16.67									60.0																						33.33	50.0	50.0	33.33	25.0				28.57	33.33	12.5														16.67		26.67											16.67										40.0	40.0			12.5	27.78											25.0										66.67		25.0		25.0					25.0		7.14						11.11					25.0																							11.11																								10.0				6.25		19.05																																		16.67						50.0	50.0	75.0					50.0	33.33																								14.29	10.0	36.36		11.11			50.0																	12.5			11.11						25.0																													
SRR24759602_binette_bin28	Bacteria	unclassified	unclassified	unclassified	unclassified	unclassified	unclassified	1	15.0	0.2	0.0	340.0	340.0	340.0	42.07	139.0	297.0	2940.0	1263.0	1041.0	447672.0	447672.0	447672.0	1406.1																0.0	104	58	0.06451228	8.33				75.0								14.29																25.0								66.67					14.29	25.0		14.29	16.67	25.0		50.0	25.0				25.0			33.33				53.12	100.0	25.0			50.0	14.29	33.33							50.0					6.67				20.0	20.0			37.5		8.33			7.69	16.67						50.0			5.56			8.33	25.0	50.0	50.0	33.33							25.0			25.0	28.57	14.29	50.0	33.33		33.33	66.67	40.0		40.0	75.0			25.0		11.11	20.0		33.33				7.14					60.0		44.44	44.44				11.11				16.67						14.29	16.67	11.11		11.11	8.0			20.0			11.11	11.11				14.29	25.0		18.18	14.29	50.0				16.67			16.67																						66.67		12.5		16.67	100.0		11.11			16.67		25.0		20.0	14.29				18.06				33.33									14.29		33.33						16.67		28.57	35.0	27.27	18.18	33.33			25.0		6.25														16.67		16.67	11.11		100.0	20.0												50.0	60.0		11.11				75.0							16.67		50.0	100.0				
SRR24759608_binette_bin41	Bacteria	unclassified	unclassified	unclassified	unclassified	unclassified	unclassified	1	14.9	0.51	0.0	285.0	285.0	285.0	33.83	85.0	235.0	12584.0	1873.0	1147.0	538654.0	538654.0	538654.0	3000.0																0.0	56	24	0.03802886723809523	1.39	20.0				50.0									26.67				3.12										25.0														25.0				12.5		50.0	25.0											29.17	66.67	6.67		9.09		14.29	16.67						16.67										20.0	40.0			25.0	16.67											75.0					25.0	16.67	33.33	50.0	25.0	50.0	11.11			25.0						50.0	28.57		50.0			33.33	33.33	40.0		20.0	25.0	25.0		12.5		22.22	20.0		83.33									40.0		11.11	11.11			25.0																				11.11		38.89	38.89						12.5	9.09	11.9	33.33				33.33				33.33								12.5	20.0	12.5										50.0	33.33						16.67	11.11			91.67	25.0	100.0	100.0					66.67					33.33				100.0		33.33	16.67				16.67	20.0	33.33	20.0						20.0	27.27					25.0	66.67	50.0	33.33						25.0				45.0		16.67																						16.67				25.0														
SRR24759608_binette_bin42	Bacteria	unclassified	unclassified	unclassified	unclassified	unclassified	unclassified	1	14.9	0.45	0.0	372.0	372.0	372.0	45.31	139.0	318.0	4887.0	1534.0	1089.0	573590.0	573590.0	573590.0	1729.8																100.0	104	58	0.06052156157142857																																											25.0		14.29	16.67			50.0								33.33									8.33																											7.69							25.0			5.56		12.5					33.33	11.11						25.0										22.22										10.0		16.67				7.14			25.0		20.0		22.22	33.33				11.11															4.0											14.29	25.0				33.33																																							16.67			25.0			25.0																																																												33.33			25.0	33.33			16.67	20.0						25.0									16.67					
SRR24759607_binette_bin46	Bacteria	Pseudomonadota	Alphaproteobacteria	Rhizobiales	Rhizobiaceae	Bartonella_A	unclassified	1	14.9	5.91	0.0	78.0	78.0	78.0	46.81	29.0	66.0	7433.0	3231.0	2056.0	243591.0	243591.0	243591.0	3548.3																93.94	349	230	0.7819550276190474					25.0					14.29	33.33																																				12.5														37.5	33.33	40.0											16.67												40.0		12.5	16.67				7.69					20.0							25.0				25.0												42.86			33.33			22.22	20.0		20.0									33.33						14.29	25.0		20.0		11.11	11.11							33.33	22.22						42.86	33.33	33.33		44.44			11.11				5.56	5.56		20.0		14.29		6.25																			12.5	20.0	12.5													12.5		25.0			11.11										100.0		12.5								25.0			16.67								33.33		33.33			20.0	45.45		11.11			25.0																8.33		8.33	5.56		25.0	40.0															22.22		20.0		25.0														
SRR24759602_binette_bin31	Bacteria	unclassified	unclassified	unclassified	unclassified	unclassified	unclassified	1	14.9	0.58	0.0	274.0	274.0	274.0	36.8	91.0	230.0	8337.0	1700.0	1084.0	460364.0	460364.0	460364.0	2162.7																0.0	56	24	0.021741015209523804	9.72					16.67							14.29	12.5	40.0																							50.0	50.0	33.33	25.0				42.86	66.67	25.0			25.0						8.33					16.67		26.67					16.67						16.67										40.0	60.0	20.0			55.56				7.69					40.0		75.0		33.33	5.56		37.5	25.0	41.67	75.0	62.5	33.33	11.11	25.0		25.0					25.0	100.0	7.14				50.0		11.11																7.14												22.22										85.71	83.33	88.89		77.78	4.0						11.11	11.11				28.57	25.0	25.0		19.05			20.0	50.0																					50.0				100.0	33.33				16.67	100.0					58.33	50.0	50.0	100.0			50.0		33.33					33.33				50.0		33.33								20.0						10.0	18.18	54.55	88.89			50.0	33.33	12.5											20.0		33.33							40.0								50.0	33.33	20.0										16.67													
SRR24759598_binette_bin46	Bacteria	unclassified	unclassified	unclassified	unclassified	unclassified	unclassified	4	14.7	1.25	0.0	286.0	286.0	286.0	46.63	75.0	227.0	13889.0	2689.0	1173.0	644829.0	644829.0	644829.0	3414.5																0.0	56	24	0.053273309571428576																													25.0														25.0				25.0		50.0																																							12.5																		16.67	16.67	25.0																									4.35				10.0																																													25.0								16.67			16.67																																				20.0				33.33					16.67																							44.44																		16.67	8.33		27.78	30.56		25.0		33.33																								33.33								
SRR24759614_binette_bin42	Bacteria	Pseudomonadota	Alphaproteobacteria	Rhizobiales	Rhizobiaceae	Bartonella_A	Bartonella_A sp945285915	1	14.6	1.48	0.0	161.0	161.0	161.0	42.65	62.0	138.0	4125.0	1522.0	1107.0	246614.0	246614.0	246614.0	1692.5																100.0	104	58	0.08443683685714286	3.24																																										25.0				12.5		50.0	25.0											22.92	33.33	16.67	6.06		16.67																	25.0			40.0		31.25	16.67		25.0		3.85						25.0	25.0					25.0	16.67	33.33	50.0	37.5												35.71			33.33			33.33	40.0		20.0	25.0						10.0		5.56	12.5				50.0		25.0		40.0											22.22	33.33	50.0	50.0	50.0									5.56												9.09	4.76					16.67			16.67	16.67											22.73	10.0													16.67			11.11			25.0		25.0	25.0	20.0					18.06				33.33											16.67			10.0			33.33			5.0	36.36					25.0	66.67	31.25						25.0														40.0				25.0				25.0	33.33				20.0		11.11				50.0														
SRR24759600_binette_bin64	Bacteria	Pseudomonadota	Alphaproteobacteria	Rhizobiales	Rhizobiaceae	Bartonella_A	unclassified	1	14.6	2.66	0.0	241.0	241.0	241.0	42.72	91.0	207.0	4361.0	1432.0	1054.0	353296.0	353296.0	353296.0	1633.5																75.0	104	58	0.08126417480952382	12.04				50.0	16.67								12.5															25.0													14.29	25.0				37.5	50.0	50.0					50.0							73.96	66.67	78.33	39.39	45.45	8.33				16.67				16.67								25.0	50.0			20.0		43.75	16.67	16.67			23.08	33.33					25.0			33.33			37.5	16.67	16.67	25.0	50.0		11.11									25.0	28.57					33.33	16.67	10.0		60.0	25.0	25.0					10.0		8.33						28.57	25.0		40.0		11.11	11.11								16.67																						14.29	25.0	12.5	18.18	38.1	33.33		20.0		16.67			16.67												30.3	10.0				50.0					33.33		50.0					11.11			16.67		25.0		20.0				33.33					16.67				25.0							16.67						33.33			55.0	45.45					12.5			16.67					50.0					10.0		16.67	16.67		16.67	11.11		50.0	20.0														16.67	22.22				25.0														
SRR24759601_binette_bin22	Bacteria	unclassified	unclassified	unclassified	unclassified	unclassified	unclassified	1	14.6	0.01	0.0	216.0	216.0	216.0	36.14	86.0	186.0	2872.0	1488.0	1103.0	320393.0	320393.0	320393.0	1583.4																0.0	104	58	0.04934645357142856	5.56					16.67									20.0																								50.0		25.0				28.57	50.0										16.67					16.67		26.67					16.67																					5.56				7.69							25.0			5.56											25.0							14.29					33.33	22.22	40.0															7.14												22.22										28.57	33.33	44.44		33.33	4.0															19.05																		20.0	12.5											33.33				8.33						25.0			75.0																														10.0	9.09																		20.0		16.67	16.67		33.33	27.78		100.0													16.67	20.0																				
SRR24759599_binette_bin48	Bacteria	unclassified	unclassified	unclassified	unclassified	unclassified	unclassified	1	14.5	0.52	0.0	242.0	242.0	242.0	35.94	54.0	184.0	18693.0	3443.0	1338.0	678175.0	678175.0	678175.0	5009.5																0.0	56	24	0.013601417552380953																																																																																					20.0																																																4.35	12.5										100.0														33.33							28.57	16.67	22.22		22.22													25.0																																																																						40.0																																														16.67	40.0		22.22																		
SRR24759610_binette_bin39	Bacteria	unclassified	unclassified	unclassified	unclassified	unclassified	unclassified	1	14.5	0.32	0.0	195.0	195.0	195.0	34.67	60.0	162.0	8220.0	1790.0	1091.0	344367.0	344367.0	344367.0	2337.2																0.0	56	24	0.04612030671428572		60.0			25.0	50.0				42.86	33.33																																25.0				12.5		50.0	50.0			6.67								16.67	33.33	6.67				14.29	16.67							50.0									20.0	20.0			37.5	33.33									20.0										25.0		16.67				25.0						50.0	14.29		50.0			33.33	22.22	20.0		20.0	25.0	25.0		50.0		55.56	50.0		25.0									80.0		44.44	44.44			25.0					16.67						14.29	16.67	11.11		11.11					11.11							28.57		25.0		11.9	33.33																												100.0	66.67		50.0		16.67		50.0	55.56			33.33	75.0	50.0				100.0		33.33									50.0										20.0			100.0			20.0	27.27	9.09	11.11			25.0	66.67	37.5	58.33										5.0			16.67		16.67	11.11		100.0	20.0				25.0				100.0	66.67	20.0		16.67	40.0		11.11		20.0		100.0														
SRR24759616_binette_bin24	Bacteria	Bacillota	Clostridia	Lachnospirales	Lachnospiraceae	Novisyntrophococcus	unclassified	1	14.5	0.03	0.0	138.0	138.0	138.0	43.03	65.0	122.0	2958.0	2623.0	2438.0	357557.0	357557.0	357557.0	2624.6																0.0	103	57	0.0101881519					25.0														3.12		14.29				20.0				25.0		20.0	25.0	20.0	33.33								14.29	25.0						50.0												12.5	33.33						16.67						33.33	50.0											40.0		12.5	11.11		25.0											33.33					16.67	25.0													50.0	14.29					33.33	40.0		20.0	50.0								8.33																										14.29	16.67	11.11		11.11							33.33	33.33				14.29	25.0	25.0					20.0															20.0	12.5																													33.33					16.67														10.0			100.0			25.0	36.36					25.0		37.5							12.5				20.0	20.0												25.0								16.67	20.0					44.44											100.0				
SRR24759615_binette_bin38	Bacteria	unclassified	unclassified	unclassified	unclassified	unclassified	unclassified	1	14.5	0.52	0.0	200.0	200.0	200.0	34.4	40.0	151.0	22863.0	3606.0	1286.0	554585.0	554585.0	554585.0	5404.7																0.0	56	24	0.01975407357142857																																																																																								25.0																																			50.0								50.0																																		14.29	16.67			11.11												28.57					50.0																																																																20.0											11.11																									40.0																						16.67											
SRR24759614_binette_bin35	Bacteria	Pseudomonadota	Gammaproteobacteria	Enterobacterales	Enterobacteriaceae	Gilliamella	Gilliamella apicola	2	14.4	0.32	0.0	88.0	88.0	88.0	32.73	19.0	61.0	29200.0	7442.0	2488.0	482201.0	482201.0	482201.0	9999.3																0.0	104	58	0.05781135952380952	1.39	20.0			25.0	33.33				14.29		20.0			33.33																												25.0				37.5		50.0												12.5		20.0		9.09			16.67						16.67					33.33					40.0	80.0	20.0		25.0			50.0		7.69									33.33				8.33	8.33		62.5	66.67		25.0			33.33						35.71						38.89	30.0			25.0	25.0		12.5		11.11	10.0							100.0	14.29	25.0		10.0		22.22	22.22							33.33							14.29	16.67	11.11		22.22							11.11	11.11				14.29	25.0	12.5			50.0		20.0		16.67			16.67																								50.0		16.67						16.67		25.0		20.0		50.0		33.33																			20.0						10.0	36.36	36.36	44.44			37.5	33.33	25.0	33.33			14.29							20.0	20.0	16.67			16.67	16.67								8.33			25.0	33.33										12.5	25.0													
SRR24759612_binette_bin23	Bacteria	Pseudomonadota	Alphaproteobacteria	Rhizobiales	Rhizobiaceae	Bartonella_A	unclassified	1	14.4	0.7	0.0	203.0	203.0	203.0	44.65	86.0	177.0	3876.0	2006.0	1585.0	404924.0	404924.0	404924.0	2073.7																0.0	104	58	0.44240076857142857	19.44				50.0					28.57																			50.0							50.0	33.33																				33.33				12.5		20.0	39.39	36.36	8.33	42.86	33.33						16.67	50.0					6.67		25.0		20.0	20.0	40.0		25.0			75.0							20.0		25.0		33.33					16.67	25.0	12.5		11.11				33.33	33.33					35.71					33.33	33.33	40.0			25.0								8.33			25.0		50.0			33.33	30.0										33.33							14.29	16.67	11.11		22.22	20.0	14.29								20.0		28.57	25.0	12.5		14.29	50.0		20.0									33.33																		33.33		100.0				50.0	22.22			8.33		25.0				25.0			5.56				16.67		100.0												70.0	33.33					10.0	27.27	18.18	33.33			50.0	33.33	25.0											30.0	20.0	16.67							20.0								25.0	33.33				20.0				20.0		12.5														
SRR24759601_binette_bin27	Bacteria	unclassified	unclassified	unclassified	unclassified	unclassified	unclassified	1	14.4	0.15	0.0	213.0	213.0	213.0	34.0	68.0	176.0	7456.0	2007.0	1227.0	416261.0	416261.0	416261.0	2555.0																0.0	56	24	0.03805040304761905		20.0			25.0	33.33				28.57		20.0	14.29		33.33																								50.0		25.0	14.29	50.0	25.0			37.5	50.0	50.0												16.67	33.33	6.67											16.67					100.0					60.0	60.0			12.5	16.67				7.69	25.0						25.0		33.33			12.5	8.33	8.33	25.0	25.0	66.67	11.11	25.0		25.0							7.14	14.29			50.0		33.33			20.0		25.0															50.0	40.0		33.33	33.33							83.33							28.57	33.33	11.11		33.33							11.11	11.11				42.86	25.0	12.5	9.09	19.05			20.0											50.0	50.0	33.33				36.36										66.67		37.5		16.67						50.0		50.0	50.0										16.67								20.0											14.29	5.0	27.27		11.11			25.0		18.75											5.0									80.0					8.33							16.67	40.0		22.22				50.0														
SRR24759609_binette_bin34	Bacteria	Pseudomonadota	Alphaproteobacteria	Rhizobiales	Rhizobiaceae	Bartonella_A	unclassified	1	14.3	0.28	0.0	137.0	137.0	137.0	45.32	59.0	120.0	5702.0	3134.0	2605.0	435374.0	435374.0	435374.0	3301.7																0.0	104	58	0.33848848095238093	12.5				25.0	16.67				28.57	33.33																		25.0							50.0	66.67						25.0						50.0												12.5	33.33				8.33	14.29	66.67		16.67					50.0				33.33	6.67						20.0		37.5	16.67	8.33				16.67						50.0			8.33						25.0		11.11				33.33		25.0				7.14		50.0								25.0	25.0		25.0		22.22	20.0		8.33	12.5				50.0																					14.29	16.67	11.11		22.22	24.0	14.29		20.0			5.56	5.56				14.29			9.09						16.67			16.67									12.5			9.09					50.0							37.5		16.67	100.0					16.67		25.0	25.0	20.0	14.29			66.67	5.56											16.67								33.33				14.29	10.0	18.18								16.67										10.0		16.67	16.67		47.22	36.11		50.0	20.0								25.0	33.33								20.0									16.67		16.67					
SRR24759610_binette_bin37	unclassified	unclassified	unclassified	unclassified	unclassified	unclassified	unclassified	1	14.3	0.11	0.0	315.0	315.0	315.0	28.95	105.0	265.0	7187.0	1564.0	1090.0	517270.0	517270.0	517270.0	2100.0																0.0	56	24	0.013003206571428571													14.29		6.67						14.29																														33.33					8.33					4.17		6.67																					20.0	40.0						25.0															16.67	16.67	50.0						25.0								14.29									25.0		4.35		33.33																	20.0																													14.29	25.0			4.76																																														50.0							33.33														30.0																																										25.0	33.33			16.67	20.0								20.0												16.67
SRR24759600_binette_bin117	Bacteria	Pseudomonadota	Alphaproteobacteria	Rhizobiales	Rhizobiaceae	Bartonella_A	unclassified	1	14.3	9.97	0.0	113.0	113.0	113.0	46.73	39.0	95.0	5247.0	1918.0	1160.0	203792.0	203792.0	203792.0	2087.7																92.45	349	230	0.5778993671428572					50.0					14.29	33.33		14.29																25.0							50.0	33.33							25.0																	9.38		15.0				14.29	16.67						16.67									25.0					25.0					3.85									33.33			25.0						11.11					33.33					14.29	14.29																							7.14					22.22	22.22														14.29	16.67	11.11		11.11													50.0	12.5					20.0						33.33																									16.67		66.67	44.44												5.56																								5.0																						8.33		8.33	5.56		25.0																		20.0																
SRR24759609_binette_bin51	Bacteria	unclassified	unclassified	unclassified	unclassified	unclassified	unclassified	1	14.3	2.79	0.0	149.0	149.0	149.0	37.56	61.0	130.0	2893.0	1311.0	1064.0	202338.0	202338.0	202338.0	1453.0																100.0	104	58	0.04429346252380952	2.78	40.0				33.33				28.57	33.33	20.0	14.29																25.0							50.0	33.33					14.29	25.0	25.0				50.0													31.25	66.67	10.0												50.0													62.5	11.11				7.69	25.0															25.0		22.22	25.0										14.29		33.33	50.0		11.11			20.0	50.0	25.0							66.67								33.33	20.0										33.33	5.56						28.57	16.67	22.22		44.44			5.56									14.29			9.09	7.14					33.33			16.67	16.67																					33.33		25.0		33.33						33.33		50.0		20.0					18.06																					100.0			35.0	9.09		11.11					50.0				14.29																					16.67							33.33	60.0		5.56		20.0		25.0					1.14									
SRR24759599_binette_bin51	Bacteria	unclassified	unclassified	unclassified	unclassified	unclassified	unclassified	3	14.3	0.47	0.0	368.0	368.0	368.0	33.04	116.0	308.0	14485.0	1687.0	1098.0	636822.0	636822.0	636822.0	2481.1																100.0	104	58	0.04736781742857142	7.41			50.0	25.0																																										12.5														41.67	33.33	46.67												50.0								25.0					25.0		8.33			3.85	16.67														25.0	25.0					25.0	33.33					25.0	14.29						11.11	20.0		20.0				12.5		11.11	10.0										16.67	20.0		44.44	44.44	20.0						16.67							14.29		22.22		11.11	20.0	14.29								10.0					9.09	19.05	16.67				16.67			16.67										40.0	12.5													12.5								16.67		25.0		40.0			50.0						16.67				50.0		33.33					16.67			20.0						15.0	9.09	18.18	66.67					62.5	16.67					25.0							16.67												16.67														25.0														16.67
SRR24759606_binette_bin31	Bacteria	Pseudomonadota	Gammaproteobacteria	Enterobacterales	Enterobacteriaceae	Gilliamella	Gilliamella apis_A	1	14.3	0.01	0.0	121.0	121.0	121.0	34.81	45.0	102.0	3760.0	2053.0	1286.0	228382.0	228382.0	228382.0	2078.1																100.0	277	177	0.1141877648095238										14.29	33.33				20.0																																12.5										33.33				6.25		10.0				14.29	33.33																	20.0	20.0		12.5	22.22				3.85					20.0		25.0					25.0	8.33	8.33		50.0	66.67		25.0									21.43						27.78	10.0			25.0						10.0								7.14		16.67			33.33	33.33					33.33		16.67							57.14	50.0	44.44		44.44							11.11	11.11				42.86					16.67																			18.18														33.33						33.33	50.0	50.0																										33.33				14.29	5.0	36.36		11.11			12.5		6.25				14.29						33.33	30.0	20.0				16.67	16.67			20.0												16.67	40.0				20.0			25.0													
SRR24759601_binette_bin26	Bacteria	Bacillota	Bacilli	Lactobacillales	Lactobacillaceae	Lactobacillus	unclassified	2	14.3	0.08	0.0	166.0	166.0	166.0	36.92	66.0	143.0	3719.0	1472.0	1108.0	245071.0	245071.0	245071.0	1589.2																0.0	104	58	0.14010187319047618					50.0	16.67							14.29																																14.29	33.33															4.17		6.67					33.33						16.67												40.0		12.5	11.11				7.69									33.33	5.56							33.33	22.22			25.0					25.0	25.0	42.86				50.0		44.44	60.0			25.0	25.0											7.14												11.11												11.11			4.0											14.29	25.0	25.0		4.76			20.0																											33.33				33.33												50.0											50.0		33.33								20.0							18.18					25.0																														50.0	33.33	20.0			20.0							16.67													
SRR24759602_binette_bin30	Bacteria	unclassified	unclassified	unclassified	unclassified	unclassified	unclassified	1	14.3	0.29	0.0	227.0	227.0	227.0	29.71	87.0	196.0	7943.0	3549.0	2677.0	823648.0	823648.0	823648.0	3976.6																0.0	56	24	0.021888128214285714														12.5	13.33				3.12																		33.33													50.0																									50.0									60.0	40.0			25.0			25.0															16.67	33.33	50.0		33.33	11.11										28.57						44.44	40.0			50.0													100.0						11.11	11.11																11.11							11.11		33.33	33.33				28.57	25.0												16.67				16.67							9.09																		33.33		41.67		50.0									3.57		33.33				25.0										30.0	33.33				14.29		18.18					25.0	33.33	18.75																																16.67	20.0																				100.0
SRR24759608_binette_bin44	Bacteria	Pseudomonadota	Alphaproteobacteria	Rhizobiales	Rhizobiaceae	Bartonella_A	unclassified	1	14.2	0.68	0.0	142.0	142.0	142.0	44.67	49.0	118.0	12585.0	4056.0	2611.0	561926.0	561926.0	561926.0	4771.6																0.0	104	58	0.2885123109523809	4.17				75.0					14.29			14.29	12.5																							33.33								14.29	16.67	25.0							50.0										21.21	9.09	16.67	28.57	33.33					50.0															50.0			25.0		7.69					20.0		75.0			13.89					50.0	37.5						66.67	33.33	50.0			25.0	7.14				50.0		11.11							25.0		22.22	20.0		25.0			50.0	7.14			25.0	33.33	50.0		55.56	66.67	20.0			11.11	33.33	50.0	33.33	16.67	33.33	50.0	50.0	50.0		28.57	33.33	22.22		33.33	44.0	28.57								20.0		42.86	25.0								16.67			16.67	16.67						50.0			20.0	12.5											33.33		25.0		16.67		83.33	66.67			25.0			50.0	20.0			50.0	100.0					33.33	16.67			25.0			16.67		14.29		16.67			10.0	33.33				28.57	10.0	18.18		11.11						16.67									33.33	40.0	40.0		8.33		8.33	5.56		25.0	40.0		16.67			33.33					20.0		16.67	20.0	16.67	11.11				62.5														66.67
SRR24759613_binette_bin37	Bacteria	unclassified	unclassified	unclassified	unclassified	unclassified	unclassified	2	14.2	0.76	0.0	235.0	235.0	235.0	45.05	53.0	185.0	26935.0	2723.0	1172.0	546907.0	546907.0	546907.0	4629.7																0.0	56	24	0.09650220761904763																																																																			14.29	16.67																																									25.0																						25.0		4.35																																																	25.0																																							16.67	11.11			16.67	50.0	25.0															50.0		33.33															9.09																																																												
SRR24759607_binette_bin19	Bacteria	unclassified	unclassified	unclassified	unclassified	unclassified	unclassified	1	14.2	0.37	0.0	301.0	301.0	301.0	42.24	127.0	264.0	2157.0	1238.0	1039.0	385967.0	385967.0	385967.0	1336.7																0.0	103	57	0.01833015721904762	8.33	40.0				33.33				42.86	100.0			12.5					3.12									50.0	25.0		40.0	50.0	40.0	66.67									25.0						50.0	50.0											37.5	33.33	40.0				14.29	33.33		16.67				33.33	50.0										40.0	40.0		12.5	16.67	8.33			7.69	16.67				20.0								16.67	33.33	50.0	50.0	33.33							25.0			25.0	42.86			33.33			33.33	40.0		20.0		25.0				11.11	30.0		16.67	50.0		25.0						50.0		11.11	11.11														57.14	50.0	33.33		66.67					11.11		33.33	33.33				71.43		6.25		42.86						33.33										33.33		20.0	12.5	18.18												25.0		58.33						16.67		25.0			34.29			33.33	12.5				33.33	16.67										33.33		33.33				33.33		4.76	25.0	27.27		11.11			25.0		68.75	41.67						12.5				20.0									80.0					33.33												60.0		37.5														66.67
SRR24759600_binette_bin47	Archaea	unclassified	unclassified	unclassified	unclassified	unclassified	unclassified	12	14.2	0.3	0.0	265.0	265.0	265.0	37.53	57.0	207.0	19066.0	2878.0	1199.0	639853.0	639853.0	639853.0	4864.5																0.0	104	58	0.05173143371428571																																																																			14.29																			20.0		3.12																																	14.29						5.56	10.0																																																																									33.33																				16.67	11.11																																					9.09					12.5																																																							
SRR24759599_binette_bin49	Bacteria	unclassified	unclassified	unclassified	unclassified	unclassified	unclassified	1	14.1	0.46	0.0	133.0	133.0	133.0	53.33	36.0	107.0	24806.0	5663.0	2961.0	714385.0	714385.0	714385.0	8309.8																0.0	56	24	0.02739527307142857					25.0			33.33							20.0																											14.29	25.0	25.0			12.5	50.0																										16.67																25.0			7.69														16.67	25.0			11.11									25.0							11.11				25.0			12.5		11.11	20.0											20.0																																	14.29	25.0																																	33.33										8.33		25.0			14.29	25.0							16.67														20.0					14.29	5.0																	50.0																8.33			25.0	33.33			16.67	20.0						25.0	12.5													100.0
SRR24759615_binette_bin41	Bacteria	unclassified	unclassified	unclassified	unclassified	unclassified	unclassified	12	14.1	0.71	0.0	342.0	342.0	342.0	39.7	68.0	257.0	50078.0	3824.0	1273.0	967249.0	967249.0	967249.0	7737.1																0.0	56	24	0.24156636142857146	5.56	20.0																																											14.29	16.67	25.0														12.5		20.0																									25.0	5.56		25.0														12.5		16.67	25.0							66.67		25.0				21.43						22.22	20.0			25.0		4.35						8.33		50.0	50.0		50.0		25.0		20.0				20.0	33.33						22.22				50.0		14.29	16.67	11.11		11.11	20.0	14.29											50.0			14.29				50.0	16.67			16.67	16.67						50.0									25.0										8.33			11.11			8.33				20.0					5.56				16.67									14.29		16.67			30.0			16.67			10.0	18.18																					8.33		8.33	5.56		25.0											20.0		16.67	20.0						25.0	16.67													66.67
SRR24759602_binette_bin29	Bacteria	Pseudomonadota	Alphaproteobacteria	Rhizobiales	Rhizobiaceae	Bartonella_A	unclassified	1	14.1	0.15	0.0	136.0	136.0	136.0	45.95	62.0	121.0	4842.0	2844.0	2545.0	394657.0	394657.0	394657.0	2959.5																0.0	104	58	0.48784725761904774	3.7									28.57	66.67																		50.0							50.0	33.33		50.0				25.0				12.5		50.0	25.0											36.46	66.67	18.33			25.0	28.57	50.0						16.67															38.89				3.85							50.0					50.0			25.0			22.22						25.0				14.29						22.22	20.0		20.0	50.0								25.0									40.0		33.33	33.33	20.0						33.33							14.29	16.67	11.11		44.44												28.57	25.0	6.25	9.09	9.52									16.67											31.82	10.0											25.0		41.67		16.67	11.11			25.0			50.0			25.0		33.33	5.56				16.67		100.0			100.0						16.67				33.33					25.0		18.18	33.33				33.33							75.0					40.0	40.0	33.33	16.67		16.67	11.11		50.0					25.0	83.33			25.0	33.33			16.67	20.0		22.22		60.0		25.0														50.0
SRR24759614_binette_bin57	Bacteria	Bacillota	Bacilli	Lactobacillales	Lactobacillaceae	Lactobacillus	unclassified	1	14.1	3.18	0.0	125.0	125.0	125.0	36.12	43.0	105.0	4449.0	1840.0	1158.0	224533.0	224533.0	224533.0	2147.4																50.0	56	24	0.012725590785714285	1.85														100.0																														42.86	58.33										16.67					4.17		6.67					16.67						16.67															22.22				11.54							25.0			5.56							16.67				25.0								14.29																					7.14												22.22															4.0									10.0				6.25		4.76																																		33.33						25.0	75.0	25.0	25.0				50.0																										5.0	9.09		11.11											25.0					20.0	20.0				16.67	16.67																																				
SRR24759600_binette_bin54	Bacteria	unclassified	unclassified	unclassified	unclassified	unclassified	unclassified	1	14.1	1.31	0.0	247.0	247.0	247.0	34.27	94.0	209.0	6985.0	1734.0	1194.0	418176.0	418176.0	418176.0	1956.5																0.0	56	24	0.05453587738095238		60.0			25.0					28.57	66.67		14.29		6.67														50.0							50.0	33.33										12.5																				28.57	50.0							100.0									80.0	60.0			12.5																				25.0			11.11														50.0	33.33					25.0			12.5		22.22	40.0		50.0					100.0				80.0		11.11	11.11			25.0					16.67						14.29	16.67	11.11		22.22					11.11							14.29		12.5			16.67																													66.67		25.0		33.33		50.0	55.56			25.0		50.0				100.0		66.67	5.56															16.67			20.0			100.0			10.0	9.09	36.36	44.44			25.0	33.33	18.75	33.33						25.0				30.0		50.0		12.5	16.67	16.67	11.11							8.33			75.0	66.67	20.0			20.0		11.11		40.0		75.0	25.0													
SRR24759599_binette_bin45	Bacteria	unclassified	unclassified	unclassified	unclassified	unclassified	unclassified	1	14.0	0.08	0.0	141.0	141.0	141.0	33.02	40.0	112.0	8503.0	2809.0	1276.0	340926.0	340926.0	340926.0	3213.9																0.0	56	24	0.08069510057142856						50.0									60.0																											14.29	25.0	25.0			12.5	50.0													29.17	33.33	26.67												50.0				33.33						20.0			12.5	11.11				15.38							25.0						8.33	8.33		25.0	16.67	11.11			50.0	33.33															20.0	25.0	25.0		12.5		33.33	40.0							50.0	14.29					33.33	33.33					33.33									14.29	16.67	11.11		11.11							11.11	11.11						25.0		11.9	16.67													50.0				20.0	12.5	36.36														16.67						25.0	25.0	25.0	25.0			50.0		66.67									50.0										20.0			100.0			35.0	9.09		11.11				33.33		75.0									33.33	20.0	20.0													8.33			50.0	33.33	20.0					16.67									1.14									
SRR24759613_binette_bin60	Bacteria	Pseudomonadota	Alphaproteobacteria	Rhizobiales	Rhizobiaceae	Bartonella_A	unclassified	1	14.0	5.19	0.0	87.0	87.0	87.0	45.88	33.0	75.0	11367.0	4101.0	2865.0	344093.0	344093.0	344093.0	4439.7																85.71	104	58	0.31115155761904767	3.7				25.0								14.29																																		25.0			50.0											30.21	33.33	28.33				14.29													6.67									16.67				7.69						25.0	25.0					50.0	16.67	16.67	50.0			11.11					33.33	25.0			25.0	42.86			33.33	50.0		33.33	40.0		20.0							10.0		16.67								16.67	30.0		33.33	33.33							16.67	22.22						14.29	16.67	11.11		11.11			11.11	20.0								28.57			9.09	9.52																														33.33				16.67		33.33	22.22			8.33			25.0					33.33	12.5				33.33		100.0													66.67		50.0			20.0	27.27		55.56											50.0					20.0	20.0	16.67		12.5			11.11		40.0												16.67	40.0		22.22		20.0		37.5														
SRR24759608_binette_bin65	Bacteria	unclassified	unclassified	unclassified	unclassified	unclassified	unclassified	1	14.0	3.14	0.0	340.0	340.0	340.0	46.08	133.0	292.0	3149.0	1507.0	1098.0	511680.0	511680.0	511680.0	1618.6																100.0	56	24	0.41985257476190474	2.78					50.0				28.57	66.67		14.29																								33.33						25.0				25.0		50.0	50.0														9.09	9.09	8.33	28.57	50.0		16.67			50.0		50.0		10.0	50.0								20.0		12.5	50.0	8.33	25.0			16.67									16.67					25.0	25.0	33.33						33.33					35.71		50.0		50.0		61.11	30.0			25.0	25.0							16.67							25.0		10.0		22.22	33.33													12.5					11.11										10.0			25.0	12.5			66.67								16.67						50.0			20.0	12.5	9.09										66.67		25.0		41.67	100.0	33.33	11.11			8.33					14.29	25.0	50.0						16.67				75.0		33.33	33.33	20.0			33.33			30.0			50.0		14.29		27.27		55.56			12.5		25.0											40.0	20.0	33.33	8.33		8.33	5.56		25.0						50.0							33.33	60.0	16.67	11.11		40.0		12.5							16.67							
SRR24759596_binette_bin19	unclassified	unclassified	unclassified	unclassified	unclassified	unclassified	unclassified	1	14.0	0.8	0.0	71.0	71.0	71.0	35.35	19.0	55.0	19351.0	5398.0	2394.0	326247.0	326247.0	326247.0	6785.6																0.0	56	24	0.09530846209523809						16.67																																																			33.33																																		25.0																				11.11										28.57						22.22	40.0				25.0																																																																																																																								30.0																									20.0		16.67						50.0													16.67	40.0														33.33		100.0				
SRR24759598_binette_bin42	Bacteria	unclassified	unclassified	unclassified	unclassified	unclassified	unclassified	1	13.9	0.11	0.0	259.0	259.0	259.0	29.85	55.0	206.0	21934.0	2434.0	1134.0	573058.0	573058.0	573058.0	4883.8																0.0	56	24	0.032967807952380954															20.0																																12.5														12.5	33.33																						20.0	20.0			25.0	33.33		25.0															16.67	16.67	25.0															50.0							20.0	25.0					11.11	10.0																																												14.29	25.0																																											25.0		50.0											16.67				25.0							16.67			10.0						10.0	9.09						33.33	12.5	16.67															16.67	16.67															16.67	20.0																				100.0
SRR24759612_binette_bin38	Bacteria	Pseudomonadota	Gammaproteobacteria	Enterobacterales	Enterobacteriaceae	Gilliamella	unclassified	1	13.8	3.13	0.0	87.0	87.0	87.0	35.13	24.0	71.0	9994.0	2172.0	1339.0	201800.0	201800.0	201800.0	3532.2																100.0	104	58	0.08297814276190475		20.0			25.0					14.29	33.33																																				12.5																																						40.0				5.56		50.0														25.0			25.0			11.11										14.29						33.33	20.0						12.5		11.11	10.0																			33.33									28.57	16.67	22.22		22.22												14.29																																		33.33		25.0		25.0						25.0			50.0										16.67				25.0										20.0	33.33		100.0			10.0			22.22					37.5	16.67									33.33	20.0	20.0				16.67	16.67															33.33	40.0				20.0																
SRR24759601_binette_bin36	Bacteria	unclassified	unclassified	unclassified	unclassified	unclassified	unclassified	1	13.8	0.85	0.0	281.0	281.0	281.0	47.47	113.0	244.0	3117.0	1360.0	1062.0	388522.0	388522.0	388522.0	1475.3																0.0	56	24	0.5014651323809522	6.94									14.29	33.33			12.5																							33.33					14.29	25.0		14.29	16.67	12.5		50.0												12.5		20.0	36.36	54.55		14.29			16.67			50.0	16.67			30.0	100.0	66.67										61.11	8.33			7.69	16.67				20.0					38.89						37.5		11.11												50.0	66.67		33.33	22.22							12.5			10.0		16.67				7.14				33.33	10.0		11.11	11.11				11.11			66.67							14.29	16.67	11.11		22.22	4.0						5.56	5.56				42.86	25.0	6.25			16.67								16.67						50.0		12.5													66.67		25.0		33.33		50.0	44.44			8.33						25.0			37.5								50.0	100.0	33.33	66.67	20.0						20.0					14.29	5.0			44.44						16.67										20.0	20.0	16.67							20.0					50.0							33.33	40.0				20.0		12.5							16.67		50.0					
SRR24759610_binette_bin43	Bacteria	unclassified	unclassified	unclassified	unclassified	unclassified	unclassified	1	13.8	1.0	0.0	246.0	246.0	246.0	34.69	81.0	207.0	9733.0	1627.0	1107.0	413568.0	413568.0	413568.0	2257.0																100.0	56	24	0.0433639362857143		20.0				33.33				14.29			14.29		40.0				3.12												20.0	25.0	20.0	33.33								14.29	50.0	25.0			12.5	50.0	50.0								33.33				16.67		26.67		9.09		14.29												66.67					60.0	60.0			25.0	16.67				11.54	25.0											12.5	16.67	16.67	25.0		33.33	22.22			25.0	33.33					50.0	14.29			33.33	50.0	33.33	22.22	20.0			25.0	25.0							16.67						7.14			40.0		11.11	11.11								5.56						28.57	33.33	22.22		22.22			5.56				33.33	33.33								4.76														50.0						36.36									50.0	66.67		12.5				50.0	44.44			50.0		50.0	50.0					33.33	12.5				16.67				50.0		33.33		20.0		50.0	16.67						33.33			10.0	18.18	45.45	55.56				33.33	50.0	16.67						25.0						16.67	16.67		16.67	11.11		100.0						16.67								20.0		5.56				50.0					1.14									
SRR24759598_binette_bin48	Bacteria	unclassified	unclassified	unclassified	unclassified	unclassified	unclassified	1	13.8	0.98	0.0	150.0	150.0	150.0	46.27	58.0	128.0	3906.0	1676.0	1223.0	247178.0	247178.0	247178.0	1807.0																100.0	104	58	0.690106920952381	11.11																																				33.33					14.29	50.0	25.0					100.0	50.0											37.5	33.33	40.0							33.33					50.0				33.33				25.0					12.5		16.67	25.0		3.85	33.33				20.0					16.67		37.5	16.67	16.67	75.0			11.11										28.57						22.22	40.0						12.5		11.11	10.0							50.0	7.14			10.0			11.11					33.33								12.5	14.29	16.67	11.11		11.11			5.56		11.11					20.0		28.57			9.09	14.29																																12.5								41.67	50.0	75.0											33.33		50.0					33.33							10.0			50.0		14.29	30.0	18.18								16.67									33.33	20.0	20.0								20.0															11.11				12.5														
SRR24759607_binette_bin20	Bacteria	unclassified	unclassified	unclassified	unclassified	unclassified	unclassified	1	13.7	0.29	0.0	116.0	116.0	116.0	35.44	33.0	94.0	9929.0	2296.0	1435.0	279215.0	279215.0	279215.0	3591.9																0.0	104	58	0.1055602533809524	1.39	20.0			50.0	33.33				57.14	33.33				20.0														25.0																		12.5														4.17		6.67			16.67	14.29	33.33							50.0											20.0		31.25	5.56																37.5				12.5					25.0							14.29	14.29					5.56	10.0			25.0	25.0					10.0		50.0					50.0				60.0																										22.22									12.5		4.76														50.0		33.33				9.09												75.0		25.0						16.67			50.0			100.0		33.33																			20.0	33.33						9.09	9.09	11.11			12.5		50.0				14.29							25.0	20.0																75.0	66.67	20.0					22.22		20.0		50.0	25.0				1.14									
SRR24759601_binette_bin28	Bacteria	Pseudomonadota	Alphaproteobacteria	Rhizobiales	Rhizobiaceae	Bartonella_A	unclassified	1	13.7	0.14	0.0	100.0	100.0	100.0	45.93	34.0	86.0	22813.0	3225.0	2588.0	364985.0	364985.0	364985.0	5451.6																0.0	104	58	0.5261194919047619	3.7				25.0																								25.0								33.33					14.29	25.0				12.5		50.0	25.0							33.33				20.83		33.33				14.29	66.67							50.0													62.5	16.67				7.69							25.0								25.0			11.11										21.43		50.0				11.11	20.0						12.5		11.11	10.0									25.0		40.0		11.11	22.22							33.33																					20.0		28.57				9.52									16.67											50.0	10.0											50.0															100.0	33.33					16.67											16.67								14.29	15.0	18.18		55.56				33.33	62.5	16.67					50.0					10.0		33.33							20.0														16.67	22.22				25.0														
SRR24759599_binette_bin52	Bacteria	unclassified	unclassified	unclassified	unclassified	unclassified	unclassified	1	13.7	1.28	0.0	264.0	264.0	264.0	46.13	63.0	207.0	24015.0	3003.0	1233.0	642748.0	642748.0	642748.0	4565.0																0.0	56	24	0.07958519733333334																																																																			14.29								50.0													12.5	16.67																12.5															25.0											25.0		4.35									25.0																					50.0																			25.0																																							16.67	11.11																				50.0		33.33																																																																											
SRR24759600_binette_bin49	Bacteria	unclassified	unclassified	unclassified	unclassified	unclassified	unclassified	1	13.5	0.08	0.0	139.0	139.0	139.0	34.57	47.0	116.0	11987.0	1844.0	1186.0	255579.0	255579.0	255579.0	2549.9																0.0	56	24	0.05104682890476191		60.0				33.33									20.0														25.0		20.0	25.0	20.0	33.33									25.0						50.0	25.0											16.67		26.67					16.67											33.33					40.0	20.0			25.0					7.69					20.0		25.0						16.67	33.33	50.0						25.0	33.33							28.57										25.0				11.11	10.0								14.29			30.0																	28.57	33.33	22.22		22.22												14.29		12.5		4.76	50.0																			9.09																				33.33	50.0	50.0				50.0		33.33					33.33				50.0		33.33														10.0	18.18					25.0	33.33	37.5	16.67										10.0			8.33		8.33	5.56		75.0	20.0								25.0	33.33										12.5														
SRR24759601_binette_bin29	Bacteria	unclassified	unclassified	unclassified	unclassified	unclassified	unclassified	1	13.5	0.21	0.0	291.0	291.0	291.0	33.65	98.0	244.0	5478.0	1791.0	1163.0	511449.0	511449.0	511449.0	2099.2																0.0	104	58	0.02542976919047619	5.56														33.33																																														16.67		26.67					66.67																40.0	40.0															25.0										66.67	11.11	25.0		25.0							35.71						33.33	40.0			25.0	25.0																																						4.0		16.67	20.0								14.29	25.0			19.05				50.0																					50.0									16.67	100.0		33.33			16.67	50.0	25.0						33.33																			20.0						10.0	18.18		11.11			50.0		12.5									50.0		20.0		16.67											25.0																													
SRR24759598_binette_bin114	Bacteria	Pseudomonadota	Alphaproteobacteria	Rhizobiales	Rhizobiaceae	Bartonella_A	unclassified	1	13.5	6.91	0.0	192.0	192.0	192.0	47.37	78.0	166.0	2477.0	1442.0	1073.0	273050.0	273050.0	273050.0	1501.1																91.67	349	230	0.541117230952381	2.78																																										25.0					50.0	50.0												46.88	33.33	55.0					16.67											66.67			25.0	50.0					12.5	33.33				15.38					20.0		75.0					50.0	16.67	16.67	25.0	50.0		11.11				33.33						21.43			33.33			22.22	20.0		40.0															28.57	25.0													5.56						14.29	16.67	11.11		11.11	20.0	14.29	5.56									14.29			9.09	14.29	16.67								33.33											54.55	20.0													25.0						16.67			50.0						12.5				16.67															33.33		66.67			30.0	9.09																											20.0												16.67	20.0		22.22																		
SRR24759610_binette_bin42	Bacteria	unclassified	unclassified	unclassified	unclassified	unclassified	unclassified	2	13.3	0.53	0.0	203.0	203.0	203.0	34.38	51.0	156.0	13053.0	3291.0	1386.0	557187.0	557187.0	557187.0	4321.4																100.0	104	58	0.05885429857142856				50.0	25.0																																33.33						25.0						50.0												4.17		6.67					16.67							50.0								25.0					25.0	33.33	8.33	50.0		7.69	16.67				20.0		25.0									25.0		11.11	25.0		25.0	33.33		25.0			25.0	14.29		50.0			33.33	11.11	20.0			25.0			12.5		11.11	10.0		25.0								16.67	40.0				20.0						16.67	16.67											20.0	14.29								10.0		14.29		12.5		4.76					16.67			16.67										20.0	12.5											33.33							11.11			8.33			25.0	60.0			50.0		5.56					33.33			100.0		33.33								40.0	33.33		33.33		14.29	5.0		9.09	44.44					62.5	16.67												16.67							20.0												16.67	20.0						50.0														66.67
SRR24759605_binette_bin28	Bacteria	unclassified	unclassified	unclassified	unclassified	unclassified	unclassified	1	13.3	0.06	0.0	76.0	76.0	76.0	45.6	37.0	68.0	3983.0	3698.0	3487.0	281717.0	281717.0	281717.0	3713.6																0.0	104	58	0.5569965004761904	5.56				25.0	16.67				14.29	33.33		28.57						3.12																							14.29	25.0		14.29	16.67	12.5	50.0	50.0	25.0				25.0			33.33				31.25		50.0	6.06											50.0				100.0			25.0				20.0		25.0	22.22				26.92						25.0				5.56		37.5	25.0	41.67	75.0	25.0		22.22						25.0				28.57	14.29			50.0	33.33	27.78	50.0		20.0		50.0							16.67			25.0	7.14		21.43			20.0							11.11		50.0								57.14	50.0	44.44		44.44	4.0						44.44	44.44							9.09	28.57	33.33																													66.67				16.67						25.0		50.0						33.33					50.0															33.33					30.0	18.18					12.5								100.0																											20.0		11.11		20.0		25.0							16.67		33.33					
SRR24759610_binette_bin41	Bacteria	unclassified	unclassified	unclassified	unclassified	unclassified	unclassified	1	13.3	0.35	0.0	89.0	89.0	89.0	32.76	15.0	59.0	26536.0	8878.0	2264.0	490679.0	490679.0	490679.0	11822.4																0.0	104	58	0.03163366804761905																																																													4.17		6.67																							20.0																									11.11			25.0						25.0	14.29	28.57					11.11	20.0			25.0	25.0																																																					4.76				50.0																																																																												33.33	12.5														8.33		8.33	5.56		25.0																																		
SRR24759611_binette_bin31	Bacteria	unclassified	unclassified	unclassified	unclassified	unclassified	unclassified	1	13.3	1.06	0.0	242.0	242.0	242.0	35.71	61.0	191.0	15978.0	2717.0	1180.0	557977.0	557977.0	557977.0	3715.9																0.0	56	24	0.0320514549047619																																													14.29	16.67																					14.29	16.67																							25.0																								33.33												11.11				25.0								8.33									20.0										33.33									11.11			20.0	14.29											25.0				16.67																																			16.67	11.11			8.33																											30.0			33.33																																									20.0		16.67	20.0						25.0														16.67
SRR24759613_binette_bin43	Bacteria	Actinomycetota	Actinomycetes	Actinomycetales	Bifidobacteriaceae	Bombiscardovia	unclassified	1	13.3	2.38	0.0	195.0	195.0	195.0	61.89	74.0	168.0	5931.0	2137.0	1595.0	425733.0	425733.0	425733.0	2442.0																100.0	104	58	0.019023037971428576	3.7				25.0	16.67				14.29					20.0																																12.5														27.08	33.33	23.33					33.33																				68.75	83.33				7.69							50.0								100.0	50.0										25.0	50.0		14.29		33.33			11.11			20.0	50.0	25.0							33.33							25.0	16.67	20.0										50.0	5.56						28.57	16.67	22.22		22.22			5.56							10.0						9.52																		20.0											100.0	33.33	6.67	62.5		8.33						16.67			50.0			50.0	50.0		25.0								25.0													33.33		14.29	20.0			11.11					68.75						50.0																						50.0	33.33			33.33	60.0						25.0										100.0				
SRR24759604_binette_bin35	Bacteria	unclassified	unclassified	unclassified	unclassified	unclassified	unclassified	2	13.3	0.51	0.0	145.0	145.0	145.0	42.01	37.0	116.0	17036.0	2634.0	1136.0	309150.0	309150.0	309150.0	3646.7																50.0	104	58	0.04762229057142857	12.5				50.0	16.67																							25.0																																40.62		65.0												50.0								25.0			20.0		12.5			75.0		15.38					20.0								16.67	16.67	25.0	37.5		11.11										21.43					33.33	38.89	30.0			75.0	25.0		12.5		11.11	20.0		25.0						14.29			40.0																	14.29	16.67	11.11		11.11												14.29				28.57					16.67			16.67	16.67																					33.33										16.67		25.0		20.0									16.67									14.29					30.0	33.33		33.33			30.0	18.18		11.11			12.5								75.0														20.0					16.67							16.67	20.0		22.22				25.0														
SRR24759597_binette_bin42	Bacteria	unclassified	unclassified	unclassified	unclassified	unclassified	unclassified	1	13.2	0.84	0.0	105.0	105.0	105.0	45.92	11.0	73.0	44257.0	7120.0	1277.0	363021.0	363021.0	363021.0	13087.2																100.0	104	58	0.2548073438095238	1.39									14.29	33.33																										33.33		50.0									50.0									33.33				37.5	33.33	40.0	6.06				16.67									20.0	100.0								20.0		12.5	22.22				11.54							25.0								75.0	12.5		11.11				33.33						21.43						50.0	30.0		40.0				37.5		22.22	50.0								21.43	25.0		20.0		11.11	11.11	20.0						33.33							14.29	16.67	11.11		11.11	20.0	14.29										28.57			18.18	14.29					16.67			16.67												27.27										33.33				25.0						25.0		25.0		20.0					5.56				33.33		100.0																	28.57	15.0	27.27		11.11			12.5	33.33		16.67													8.33	12.5	8.33	5.56	11.11	25.0		33.33											50.0	80.0		22.22		40.0		25.0						33.33				100.0				
SRR24759604_binette_bin34	unclassified	unclassified	unclassified	unclassified	unclassified	unclassified	unclassified	1	13.2	0.58	0.0	166.0	166.0	166.0	30.1	48.0	138.0	25689.0	4188.0	2746.0	756594.0	756594.0	756594.0	7033.0																0.0	56	24	0.020826854523809522															6.67			16.67	3.12																																																																	40.0	40.0				16.67		25.0				25.0					25.0						16.67	33.33	50.0	25.0	66.67		25.0							25.0		7.14	14.29					22.22				25.0		8.7				10.0															20.0																								33.33	33.33					25.0				16.67				16.67				16.67																																												33.33													33.33	30.0							9.09					50.0	33.33	6.25							12.5									8.33	8.33																																				100.0
SRR24759603_binette_bin41	Bacteria	unclassified	unclassified	unclassified	unclassified	unclassified	unclassified	3	13.2	0.2	0.0	150.0	150.0	150.0	39.54	27.0	105.0	28632.0	4878.0	1413.0	521633.0	521633.0	521633.0	7958.9																0.0	104	58	0.04389059933333333					25.0			33.33																															50.0																																																			25.0	25.0							20.0																						25.0														12.5														20.0		11.11	11.11								16.67						14.29	16.67	11.11		11.11												14.29																																									11.11																				50.0		33.33					33.33			30.0													33.33																					20.0																			25.0														
SRR24759597_binette_bin37	Bacteria	unclassified	unclassified	unclassified	unclassified	unclassified	unclassified	1	13.1	0.03	0.0	135.0	135.0	135.0	61.85	65.0	121.0	1930.0	1773.0	1668.0	238648.0	238648.0	238648.0	1771.5																0.0	104	58	0.036037188571428576	1.85				25.0			33.33																					25.0																		37.5	50.0													35.42	33.33	36.67											16.67														37.5		25.0			11.54							50.0							16.67	25.0		33.33	11.11	25.0			33.33				25.0	25.0	21.43	14.29		33.33			44.44	40.0		20.0	25.0			12.5		11.11	10.0		66.67						14.29	25.0		20.0											5.56						28.57	33.33	11.11		33.33	20.0	14.29	5.56									28.57		6.25	18.18	19.05																		20.0											50.0	33.33				16.67						41.67		50.0	50.0						25.0				16.67				25.0													33.33			25.0	18.18							25.0						25.0			50.0						12.5			11.11		60.0				25.0	58.33							16.67	20.0						25.0														
SRR24759612_binette_bin24	Bacteria	unclassified	unclassified	unclassified	unclassified	unclassified	unclassified	2	13.1	0.28	0.0	11.0	11.0	11.0	51.75	1.0	3.0	321404.0	321404.0	44723.0	569966.0	569966.0	569966.0	224798.1																0.0	56	24	0.010278740495238095					25.0	16.67																																																																																			33.33																																											25.0																																																																																																																								40.0																									20.0																													12.5													
SRR24759615_binette_bin40	Bacteria	unclassified	unclassified	unclassified	unclassified	unclassified	unclassified	1	13.1	0.26	0.0	370.0	370.0	370.0	43.64	140.0	318.0	3984.0	1441.0	1059.0	537173.0	537173.0	537173.0	1613.0																0.0	104	58	0.07770498138095239	26.85												14.29											16.67					12.5													14.29	50.0		14.29	16.67	25.0		100.0					25.0			33.33				41.67	33.33	46.67	36.36	36.36		14.29								50.0					6.67				20.0	20.0			12.5	16.67		25.0		11.54							25.0			22.22			25.0	41.67	75.0	37.5						33.33	33.33						14.29	50.0			33.33				20.0	50.0			12.5		11.11	30.0						7.14			25.0		20.0		55.56	55.56				11.11			33.33												28.0	14.29		20.0	11.11		11.11	11.11		20.0		28.57			9.09	19.05	16.67											33.33			50.0															33.33				16.67	100.0	66.67	44.44			16.67		25.0			14.29			33.33					50.0							33.33		14.29					10.0	33.33		50.0			25.0	9.09					25.0								25.0					20.0	20.0	33.33	16.67		16.67	11.11		50.0	20.0		16.67											20.0		44.44				25.0									50.0					
SRR24759614_binette_bin38	Bacteria	unclassified	unclassified	unclassified	unclassified	unclassified	unclassified	1	13.0	0.08	0.0	76.0	76.0	76.0	34.0	16.0	55.0	21501.0	6488.0	1874.0	304184.0	304184.0	304184.0	7107.8																0.0	104	58	0.07095623614285713					25.0	66.67									100.0														25.0													14.29	25.0	25.0				50.0					6.67								16.67	33.33	6.67			16.67								33.33										40.0	40.0			12.5			25.0		7.69							25.0		33.33						25.0		50.0	11.11	25.0		25.0								14.29					11.11			20.0	25.0	50.0																40.0		11.11	11.11								16.67						42.86	33.33	33.33		33.33					11.11								25.0	25.0		11.9			20.0															20.0	12.5																		11.11			16.67	25.0		50.0	20.0			50.0						16.67														30.0			100.0			25.0		9.09	22.22			25.0		37.5											30.0														8.33										16.67				50.0														
SRR24759599_binette_bin67	Bacteria	unclassified	unclassified	unclassified	unclassified	unclassified	unclassified	1	13.0	2.36	0.0	197.0	197.0	197.0	43.42	60.0	155.0	13136.0	2777.0	1277.0	483864.0	483864.0	483864.0	3468.7																100.0	104	58	0.29562538142857137	5.56																																										25.0					50.0	50.0												25.0		40.0				28.57						50.0	16.67														37.5	33.33		25.0		7.69					20.0				33.33			12.5	16.67	33.33	75.0	25.0	33.33	11.11				33.33	33.33	25.0			25.0	7.14						11.11			20.0	25.0										25.0				14.29			60.0				20.0							16.67						14.29	16.67	11.11		11.11	30.0	28.57		40.0						20.0		28.57	50.0	12.5	9.09	28.57			20.0															20.0	12.5	9.09																83.33	66.67			8.33		25.0			14.29								33.33											16.67			30.0						30.0	18.18							31.25																				60.0					33.33							16.67	40.0		11.11				75.0									16.67					83.33
SRR24759609_binette_bin38	Bacteria	unclassified	unclassified	unclassified	unclassified	unclassified	unclassified	1	13.0	3.19	0.0	258.0	258.0	258.0	45.78	47.0	196.0	37171.0	2996.0	1245.0	689693.0	689693.0	689693.0	7658.3																0.0	56	24	0.05616903876190475																																																																																								12.5																	12.5															25.0	28.57						22.22	40.0																						33.33	33.33														14.29	16.67	11.11		11.11													25.0																																																	25.0																												9.09																																																												
SRR24759611_binette_bin29	Bacteria	unclassified	unclassified	unclassified	unclassified	unclassified	unclassified	1	12.9	0.35	0.0	195.0	195.0	195.0	60.71	79.0	169.0	2454.0	1326.0	1058.0	267745.0	267745.0	267745.0	1457.6																100.0	104	58	0.07303250971428572	1.85					50.0				14.29				12.5																								50.0	50.0								25.0	50.0													29.17	33.33	26.67								25.0			16.67					33.33									25.0	5.56				11.54									33.33									11.11												50.0							40.0	50.0	25.0					10.0		13.89						14.29	25.0	50.0	20.0										50.0	16.67										22.22					11.11					10.0			25.0	25.0	9.09	19.05			20.0															20.0														25.0		8.33			11.11			16.67		25.0				50.0	100.0	33.33									50.0		33.33								20.0	33.33				14.29	25.0	9.09													25.0					20.0	20.0												25.0	41.67			50.0	33.33			16.67	40.0						25.0										100.0				
SRR24759605_binette_bin29	Bacteria	Pseudomonadota	Alphaproteobacteria	Rhizobiales	Rhizobiaceae	Bartonella_A	Bartonella_A apis	1	12.9	0.0	0.0	50.0	50.0	50.0	45.44	24.0	45.0	5554.0	4997.0	4568.0	249307.0	249307.0	249307.0	5011.8																0.0	104	58	0.6249575704761905	12.5				50.0					14.29																			25.0							50.0	33.33																								12.5		20.0					33.33							50.0					6.67						40.0			50.0		75.0														62.5			75.0			11.11						25.0				35.71						33.33	20.0			50.0								16.67							25.0				11.11	11.11							33.33											11.11										20.0		14.29					33.33								33.33									20.0	12.5						50.0							12.5								8.33							100.0		5.56				33.33				25.0										50.0	33.33						27.27					25.0													20.0		16.67	8.33		8.33	5.56		25.0													16.67	20.0																				
SRR24759598_binette_bin44	Bacteria	unclassified	unclassified	unclassified	unclassified	unclassified	unclassified	1	12.9	0.09	0.0	359.0	359.0	359.0	37.18	109.0	291.0	9550.0	2401.0	1205.0	762018.0	762018.0	762018.0	2761.8																0.0	56	24	0.00929942643809524	6.94				25.0	16.67				14.29	33.33		28.57		33.33														25.0		20.0	25.0	20.0	16.67									25.0					50.0	50.0												25.0		40.0																									37.5	33.33				7.69			1.25				25.0								25.0	37.5	66.67	22.22	25.0			33.33		25.0			25.0	50.0	14.29			50.0		66.67	60.0		20.0		25.0							8.33	25.0	50.0	25.0			14.29			10.0																	14.29	16.67	11.11		11.11	8.0				11.11										9.09	28.57	33.33				16.67				16.67						50.0	33.33		20.0	12.5											66.67		25.0		33.33						25.0			75.0				50.0	33.33			3.57			33.33				100.0			10.0			16.67	30.0	33.33	20.0					14.29	20.0	27.27	18.18	22.22					37.5							12.5																													25.0	20.0		12.5									33.33	100.0				
SRR24759608_binette_bin46	Bacteria	unclassified	unclassified	unclassified	unclassified	unclassified	unclassified	1	12.9	0.28	0.0	131.0	131.0	131.0	31.07	52.0	113.0	9008.0	3714.0	2690.0	481014.0	481014.0	481014.0	3985.8																0.0	56	24	0.034484452047619046		20.0								14.29				12.5	40.0														25.0								66.67										12.5														6.25		10.0																					20.0	60.0			12.5	16.67																			25.0		33.33					33.33					25.0			50.0	33.33			11.11				25.0			12.5		22.22	20.0													11.11	11.11								5.56						14.29	16.67	11.11		22.22			5.56									14.29	25.0				50.0				16.67			16.67										20.0	12.5													25.0						33.33		16.67	50.0	25.0		20.0		25.0		33.33	12.5																		20.0			33.33		28.57		9.09					25.0	33.33	37.5	33.33														12.5			11.11						25.0								16.67	20.0		11.11																		
SRR24759606_binette_bin34	Bacteria	unclassified	unclassified	unclassified	unclassified	unclassified	unclassified	1	12.9	0.58	0.0	63.0	63.0	63.0	32.01	20.0	51.0	25234.0	7780.0	4302.0	452717.0	452717.0	452717.0	9583.7																0.0	56	24	0.02551341461904762					25.0										13.33			50.0																																											4.17		6.67																					40.0	40.0				33.33						25.0					25.0														25.0																	50.0																																																10.0			25.0			4.76																																								16.67		25.0					50.0																											9.09					50.0																																																							
SRR24759604_binette_bin58	Bacteria	unclassified	unclassified	unclassified	unclassified	unclassified	unclassified	1	12.8	3.13	0.0	183.0	183.0	183.0	36.59	71.0	158.0	3129.0	1464.0	1055.0	261944.0	261944.0	261944.0	1550.9																83.33	104	58	0.05506968438095237	1.39					33.33				28.57	66.67							33.33																					50.0		25.0																				25.0	66.67																							40.0			56.25	22.22					25.0				20.0		25.0								25.0	37.5	33.33		25.0									7.14						22.22			20.0	25.0	25.0				22.22	20.0										66.67	40.0										66.67	16.67						28.57	33.33	22.22		33.33							5.56	5.56				14.29		12.5	9.09	7.14					16.67				16.67								12.5													33.33		25.0		41.67	100.0	33.33	44.44			25.0			75.0										16.67							16.67			50.0							33.33			20.0	9.09		11.11					37.5	33.33										20.0		16.67							20.0					33.33							16.67	20.0				40.0		50.0														
SRR24759614_binette_bin41	Bacteria	unclassified	unclassified	unclassified	unclassified	unclassified	unclassified	1	12.7	0.44	0.0	160.0	160.0	160.0	37.43	53.0	131.0	6773.0	2273.0	1217.0	327986.0	327986.0	327986.0	2508.3																0.0	104	58	0.018300151023809524					50.0	50.0																							25.0								33.33										37.5																		9.09		14.29	66.67						16.67										20.0				31.25						25.0				20.0																						75.0		14.29									25.0	50.0					10.0							50.0				40.0		11.11	11.11								16.67						57.14	66.67	33.33		44.44					11.11							42.86		25.0			33.33																												100.0								11.11			41.67		75.0				75.0											50.0		33.33													14.29		18.18						33.33	25.0	16.67													16.67		16.67	11.11		100.0	60.0								100.0	33.33	20.0		16.67	60.0		11.11				50.0	25.0													
SRR24759608_binette_bin48	Bacteria	unclassified	unclassified	unclassified	unclassified	unclassified	unclassified	1	12.7	0.32	0.0	257.0	257.0	257.0	41.5	88.0	219.0	6646.0	1432.0	1063.0	398691.0	398691.0	398691.0	1976.7																0.0	104	58	0.0847007901904762																								16.67					12.5								33.33								14.29	16.67								25.0												8.33		16.67					50.0															25.0			25.0		7.69										5.56				16.67	25.0	25.0											25.0							11.11				25.0			12.5			10.0					25.0	7.14												11.11			33.33							28.57	33.33	22.22		22.22	4.0						5.56	5.56				14.29	50.0																				12.5													33.33																							16.67							16.67				16.67			10.0					14.29	10.0																																								16.67	20.0	16.67	33.33																		
SRR24759598_binette_bin47	Bacteria	unclassified	unclassified	unclassified	unclassified	unclassified	unclassified	1	12.7	0.17	0.0	272.0	272.0	272.0	29.47	88.0	225.0	10888.0	1941.0	1154.0	510019.0	510019.0	510019.0	2490.5																0.0	104	58	0.01619883692857143				50.0	25.0										6.67																																																																							20.0					25.0															16.67	16.67	25.0												25.0	14.29						16.67	30.0																		25.0																																			14.29	25.0																																																								16.67														10.0							9.09	9.09	11.11			12.5																		16.67	16.67																																				100.0
SRR24759598_binette_bin49	Bacteria	unclassified	unclassified	unclassified	unclassified	unclassified	unclassified	1	12.7	0.42	0.0	124.0	124.0	124.0	51.87	28.0	89.0	19904.0	5899.0	2071.0	526175.0	526175.0	526175.0	7255.1																0.0	56	24	0.0038202449809523805					25.0	16.67																																																																																			33.33																																											25.0																																																		25.0																																																																						20.0																									20.0																																										
SRR24759600_binette_bin51	unclassified	unclassified	unclassified	unclassified	unclassified	unclassified	unclassified	1	12.6	0.09	0.0	282.0	282.0	282.0	28.0	88.0	231.0	8423.0	2127.0	1172.0	561510.0	561510.0	561510.0	2540.7																0.0	56	24	0.01450997321428571													14.29						3.12																												12.5																																									12.5			50.0															16.67	33.33	50.0														14.29									25.0																			11.11	11.11	20.0																								33.33	33.33					25.0																																																								33.33														20.0								9.09	11.11					12.5																8.33	8.33																																				100.0
SRR24759615_binette_bin46	Bacteria	unclassified	unclassified	unclassified	unclassified	unclassified	unclassified	1	12.6	0.5	0.0	137.0	137.0	137.0	61.21	53.0	118.0	3309.0	1501.0	1080.0	206251.0	206251.0	206251.0	1636.5																100.0	104	58	0.12330000638095238					25.0										40.0																						33.33																								12.5	33.33						33.33																20.0	20.0																									33.33		25.0									7.14						22.22			20.0	25.0						10.0											20.0																					11.11																																																								8.33						25.0																										14.29	10.0	9.09																															25.0				25.0	33.33			16.67	40.0						25.0														
SRR24759609_binette_bin36	Bacteria	unclassified	unclassified	unclassified	unclassified	unclassified	unclassified	1	12.6	0.09	0.0	208.0	208.0	208.0	36.33	69.0	176.0	5638.0	1564.0	1070.0	337562.0	337562.0	337562.0	2077.6																0.0	104	58	0.041028422190476185	1.39	60.0			50.0	50.0				14.29	33.33				60.0														25.0							50.0	33.33																				33.33				12.5	33.33					14.29																	40.0	40.0			12.5	50.0									20.0		75.0						8.33	25.0	50.0	62.5	50.0	11.11															33.33	33.33			20.0		50.0		25.0		22.22	20.0		50.0					100.0		25.0	16.67	20.0		22.22	22.22			25.0		33.33		16.67		33.33	50.0	50.0	50.0		28.57	33.33	22.22		22.22							11.11	11.11				28.57		12.5		7.14	16.67				33.33				33.33					50.0																66.67				16.67		16.67	11.11			58.33	75.0	50.0	50.0			75.0			5.56				33.33				50.0		33.33		20.0												10.0	18.18					50.0	33.33	6.25	33.33									33.33	40.0	40.0								20.0								100.0	33.33	20.0		50.0	80.0		11.11		20.0		25.0														
SRR24759608_binette_bin49	Bacteria	unclassified	unclassified	unclassified	unclassified	unclassified	unclassified	2	12.6	0.8	0.0	326.0	326.0	326.0	39.52	69.0	250.0	62833.0	3206.0	1269.0	867824.0	867824.0	867824.0	8589.4																0.0	56	24	0.10228864385714287	1.39																																												14.29	16.67		50.0					20.0								12.5		20.0												50.0														5.56		25.0		7.69												12.5		16.67	25.0	12.5		11.11						25.0				7.14						11.11	20.0		20.0	50.0						10.0		16.67		25.0				14.29	25.0		30.0											16.67				50.0	12.5																		25.0		9.09	14.29	16.67				16.67			16.67												18.18														8.33			11.11							20.0					5.56				16.67								10.0	14.29					30.0						10.0	18.18																					8.33		8.33	5.56		25.0			16.67			33.33														37.5									16.67					
SRR24759606_binette_bin35	Bacteria	unclassified	unclassified	unclassified	unclassified	unclassified	unclassified	1	12.6	0.34	0.0	157.0	157.0	157.0	32.43	41.0	119.0	17631.0	4178.0	1765.0	541875.0	541875.0	541875.0	5358.0																0.0	56	24	0.05778903247619046	1.39	40.0			25.0					14.29				12.5	80.0				3.12										25.0													14.29	25.0	25.0			12.5	50.0													29.17	66.67	6.67											16.67	50.0									60.0	100.0			12.5	33.33		50.0		7.69							25.0									12.5	50.0	11.11			25.0							14.29	14.29					33.33	40.0		20.0	25.0					11.11	10.0		41.67									20.0								33.33									14.29	16.67			11.11							33.33	33.33				57.14		6.25	9.09	11.9	16.67														50.0					27.27												25.0								33.33	75.0	50.0				25.0		33.33									75.0		33.33						20.0		40.0	33.33		100.0			35.0	27.27	45.45	55.56			50.0	66.67	37.5	16.67									33.33	60.0	40.0	33.33	16.67		16.67	11.11		100.0	40.0				25.0	8.33							16.67	20.0																				
SRR24759608_binette_bin70	Bacteria	Pseudomonadota	Alphaproteobacteria	Rhizobiales	Rhizobiaceae	Bartonella_A	unclassified	1	12.5	2.87	0.0	147.0	147.0	147.0	46.68	59.0	127.0	2940.0	1465.0	1105.0	213880.0	213880.0	213880.0	1548.7																100.0	349	230	0.47001428761904773	1.85																																									14.29	25.0	25.0				50.0	50.0								33.33				57.29	66.67	51.67					16.67		16.67																40.0		12.5	16.67	16.67	25.0		15.38	33.33				40.0							62.5						11.11										42.86			33.33			11.11	20.0		60.0	25.0						10.0								21.43	25.0	33.33	10.0										33.33	5.56						28.57	33.33	22.22		22.22			5.56									28.57	25.0		18.18	19.05	16.67																			53.03	20.0																												12.5																		10.0	33.33		33.33			35.0	18.18					25.0	66.67							25.0														40.0															22.22				12.5														
SRR24759608_binette_bin45	Bacteria	unclassified	unclassified	unclassified	unclassified	unclassified	unclassified	1	12.5	0.07	0.0	189.0	189.0	189.0	34.5	57.0	155.0	8160.0	2058.0	1171.0	373855.0	373855.0	373855.0	2653.2																0.0	104	58	0.008578016466666666	5.56													12.5	20.0																						33.33										12.5			25.0											16.67		26.67	9.09	9.09			33.33																40.0	60.0	20.0			22.22											50.0							16.67	50.0		50.0		50.0		25.0						75.0	7.14						11.11																																																				10.0		14.29				19.05				50.0																					50.0				100.0					33.33						25.0	25.0	25.0	25.0				50.0	33.33					16.67																			14.29	10.0	18.18					50.0		6.25	16.67										20.0		16.67								33.33											16.67	20.0												33.33								
SRR24759612_binette_bin25	unclassified	unclassified	unclassified	unclassified	unclassified	unclassified	unclassified	1	12.5	0.53	0.0	259.0	259.0	259.0	28.4	78.0	197.0	11489.0	3393.0	1454.0	743585.0	743585.0	743585.0	3776.1																0.0	56	24	0.017414013999999995		20.0											14.29					16.67	3.12																		33.33																		33.33	33.33	33.33																												40.0			37.5							25.0											16.67	16.67	25.0		33.33												14.29		33.33			11.11				25.0		4.35																																	16.67										33.33	33.33					25.0																		50.0																																		12.5				16.67														20.0					14.29																																		16.67																												33.33
SRR24759608_binette_bin43	Bacteria	unclassified	unclassified	unclassified	unclassified	unclassified	unclassified	12	12.5	0.07	0.0	459.0	459.0	459.0	26.73	155.0	387.0	24298.0	1589.0	1092.0	760811.0	760811.0	760811.0	2698.1																0.0	104	58	0.02749985222380953															20.0																																														4.17		6.67											16.67										80.0	80.0						25.0									25.0		33.33				8.33	8.33		25.0	33.33		25.0		25.0						25.0	7.14						22.22	20.0											8.33													20.0													14.29	16.67	11.11		11.11							11.11	11.11					50.0	12.5		4.76	16.67		20.0																	14.29																				25.0		50.0		20.0																							10.0							18.18					50.0									12.5																																														100.0
SRR24759613_binette_bin39	unclassified	unclassified	unclassified	unclassified	unclassified	unclassified	unclassified	1	12.4	0.65	0.0	260.0	260.0	260.0	33.07	60.0	193.0	15983.0	3784.0	1276.0	765996.0	765996.0	765996.0	4937.4																0.0	56	24	0.03506226952380953																		16.67																									25.0						50.0												18.75	33.33	10.0																				25.0					25.0							25.0																										14.29			33.33			11.11	20.0			25.0																												5.56													5.56										25.0		9.09																50.0																																		12.5																					33.33			10.0	9.09							6.25							12.5																										20.0																				
SRR24759606_binette_bin37	Bacteria	unclassified	unclassified	unclassified	unclassified	unclassified	unclassified	1	12.4	0.89	0.0	90.0	90.0	90.0	32.14	24.0	69.0	8673.0	3849.0	1474.0	269355.0	269355.0	269355.0	4230.6																0.0	56	24	0.06355868338095239	1.39																																										25.0						50.0																			33.33																		20.0		12.5	16.67		50.0															8.33	8.33	25.0	62.5												28.57						27.78	50.0																				30.0		22.22	22.22																		11.11							11.11	11.11													33.33				33.33							33.33																																																			40.0							9.09					12.5		25.0																16.67	16.67																			25.0			37.5														
SRR24759606_binette_bin36	Bacteria	unclassified	unclassified	unclassified	unclassified	unclassified	unclassified	1	12.4	0.46	0.0	170.0	170.0	170.0	33.89	52.0	140.0	8205.0	2066.0	1146.0	331392.0	331392.0	331392.0	2609.6																0.0	56	24	0.05425533504761905					25.0	50.0				28.57					40.0														25.0																		12.5				33.33		6.67								4.17		6.67				14.29	33.33						33.33										40.0	60.0	20.0		25.0												25.0						16.67	16.67	50.0		66.67		25.0		25.0							35.71		50.0			33.33	38.89	30.0			25.0	50.0		12.5		22.22	30.0		58.33									80.0		33.33	33.33								16.67						42.86	33.33	22.22		33.33												28.57		6.25		4.76	16.67				16.67				16.67							33.33		20.0	12.5											33.33		50.0					11.11			25.0	50.0	25.0	25.0	20.0		25.0	50.0						33.33				25.0											33.33		100.0			10.0	27.27	18.18	33.33			37.5	33.33	25.0	41.67										20.0				12.5			11.11		40.0				25.0											5.56	25.0			75.0														
SRR24759614_binette_bin40	Bacteria	unclassified	unclassified	unclassified	unclassified	unclassified	unclassified	1	12.4	0.18	0.0	203.0	203.0	203.0	43.26	80.0	174.0	2492.0	1554.0	1079.0	304915.0	304915.0	304915.0	1600.1																0.0	56	24	0.13255165114285714	6.94									28.57	66.67		14.29	12.5															25.0							50.0	66.67					14.29	50.0		14.29	16.67	25.0		100.0	25.0							33.33							12.12	18.18	41.67		50.0							50.0					6.67		25.0						12.5	5.56				7.69										22.22				16.67	50.0	37.5		11.11				33.33						28.57	14.29		33.33			22.22	40.0						12.5		11.11	10.0		16.67				7.14					30.0		22.22	22.22				11.11		50.0								42.86	50.0	33.33		55.56	24.0	14.29					5.56	5.56				28.57																			50.0		12.5															50.0		41.67												25.0			18.06				33.33							50.0							20.0					28.57	5.0	9.09		11.11				33.33	43.75	16.67										40.0	20.0	16.67	8.33		38.89	30.56		25.0						33.33									16.67	11.11		40.0		37.5									33.33	100.0				
SRR24759598_binette_bin50	Bacteria	unclassified	unclassified	unclassified	unclassified	unclassified	unclassified	2	12.4	0.38	0.0	192.0	192.0	192.0	41.94	35.0	144.0	62801.0	3554.0	1279.0	552501.0	552501.0	552501.0	11297.8																0.0	56	24	0.06929137414285715	6.94				25.0	16.67																																																							25.0	33.33	20.0	9.09	18.18			16.67															25.0						16.67																			25.0	12.5												14.29						11.11	20.0		20.0	25.0	25.0							8.33			25.0																	5.56						14.29	16.67	11.11		11.11													50.0		9.09	14.29																				3.03																																	16.67											33.33									10.0							66.67	12.5																																	20.0																				50.0
SRR24759615_binette_bin44	Bacteria	unclassified	unclassified	unclassified	unclassified	unclassified	unclassified	1	12.3	0.31	0.0	156.0	156.0	156.0	35.86	64.0	136.0	3001.0	1306.0	1056.0	210096.0	210096.0	210096.0	1437.9																0.0	104	58	0.06803135966666668						16.67																																																							4.17		6.67																							20.0			33.33																37.5		16.67	25.0		33.33		25.0		25.0	33.33						21.43						16.67	10.0																																										20.0	14.29														4.76																																																33.33					16.67																					18.18					12.5													20.0	20.0																				16.67	40.0																				
SRR24759611_binette_bin33	Bacteria	unclassified	unclassified	unclassified	unclassified	unclassified	unclassified	1	12.3	0.68	0.0	206.0	206.0	206.0	37.74	66.0	160.0	9901.0	3026.0	1446.0	540189.0	540189.0	540189.0	3332.5																0.0	56	24	0.10405238028571426		20.0																																																																																									25.0																16.67	25.0		33.33					33.33												22.22				25.0								25.0			25.0														33.33														10.0	14.29											25.0				16.67			50.0	16.67			16.67	16.67																															8.33				20.0									16.67														10.0																							50.0	33.33	20.0	20.0																				16.67	20.0																				16.67
SRR24759606_binette_bin38	Bacteria	unclassified	unclassified	unclassified	unclassified	unclassified	unclassified	1	12.2	0.92	0.0	276.0	276.0	276.0	63.0	108.0	238.0	2456.0	1434.0	1056.0	397752.0	397752.0	397752.0	1546.6																100.0	104	58	0.02014142028571429					50.0	66.67				42.86	100.0																																				25.0	50.0													25.0		40.0											16.67														62.5					11.54					40.0		25.0		33.33									11.11				33.33						14.29	14.29	50.0	33.33		33.33	22.22	20.0		20.0		50.0							25.0						21.43														5.56						42.86	33.33	33.33		33.33	20.0	14.29	5.56		11.11							42.86	25.0	25.0	9.09	14.29			20.0															20.0	12.5											66.67		62.5		66.67						8.33			25.0			50.0		33.33	12.5																		20.0			33.33			15.0								6.25											30.0	20.0								60.0					16.67			50.0	33.33			16.67	40.0				60.0																
SRR24759600_binette_bin56	unclassified	unclassified	unclassified	unclassified	unclassified	unclassified	unclassified	3	12.2	0.61	0.0	8.0	8.0	8.0	33.06	2.0	3.0	143859.0	114470.0	104522.0	386193.0	386193.0	386193.0	116427.6																0.0	104	58	0.011826511171428572																																																																																																																																			25.0																																																			25.0																																																																																																																																									
SRR24759600_binette_bin53	Bacteria	unclassified	unclassified	unclassified	unclassified	unclassified	unclassified	5	12.2	0.23	0.0	230.0	230.0	230.0	46.51	59.0	179.0	17291.0	2963.0	1237.0	563745.0	563745.0	563745.0	3947.2																0.0	56	24	0.10399385761904761											33.33			12.5																																																				16.67																																20.0							12.5						11.11									25.0	14.29						11.11	20.0			25.0		4.35																	33.33	33.33														14.29	16.67	11.11		11.11												14.29	25.0																																					16.67																																				50.0																									8.33		8.33	5.56		75.0	20.0																	20.0																
SRR24759616_binette_bin26	Bacteria	unclassified	unclassified	unclassified	unclassified	unclassified	unclassified	2	12.0	0.46	0.0	227.0	227.0	227.0	29.99	71.0	177.0	17894.0	3900.0	2501.0	808707.0	808707.0	808707.0	4620.1																0.0	56	24	0.027657492571428577	1.39				25.0								14.29	12.5	20.0														25.0																14.29	16.67	12.5						6.67								10.42		16.67		9.09									16.67										20.0	60.0			25.0	33.33				11.54	50.0									5.56						12.5	66.67		50.0		25.0						25.0	7.14	28.57					22.22				25.0					11.11	10.0						7.14		7.14			60.0							11.11										42.86	33.33	44.44		33.33	4.0															11.9																		20.0	12.5																					33.33		50.0						33.33																			20.0						5.0	27.27	27.27	55.56			25.0	33.33	12.5	33.33														12.5			11.11						25.0									20.0						50.0														100.0
SRR24759597_binette_bin51	Bacteria	unclassified	unclassified	unclassified	unclassified	unclassified	unclassified	1	12.0	1.46	0.0	126.0	126.0	126.0	44.76	42.0	103.0	8065.0	2456.0	1526.0	291716.0	291716.0	291716.0	2863.3																0.0	56	24	0.4260103547619048	3.7				50.0	16.67																																					25.0	25.0			12.5		50.0								33.33				14.58		23.33	45.45	45.45	8.33	14.29													6.67								37.5	16.67		50.0		3.85																								25.0				14.29			33.33			11.11	20.0			50.0	25.0		12.5		11.11	20.0					50.0																	5.56	33.33	50.0	50.0	50.0		28.57	33.33	22.22		22.22	4.0		5.56	20.0						20.0						9.52	66.67																			36.36					50.0											50.0	44.44								14.29				12.5								25.0										20.0	33.33		33.33		14.29	5.0														75.0					20.0	20.0	16.67		12.5			11.11	50.0	20.0					33.33										22.22													16.67					100.0
SRR24759609_binette_bin39	Bacteria	unclassified	unclassified	unclassified	unclassified	unclassified	unclassified	1	12.0	0.74	0.0	164.0	164.0	164.0	34.71	63.0	140.0	3905.0	1614.0	1145.0	260210.0	260210.0	260210.0	1740.7																100.0	104	58	0.04308046828571429	1.39				50.0					42.86	66.67	20.0			26.67																												25.0						50.0												25.0	33.33	20.0					16.67						16.67										20.0	20.0	20.0		25.0	5.56		50.0		7.69					20.0		25.0		33.33				16.67	16.67	25.0	12.5	66.67		25.0			33.33						50.0						50.0	50.0		20.0	25.0								25.0						14.29					22.22	22.22									33.33	50.0	50.0	100.0		42.86	50.0	33.33		44.44										10.0		28.57	25.0	12.5		7.14	50.0		20.0		50.0			16.67	33.33					50.0																		50.0		41.67						41.67	50.0	75.0		40.0			100.0						16.67				25.0							16.67			20.0	33.33		33.33		14.29	20.0	45.45		11.11			12.5	66.67	25.0											20.0	20.0				16.67	16.67			60.0																	40.0			25.0				1.14									
SRR24759601_binette_bin35	Bacteria	unclassified	unclassified	unclassified	unclassified	unclassified	unclassified	1	11.9	0.54	0.0	226.0	226.0	226.0	44.62	97.0	199.0	3416.0	1863.0	1534.0	423832.0	423832.0	423832.0	1939.4																100.0	104	58	0.494622899047619	11.11					50.0				14.29				12.5															25.0							50.0	66.67		50.0				25.0		14.29	16.67			50.0	25.0														9.09	4.55	16.67	14.29	50.0							50.0					6.67			25.0					37.5	44.44		50.0		7.69										38.89						50.0		22.22						25.0				28.57		50.0	33.33			44.44	40.0			25.0	25.0		50.0		33.33	40.0		25.0				14.29					20.0		22.22	22.22				11.11										14.29	16.67	11.11		22.22	4.0			20.0			5.56	5.56					25.0	12.5			16.67																12.5													33.33		12.5		33.33	100.0	16.67	11.11			25.0		25.0							18.06						50.0		50.0			83.33							60.0	33.33				14.29		18.18	18.18	33.33				33.33	31.25	41.67										30.0	20.0	33.33	16.67		27.78	11.11		50.0					25.0								33.33	40.0		33.33				25.0									33.33					50.0
SRR24759615_binette_bin47	Bacteria	unclassified	unclassified	unclassified	unclassified	unclassified	unclassified	1	11.9	0.14	0.0	268.0	268.0	268.0	33.42	90.0	222.0	6909.0	2034.0	1186.0	499185.0	499185.0	499185.0	2223.1																0.0	104	58	0.03246179266666666										28.57	33.33				26.67																																									8.33																		16.67										20.0	40.0	20.0			11.11		50.0							20.0				33.33																			14.29						11.11	20.0			50.0																																		14.29	16.67	11.11		22.22												14.29	50.0	12.5					20.0																													37.5		33.33						33.33		50.0																									20.0							27.27		11.11				33.33																12.5			11.11		20.0																	20.0																
SRR24759608_binette_bin50	Bacteria	unclassified	unclassified	unclassified	unclassified	unclassified	unclassified	1	11.9	0.49	0.0	339.0	339.0	339.0	45.46	118.0	288.0	7194.0	1551.0	1076.0	532530.0	532530.0	532530.0	1902.6																0.0	104	58	0.16359088000000002	6.94					50.0				14.29	33.33																	50.0	25.0														25.0		14.29	16.67	37.5		50.0	25.0			20.0								12.5		20.0	9.09	9.09	25.0	14.29	33.33							100.0					6.67		25.0						25.0	55.56		50.0		7.69						25.0				5.56		25.0	16.67	16.67	25.0	12.5		11.11				33.33	33.33				25.0			50.0			33.33					25.0	50.0									25.0	50.0	7.14				33.33	40.0		22.22	22.22	20.0			11.11			33.33							28.57	33.33	22.22		33.33	30.0	28.57								20.0		14.29	25.0	12.5		14.29	66.67								16.67											9.09										33.33				25.0		16.67				16.67		25.0				25.0		33.33					16.67		100.0			100.0						16.67			40.0			50.0		14.29	10.0	9.09							6.25											40.0	20.0	16.67	16.67		16.67	11.11		50.0	20.0		16.67		25.0											33.33		40.0		25.0									33.33					
SRR24759615_binette_bin45	Bacteria	unclassified	unclassified	unclassified	unclassified	unclassified	unclassified	1	11.8	0.14	0.0	293.0	293.0	293.0	32.24	98.0	247.0	8887.0	1653.0	1078.0	485202.0	485202.0	485202.0	2169.8																0.0	56	24	0.04196016538095239	1.39	40.0			25.0					57.14	33.33				40.0														25.0							50.0	66.67					14.29	25.0	25.0		2.08		50.0		25.0											35.42	33.33	36.67			16.67	14.29	66.67							50.0									40.0	60.0			12.5	16.67		75.0		15.38					20.0							12.5	16.67	16.67	50.0	37.5	50.0	22.22			50.0						25.0	14.29			33.33			33.33	20.0		20.0	50.0			50.0		55.56	70.0		50.0						14.29			10.0				20.0		25.0					5.56						42.86	50.0	33.33		33.33			5.56				5.56	5.56				28.57				11.9	33.33				16.67			16.67									12.5			13.64										33.33		75.0		16.67							25.0			40.0			50.0		18.06				33.33							16.67							50.0	33.33		100.0		14.29	35.0		9.09	11.11			25.0	66.67	43.75	50.0													8.33		8.33	5.56		25.0	20.0				25.0	8.33							16.67	60.0		11.11		20.0		12.5														
SRR24759599_binette_bin98	Bacteria	unclassified	unclassified	unclassified	unclassified	unclassified	unclassified	1	11.8	3.93	0.0	452.0	452.0	452.0	44.85	173.0	387.0	3622.0	1544.0	1117.0	697199.0	697199.0	697199.0	1690.0																100.0	104	58	0.37045831095238096	11.11					50.0							14.29																								33.33		50.0				25.0		14.29	16.67	25.0		50.0												25.0		40.0			25.0									50.0		10.0	50.0						20.0	20.0			37.5	61.11				7.69							25.0			22.22					25.0	25.0													14.29		33.33			22.22					25.0		12.5			10.0						14.29	50.0				10.0		33.33	33.33				11.11			33.33						12.5	14.29	16.67	11.11		22.22	4.0						5.56	5.56				14.29		12.5		14.29	100.0											33.33			50.0		12.5													33.33				16.67	100.0					8.33						25.0		33.33	12.5				16.67		50.0		50.0		33.33	50.0	40.0						20.0					28.57	10.0			5.56			25.0	33.33												20.0	20.0		16.67		16.67	11.11		50.0						33.33			25.0	33.33			33.33	60.0		11.11				12.5							16.67		33.33	100.0				
SRR24759615_binette_bin48	unclassified	unclassified	unclassified	unclassified	unclassified	unclassified	unclassified	1	11.8	0.26	0.0	373.0	373.0	373.0	29.85	103.0	301.0	14668.0	2185.0	1181.0	785570.0	785570.0	785570.0	3150.6																0.0	56	24	0.027147068619047608		40.0											28.57		6.67			16.67	3.12																																33.33										12.5	33.33																										37.5							25.0			20.0								16.67	16.67	25.0		33.33	11.11	25.0							25.0	25.0	21.43	14.29			50.0		33.33	20.0		20.0	25.0																	10.0				20.0								33.33	50.0	50.0	50.0		14.29	16.67	11.11		11.11							33.33	33.33				42.86	25.0	12.5			33.33													50.0						33.33										66.67																	50.0						16.67	33.33			50.0		33.33								20.0						10.0	9.09														12.5								12.5			11.11		20.0												16.67	20.0						12.5														83.33
SRR24759601_binette_bin31	Bacteria	unclassified	unclassified	unclassified	unclassified	unclassified	unclassified	1	11.8	0.0	0.0	314.0	314.0	314.0	36.42	129.0	274.0	4337.0	1228.0	1031.0	407564.0	407564.0	407564.0	1398.6																0.0	104	58	0.03217142334285714	7.41	20.0				33.33				42.86	66.67	20.0		12.5															25.0																		25.0			25.0			6.67								35.42	33.33	36.67	18.18	18.18	8.33																						37.5	33.33				3.85												25.0	16.67	16.67	50.0							66.67	66.67	25.0			25.0			50.0	33.33			22.22	20.0		40.0	25.0	25.0		25.0		11.11	20.0		50.0									30.0				20.0				33.33				33.33	50.0	50.0	50.0		14.29	16.67	11.11		22.22	24.0	14.29	22.22										25.0			33.33									33.33			33.33	16.67		50.0			20.0	12.5	9.09					50.0							25.0		50.0	100.0	16.67				8.33				40.0	8.57				12.5				33.33				50.0		33.33		10.0												25.0		36.36	33.33					6.25	16.67					25.0				33.33	20.0	20.0																				16.67	40.0		22.22		40.0		12.5														
SRR24759611_binette_bin30	Bacteria	unclassified	unclassified	unclassified	unclassified	unclassified	unclassified	1	11.8	0.0	0.0	77.0	77.0	77.0	35.51	24.0	63.0	10771.0	3462.0	1817.0	244205.0	244205.0	244205.0	4135.7																0.0	104	58	0.017612298357142855					25.0	33.33									20.0																																																																					100.0	100.0															50.0															33.33					25.0	7.14	14.29										50.0																																					11.11	20.0	14.29		20.0						10.0		14.29																							12.5																					25.0		25.0	25.0				50.0																											9.09					50.0	33.33																12.5			11.11			33.33					14.29							20.0												33.33								83.33
SRR24759603_binette_bin45	Archaea	unclassified	unclassified	unclassified	unclassified	unclassified	unclassified	1	11.8	1.28	0.0	178.0	178.0	178.0	36.61	63.0	151.0	7985.0	1629.0	1075.0	288102.0	288102.0	288102.0	1977.9																100.0	104	58	0.04581363799999999					25.0										20.0														25.0							50.0	33.33																																																																										22.22										14.29						11.11	20.0			25.0																																																																																																							5.56																																																																	20.0							16.67							33.33						
SRR24759614_binette_bin43	Bacteria	unclassified	unclassified	unclassified	unclassified	unclassified	unclassified	1	11.8	0.46	0.0	296.0	296.0	296.0	61.86	112.0	254.0	7029.0	1411.0	1069.0	439117.0	439117.0	439117.0	1766.1																0.0	104	58	0.03933742795238096					25.0	50.0		33.33		28.57	66.67			12.5															25.0								33.33	50.0	50.0								25.0	50.0													43.75	66.67	30.0					33.33			25.0			16.67												20.0		50.0	61.11	25.0			7.69					20.0				33.33									11.11				33.33					25.0	14.29	14.29		33.33		33.33	16.67	10.0		40.0	50.0	25.0							16.67						14.29	25.0	66.67											66.67	5.56						28.57	16.67	22.22		44.44	20.0	14.29	5.56		11.11							14.29	25.0	25.0	27.27	14.29			20.0															20.0	12.5										50.0	66.67	6.67	87.5		66.67						16.67	50.0	25.0					50.0		25.0								50.0										40.0			33.33		14.29	20.0	18.18		11.11			12.5		31.25															12.5			11.11		20.0				25.0								16.67	60.0				40.0												100.0				
SRR24759601_binette_bin32	Bacteria	unclassified	unclassified	unclassified	unclassified	unclassified	unclassified	1	11.8	0.24	0.0	193.0	193.0	193.0	37.7	77.0	168.0	3118.0	1342.0	1034.0	263070.0	263070.0	263070.0	1460.8																0.0	104	58	0.027765820547619044	1.39				25.0										6.67																						33.33								28.57	50.0	12.5														4.17		6.67											16.67														12.5	22.22				7.69										5.56		50.0	25.0	41.67	100.0	37.5	33.33	11.11	25.0		25.0					25.0	25.0	21.43	14.29					33.33	20.0															7.14												22.22										28.57	16.67	22.22		22.22	4.0						11.11	11.11		10.0				6.25		4.76																									50.0				50.0	33.33				8.33	100.0					50.0	50.0	75.0				50.0	50.0						50.0														20.0					14.29		45.45																																			25.0	33.33			16.67	20.0																				
SRR24759615_binette_bin63	Bacteria	unclassified	unclassified	unclassified	unclassified	unclassified	unclassified	1	11.8	2.17	0.0	229.0	229.0	229.0	44.38	80.0	191.0	5290.0	1925.0	1192.0	422343.0	422343.0	422343.0	2140.1																0.0	56	24	0.4243439323809523	18.52				25.0	50.0					33.33		14.29																										50.0								25.0			50.0											16.67		26.67			8.33	14.29	33.33							50.0				33.33	6.67								15.62			25.0		3.85										33.33			8.33	25.0	25.0	25.0		11.11				33.33		25.0				14.29	14.29	50.0	33.33		33.33	11.11	20.0			25.0	25.0		12.5		11.11	20.0		41.67			75.0	7.14					50.0		11.11	11.11														14.29	16.67	11.11		11.11	20.0	14.29					11.11	11.11						12.5		19.05																														33.33				16.67	100.0											25.0			12.5				16.67		100.0					66.67				16.67			30.0	33.33		16.67			15.0							66.67	12.5						25.0								8.33		8.33	5.56		25.0																		40.0		62.5										100.0				50.0
SRR24759599_binette_bin54	Bacteria	unclassified	unclassified	unclassified	unclassified	unclassified	unclassified	1	11.8	0.3	0.0	179.0	179.0	179.0	51.48	47.0	137.0	12747.0	3544.0	1383.0	487702.0	487702.0	487702.0	4044.4																0.0	56	24	0.0023635426952380956					25.0	16.67																																																																																			33.33																																											25.0																																																																																																																								40.0																									20.0																																										
SRR24759600_binette_bin58	Bacteria	Pseudomonadota	Alphaproteobacteria	Rhizobiales	Rhizobiaceae	Bartonella_A	unclassified	1	11.7	0.57	0.0	165.0	165.0	165.0	43.26	30.0	122.0	33771.0	4341.0	1190.0	472136.0	472136.0	472136.0	6909.3																100.0	349	230	0.04629237061904762					25.0								14.29																													14.29	50.0						100.0																																																									16.67	16.67	25.0	25.0												14.29	14.29					11.11	20.0			25.0																	20.0											5.56																							25.0				33.33																																																5.56				16.67																				5.0		9.09	11.11																														33.33														25.0														
SRR24759602_binette_bin34	Bacteria	unclassified	unclassified	unclassified	unclassified	unclassified	unclassified	1	11.7	0.18	0.0	221.0	221.0	221.0	36.26	80.0	188.0	3923.0	1614.0	1106.0	349297.0	349297.0	349297.0	1801.0																100.0	56	24	0.015111670104761906					25.0	50.0				14.29	33.33				6.67														25.0																14.29	16.67	12.5						6.67								4.17		6.67					33.33						16.67														62.5					7.69										5.56					25.0		33.33				25.0						75.0	14.29		50.0			33.33	22.22	20.0			25.0	25.0		12.5		11.11	20.0						7.14	50.0						11.11	11.11				11.11										28.57	33.33	22.22		33.33	4.0											14.29		12.5		4.76	16.67																	20.0	12.5										100.0	33.33		25.0		16.67												25.0		33.33					16.67				100.0		33.33								20.0							9.09	9.09	11.11					12.5	25.0			14.29							10.0		16.67	16.67		16.67	11.11		100.0						33.33			50.0					20.0				20.0																66.67
SRR24759609_binette_bin59	Bacteria	unclassified	unclassified	unclassified	unclassified	unclassified	unclassified	1	11.7	1.61	0.0	132.0	132.0	132.0	46.64	47.0	111.0	7410.0	1847.0	1196.0	231509.0	231509.0	231509.0	2140.9																0.0	56	24	0.6951112266666667	5.09									28.57	100.0								3.12																							14.29	50.0	25.0				50.0	100.0												36.46		58.33	6.06		16.67		33.33						16.67	50.0		30.0	100.0	33.33	6.67						20.0		3.12	38.89				23.08							25.0		33.33			25.0		16.67	75.0	12.5		11.11				33.33		25.0				28.57			66.67			16.67	30.0		20.0	25.0								58.33						28.57			10.0																12.5						20.0	14.29			11.11		33.33	33.33		20.0		14.29	25.0	12.5	9.09	23.81			20.0																													12.5		75.0						16.67		25.0					50.0		37.5				33.33															33.33		66.67			35.0	18.18					12.5								50.0								16.67		16.67	11.11		50.0					25.0											11.11		60.0		12.5														
SRR24759610_binette_bin55	Bacteria	unclassified	unclassified	unclassified	unclassified	unclassified	unclassified	1	11.7	0.69	0.0	230.0	230.0	230.0	46.2	84.0	196.0	4269.0	1600.0	1118.0	367488.0	367488.0	367488.0	1798.7																0.0	56	24	0.3874076452380953						50.0								12.5																							66.67		50.0						14.29	16.67				25.0														3.03		8.33								16.67			30.0	100.0						20.0	20.0			12.5	44.44				7.69					20.0		50.0			5.56						25.0		11.11													33.33			22.22				25.0	25.0		12.5			10.0						7.14				33.33								11.11			66.67	8.33						14.29	16.67	11.11		11.11	4.0						5.56	5.56				28.57		12.5			16.67								16.67						50.0		12.5													33.33				16.67	100.0					8.33						25.0			12.5								50.0	100.0	33.33	16.67	20.0											28.57							25.0		12.5														8.33		8.33	5.56		25.0	20.0												33.33	40.0													16.67		33.33	100.0				
SRR24759611_binette_bin32	Bacteria	unclassified	unclassified	unclassified	unclassified	unclassified	unclassified	1	11.7	0.38	0.0	241.0	241.0	241.0	45.69	69.0	199.0	29875.0	1775.0	1113.0	446760.0	446760.0	446760.0	5195.7																0.0	56	24	0.031304532523809527																													25.0																																						14.29	33.33																																					12.5																7.14																											20.0				20.0							16.67																							25.0																		50.0																						11.11												5.56																		20.0							18.18																																														25.0														
SRR24759601_binette_bin33	Bacteria	Pseudomonadota	Gammaproteobacteria	Enterobacterales	Enterobacteriaceae	Gilliamella	unclassified	1	11.6	0.34	0.0	199.0	199.0	199.0	33.79	66.0	165.0	5553.0	1996.0	1209.0	372267.0	372267.0	372267.0	2250.3																50.0	104	58	0.03496446995238096	1.39				75.0	33.33									6.67			50.0																									25.0				12.5		50.0												12.5		20.0		9.09														66.67						20.0	40.0		12.5					7.69	25.0				20.0		25.0						8.33	25.0	25.0	62.5											25.0	42.86						22.22	40.0			25.0	25.0		25.0		22.22	20.0							100.0	14.29	25.0				22.22	22.22														42.86	33.33	33.33		44.44							11.11	11.11		10.0		28.57		12.5							50.0			16.67	33.33																										100.0					8.33			25.0	20.0		50.0	100.0	66.67					16.67				25.0									33.33	20.0						10.0	27.27		11.11			25.0		6.25	33.33										20.0	20.0				16.67	16.67			20.0								50.0	33.33	20.0					5.56																		
SRR24759603_binette_bin46	Bacteria	unclassified	unclassified	unclassified	unclassified	unclassified	unclassified	1	11.6	1.33	0.0	304.0	304.0	304.0	46.08	108.0	258.0	5967.0	1620.0	1099.0	490999.0	490999.0	490999.0	1889.0																100.0	104	58	0.48103792285714286	5.56					50.0																															33.33		50.0					25.0	14.29	16.67															18.75		30.0	6.06													30.0	100.0		6.67				20.0	20.0			6.25	50.0				7.69					20.0		75.0			22.22						25.0												14.29			66.67			11.11					50.0		12.5			10.0		50.0				14.29				33.33	20.0		11.11	11.11				11.11			33.33	5.56						14.29	16.67	11.11		22.22	4.0		5.56				5.56	5.56				28.57		12.5																	50.0		12.5																		100.0					16.67			25.0		14.29	25.0			25.0						100.0			100.0		50.0	20.0						20.0			50.0		14.29							25.0		12.5														8.33		8.33	5.56		25.0	20.0				25.0	83.33			25.0	33.33			16.67	20.0				20.0		25.0									33.33	100.0				
SRR24759602_binette_bin33	unclassified	unclassified	unclassified	unclassified	unclassified	unclassified	unclassified	7	11.6	0.15	0.0	327.0	327.0	327.0	55.09	106.0	274.0	5981.0	1698.0	1098.0	555001.0	555001.0	555001.0	2103.4																0.0	104	58	0.02607320061904762	1.85							33.33					14.29		20.0																											14.29	25.0				25.0		50.0												16.67	33.33	6.67			16.67								33.33					33.33					100.0	60.0			12.5		25.0			3.85							25.0		33.33			25.0		16.67	25.0							33.33							28.57			50.0	50.0	11.11			20.0									16.67								33.33											33.33												20.0	14.29										28.57	25.0	12.5	9.09	4.76			20.0															20.0												66.67										33.33		50.0			14.29	25.0							16.67																				10.0	18.18					50.0		25.0						25.0			50.0											20.0					16.67			25.0	33.33			16.67	20.0							12.5													66.67
SRR24759599_binette_bin55	Bacteria	unclassified	unclassified	unclassified	unclassified	unclassified	unclassified	1	11.6	0.19	0.0	179.0	179.0	179.0	33.71	56.0	148.0	6952.0	1908.0	1119.0	330216.0	330216.0	330216.0	2375.9																0.0	56	24	0.05347604466666668	1.39	20.0			50.0	50.0									40.0																												25.0			2.08	25.0		50.0	25.0															9.09			16.67																20.0	40.0			15.62										20.0											12.5	16.67										25.0	14.29		50.0				22.22	20.0			50.0	25.0				11.11	10.0							50.0				20.0												33.33	50.0	50.0	50.0		14.29	16.67	11.11		22.22					11.11							14.29		25.0			16.67													50.0															50.0											25.0	75.0	25.0				50.0											50.0								20.0									9.09						33.33	6.25	33.33										25.0		16.67							20.0				25.0				50.0	33.33	20.0		16.67	40.0		50.0				25.0	25.0													
SRR24759607_binette_bin25	Bacteria	unclassified	unclassified	unclassified	unclassified	unclassified	unclassified	1	11.5	1.14	0.0	310.0	310.0	310.0	46.78	109.0	264.0	10940.0	1531.0	1068.0	481867.0	481867.0	481867.0	1985.5																0.0	56	24	0.4413233099999999	8.33					50.0																															33.33		50.0				25.0	25.0					50.0								33.33				12.5		20.0	18.18	27.27	16.67	14.29										20.0	100.0										6.25	61.11									20.0					16.67					25.0	50.0		11.11				33.33						14.29		50.0	33.33			33.33	20.0			25.0	25.0		12.5			10.0		16.67								33.33			11.11	22.22					33.33		66.67							28.57	33.33	22.22		22.22	20.0	14.29					5.56	5.56				28.57		12.5			16.67								16.67						50.0		12.5													33.33				33.33		16.67	11.11			8.33						25.0			12.5				16.67		50.0			100.0		50.0	20.0											14.29				55.56					12.5	16.67									33.33	40.0	40.0	16.67	8.33		8.33	5.56		25.0	20.0					16.67							33.33	40.0	16.67	11.11																		
SRR24759605_binette_bin38	Bacteria	unclassified	unclassified	unclassified	unclassified	unclassified	unclassified	1	11.5	1.51	0.0	100.0	100.0	100.0	59.63	42.0	88.0	6256.0	3086.0	2581.0	316861.0	316861.0	316861.0	3313.5																0.0	104	58	0.020219521809523806																																																																				16.67																20.0					50.0																															25.0	14.29						33.33	40.0																			33.33											66.67							14.29	16.67	11.11		22.22													25.0																																50.0	33.33	6.67									16.67		25.0							12.5																		20.0							9.09																50.0		20.0		16.67																			16.67	40.0																				
SRR24759604_binette_bin36	Bacteria	unclassified	unclassified	unclassified	unclassified	unclassified	unclassified	1	11.5	0.3	0.0	376.0	376.0	376.0	31.53	148.0	325.0	4404.0	1356.0	1050.0	525344.0	525344.0	525344.0	1524.0																0.0	56	24	0.012534929295238095	1.39														46.67																																12.5										33.33																											20.0	20.0			12.5			25.0																	25.0	12.5	50.0		25.0			33.33					50.0							22.22				25.0			12.5		11.11	10.0		50.0																										14.29		11.11		11.11																	33.33																												100.0	33.33										33.33	25.0	50.0											16.67				75.0		33.33								10.0	33.33		100.0			10.0	18.18	36.36	55.56					6.25													16.67	8.33	12.5	8.33	5.56	11.11	25.0													16.67	20.0		11.11																		100.0
SRR24759609_binette_bin37	Bacteria	Bacillota	Bacilli	Lactobacillales	Lactobacillaceae	Apilactobacillus	Apilactobacillus kunkeei_C	3	11.4	0.24	0.0	72.0	72.0	72.0	36.64	34.0	64.0	3685.0	3261.0	2930.0	231286.0	231286.0	231286.0	3227.2																100.0	56	24	0.11390330219047617	1.39				25.0	16.67																							25.0							50.0	33.33	50.0	50.0	33.33	25.0				57.14	25.0	12.5																					50.0																					38.89											25.0					37.5	16.67	16.67	75.0	12.5		11.11									25.0	14.29						22.22	20.0			25.0	25.0																10.0																					11.11										10.0																								20.0	12.5															8.33						33.33			75.0				50.0		5.56				50.0																			14.29																							16.67		16.67	11.11		100.0													16.67	40.0						12.5														
SRR24759612_binette_bin33	Bacteria	unclassified	unclassified	unclassified	unclassified	unclassified	unclassified	1	11.4	0.88	0.0	223.0	223.0	223.0	63.99	90.0	193.0	2619.0	1373.0	1052.0	310567.0	310567.0	310567.0	1486.4																0.0	56	24	0.0277983359047619	1.85				50.0	50.0				42.86	33.33																		25.0							50.0	66.67										25.0														29.17	66.67	6.67					33.33						16.67														75.0	83.33				3.85							25.0									25.0		11.11									50.0	14.29					33.33	11.11	20.0		40.0	25.0	25.0							58.33							25.0																			57.14	50.0	33.33		77.78							5.56	5.56				28.57		12.5	9.09	4.76																	12.5	20.0											100.0	33.33		100.0		16.67						8.33			25.0		14.29				18.06								75.0		33.33	16.67							20.0					14.29	15.0								93.75						25.0					20.0	20.0								60.0					66.67			25.0									20.0																
SRR24759596_binette_bin20	Bacteria	unclassified	unclassified	unclassified	unclassified	unclassified	unclassified	1	11.4	0.0	0.0	128.0	128.0	128.0	32.79	38.0	105.0	9063.0	2789.0	1711.0	372860.0	372860.0	372860.0	4225.6																0.0	104	58	0.05238271042857142		20.0				50.0				57.14	33.33							16.67											25.0								33.33						25.0				12.5		50.0	25.0											4.17		6.67					33.33						16.67										40.0	40.0			15.62	16.67									40.0		25.0								25.0						25.0								14.29	50.0			33.33					50.0	25.0		25.0		22.22	20.0											40.0		11.11	11.11			25.0						33.33	50.0	50.0	50.0		28.57	33.33	22.22		22.22												28.57		12.5		4.76	50.0																			18.18										33.33		75.0		16.67						16.67			50.0					33.33					16.67				50.0										20.0					14.29			36.36	44.44				33.33	31.25	41.67						50.0						16.67							40.0																	20.0		50.0														
SRR24759598_binette_bin52	unclassified	unclassified	unclassified	unclassified	unclassified	unclassified	unclassified	1	11.3	0.21	0.0	113.0	113.0	113.0	52.25	22.0	73.0	34926.0	11107.0	3615.0	808184.0	808184.0	808184.0	13558.7																0.0	56	24	0.006022316647619047																																													14.29	16.67																						33.33							50.0																		7.69					20.0					5.56							33.33										50.0	7.14	14.29					22.22												16.67				7.14							11.11	11.11				11.11										14.29	16.67	11.11		11.11	4.0											14.29	25.0																			33.33			12.5																					16.67			50.0		14.29										50.0		50.0		33.33		10.0				10.0																							37.5													20.0						14.29																											100.0
SRR24759598_binette_bin55	Bacteria	unclassified	unclassified	unclassified	unclassified	unclassified	unclassified	1	11.3	0.58	0.0	449.0	449.0	449.0	42.18	172.0	387.0	8736.0	1381.0	1055.0	643117.0	643117.0	643117.0	1715.7																0.0	56	24	0.12149678399999997	8.8									14.29			28.57											16.67					12.5								33.33								14.29	16.67	12.5							25.0			33.33				41.67	66.67	26.67	18.18	27.27		14.29	50.0							50.0					6.67		25.0				20.0		37.5	33.33		25.0		11.54					20.0					5.56		12.5	8.33	8.33	25.0	62.5		11.11				33.33	33.33					14.29	14.29			50.0		22.22	20.0		40.0	50.0								16.67				7.14				33.33	50.0		33.33	33.33				11.11			66.67					50.0		28.57	33.33	22.22		33.33	24.0	14.29					16.67	16.67		20.0		42.86	25.0		9.09	19.05	16.67				16.67			16.67									12.5	20.0	12.5											66.67		25.0				16.67				8.33		25.0		20.0	14.29		50.0	33.33					16.67		50.0		50.0	100.0	33.33	16.67							30.0					14.29	25.0		9.09	22.22					31.25						25.0					20.0	20.0		8.33		8.33	5.56		25.0	20.0												16.67	20.0		11.11				62.5									33.33	100.0				
SRR24759605_binette_bin31	Bacteria	unclassified	unclassified	unclassified	unclassified	unclassified	unclassified	1	11.3	0.31	0.0	193.0	193.0	193.0	35.29	76.0	167.0	4416.0	2072.0	1581.0	411582.0	411582.0	411582.0	2303.2																0.0	104	58	0.02643787033333333	5.56				50.0														3.12																																		6.67			8.33					12.5		20.0				14.29																	40.0	80.0	40.0		12.5	5.56		50.0									25.0									25.0	33.33		25.0								25.0	35.71	28.57					27.78	30.0			50.0																																				11.11		11.11					22.22		33.33	33.33				14.29		12.5		14.29				50.0																														8.33	100.0	16.67	11.11			16.67		25.0				50.0			5.56		28.57						50.0		33.33								20.0	33.33		100.0			20.0	36.36		11.11			37.5																8.33		8.33	5.56		25.0									50.0	33.33	20.0																			100.0				
SRR24759598_binette_bin108	Bacteria	unclassified	unclassified	unclassified	unclassified	unclassified	unclassified	1	11.3	3.26	0.0	309.0	309.0	309.0	46.87	126.0	269.0	2368.0	1296.0	1060.0	415942.0	415942.0	415942.0	1420.8																100.0	104	58	0.31258171523809525	12.5				25.0	50.0				14.29	33.33																										33.33						25.0		14.29	16.67			50.0												25.0	33.33	20.0	9.09	9.09	16.67	14.29	33.33							50.0		20.0	100.0						20.0	20.0			12.5	11.11		50.0		7.69					20.0	25.0	25.0			30.56					25.0	37.5							33.33															25.0	25.0		12.5		11.11	10.0		25.0				7.14				33.33			33.33	33.33				11.11			66.67							14.29	16.67	11.11		33.33	4.0						5.56	5.56				42.86		12.5	9.09	14.29	33.33								16.67						50.0		12.5	20.0	12.5													25.0		33.33	100.0	16.67										25.0							16.67		50.0		75.0		33.33	50.0							40.0	66.67				28.57	20.0			11.11			25.0	33.33	25.0											20.0	20.0		8.33		8.33	5.56		25.0	20.0								50.0	66.67				20.0				20.0											33.33	100.0				
SRR24759604_binette_bin45	Bacteria	unclassified	unclassified	unclassified	unclassified	unclassified	unclassified	1	11.3	0.62	0.0	174.0	174.0	174.0	45.41	40.0	136.0	15422.0	2623.0	1187.0	419136.0	419136.0	419136.0	4543.1																0.0	56	24	0.047221628190476185																																																									33.33																										25.0																						12.5																																																																													25.0																																											16.67	50.0	25.0																																9.09							6.25														8.33		8.33	5.56		25.0																																		
SRR24759603_binette_bin42	Bacteria	unclassified	unclassified	unclassified	unclassified	unclassified	unclassified	1	11.3	0.22	0.0	364.0	364.0	364.0	29.68	117.0	303.0	8983.0	1798.0	1120.0	650361.0	650361.0	650361.0	2352.6																0.0	56	24	0.018361140095238097		20.0				16.67									6.67				3.12																																										8.33		13.33					33.33							50.0									20.0	40.0			37.5																		25.0	41.67	50.0	50.0					50.0													11.11				25.0	25.0																				20.0															11.11									44.44	44.44					25.0			9.52																				22.73																				8.33				20.0									33.33													33.33	20.0								9.09	11.11					12.5							12.5																									16.67	20.0		11.11					50.0													100.0
SRR24759610_binette_bin47	Bacteria	unclassified	unclassified	unclassified	unclassified	unclassified	unclassified	2	11.3	0.25	0.0	185.0	185.0	185.0	28.66	45.0	142.0	19308.0	3250.0	1333.0	494778.0	494778.0	494778.0	4651.9																0.0	56	24	0.022574063333333335															20.0				3.12																																										12.5	33.33																							20.0			25.0																																							11.11			20.0	25.0																	10.0																												33.33	33.33					25.0			7.14	16.67				16.67			16.67																						33.33														20.0																							20.0						10.0								12.5											20.0	20.0																				33.33	40.0						12.5														100.0
SRR24759602_binette_bin35	unclassified	unclassified	unclassified	unclassified	unclassified	unclassified	unclassified	3	11.2	0.24	0.0	16.0	16.0	16.0	30.27	2.0	6.0	120705.0	79101.0	13872.0	371704.0	371704.0	371704.0	74326.5																0.0	56	24	0.014633927147619049																																																																																																																																			25.0																																																			25.0																																																																																																																					20.0																				
SRR24759605_binette_bin30	Bacteria	unclassified	unclassified	unclassified	unclassified	unclassified	unclassified	2	11.2	0.09	0.0	32.0	32.0	32.0	31.06	7.0	23.0	35197.0	14537.0	4607.0	333277.0	333277.0	333277.0	17957.4																0.0	104	58	0.05287955209523809		20.0				33.33													3.12										25.0																																4.17		6.67																																											8.33	25.0	25.0	50.0					25.0							14.29						33.33	40.0				25.0							16.67					50.0				80.0											16.67																	44.44	44.44				14.29				4.76																														33.33							11.11																16.67														20.0														25.0																16.67	16.67															16.67	20.0		11.11				75.0														100.0
SRR24759615_binette_bin49	Bacteria	unclassified	unclassified	unclassified	unclassified	unclassified	unclassified	5	11.2	0.25	0.0	335.0	335.0	335.0	43.86	100.0	273.0	10298.0	2234.0	1186.0	677511.0	677511.0	677511.0	2791.4																0.0	56	24	0.23780850047619045																																																		25.0																	14.29	33.33														25.0	75.0						16.67																																						11.11				25.0								33.33									20.0																	14.29	16.67	11.11		22.22																																				9.09										33.33																																														11.11				33.33	12.5																																16.67	20.0						25.0														
SRR24759610_binette_bin71	Bacteria	unclassified	unclassified	unclassified	unclassified	unclassified	unclassified	1	11.2	1.94	0.0	114.0	114.0	114.0	44.78	40.0	96.0	5434.0	1964.0	1127.0	200499.0	200499.0	200499.0	2056.8																0.0	104	58	0.37104779190476195					25.0																																																								3.12		5.0	27.27	18.18									16.67														25.0	16.67									20.0				33.33																			7.14													12.5		11.11	10.0					25.0						20.0		11.11	11.11														14.29	16.67	11.11		11.11										20.0		28.57	25.0	12.5			33.33		20.0		16.67			16.67												36.36																								20.0					5.56																									18.18							25.0																				40.0													20.0						25.0														
SRR24759605_binette_bin34	Bacteria	Pseudomonadota	Alphaproteobacteria	Rhizobiales	Rhizobiaceae	Bartonella_A	unclassified	1	11.2	0.55	0.0	90.0	90.0	90.0	46.05	23.0	71.0	22758.0	3242.0	1750.0	322987.0	322987.0	322987.0	6531.1																100.0	104	58	0.6483875061904761	20.83				25.0					28.57	66.67																												50.0			14.29	50.0		14.29	16.67	37.5		100.0	25.0											37.5	66.67	20.0	36.36	36.36					33.33					50.0								25.0			20.0		50.0	16.67	16.67	25.0		7.69	33.33				20.0		75.0			5.56			16.67	33.33	50.0	25.0		11.11						25.0				28.57					33.33	22.22	40.0		40.0	25.0						10.0		25.0				7.14							11.11	11.11				11.11		50.0								28.57	33.33	22.22		33.33	4.0									20.0		28.57			9.09	14.29																														33.33		50.0		33.33						16.67			50.0		14.29			66.67	5.56				33.33														10.0			16.67			25.0			55.56					31.25											20.0	20.0	33.33							60.0															22.22		40.0																
SRR24759596_binette_bin22	Bacteria	unclassified	unclassified	unclassified	unclassified	unclassified	unclassified	1	11.2	0.43	0.0	353.0	353.0	353.0	29.96	142.0	305.0	4772.0	2118.0	1583.0	745768.0	745768.0	745768.0	2252.3																0.0	56	24	0.02957903952380952						16.67								12.5				16.67																																											8.33		13.33																					20.0	20.0	20.0		12.5	38.89						25.0			20.0												33.33		25.0		75.0							35.71						27.78	30.0				25.0																		22.22	22.22							33.33							14.29	16.67	11.11		11.11												42.86	25.0			9.52																		20.0	12.5															8.33																							50.0									33.33								18.18	9.09	11.11			12.5		25.0															12.5			11.11	50.0	20.0					16.67							16.67	20.0																				
SRR24759600_binette_bin63	Bacteria	unclassified	unclassified	unclassified	unclassified	unclassified	unclassified	1	11.2	0.22	0.0	217.0	217.0	217.0	34.98	83.0	186.0	3222.0	1523.0	1070.0	325898.0	325898.0	325898.0	1636.6																0.0	104	58	0.031629843000000005		20.0			25.0	16.67				14.29	33.33				6.67														25.0																	2.08											33.33																						66.67						20.0				5.56									20.0								16.67	16.67	25.0	25.0																		11.11					25.0		12.5		22.22	30.0		50.0									20.0		33.33	33.33			25.0		33.33		33.33							28.57	33.33	22.22		44.44							5.56	5.56				14.29		12.5			66.67				16.67				16.67							33.33	12.5													33.33				25.0						25.0		50.0				50.0							16.67							16.67			100.0				40.0			100.0			10.0	9.09	9.09	11.11				33.33	50.0	16.67						25.0			33.33	10.0		16.67							60.0					33.33			50.0	33.33	20.0		16.67	20.0		22.22		20.0		25.0					1.14									
SRR24759598_binette_bin56	Bacteria	Bacillota	Bacilli	Lactobacillales	Lactobacillaceae	Lactobacillus	unclassified	1	11.1	0.49	0.0	240.0	240.0	240.0	35.27	101.0	210.0	2981.0	1267.0	1038.0	313354.0	313354.0	313354.0	1382.2																75.0	104	58	0.022942426499999998					25.0																																								28.57	8.33							20.0								4.17		6.67											16.67															50.0													33.33								33.33		25.0		25.0						25.0	7.14						11.11				25.0																																				11.11												10.0			25.0	12.5		4.76			20.0	50.0										50.0				20.0	12.5						50.0									16.67						33.33		50.0					50.0																											27.27																		20.0	20.0			12.5			11.11						25.0									20.0							16.67							33.33						
SRR24759597_binette_bin48	Bacteria	unclassified	unclassified	unclassified	unclassified	unclassified	unclassified	1	11.1	0.44	0.0	221.0	221.0	221.0	41.02	59.0	174.0	12956.0	2651.0	1299.0	537458.0	537458.0	537458.0	3646.1																0.0	56	24	0.30041538333333334	3.24	20.0											14.29									16.67		100.0					12.5													14.29	25.0						50.0	25.0				75.0							4.17		6.67	18.18	18.18	50.0	28.57								50.0											20.0			16.67		25.0		3.85												12.5			50.0	12.5	33.33											14.29				50.0		22.22				25.0															25.0		60.0		22.22	22.22								22.22				50.0		14.29	16.67	11.11		11.11	4.0			40.0					8.33	20.0		14.29	50.0			4.76	33.33																			18.18	10.0									33.33						33.33	33.33								14.29		50.0		5.56				16.67									14.29		33.33			30.0						10.0	27.27													25.0								8.33		8.33	5.56		75.0	20.0														16.67	22.22				75.0	16.67								16.67					16.67
SRR24759609_binette_bin43	Bacteria	unclassified	unclassified	unclassified	unclassified	unclassified	unclassified	1	11.0	0.49	0.0	176.0	176.0	176.0	45.65	64.0	147.0	6717.0	2038.0	1264.0	340759.0	340759.0	340759.0	2302.4																100.0	104	58	0.5565862642857142	7.87												14.29						3.12										25.0													14.29	25.0				12.5	50.0	50.0								33.33				36.46	33.33	38.33	12.12	9.09	8.33		33.33							50.0					6.67		25.0	25.0					12.5	16.67		50.0		11.54					20.0	25.0							25.0	41.67	75.0	87.5		11.11										14.29		100.0		50.0		11.11	20.0		40.0	50.0								16.67			25.0			14.29		33.33	30.0		33.33	44.44						50.0	33.33							28.57	16.67	22.22		22.22			5.56		11.11		50.0	50.0		20.0		42.86			9.09	23.81	33.33				16.67			16.67									12.5	20.0	12.5	54.55	10.0									33.33						33.33	33.33							20.0									50.0		100.0		50.0			16.67							40.0	33.33					30.0			11.11				33.33	25.0						75.0					20.0		16.67							40.0															22.22		20.0		12.5							16.67							
SRR24759609_binette_bin41	Bacteria	unclassified	unclassified	unclassified	unclassified	unclassified	unclassified	1	11.0	0.29	0.0	263.0	263.0	263.0	33.98	99.0	226.0	4850.0	1429.0	1069.0	389324.0	389324.0	389324.0	1686.8																0.0	104	58	0.018293608952380948	1.39					66.67							14.29		20.0																												25.0			2.08			50.0								33.33				4.17		6.67			16.67													33.33					60.0	40.0			25.0	16.67		50.0									25.0						16.67	33.33	50.0	12.5	16.67				25.0						25.0					50.0		11.11				25.0	50.0					10.0							100.0				40.0		11.11	11.11			25.0					16.67						14.29	16.67	11.11		22.22														12.5		4.76	16.67				16.67				16.67									20.0	12.5											33.33							11.11			25.0	25.0	25.0						33.33					33.33				50.0		33.33								20.0							9.09	9.09	22.22																20.0	20.0																				16.67	20.0		11.11				50.0														
SRR24759611_binette_bin40	Bacteria	unclassified	unclassified	unclassified	unclassified	unclassified	unclassified	1	11.0	0.78	0.0	110.0	110.0	110.0	34.13	37.0	91.0	6636.0	1937.0	1167.0	205427.0	205427.0	205427.0	2344.2																0.0	56	24	0.014462829209523806						16.67																															33.33								28.57	8.33															4.17		6.67					33.33																					11.11																					33.33		25.0		25.0							7.14						11.11					25.0																																																					4.76				50.0																														16.67						16.67		25.0																									20.0					14.29		18.18																						12.5	16.67	16.67	11.11																																			
SRR24759602_binette_bin37	Bacteria	unclassified	unclassified	unclassified	unclassified	unclassified	unclassified	8	11.0	0.06	0.0	127.0	127.0	127.0	38.36	30.0	99.0	13138.0	3080.0	1191.0	314147.0	314147.0	314147.0	4068.1																0.0	56	24	0.08815890619047619	1.39									14.29																			25.0							50.0	33.33										25.0			25.0																									50.0														5.56																				12.5		11.11																				25.0			12.5					16.67																																											25.0																																			12.5																	11.11												10.0	14.29		16.67			20.0																																							33.33																												
SRR24759615_binette_bin51	Bacteria	unclassified	unclassified	unclassified	unclassified	unclassified	unclassified	1	11.0	0.14	0.0	62.0	62.0	62.0	34.27	22.0	51.0	13648.0	5337.0	3563.0	335318.0	335318.0	335318.0	6410.8																100.0	104	58	0.06280730095238095		20.0			50.0	33.33				14.29		20.0			6.67			16.67											25.0		20.0	25.0	20.0	33.33		50.0	33.33					14.29	50.0	25.0	14.29	16.67	12.5	50.0	50.0	25.0			6.67								29.17	66.67	6.67			16.67	28.57	66.67							50.0									20.0		20.0		6.25	33.33		50.0		15.38		25.0								5.56								22.22	25.0		25.0							14.29						5.56	10.0		20.0	25.0	25.0		12.5		11.11	30.0		33.33				7.14				66.67	40.0		11.11	11.11				11.11	33.33		100.0							28.57	16.67	11.11		44.44	4.0											28.57			9.09	11.9																				36.36												50.0				50.0	44.44												5.56																20.0		80.0	66.67		100.0			35.0	9.09		11.11			12.5		12.5										33.33	20.0		16.67		12.5	16.67	16.67	11.11		60.0												16.67	40.0						50.0														
SRR24759605_binette_bin32	Bacteria	unclassified	unclassified	unclassified	unclassified	unclassified	unclassified	1	10.9	0.08	0.0	73.0	73.0	73.0	35.71	24.0	60.0	8222.0	3327.0	1705.0	220722.0	220722.0	220722.0	3762.7																0.0	56	24	0.02345533223809524										14.29	33.33		14.29																													14.29	25.0	25.0	14.29	16.67	37.5	50.0													4.17		6.67				14.29	33.33																	20.0			12.5	27.78				15.38										5.56			16.67	16.67	25.0	25.0	66.67	11.11	25.0		25.0							7.14				50.0		22.22							12.5		11.11	20.0						7.14												11.11										14.29	16.67	11.11		11.11	4.0				11.11									12.5		4.76					16.67			16.67																						33.33				33.33						25.0		25.0	50.0	20.0		50.0							16.67														20.0	33.33					5.0	9.09	36.36	44.44						25.0												16.67															50.0	33.33	20.0		16.67	20.0		16.67		20.0							1.14									
SRR24759597_binette_bin47	unclassified	unclassified	unclassified	unclassified	unclassified	unclassified	unclassified	1	10.9	0.27	0.0	397.0	397.0	397.0	27.62	133.0	334.0	6040.0	1650.0	1079.0	662623.0	662623.0	662623.0	2105.5																0.0	56	24	0.019028394619047612				50.0											6.67				3.12										25.0																											8.33																																12.5	33.33																		16.67	25.0																			22.22				25.0						10.0																																							33.33	33.33					25.0																																	33.33										8.33													16.67														20.0																									5.0														50.0							33.33	40.0									16.67											33.33
SRR24759615_binette_bin92	Bacteria	unclassified	unclassified	unclassified	unclassified	unclassified	unclassified	1	10.9	5.93	0.0	251.0	251.0	251.0	44.3	99.0	216.0	3020.0	1473.0	1089.0	369239.0	369239.0	369239.0	1587.1																100.0	104	58	0.3566784147619048	14.35				25.0	16.67				14.29																			25.0							50.0	66.67										12.5														22.92	33.33	16.67			16.67	28.57	33.33		33.33					50.0								25.0					12.5	16.67	16.67	50.0		3.85	33.33																	11.11										21.43			33.33		33.33	22.22	20.0		20.0	25.0	50.0							11.11	12.5						25.0	16.67	50.0									50.0	50.0	22.22						14.29		11.11		22.22			5.56		11.11										9.09	4.76	16.67								16.67																					33.33		12.5				16.67	22.22												18.06															16.67			40.0			83.33		14.29	5.0	9.09							18.75						25.0								8.33		8.33	5.56		25.0	20.0		16.67			16.67			25.0	33.33						22.22				62.5							16.67							
SRR24759597_binette_bin44	Bacteria	unclassified	unclassified	unclassified	unclassified	unclassified	unclassified	3	10.8	0.1	0.0	116.0	116.0	116.0	38.79	31.0	82.0	15919.0	4624.0	1723.0	419345.0	419345.0	419345.0	5379.7																0.0	56	24	0.06175093495238096																																																																																					20.0													20.0										25.0							33.33						7.14										25.0			12.5					8.33			25.0						20.0											16.67						28.57	33.33	22.22		22.22	20.0	14.29										14.29	25.0																		50.0																						11.11								14.29								16.67														40.0			100.0			10.0	18.18																											20.0																			25.0														
SRR24759599_binette_bin60	Bacteria	unclassified	unclassified	unclassified	unclassified	unclassified	unclassified	1	10.8	0.39	0.0	288.0	288.0	288.0	33.33	122.0	252.0	2446.0	1244.0	1042.0	367766.0	367766.0	367766.0	1332.7																100.0	104	58	0.03805017980952381	1.39	40.0				50.0				14.29	33.33				40.0																											14.29	25.0	25.0			12.5	50.0													22.92	33.33	16.67			16.67		16.67						16.67										40.0	40.0								7.69	25.0						25.0								25.0	25.0	50.0	11.11			25.0	33.33									33.33		33.33	22.22			20.0	25.0	25.0		25.0		33.33	40.0		25.0					100.0				40.0						25.0					5.56	33.33	50.0	50.0	50.0		14.29	16.67			11.11			5.56				5.56	5.56				71.43		18.75		11.9	33.33				16.67			16.67									12.5													66.67		25.0		16.67						58.33	25.0	75.0	50.0	20.0		100.0	50.0		12.5				16.67				50.0		33.33	16.67							20.0			33.33			15.0	18.18					50.0	33.33	12.5	33.33										10.0					16.67	16.67			40.0					16.67			75.0	66.67	20.0		16.67	40.0		11.11		20.0		50.0														
SRR24759604_binette_bin37	Bacteria	Pseudomonadota	Gammaproteobacteria	Enterobacterales	Enterobacteriaceae	Gilliamella	unclassified	1	10.8	0.08	0.0	133.0	133.0	133.0	35.47	48.0	112.0	6399.0	1896.0	1176.0	238453.0	238453.0	238453.0	2086.6																0.0	56	24	0.0632422549047619					25.0	16.67				14.29					60.0														25.0								33.33					14.29	25.0	25.0			25.0	50.0													25.0	66.67												16.67														25.0	16.67				7.69	50.0						50.0										16.67	11.11	25.0										14.29								20.0		25.0							33.33					50.0		25.0		40.0																																	14.29		6.25	9.09	7.14					16.67				16.67									20.0	12.5													25.0								16.67	25.0		50.0			25.0											25.0													100.0		28.57	35.0			11.11					37.5				14.29							20.0		16.67							40.0					66.67			50.0					20.0						25.0					1.14									
SRR24759602_binette_bin36	Bacteria	unclassified	unclassified	unclassified	unclassified	unclassified	unclassified	1	10.8	0.03	0.0	318.0	318.0	318.0	26.49	125.0	276.0	4103.0	1322.0	1042.0	437163.0	437163.0	437163.0	1503.3																0.0	56	24	0.013820199685714286		20.0				16.67							14.29		13.33			16.67	3.12																																					8.33																												40.0	20.0			25.0							25.0					25.0							16.67	25.0	25.0	16.67												14.29					11.11					25.0																																												33.33	33.33					25.0												16.67											9.09										33.33										25.0	25.0	25.0	25.0										16.67																					9.09					25.0																																		16.67	20.0																				66.67
SRR24759616_binette_bin27	Bacteria	unclassified	unclassified	unclassified	unclassified	unclassified	unclassified	1	10.8	0.0	0.0	240.0	240.0	240.0	53.65	92.0	207.0	3805.0	1358.0	1046.0	338496.0	338496.0	338496.0	1563.5																0.0	103	57	0.0063179661857142855	1.39	40.0			25.0	22.22				14.29								16.67													20.0	25.0	40.0	50.0									25.0	25.0	14.29	18.75	25.0		50.0				6.67					66.67			16.67	33.33	6.67	18.18	18.18	58.33	14.29																	60.0	80.0			62.5					7.69					20.0		50.0			5.56						12.5					25.0						75.0	14.29	14.29	50.0				11.11			20.0	25.0	16.67					10.0						7.14				33.33	40.0	12.5						11.11			33.33	16.67						14.29	16.67	11.11		11.11	4.0									20.0		28.57		18.75		4.76																				27.27									100.0	33.33		37.5		16.67	100.0	16.67	22.22		16.67	33.33		50.0	25.0				50.0						16.67								13.33			16.67				33.33				4.76	10.0	9.09	9.09	33.33			50.0		25.0											30.0			16.67		8.33	11.11			40.0				25.0								33.33	60.0		16.67				50.0									33.33	100.0	33.33			33.33
SRR24759600_binette_bin61	unclassified	unclassified	unclassified	unclassified	unclassified	unclassified	unclassified	3	10.7	0.22	0.0	199.0	199.0	199.0	35.42	41.0	151.0	19162.0	3657.0	1257.0	538057.0	538057.0	538057.0	4953.7																0.0	56	24	0.01621127816666667															13.33																																																																																																																						8.7																																																		12.5																																																50.0																					20.0														6.25				14.29																								50.0	33.33	20.0																							
SRR24759603_binette_bin44	unclassified	unclassified	unclassified	unclassified	unclassified	unclassified	unclassified	1	10.7	0.7	0.0	401.0	401.0	401.0	53.78	147.0	342.0	18408.0	1525.0	1084.0	621753.0	621753.0	621753.0	2229.6																0.0	56	24	0.02230221945238095					25.0								14.29		20.0																																37.5																			16.67								33.33					33.33					100.0	60.0															25.0							16.67	25.0												25.0	14.29	28.57				50.0	22.22	20.0											30.56							25.0									33.33																								10.0			25.0	6.25																															50.0	33.33										33.33		50.0			14.29	25.0	50.0						16.67											16.67			20.0							18.18					50.0		12.5									50.0																8.33			25.0	33.33			16.67	20.0							12.5													33.33
SRR24759608_binette_bin53	unclassified	unclassified	unclassified	unclassified	unclassified	unclassified	unclassified	1	10.7	0.1	0.0	186.0	186.0	186.0	36.24	41.0	147.0	34130.0	2133.0	1167.0	419749.0	419749.0	419749.0	7549.6																0.0	56	24	0.01615040911904762																																																																	9.09																			20.0	60.0																																																4.35															20.0												33.33	50.0	50.0	100.0																		14.29	25.0								33.33				33.33																										100.0									40.0																																						16.67						12.5																																25.0														
SRR24759600_binette_bin59	Bacteria	unclassified	unclassified	unclassified	unclassified	unclassified	unclassified	1	10.6	0.11	0.0	268.0	268.0	268.0	59.08	111.0	234.0	2336.0	1293.0	1033.0	351473.0	351473.0	351473.0	1374.2																0.0	104	58	0.020773330542857144	1.85							33.33							20.0														25.0								33.33										12.5														4.17		6.67			16.67								16.67					66.67					20.0				37.5		25.0			3.85							25.0					25.0		16.67	25.0				25.0							25.0	25.0	14.29	14.29				33.33	33.33	40.0			25.0			12.5		22.22	10.0		11.11							25.0																			14.29	16.67	11.11		11.11														6.25		4.76																		20.0											50.0	66.67										25.0	50.0	25.0	25.0		14.29		50.0		5.56				16.67																			14.29	5.0	18.18							12.5						25.0			50.0		10.0													25.0	8.33			25.0				16.67	20.0																100.0				33.33
SRR24759608_binette_bin56	Bacteria	unclassified	unclassified	unclassified	unclassified	unclassified	unclassified	1	10.6	0.59	0.0	112.0	112.0	112.0	37.01	39.0	93.0	4447.0	1979.0	1113.0	200605.0	200605.0	200605.0	2071.3																50.0	349	230	0.061541340476190476																																													14.29	16.67																																													25.0														12.5		16.67	25.0							33.33																25.0																																																		14.29	25.0												16.67																									16.67																			16.67														10.0																																		20.0															22.22																		16.67
SRR24759612_binette_bin27	Bacteria	unclassified	unclassified	unclassified	unclassified	unclassified	unclassified	1	10.6	0.06	0.0	84.0	84.0	84.0	34.79	29.0	71.0	11463.0	4378.0	3000.0	367723.0	367723.0	367723.0	5110.7																0.0	56	24	0.018099243219047618															40.0																																									8.33					4.17		6.67					16.67																20.0	20.0				22.22											25.0										33.33	11.11	25.0		25.0					25.0		7.14	14.29					22.22				25.0																																				11.11												10.0						4.76																																		33.33						25.0		25.0					50.0	33.33																			20.0	33.33						18.18					25.0													20.0		16.67		12.5			11.11														33.33	40.0														33.33		100.0				
SRR24759599_binette_bin56	Bacteria	unclassified	unclassified	unclassified	unclassified	unclassified	unclassified	1	10.6	0.0	0.0	329.0	329.0	329.0	34.53	127.0	285.0	5035.0	1341.0	1046.0	457416.0	457416.0	457416.0	1582.9																0.0	103	57	0.0126981935	5.56					16.67																							25.0															25.0									6.67								29.17		46.67											16.67										20.0	20.0				16.67											25.0		33.33			12.5					66.67		50.0		25.0			25.0				21.43						22.22					25.0									25.0			50.0																																						25.0	25.0		33.33			20.0		16.67			16.67																	50.0									16.67						25.0	50.0		50.0	40.0		50.0			5.56																								10.0	9.09					25.0		12.5																										14.29		50.0	33.33	20.0		16.67	40.0																				
SRR24759597_binette_bin46	Bacteria	unclassified	unclassified	unclassified	unclassified	unclassified	unclassified	1	10.6	0.11	0.0	62.0	62.0	62.0	61.25	26.0	55.0	7799.0	3072.0	2603.0	201947.0	201947.0	201947.0	3498.6																0.0	104	58	0.03294844133333332														12.5	40.0																							50.0	50.0																																25.0													20.0	20.0				83.33																																						22.22	20.0											8.33								33.33											33.33																																																				50.0					33.33										16.67		25.0						33.33																			20.0							9.09					25.0		50.0											10.0														41.67							16.67	40.0																100.0				
SRR24759611_binette_bin41	Bacteria	unclassified	unclassified	unclassified	unclassified	unclassified	unclassified	1	10.6	0.58	0.0	185.0	185.0	185.0	60.71	72.0	158.0	2484.0	1598.0	1139.0	284952.0	284952.0	284952.0	1647.0																0.0	104	58	0.022583809242857144	3.7				25.0	50.0		33.33		14.29	33.33																		25.0								33.33	50.0	50.0								50.0	50.0													45.83	66.67	33.33					33.33			25.0			16.67										20.0	20.0			50.0	5.56	25.0			15.38					20.0							25.0						11.11				33.33						14.29						22.22	20.0		40.0	25.0	25.0					10.0								14.29	25.0	16.67											16.67							42.86	50.0	33.33		44.44	20.0	14.29										14.29		12.5	27.27	23.81																		60.0	25.0											33.33	6.67	25.0		16.67						16.67			50.0			25.0											25.0											33.33				28.57	30.0			11.11					6.25						50.0														40.0				25.0	33.33			25.0	33.33			16.67	20.0				20.0			12.5									100.0				
SRR24759611_binette_bin35	Bacteria	unclassified	unclassified	unclassified	unclassified	unclassified	unclassified	1	10.5	0.3	0.0	160.0	160.0	160.0	37.03	60.0	138.0	6855.0	1381.0	1075.0	233865.0	233865.0	233865.0	1729.0																0.0	56	24	0.014173558133333335					50.0	16.67							14.29																25.0							50.0	33.33								42.86	41.67																						33.33						16.67														37.5	27.78				7.69										5.56								11.11				33.33										50.0	33.33	11.11	20.0				25.0											7.14					10.0							11.11												11.11			4.0											57.14		12.5																																66.67		62.5		16.67												50.0			5.56															16.67			20.0					14.29								66.67	43.75											20.0	20.0		16.67		16.67	11.11		100.0	60.0								50.0	33.33	20.0									12.5														
SRR24759601_binette_bin37	Bacteria	unclassified	unclassified	unclassified	unclassified	unclassified	unclassified	1	10.5	0.23	0.0	111.0	111.0	111.0	35.68	44.0	96.0	6760.0	2125.0	1584.0	236174.0	236174.0	236174.0	2341.0																0.0	104	58	0.027290860690476197					25.0	66.67									6.67														25.0																		12.5			25.0											4.17		6.67																						20.0	20.0		3.12												50.0								50.0						25.0	33.33					50.0	28.57						27.78	30.0				50.0		12.5		11.11	20.0		50.0					100.0						11.11	11.11														14.29	16.67	11.11		11.11					11.11									12.5		4.76	16.67																	20.0	12.5										50.0											58.33	50.0	50.0	50.0			25.0							33.33				25.0									33.33	20.0							27.27		11.11			12.5	66.67	12.5											30.0																	50.0				16.67	20.0		16.67																		
SRR24759609_binette_bin42	Bacteria	unclassified	unclassified	unclassified	unclassified	unclassified	unclassified	1	10.5	0.09	0.0	40.0	40.0	40.0	32.84	4.0	27.0	85293.0	40614.0	4513.0	477757.0	477757.0	477757.0	40847.4																0.0	56	24	0.042868086904761904	1.39									57.14	66.67				20.0																												25.0		14.29	16.67	12.5		50.0		66.67		6.67								4.17		6.67											16.67	50.0									20.0	60.0	20.0		12.5	33.33				7.69							50.0			5.56						12.5	50.0		50.0		25.0							35.71	14.29	50.0				50.0	50.0			25.0					11.11	10.0		5.56				7.14			25.0									11.11			33.33							28.57	16.67	22.22		22.22	4.0									10.0						4.76					16.67			16.67																						33.33		50.0		33.33						33.33	25.0	25.0	50.0	20.0		50.0	100.0	33.33									50.0										20.0							36.36	54.55	66.67			37.5		18.75	16.67										40.0	20.0	16.67												8.33			25.0	33.33			16.67	20.0		16.67	25.0	40.0																
SRR24759607_binette_bin24	Bacteria	unclassified	unclassified	unclassified	unclassified	unclassified	unclassified	1	10.4	0.26	0.0	288.0	288.0	288.0	34.1	114.0	250.0	3174.0	1337.0	1050.0	395550.0	395550.0	395550.0	1488.3																0.0	104	58	0.061292535857142866		20.0			25.0	50.0									40.0			16.67											25.0														25.0		14.29	16.67	12.5		50.0				6.67				33.33								9.09	16.67								16.67	50.0				66.67					20.0	20.0			37.5					7.69							50.0			5.56			16.67	33.33	75.0		33.33					33.33					25.0						33.33	22.22				25.0	25.0		12.5		11.11	10.0		8.33				7.14				33.33			33.33	33.33			25.0	11.11			66.67							14.29	16.67	11.11		11.11	4.0													12.5			50.0															33.33		20.0	12.5	36.36					50.0					33.33					100.0			33.33		41.67		25.0	50.0			75.0		33.33					50.0	16.67			50.0		33.33					16.67			20.0							9.09						33.33	25.0	16.67													8.33	12.5	8.33	5.56	11.11	25.0					25.0				100.0	33.33	20.0		16.67	20.0		22.22																		
SRR24759599_binette_bin59	Bacteria	unclassified	unclassified	unclassified	unclassified	unclassified	unclassified	1	10.4	0.06	0.0	118.0	118.0	118.0	32.03	40.0	94.0	7273.0	3514.0	1806.0	354342.0	354342.0	354342.0	3545.1																0.0	104	58	0.053432220666666676	2.78									14.29		20.0	14.29		20.0														25.0								33.33																								8.33		13.33											16.67										20.0	40.0				16.67		25.0											33.33						25.0	25.0	66.67		25.0		75.0							7.14		50.0		50.0		22.22										10.0											10.0		11.11	11.11														14.29	16.67	11.11		33.33													25.0	12.5		9.52			20.0		16.67			16.67							50.0			20.0	12.5											33.33		50.0						33.33		25.0		50.0		20.0				33.33																			10.0					14.29		18.18	9.09	11.11			25.0		25.0														8.33	12.5	25.0	22.22	11.11	25.0																11.11				12.5	25.0													
SRR24759598_binette_bin53	Bacteria	unclassified	unclassified	unclassified	unclassified	unclassified	unclassified	1	10.4	0.04	0.0	322.0	322.0	322.0	36.91	133.0	281.0	2850.0	1285.0	1038.0	421921.0	421921.0	421921.0	1382.3																0.0	102	56	0.017130371652380953						33.33									40.0																																12.5											33.33			4.17		6.67				14.29												66.67					40.0	60.0	20.0			11.11		25.0					1.25				50.0					50.0		16.67	25.0		33.33	11.11			25.0		33.33			25.0	50.0	28.57						33.33	40.0				25.0		12.5			10.0				25.0																										11.11		11.11														12.5		4.76				50.0																									50.0					16.67		16.67	11.11			33.33		50.0	25.0		14.29	50.0			12.5				16.67				50.0		33.33		20.0						30.0							9.09	9.09	11.11			50.0		31.25											40.0	20.0	16.67			16.67	16.67											50.0	33.33	20.0		16.67	40.0																				
SRR24759609_binette_bin48	Bacteria	unclassified	unclassified	unclassified	unclassified	unclassified	unclassified	1	10.3	0.34	0.0	123.0	123.0	123.0	38.37	45.0	104.0	5364.0	1597.0	1098.0	200948.0	200948.0	200948.0	1930.8																0.0	56	24	0.05174656795238094					25.0	16.67																																							28.57	50.0	12.5									33.33					4.17		6.67											16.67												20.0			11.11				7.69							25.0		33.33	5.56							33.33		25.0		25.0						25.0	35.71					33.33	27.78	30.0			25.0												7.14												22.22										28.57	33.33	33.33		22.22	4.0												25.0	12.5		4.76			20.0																						50.0					33.33				16.67						25.0		25.0	25.0																															36.36	54.55	77.78			12.5															16.67	16.67		16.67	11.11		100.0														20.0																				
SRR24759609_binette_bin44	Bacteria	unclassified	unclassified	unclassified	unclassified	unclassified	unclassified	1	10.3	0.14	0.0	294.0	294.0	294.0	38.31	123.0	258.0	2937.0	1202.0	1025.0	371769.0	371769.0	371769.0	1346.0																0.0	56	24	0.013019360452380951	1.85	20.0				16.67							14.29	12.5					3.12												20.0	25.0	20.0	33.33									25.0			2.08	12.5		50.0	25.0											26.04	33.33	21.67			8.33		50.0															25.0		20.0	20.0		50.0	16.67				11.54			3.75										16.67	33.33	75.0													14.29		50.0	33.33			22.22	40.0				25.0		12.5		11.11	10.0							50.0			33.33	50.0		22.22	22.22	20.0						33.33	5.56	33.33	50.0	50.0	50.0		14.29	16.67	11.11		11.11			5.56				33.33	33.33		10.0		14.29		25.0	9.09	4.76									16.67				16.67		50.0			40.0	12.5	9.09																											50.0	33.33	12.5				66.67	66.67							20.0					33.33				33.33			20.0		9.09	16.67				66.67	25.0						25.0	12.5																												38.89				62.5					3.41									66.67
SRR24759597_binette_bin45	Bacteria	unclassified	unclassified	unclassified	unclassified	unclassified	unclassified	2	10.3	0.07	0.0	263.0	263.0	263.0	41.21	94.0	221.0	5603.0	1858.0	1130.0	461612.0	461612.0	461612.0	2033.2																0.0	103	57	0.012427447542857142																											25.0																																																									20.0																											11.11										14.29	14.29					11.11	20.0						12.5																																								11.11							28.57	25.0	12.5	9.09																																																				14.29																							9.09																																33.33								20.0							25.0	40.0								100.0				33.33
SRR24759615_binette_bin54	unclassified	unclassified	unclassified	unclassified	unclassified	unclassified	unclassified	1	10.3	0.13	0.0	37.0	37.0	37.0	37.02	8.0	25.0	46940.0	18860.0	5143.0	419909.0	419909.0	419909.0	20279.6																0.0	56	24	0.02449355673333333																																																																	4.55	16.67																															25.0																																		25.0																						33.33																																																																																									25.0																					25.0		33.33		8.33										5.0																															8.33											
SRR24759610_binette_bin66	Bacteria	unclassified	unclassified	unclassified	unclassified	unclassified	unclassified	1	10.3	1.18	0.0	104.0	104.0	104.0	47.46	30.0	85.0	11118.0	2040.0	1140.0	204001.0	204001.0	204001.0	2862.9																0.0	56	24	0.29116849428571434	6.94									14.29	33.33																										33.33					14.29	50.0				25.0		100.0												21.88		35.0					33.33											66.67							20.0		12.5	22.22				3.85						25.0	75.0								75.0	12.5							33.33					21.43					33.33	16.67	10.0			25.0			12.5		11.11	10.0		58.33						7.14			20.0																										11.11								25.0			14.29															50.0					9.09										33.33				33.33		16.67				33.33		25.0	50.0										33.33		50.0															50.0		14.29	20.0	27.27					12.5			16.67																								50.0										11.11		20.0		25.0														
SRR24759598_binette_bin67	Bacteria	unclassified	unclassified	unclassified	unclassified	unclassified	unclassified	1	10.3	1.5	0.0	184.0	184.0	184.0	45.1	73.0	157.0	3523.0	1624.0	1105.0	286557.0	286557.0	286557.0	1664.7																0.0	56	24	0.39138398666666674	6.94				50.0																								25.0							50.0	33.33										25.0														18.75		30.0	3.03			14.29			33.33					50.0								25.0					37.5		16.67	25.0			33.33												16.67	16.67	75.0	12.5		11.11				33.33		25.0				21.43		50.0	33.33		33.33	11.11	20.0			25.0			12.5		11.11	10.0			12.5		25.0					16.67	40.0		22.22	22.22	20.0						16.67	22.22	33.33	50.0	50.0	50.0							20.0	14.29	5.56							20.0						14.29	33.33																			18.18										33.33				16.67		50.0	55.56												23.61				50.0														10.0	33.33		33.33			10.0	18.18	18.18	33.33				33.33	68.75																								25.0								16.67	40.0						50.0							16.67							
SRR24759601_binette_bin39	Bacteria	unclassified	unclassified	unclassified	unclassified	unclassified	unclassified	1	10.2	0.0	0.0	209.0	209.0	209.0	32.72	69.0	177.0	6973.0	1540.0	1048.0	331334.0	331334.0	331334.0	2092.2																0.0	56	24	0.02739794169047619																					14.29																																								6.25		10.0																										16.67		50.0							20.0								16.67	33.33	50.0			11.11									50.0	14.29			33.33			11.11	20.0												50.0																			5.56						28.57	33.33	22.22		22.22			5.56									28.57	25.0												16.67											18.18									50.0																				12.5				33.33				25.0										40.0			33.33		14.29																													20.0													20.0								20.0												
SRR24759610_binette_bin52	Bacteria	unclassified	unclassified	unclassified	unclassified	unclassified	unclassified	1	10.2	0.11	0.0	280.0	280.0	280.0	45.53	96.0	236.0	9095.0	1705.0	1092.0	466324.0	466324.0	466324.0	2125.9																0.0	56	24	0.058285919952380943																																															25.0																																					20.0	20.0																																										11.11						4.35				10.0					25.0																																							14.29	25.0												16.67																															8.33								33.33	5.56																															33.33																																	16.67	20.0																				
SRR24759612_binette_bin28	Bacteria	unclassified	unclassified	unclassified	unclassified	unclassified	unclassified	1	10.2	0.0	0.0	51.0	51.0	51.0	39.61	14.0	42.0	16030.0	5024.0	2778.0	254369.0	254369.0	254369.0	6915.0																0.0	104	58	0.12252696014285712		20.0																																									25.0						50.0																																							15.62	33.33																						11.11	25.0			100.0						14.29						11.11	20.0																				40.0		22.22	22.22					33.33														20.0	14.29								10.0		14.29																																																40.0			100.0																		20.0										9.09	11.11					50.0										33.33										20.0															5.56				50.0														
SRR24759606_binette_bin39	Bacteria	unclassified	unclassified	unclassified	unclassified	unclassified	unclassified	1	10.2	0.05	0.0	133.0	133.0	133.0	36.98	43.0	112.0	6170.0	1634.0	1089.0	220384.0	220384.0	220384.0	2073.9																0.0	56	24	0.06947010280952381					25.0										40.0																														28.57	50.0															10.42		16.67																33.33							20.0		12.5	5.56				11.54							25.0			5.56											25.0	33.33				25.0	25.0	14.29						5.56	10.0															7.14		7.14										22.22															24.0	14.29										14.29				4.76				50.0																									50.0					8.33	100.0					41.67	50.0	25.0	75.0																								20.0						5.0	18.18		11.11			12.5	33.33															16.67		16.67	11.11		100.0		33.33											16.67	20.0												33.33								
SRR24759610_binette_bin49	Bacteria	unclassified	unclassified	unclassified	unclassified	unclassified	unclassified	2	10.2	0.08	0.0	269.0	269.0	269.0	32.27	71.0	214.0	15670.0	2716.0	1257.0	622397.0	622397.0	622397.0	3463.8																0.0	56	24	0.043727242619047625				50.0																																																									6.25		10.0																33.33									12.5		8.33			7.69	16.67						25.0								25.0																33.33																										22.22	22.22								5.56													5.56									14.29	25.0																																											41.67		50.0	25.0	20.0					12.5				16.67				25.0													33.33			5.0	18.18	18.18	22.22																									20.0															11.11																		33.33
SRR24759609_binette_bin46	Bacteria	unclassified	unclassified	unclassified	unclassified	unclassified	unclassified	1	10.2	0.14	0.0	204.0	204.0	204.0	37.97	73.0	173.0	4238.0	1612.0	1083.0	326643.0	326643.0	326643.0	1865.7																0.0	56	24	0.08079650847619049																																					33.33										25.0																																				25.0								25.0														12.5																										50.0											25.0								11.11	11.11												50.0																			50.0				16.67																																																																		30.0					14.29																																																														83.33
SRR24759604_binette_bin44	Bacteria	unclassified	unclassified	unclassified	unclassified	unclassified	unclassified	1	10.2	0.29	0.0	169.0	169.0	169.0	35.12	68.0	146.0	4573.0	1406.0	1079.0	241084.0	241084.0	241084.0	1563.0																100.0	104	58	0.06437611823809523		40.0			25.0	50.0				14.29		20.0			13.33														25.0							50.0	66.67										12.5			25.0											12.5	33.33																						20.0	40.0	20.0		12.5	16.67					50.0				20.0		25.0						16.67	16.67	25.0	25.0	33.33	22.22										28.57						38.89	30.0		20.0		50.0				11.11	20.0											20.0		33.33	33.33					33.33				33.33	50.0	50.0	50.0		28.57	33.33	11.11		33.33							5.56	5.56		10.0		42.86		12.5	9.09	14.29	16.67													50.0			12.5															25.0		16.67						25.0			50.0			75.0	100.0		5.56				16.67							16.67	20.0											14.29		9.09					37.5	33.33	12.5	16.67									33.33										80.0								50.0	33.33	20.0		33.33	40.0						25.0														
SRR24759601_binette_bin42	Bacteria	unclassified	unclassified	unclassified	unclassified	unclassified	unclassified	1	10.2	0.57	0.0	120.0	120.0	120.0	35.87	35.0	97.0	8379.0	2374.0	1173.0	258527.0	258527.0	258527.0	3031.3																0.0	56	24	0.06804864385714286					25.0										40.0														25.0							50.0	66.67								14.29	16.67															4.17		6.67					16.67																				12.5	66.67																		16.67	25.0			11.11			25.0																	50.0																								11.11																														4.76																																								16.67			50.0						5.56				16.67																			14.29								33.33															16.67		33.33	27.78		100.0																																		
SRR24759608_binette_bin58	Bacteria	unclassified	unclassified	unclassified	unclassified	unclassified	unclassified	1	10.2	0.45	0.0	149.0	149.0	149.0	35.64	56.0	128.0	3400.0	1465.0	1083.0	223019.0	223019.0	223019.0	1651.3																0.0	56	24	0.04480587614285715		60.0			25.0	16.67									20.0																20.0	25.0	20.0	33.33													25.0																				28.57	50.0																60.0	40.0	20.0		25.0	5.56																																14.29						5.56	10.0				25.0		25.0		22.22	30.0		25.0					100.0			50.0	20.0		11.11	11.11			25.0				83.33																11.11									12.5							16.67			16.67																										8.33		50.0	44.44			16.67		25.0		20.0		50.0											50.0		33.33				50.0	16.67						100.0			10.0	18.18					37.5	33.33	6.25	41.67										10.0		16.67												66.67			50.0	33.33	20.0									25.0														
SRR24759598_binette_bin61	Bacteria	unclassified	unclassified	unclassified	unclassified	unclassified	unclassified	5	10.2	0.75	0.0	280.0	280.0	280.0	49.45	70.0	220.0	18325.0	2688.0	1177.0	653767.0	653767.0	653767.0	3942.7																0.0	56	24	0.17329669761904765	5.09					16.67							14.29																								33.33																								8.33		13.33																														3.85																12.5												14.29	28.57					22.22	40.0				25.0																		11.11	11.11														14.29	16.67	11.11		11.11												14.29	25.0			9.52																																																																								14.29	5.0														75.0																			8.33							16.67	20.0							29.17													100.0
SRR24759599_binette_bin62	Bacteria	unclassified	unclassified	unclassified	unclassified	unclassified	unclassified	4	10.1	0.18	0.0	237.0	237.0	237.0	39.72	54.0	182.0	16040.0	3523.0	1326.0	654971.0	654971.0	654971.0	4716.9																0.0	56	24	0.2287018866666667																												50.0	25.0																14.29	16.67	12.5							75.0			33.33							27.27	36.36		14.29																25.0																						12.5		16.67	25.0							66.67					25.0											25.0								8.33		50.0	50.0											33.33				50.0						50.0							24.0	14.29		40.0								14.29	25.0				33.33				16.67			16.67												27.27	10.0			25.0												16.67	11.11							20.0	14.29								16.67				50.0		33.33		20.0	14.29																																							20.0																												16.67					66.67
SRR24759614_binette_bin46	Bacteria	unclassified	unclassified	unclassified	unclassified	unclassified	unclassified	1	10.1	0.16	0.0	101.0	101.0	101.0	45.49	41.0	87.0	4783.0	2286.0	1636.0	223592.0	223592.0	223592.0	2374.9																0.0	56	24	0.5129777657142857	1.39									14.29			14.29																50.0							50.0	66.67													25.0																									50.0								25.0					6.25	16.67									20.0		50.0									12.5		11.11						25.0				14.29	14.29		33.33			33.33	40.0			50.0			12.5		11.11	10.0		8.33								33.33			11.11	11.11							33.33							14.29	16.67	11.11		22.22										20.0		14.29	25.0												16.67											22.73												12.5		16.67						16.67			25.0				100.0		18.06						50.0			100.0						16.67			20.0	33.33				14.29		9.09		11.11					31.25	16.67										20.0		16.67		12.5	11.11		11.11	50.0	20.0												16.67	20.0																				
SRR24759615_binette_bin56	unclassified	unclassified	unclassified	unclassified	unclassified	unclassified	unclassified	2	10.0	0.3	0.0	93.0	93.0	93.0	37.24	13.0	58.0	36178.0	9922.0	1866.0	501136.0	501136.0	501136.0	14351.3																0.0	56	24	0.10820920828571429										14.29			14.29																																																																																															25.0							33.33					25.0		14.29									25.0		4.35						8.33																								50.0							20.0	14.29										14.29																																				12.5																					16.67																																																																																	100.0
SRR24759611_binette_bin36	Bacteria	unclassified	unclassified	unclassified	unclassified	unclassified	unclassified	1	10.0	0.16	0.0	121.0	121.0	121.0	36.58	35.0	96.0	7805.0	2943.0	1430.0	307172.0	307172.0	307172.0	3398.0																0.0	56	24	0.02792399882380953	2.78														40.0				3.12																										14.29	33.33										8.33					4.17		6.67					33.33																20.0	20.0								7.69					40.0		25.0			5.56			8.33	8.33	25.0	75.0					25.0	33.33					25.0		14.29					11.11				50.0												7.14												11.11										71.43	66.67	77.78		66.67	24.0	14.29					44.44	44.44				28.57				4.76																									50.0										100.0					33.33			75.0																																				25.0	33.33	6.25											20.0	20.0		16.67		16.67	11.11		50.0	40.0												16.67	20.0																				
SRR24759601_binette_bin41	Bacteria	unclassified	unclassified	unclassified	unclassified	unclassified	unclassified	1	10.0	0.4	0.0	158.0	158.0	158.0	43.88	61.0	136.0	4799.0	1469.0	1083.0	238321.0	238321.0	238321.0	1700.5																0.0	56	24	0.34321598333333336					25.0																								25.0														25.0	25.0					50.0															36.36	27.27	8.33													33.33									12.5	5.56																																14.29										50.0			12.5		11.11	20.0											20.0																	14.29	16.67	11.11		11.11																	33.33				16.67			16.67																												33.33	33.33			25.0	50.0	50.0		20.0	14.29			33.33																										9.09								16.67																		50.0																																		
SRR24759604_binette_bin102	Bacteria	unclassified	unclassified	unclassified	unclassified	unclassified	unclassified	1	10.0	3.81	0.0	148.0	148.0	148.0	48.04	59.0	128.0	2762.0	1466.0	1085.0	211883.0	211883.0	211883.0	1521.5																100.0	104	58	0.42265260285714285	5.56													12.5																																	12.5			25.0											18.75		30.0	15.15	9.09		14.29																								25.0																																	66.67															16.67					50.0				20.0		22.22	22.22							33.33	5.56						14.29	16.67	11.11		11.11			5.56		11.11											14.29																																				16.67	11.11									25.0			25.0								25.0	100.0									10.0			33.33			10.0																																	33.33										22.22				25.0														
SRR24759601_binette_bin40	Bacteria	unclassified	unclassified	unclassified	unclassified	unclassified	unclassified	1	10.0	0.12	0.0	117.0	117.0	117.0	34.91	41.0	98.0	5123.0	1694.0	1150.0	200778.0	200778.0	200778.0	2084.1																0.0	277	177	0.050406630571428565						33.33																															33.33					14.29	25.0	25.0				50.0									33.33																											60.0	40.0	20.0		12.5					7.69												12.5			50.0	25.0	33.33	11.11									75.0	42.86						50.0	50.0			25.0	25.0					10.0											20.0																																	28.57					33.33													50.0		33.33													100.0											41.67		25.0	50.0					66.67					33.33															33.33				14.29	5.0	27.27					12.5		50.0							25.0																									16.67	40.0						25.0														
SRR24759610_binette_bin56	Bacteria	unclassified	unclassified	unclassified	unclassified	unclassified	unclassified	1	10.0	0.39	0.0	356.0	356.0	356.0	49.75	137.0	303.0	3616.0	1625.0	1110.0	556240.0	556240.0	556240.0	1688.1																0.0	56	24	0.015849999357142857								33.33					14.29																																		12.5																			16.67													33.33					40.0	40.0					25.0										25.0							16.67	25.0											25.0			28.57																																																												25.0																																																14.29		50.0		5.56				16.67																										50.0											50.0																16.67																												33.33
SRR24759600_binette_bin62	Bacteria	unclassified	unclassified	unclassified	unclassified	unclassified	unclassified	1	10.0	0.08	0.0	133.0	133.0	133.0	34.77	44.0	113.0	11515.0	1438.0	1051.0	208053.0	208053.0	208053.0	2485.2																0.0	104	58	0.05884792823809523										14.29	33.33																											50.0	50.0	33.33	25.0				57.14	25.0	12.5																																										33.33																						11.11									25.0	42.86						33.33	60.0			25.0																							25.0													11.11																12.5																																				33.33	100.0											50.0																		16.67								14.29		9.09						66.67																	16.67	16.67			20.0								50.0	33.33	20.0			20.0				20.0			16.67							33.33						
SRR24759607_binette_bin23	Bacteria	unclassified	unclassified	unclassified	unclassified	unclassified	unclassified	1	10.0	0.09	0.0	141.0	141.0	141.0	39.14	45.0	111.0	6902.0	3084.0	1471.0	380468.0	380468.0	380468.0	3345.4																0.0	56	24	0.09905388385714284	1.39			50.0	25.0																																						25.0				25.0		50.0																														100.0									28.12	33.33		50.0									25.0								25.0	12.5						33.33						14.29					33.33	11.11	20.0			50.0					11.11	10.0		41.67											22.22	22.22					33.33														20.0	14.29												12.5																																33.33		12.5				33.33	33.33			8.33			25.0					33.33					16.67	33.33										16.67			20.0	33.33							9.09	11.11					37.5	16.67									33.33	20.0	20.0													25.0										5.56																		
SRR24759602_binette_bin44	Bacteria	unclassified	unclassified	unclassified	unclassified	unclassified	unclassified	1	10.0	0.83	0.0	206.0	206.0	206.0	47.81	82.0	178.0	2565.0	1383.0	1077.0	291025.0	291025.0	291025.0	1502.7																0.0	104	58	0.4747539428571428																																							50.0						14.29	16.67	12.5														12.5		20.0	6.06		8.33	28.57	33.33									20.0	50.0						20.0	20.0			12.5	50.0				7.69							25.0			5.56						25.0		11.11					33.33							50.0	33.33			11.11				25.0	25.0		12.5			10.0		25.0				7.14												11.11			33.33							14.29	16.67	11.11		11.11	4.0						5.56	5.56				14.29													16.67			33.33			50.0		12.5																			33.33	11.11			8.33						25.0			25.0								50.0		33.33	16.67																44.44			25.0		12.5											20.0	20.0	16.67															25.0	33.33			16.67	20.0		11.11													33.33	100.0				
SRR24759610_binette_bin102	Bacteria	unclassified	unclassified	unclassified	unclassified	unclassified	unclassified	1	10.0	3.06	0.0	132.0	132.0	132.0	48.4	50.0	113.0	3722.0	1611.0	1124.0	208232.0	208232.0	208232.0	1752.4																0.0	56	24	0.48196923714285717					25.0									12.5																																	12.5														6.25		10.0							16.67				16.67														12.5	16.67	16.67				33.33									8.33					50.0	25.0								25.0				7.14			33.33							25.0			12.5			10.0		16.67							25.0		10.0											5.56						14.29	16.67	11.11		22.22			5.56		11.11							42.86		6.25																											50.0									8.33														33.33	12.5				33.33							16.67							20.0			83.33				18.18																											20.0													20.0		11.11				12.5														
SRR24759598_binette_bin54	Bacteria	unclassified	unclassified	unclassified	unclassified	unclassified	unclassified	1	10.0	0.0	0.0	216.0	216.0	216.0	55.79	91.0	190.0	2392.0	1220.0	1024.0	273201.0	273201.0	273201.0	1320.1																0.0	56	24	0.0017767794857142857						16.67	25.0			14.29		20.0			40.0			66.67											12.5				20.0	16.67													12.5														6.25		10.0			16.67	14.29	33.33																				12.5																			16.67	50.0							66.67	33.33								33.33			11.11					25.0		25.0		22.22	40.0		8.33									50.0		11.11	11.11			25.0					22.22						57.14	50.0	44.44		55.56	40.0	28.57	5.56											12.5											16.67							33.33		60.0	12.5								8.33					25.0		16.67		16.67	11.11			50.0		50.0	50.0						12.5				33.33	33.33													60.0			66.67				9.09							25.0																									8.33							16.67	20.0						62.5										100.0				66.67
SRR24759610_binette_bin54	Bacteria	unclassified	unclassified	unclassified	unclassified	unclassified	unclassified	1	10.0	0.24	0.0	220.0	220.0	220.0	35.0	55.0	174.0	13916.0	2527.0	1180.0	498173.0	498173.0	498173.0	3697.3																0.0	56	24	0.02263517666666667										14.29																																																			4.17		6.67																										33.33											25.0														25.0							14.29	14.29					11.11	20.0					8.7				10.0		16.67																																											25.0			4.76																																25.0								8.33			25.0																															9.09						33.33								25.0				5.0																																										33.33
SRR24759609_binette_bin54	Bacteria	unclassified	unclassified	unclassified	unclassified	unclassified	unclassified	1	10.0	0.29	0.0	190.0	190.0	190.0	32.81	69.0	160.0	6088.0	1791.0	1125.0	320916.0	320916.0	320916.0	1961.8																0.0	104	58	0.039038393428571426		20.0			25.0	66.67									20.0																								50.0		25.0									25.0			6.67													16.67								16.67										20.0	20.0	20.0		25.0			50.0							20.0																							14.29						5.56	10.0			25.0	50.0		25.0		22.22	30.0											10.0		11.11	11.11					33.33							50.0		28.57	33.33	11.11		33.33												42.86		12.5							16.67			16.67																																16.67		25.0		20.0																					20.0		20.0	33.33		33.33				18.18	54.55	55.56			12.5	33.33		41.67									33.33	20.0		33.33	8.33	12.5	8.33	5.56	11.11	25.0	80.0																			12.5														
SRR24759604_binette_bin55	Bacteria	unclassified	unclassified	unclassified	unclassified	unclassified	unclassified	1	9.9	1.28	0.0	121.0	121.0	121.0	39.28	38.0	95.0	8298.0	3657.0	1812.0	389394.0	389394.0	389394.0	4029.2																0.0	104	58	0.1049593659047619		20.0		50.0	25.0														3.12																								25.0				12.5		50.0	50.0											16.67	33.33	6.67					16.67						16.67	50.0													12.5	38.89		50.0		7.69									33.33				16.67	16.67	50.0			22.22	25.0		25.0			25.0			25.0	28.57					33.33	22.22	40.0		20.0	50.0								33.33											33.33	33.33																									33.33	33.33					25.0	12.5		19.05	16.67		20.0		16.67			16.67																						33.33		37.5		8.33										60.0			50.0						33.33												20.0		20.0	33.33		33.33		14.29	15.0			11.11				33.33	62.5											20.0					11.11																			5.56																		16.67
SRR24759600_binette_bin60	Bacteria	unclassified	unclassified	unclassified	unclassified	unclassified	unclassified	1	9.9	0.03	0.0	198.0	198.0	198.0	42.63	53.0	164.0	34951.0	1632.0	1070.0	357196.0	357196.0	357196.0	6391.6																0.0	56	24	0.06439476133333334										14.29																			25.0							50.0	66.67						25.0				12.5		50.0												4.17		6.67					16.67											33.33									37.5	33.33	8.33				16.67												8.33	25.0	25.0	25.0		11.11	25.0		25.0	33.33																			37.5		33.33	30.0		25.0											11.11	11.11							33.33							14.29	16.67	11.11		11.11	20.0	14.29					11.11	11.11						25.0		4.76																																37.5		16.67						25.0		50.0		20.0		50.0			5.56				16.67	33.33													20.0					14.29		9.09								33.33										30.0		16.67															75.0	33.33	20.0																							
SRR24759599_binette_bin61	Bacteria	unclassified	unclassified	unclassified	unclassified	unclassified	unclassified	1	9.9	0.02	0.0	220.0	220.0	220.0	36.88	67.0	182.0	10054.0	1942.0	1106.0	409732.0	409732.0	409732.0	2620.5																0.0	104	58	0.017438710604761903																																														2.08															4.17		6.67																																																			25.0																																																																							4.76																									50.0																																											33.33							9.09	11.11				33.33																																				5.56																		
SRR24759614_binette_bin48	Bacteria	unclassified	unclassified	unclassified	unclassified	unclassified	unclassified	1	9.9	0.07	0.0	108.0	108.0	108.0	33.04	32.0	86.0	11521.0	3138.0	1614.0	301713.0	301713.0	301713.0	3785.9																0.0	56	24	0.06372682485714286		20.0				33.33				42.86					6.67																												25.0				25.0		50.0	25.0																	14.29	50.0																20.0	20.0			12.5	33.33									20.0		50.0					12.5			50.0		33.33										25.0		14.29	50.0				22.22	20.0				25.0		12.5		11.11	40.0											20.0		22.22	22.22														14.29	16.67	11.11		11.11					22.22							28.57		12.5			50.0				16.67			16.67																								75.0								50.0		50.0	50.0	20.0									16.67														20.0							18.18		11.11			25.0	33.33	37.5	25.0														12.5			11.11		20.0					50.0										11.11				25.0					1.14									
SRR24759614_binette_bin45	Bacteria	unclassified	unclassified	unclassified	unclassified	unclassified	unclassified	2	9.9	0.03	0.0	123.0	123.0	123.0	35.72	42.0	101.0	6131.0	2090.0	1251.0	253381.0	253381.0	253381.0	2503.7																0.0	56	24	0.09592906966666667		20.0				66.67									6.67			66.67																													12.5										33.33				4.17		6.67					33.33							50.0									20.0				12.5							25.0					25.0														25.0																		50.0					10.0													11.11	11.11					33.33													11.11					11.11							14.29		25.0		4.76																		20.0	12.5													25.0														50.0		33.33																			20.0					14.29				11.11					12.5				14.29			25.0			33.33	20.0	20.0		16.67		16.67	11.11		100.0					25.0				50.0	33.33	20.0																							
SRR24759616_binette_bin28	Bacteria	unclassified	unclassified	unclassified	unclassified	unclassified	unclassified	1	9.8	0.08	0.0	158.0	158.0	158.0	32.69	65.0	138.0	3198.0	1327.0	1042.0	210827.0	210827.0	210827.0	1416.6																0.0	56	24	0.006300489376190476	1.85				25.0										20.0								16.67			12.5			25.0																		25.0														10.42		16.67			33.33		16.67							50.0									10.0				12.5	33.33				15.38												25.0														25.0																										7.14			20.0																							14.29			11.11				8.33					12.5		11.9	16.67																											33.33												16.67		25.0									3.57															16.67	20.0						15.0	9.09													25.0														20.0																				50.0	60.0						33.33						
SRR24759609_binette_bin65	Bacteria	unclassified	unclassified	unclassified	unclassified	unclassified	unclassified	1	9.8	0.65	0.0	338.0	338.0	338.0	46.07	135.0	293.0	3596.0	1381.0	1074.0	476565.0	476565.0	476565.0	1538.8																0.0	56	24	0.4074240066666666	1.39																																				33.33							25.0			12.5																	3.03		8.33											30.0	100.0										12.5	44.44														16.67						12.5												14.29		50.0	33.33			22.22				25.0			12.5			10.0		16.67																			33.33						12.5						4.0			20.0						20.0		14.29					16.67								16.67						50.0															33.33				16.67	100.0					8.33					14.29		100.0		12.5								50.0	100.0	33.33	33.33	20.0											14.29																				20.0	20.0		8.33		8.33	5.56		25.0									25.0	33.33			33.33	40.0															16.67					
SRR24759613_binette_bin41	Bacteria	unclassified	unclassified	unclassified	unclassified	unclassified	unclassified	1	9.8	0.19	0.0	114.0	114.0	114.0	36.48	32.0	93.0	16131.0	2091.0	1149.0	238942.0	238942.0	238942.0	4218.9																0.0	56	24	0.029094962623809527	5.09				25.0	33.33				14.29					13.33																												25.0				25.0		50.0												20.83	33.33	13.33					16.67																				25.0	5.56		50.0		3.85			3.75		20.0										25.0	12.5	33.33					33.33	33.33											44.44	20.0		20.0	25.0	25.0		12.5			10.0													22.22	11.11														28.57	33.33	22.22		22.22	28.0	14.29										14.29		12.5	9.09	9.52				50.0																										33.33		25.0		8.33					16.67	25.0			50.0			50.0		66.67					16.67											16.67			20.0	33.33					5.0	9.09	9.09	11.11				33.33	31.25						75.0					20.0	20.0					16.67			20.0								50.0	33.33	20.0		33.33	40.0		22.22									1.14				33.33					
SRR24759612_binette_bin30	Bacteria	unclassified	unclassified	unclassified	unclassified	unclassified	unclassified	1	9.8	0.01	0.0	213.0	213.0	213.0	40.24	89.0	186.0	3084.0	1250.0	1033.0	275291.0	275291.0	275291.0	1364.3																0.0	103	57	0.07896532836666667	1.39	20.0			25.0	16.67												33.33											25.0									50.0	50.0	33.33	25.0	14.29	25.0	50.0	28.57	16.67	25.0	50.0													18.75	33.33	10.0					16.67						16.67									75.0					37.5			50.0		7.69												12.5				12.5	33.33	11.11	50.0									42.86			33.33			44.44	40.0		40.0	25.0	25.0				11.11	10.0											60.0		22.22	22.22								5.56						14.29	16.67	11.11		11.11	8.0		5.56							20.0		14.29		6.25		14.29												33.33																		33.33																	50.0		18.06								25.0							16.67	20.0		20.0	33.33		100.0			25.0	18.18		11.11					37.5	16.67													8.33	12.5	16.67	19.44		50.0						33.33							33.33	60.0	16.67	11.11	50.0			50.0									66.67					33.33
SRR24759614_binette_bin49	Bacteria	unclassified	unclassified	unclassified	unclassified	unclassified	unclassified	1	9.8	0.01	0.0	240.0	240.0	240.0	43.06	101.0	210.0	5452.0	1242.0	1041.0	310358.0	310358.0	310358.0	1402.4																0.0	103	57	0.03784541886666667						33.33				28.57	33.33				20.0													50.0											50.0		25.0						25.0	50.0													33.33	33.33	33.33																							40.0				12.5			7.69	25.0				40.0										25.0			11.11			50.0	33.33	66.67				75.0	64.29				75.0	50.0	55.56	60.0		40.0		25.0		12.5		11.11	10.0								14.29		33.33	60.0		33.33	33.33							66.67							28.57	33.33	22.22		22.22	28.0	14.29										42.86		12.5	9.09	38.1									16.67											27.27									100.0			50.0		16.67						25.0		25.0						33.33					16.67	16.67	50.0		50.0	100.0	33.33					33.33								14.29	20.0	36.36	45.45	66.67			25.0									12.5						16.67							40.0			50.0									16.67	20.0		11.11		20.0		75.0									33.33					
SRR24759612_binette_bin31	Bacteria	unclassified	unclassified	unclassified	unclassified	unclassified	unclassified	1	9.8	0.0	0.0	203.0	203.0	203.0	43.43	85.0	178.0	2920.0	1241.0	1042.0	261844.0	261844.0	261844.0	1356.3																0.0	103	57	0.012593719395238094						50.0							14.29						3.12																							14.29	25.0				12.5		50.0											25.0				18.18	18.18																			20.0								20.0													37.5			25.0	25.0	33.33	11.11	25.0									21.43	21.43			50.0	33.33	22.22	20.0				75.0		12.5		11.11	10.0	12.5																																			20.0			33.33	33.33		10.0		28.57		12.5			16.67																	20.0		9.09																			16.67	25.0		50.0				25.0	50.0																							33.33			5.0	18.18																		20.0	20.0								20.0			16.67		33.33			25.0																									
SRR24759615_binette_bin52	Bacteria	unclassified	unclassified	unclassified	unclassified	unclassified	unclassified	1	9.8	0.02	0.0	180.0	180.0	180.0	39.53	44.0	140.0	12859.0	3119.0	1274.0	461641.0	461641.0	461641.0	4007.0																0.0	56	24	0.10893534633333332																			3.12																												12.5						20.0	25.0													14.29																					12.5	11.11																	16.67	16.67	25.0												25.0	7.14										25.0								16.67			25.0						20.0					33.33						16.67				50.0		14.29	16.67	11.11		11.11	10.0	14.29					33.33	33.33				14.29									16.67			16.67																										16.67		16.67	22.22							20.0									16.67				50.0		33.33		10.0	14.29												18.18																		5.0										33.33	16.67																	25.0						33.33								16.67
SRR24759597_binette_bin52	Bacteria	Pseudomonadota	Gammaproteobacteria	Enterobacterales	Enterobacteriaceae	Gilliamella	unclassified	1	9.7	0.46	0.0	147.0	147.0	147.0	35.68	56.0	127.0	4176.0	1357.0	1046.0	211963.0	211963.0	211963.0	1666.4																50.0	104	58	0.03366468914285715					25.0	16.67				14.29			14.29						3.12																									25.0																																			66.67						20.0	20.0																				16.67	33.33	50.0		33.33	11.11	25.0									50.0		50.0		50.0	33.33	38.89	50.0			50.0	25.0																40.0																	14.29	16.67	11.11		11.11							33.33	33.33		10.0											16.67			16.67								33.33														66.67		25.0												20.0			100.0	33.33					33.33	16.67														33.33						18.18					12.5						14.29																																			50.0														
SRR24759600_binette_bin69	Bacteria	unclassified	unclassified	unclassified	unclassified	unclassified	unclassified	1	9.7	0.34	0.0	300.0	300.0	300.0	53.37	117.0	259.0	4594.0	1470.0	1069.0	435458.0	435458.0	435458.0	1585.3																100.0	104	58	0.021293317128571434								33.33					14.29		20.0																											14.29	25.0				12.5		50.0																			16.67						50.0										60.0	40.0				16.67	25.0	25.0							20.0				33.33					16.67	100.0	50.0													14.29					11.11																					20.0																	14.29	16.67	11.11		11.11												14.29	50.0	18.75					20.0																				16.67							33.33	6.67														14.29	25.0			5.56				16.67														10.0						5.0						25.0													10.0									40.0					16.67			25.0	33.33			16.67	20.0						25.0														33.33
SRR24759609_binette_bin50	Bacteria	unclassified	unclassified	unclassified	unclassified	unclassified	unclassified	1	9.7	0.2	0.0	267.0	267.0	267.0	36.13	85.0	222.0	6448.0	1876.0	1118.0	483330.0	483330.0	483330.0	2280.6																0.0	56	24	0.03731860180952381															20.0																																																																																																										28.57						22.22	40.0																																							11.11																																																																																												9.09	45.45	55.56				33.33														16.67																																								
SRR24759613_binette_bin40	Bacteria	unclassified	unclassified	unclassified	unclassified	unclassified	unclassified	1	9.7	0.13	0.0	260.0	260.0	260.0	42.82	80.0	219.0	19298.0	1555.0	1063.0	425681.0	425681.0	425681.0	2669.4																0.0	56	24	0.040751868809523806	4.63				25.0																																								14.29	16.67	37.5			50.0											4.17		6.67																														3.85												50.0	16.67	16.67	50.0	25.0						33.33					25.0											25.0						10.0																					33.33											11.11	20.0	14.29								20.0		14.29	25.0			4.76	16.67																																	16.67						25.0		50.0					100.0						33.33				50.0		33.33			14.29		16.67			20.0	33.33					5.0	9.09	18.18	22.22											25.0								8.33		8.33	5.56		25.0		33.33														11.11										33.33								
SRR24759596_binette_bin23	Bacteria	unclassified	unclassified	unclassified	unclassified	unclassified	unclassified	1	9.7	0.11	0.0	146.0	146.0	146.0	34.9	60.0	127.0	5820.0	1991.0	1582.0	295983.0	295983.0	295983.0	2163.1																0.0	56	24	0.04303816471428571					25.0	33.33									20.0																						33.33																								4.17		6.67											16.67										40.0	40.0			12.5	11.11											50.0		33.33								33.33	11.11			25.0							14.29						11.11	20.0			25.0	25.0																																																		25.0	12.5		4.76			20.0	50.0																														16.67						8.33	50.0		25.0						5.56																		40.0					14.29				11.11			50.0													20.0	20.0																					20.0																				
SRR24759614_binette_bin50	unclassified	unclassified	unclassified	unclassified	unclassified	unclassified	unclassified	1	9.7	0.2	0.0	109.0	109.0	109.0	27.88	30.0	86.0	11680.0	2978.0	1474.0	294362.0	294362.0	294362.0	3940.5																0.0	56	24	0.013569232838095238																		16.67	3.12																																																																					12.5							25.0													25.0											25.0												25.0				33.33																	20.0															11.11									33.33	33.33					25.0																																																								16.67														20.0								9.09	11.11																					8.33	8.33																																				100.0
SRR24759605_binette_bin35	Bacteria	unclassified	unclassified	unclassified	unclassified	unclassified	unclassified	1	9.7	0.01	0.0	179.0	179.0	179.0	31.25	68.0	155.0	3879.0	1356.0	1048.0	254085.0	254085.0	254085.0	1596.9																0.0	104	58	0.0037394118571428573						33.33																							50.0							50.0	66.67																								6.25		10.0	9.09	27.27	16.67		16.67																				37.5						25.0		1.25			25.0									25.0			11.11													33.33								50.0					10.0																						5.56						14.29		11.11		11.11			5.56	20.0	11.11	16.67								12.5			33.33																																							16.67		25.0				25.0			18.06		3.57		16.67														20.0	33.33		66.67		14.29		9.09							50.0											20.0													25.0				25.0																1.14									
SRR24759602_binette_bin41	Bacteria	unclassified	unclassified	unclassified	unclassified	unclassified	unclassified	1	9.7	0.38	0.0	123.0	123.0	123.0	36.19	46.0	104.0	3331.0	1804.0	1151.0	204796.0	204796.0	204796.0	1829.5																0.0	56	24	0.04333802919047619						33.33				14.29	33.33				20.0			50.0											25.0																		12.5														16.67	33.33	6.67			16.67																			20.0			25.0	5.56						25.0													25.0	25.0					25.0								14.29								20.0		25.0		12.5		11.11	20.0		41.67								16.67	60.0		22.22	22.22			25.0				16.67							14.29	16.67	11.11		33.33					11.11		5.56	5.56				14.29		25.0		11.9	16.67													50.0		33.33	12.5																	25.0						16.67		25.0				100.0							16.67							16.67													10.0	9.09							18.75																			50.0									100.0	66.67	20.0		16.67	40.0		11.11		20.0		50.0														
SRR24759609_binette_bin52	Bacteria	unclassified	unclassified	unclassified	unclassified	unclassified	unclassified	1	9.6	0.18	0.0	209.0	209.0	209.0	65.75	90.0	184.0	2001.0	1189.0	1033.0	257365.0	257365.0	257365.0	1273.2																100.0	104	58	0.04295933152380952						50.0				28.57	66.67																		25.0							50.0	100.0										12.5																					33.33																				68.75	27.78											25.0								100.0	75.0		11.11									25.0							11.11					25.0																																	14.29	16.67			22.22							5.56	5.56				28.57		12.5																			12.5												50.0	33.33	6.67			33.33						25.0			75.0			50.0			18.06								100.0		33.33	16.67								33.33				28.57				11.11					50.0																				60.0					16.67			50.0	33.33			16.67	40.0				40.0												100.0				
SRR24759610_binette_bin51	Bacteria	unclassified	unclassified	unclassified	unclassified	unclassified	unclassified	1	9.6	0.09	0.0	151.0	151.0	151.0	40.43	44.0	120.0	8944.0	2542.0	1310.0	355118.0	355118.0	355118.0	3324.0																0.0	56	24	0.39523694571428564	1.39	20.0			50.0																																					14.29	25.0		14.29	16.67			50.0												12.5	33.33																													75.0														12.5				12.5	33.33																	11.11				25.0						10.0		25.0			25.0				25.0		20.0					33.33				50.0		16.67				50.0																		14.29	25.0		9.09		33.33																	20.0	12.5																		11.11																				50.0		33.33								30.0	33.33					15.0								25.0											10.0	20.0	16.67							20.0																			25.0														100.0
SRR24759604_binette_bin42	Bacteria	unclassified	unclassified	unclassified	unclassified	unclassified	unclassified	1	9.6	0.11	0.0	187.0	187.0	187.0	40.55	54.0	150.0	8799.0	2634.0	1313.0	435001.0	435001.0	435001.0	3138.5																0.0	56	24	0.09846418761904761		20.0																																			33.33																	50.0													14.29								50.0																25.0														25.0										33.33						7.14										50.0											25.0						20.0											16.67											20.0	14.29											50.0				16.67								16.67																											16.67	22.22																				50.0		33.33					16.67			10.0					14.29		18.18																																														25.0														16.67
SRR24759602_binette_bin38	Bacteria	unclassified	unclassified	unclassified	unclassified	unclassified	unclassified	1	9.6	0.05	0.0	193.0	193.0	193.0	59.88	61.0	161.0	15597.0	1742.0	1101.0	340523.0	340523.0	340523.0	2729.9																0.0	104	58	0.0726016963809524					25.0								14.29																																		12.5														12.5	33.33																						20.0	60.0			50.0	16.67		50.0							20.0		50.0					12.5					33.33		25.0									7.14				50.0		22.22			20.0									33.33							25.0																			14.29	16.67	11.11		33.33												14.29																						20.0	12.5											66.67										25.0	50.0	25.0	25.0		14.29												50.0		33.33								20.0						10.0	18.18					25.0		6.25											10.0				12.5			11.11		20.0					41.67							16.67	20.0							12.5													100.0
SRR24759597_binette_bin50	Bacteria	unclassified	unclassified	unclassified	unclassified	unclassified	unclassified	2	9.6	0.2	0.0	214.0	214.0	214.0	45.18	58.0	173.0	10423.0	2186.0	1159.0	442412.0	442412.0	442412.0	3192.5																0.0	56	24	0.10045285952380952																													25.0																																12.5	33.33				16.67																	25.0																																												11.11			20.0			4.35																																									11.11								25.0				16.67								16.67																															8.33																												33.33					10.0																											50.0													33.33	40.0		11.11											16.67							
SRR24759602_binette_bin49	unclassified	unclassified	unclassified	unclassified	unclassified	unclassified	unclassified	6	9.6	0.06	0.0	72.0	72.0	72.0	51.1	15.0	48.0	34649.0	10365.0	2529.0	459413.0	459413.0	459413.0	11807.8																0.0	56	24	0.2108661450523809																																																																																											25.0																																								25.0																																																																																																																									10.0																																																																			
SRR24759615_binette_bin68	Bacteria	unclassified	unclassified	unclassified	unclassified	unclassified	unclassified	1	9.6	0.89	0.0	346.0	346.0	346.0	43.99	132.0	296.0	5042.0	1554.0	1095.0	532202.0	532202.0	532202.0	1699.5																0.0	104	58	0.2788267361904762	1.85				25.0	50.0							14.29	12.5																							33.33		50.0				25.0	25.0	14.29	16.67	25.0		50.0	25.0											4.17		6.67	9.09	9.09										50.0		20.0	75.0						20.0	20.0			12.5	38.89		50.0		11.54					20.0		25.0			5.56		12.5			25.0								33.33					14.29				50.0		22.22				50.0	25.0		25.0		11.11	20.0		16.67				7.14				50.0			33.33	33.33				11.11			50.0						12.5	42.86	33.33	33.33		44.44	4.0				11.11					20.0		14.29		12.5		4.76	50.0											33.33			50.0															66.67				8.33		16.67				8.33					14.29			33.33					16.67		50.0		50.0	100.0	33.33		20.0						40.0	33.33				14.29	5.0			44.44			25.0	33.33							25.0							16.67	8.33		8.33	5.56		25.0	20.0					50.0							33.33	40.0		22.22													33.33	100.0				
SRR24759598_binette_bin60	Bacteria	unclassified	unclassified	unclassified	unclassified	unclassified	unclassified	1	9.6	0.13	0.0	237.0	237.0	237.0	36.4	71.0	196.0	10011.0	1825.0	1092.0	431846.0	431846.0	431846.0	2565.3																0.0	56	24	0.04258183180952381					25.0																																																															16.67																																25.0							16.67	25.0			11.11				33.33		25.0				21.43						11.11	20.0														25.0						40.0															50.0																			50.0				16.67				16.67			16.67	16.67																															8.33			25.0	20.0	14.29				5.56				16.67				50.0		33.33								20.0			16.67				18.18																																														50.0														16.67
SRR24759598_binette_bin62	Bacteria	unclassified	unclassified	unclassified	unclassified	unclassified	unclassified	1	9.6	0.46	0.0	140.0	140.0	140.0	45.91	45.0	119.0	9201.0	1524.0	1063.0	227459.0	227459.0	227459.0	2388.0																0.0	104	58	0.15302980380952377	6.94				25.0	16.67																																					25.0	25.0					50.0				20.0				33.33				37.5	66.67	20.0				14.29	83.33							50.0				33.33							20.0		50.0			25.0																		12.5	33.33										25.0	42.86					33.33	38.89	50.0		20.0		25.0		12.5		11.11	20.0					50.0						20.0											16.67						14.29	16.67	11.11		11.11										20.0					18.18	14.29	33.33																			9.09										33.33							11.11			25.0		50.0					50.0															14.29					10.0			50.0			20.0	18.18					12.5	33.33	6.25														8.33		8.33	5.56		25.0	20.0		16.67			50.0														25.0							16.67							
SRR24759610_binette_bin104	Bacteria	unclassified	unclassified	unclassified	unclassified	unclassified	unclassified	1	9.6	3.29	0.0	162.0	162.0	162.0	35.27	52.0	137.0	12680.0	1472.0	1062.0	263362.0	263362.0	263362.0	2463.6																80.0	104	58	0.06192911133333334	2.78	20.0			50.0					42.86	33.33																																			2.08	12.5						6.67								10.42		16.67											16.67					66.67					40.0	40.0	40.0		37.5			50.0							20.0		25.0						8.33	8.33	25.0	75.0	33.33		25.0		25.0							50.0			33.33			44.44	40.0						12.5		11.11	10.0													22.22	22.22								5.56						28.57	33.33	11.11		22.22			5.56				11.11	11.11		10.0		42.86				4.76					16.67				16.67							33.33														33.33		50.0		16.67										20.0			100.0		12.5				16.67								20.0		50.0				40.0			100.0			10.0	27.27					50.0	33.33		16.67										40.0	20.0								80.0												16.67	20.0		11.11		20.0																
SRR24759606_binette_bin49	Bacteria	unclassified	unclassified	unclassified	unclassified	unclassified	unclassified	1	9.6	1.2	0.0	267.0	267.0	267.0	64.73	108.0	232.0	2553.0	1357.0	1052.0	366105.0	366105.0	366105.0	1454.2																0.0	56	24	0.03558878935714285					25.0					42.86	100.0			12.5															25.0							50.0	66.67	50.0	50.0								25.0														18.75	33.33	10.0								25.0															20.0		50.0	77.78											25.0								100.0	75.0	33.33	11.11	25.0								75.0	35.71	14.29	50.0	33.33			27.78	30.0		20.0									50.0								33.33	30.0										33.33	22.22						14.29	16.67	11.11		33.33			5.56				5.56	5.56																									12.5	20.0	12.5										100.0			87.5		75.0			11.11			41.67	50.0	25.0	75.0			50.0			30.56								50.0			16.67							20.0			33.33		28.57	10.0	27.27					12.5		62.5															12.5			11.11		20.0					16.67			50.0	33.33								60.0		37.5														
SRR24759600_binette_bin74	Bacteria	unclassified	unclassified	unclassified	unclassified	unclassified	unclassified	1	9.6	0.92	0.0	169.0	169.0	169.0	46.03	65.0	145.0	2842.0	1563.0	1097.0	257211.0	257211.0	257211.0	1643.3																0.0	56	24	0.36905854904761903																																																																27.27	36.36	41.67	14.29	33.33												6.67		25.0						12.5																		8.33	25.0	50.0	25.0								25.0																																	33.33	33.33						50.0																			11.11	11.11				14.29																								40.91	10.0				50.0									16.67																			33.33																																							10.0		16.67							20.0															11.11																		
SRR24759599_binette_bin66	Bacteria	unclassified	unclassified	unclassified	unclassified	unclassified	unclassified	1	9.5	0.47	0.0	152.0	152.0	152.0	35.3	42.0	122.0	9400.0	2502.0	1260.0	350745.0	350745.0	350745.0	3432.4																0.0	56	24	0.06061779657142858																													25.0																																4.17		6.67																					40.0	40.0				33.33											50.0					12.5	16.67	16.67	25.0						25.0							14.29						11.11	20.0			25.0																	40.0																	14.29	16.67	11.11		11.11																4.76																																								16.67			50.0										16.67																												6.25							12.5																		16.67														25.0														
SRR24759600_binette_bin66	Bacteria	unclassified	unclassified	unclassified	unclassified	unclassified	unclassified	1	9.5	0.21	0.0	133.0	133.0	133.0	36.4	50.0	114.0	7181.0	1486.0	1061.0	200926.0	200926.0	200926.0	1801.0																100.0	104	58	0.0658244372857143	4.17	20.0				16.67				14.29		20.0																	25.0		20.0	25.0	20.0	33.33			33.33									2.08	12.5														31.25	66.67	10.0																					20.0	20.0			25.0	38.89					25.0				20.0		100.0					12.5			25.0	37.5												14.29		50.0	33.33			33.33	20.0		20.0		25.0							100.0								50.0	80.0		22.22	22.22							83.33	22.22				50.0		28.57	33.33	33.33		33.33			5.56									14.29			9.09	7.14	83.33																													33.33		25.0		25.0			11.11			25.0			50.0						12.5				16.67				25.0						100.0							66.67		14.29	20.0		9.09	22.22			25.0	33.33	12.5											20.0									20.0												50.0	80.0		11.11				75.0														
SRR24759615_binette_bin66	Bacteria	unclassified	unclassified	unclassified	unclassified	unclassified	unclassified	1	9.5	1.12	0.0	67.0	67.0	67.0	45.25	27.0	58.0	6746.0	3872.0	2772.0	251302.0	251302.0	251302.0	3993.7																0.0	56	24	0.4033971585714285					25.0																																						25.0						50.0								33.33				12.5	33.33		9.09	18.18		14.29	33.33							50.0													37.5												25.0							16.67	50.0								33.33	25.0			25.0	14.29						11.11	20.0		20.0							10.0		8.33			25.0								11.11	11.11																												20.0					9.09																			20.0	12.5	39.39	10.0											50.0		16.67		33.33	11.11			8.33			25.0					33.33					33.33											16.67			20.0									11.11				33.33	50.0											40.0	20.0	50.0		12.5			11.11																																			
SRR24759604_binette_bin43	Bacteria	unclassified	unclassified	unclassified	unclassified	unclassified	unclassified	1	9.5	0.08	0.0	66.0	66.0	66.0	45.93	20.0	53.0	11579.0	4390.0	2469.0	273189.0	273189.0	273189.0	5418.6																0.0	104	58	0.42161896571428564	7.41				25.0																																					14.29	50.0	25.0					100.0					25.0							29.17	66.67	6.67					33.33							50.0								25.0			60.0		50.0	16.67				3.85							75.0			16.67			16.67	33.33	75.0		33.33					33.33		25.0				50.0						33.33	20.0		40.0							10.0		58.33											33.33	33.33																			20.0	14.29		20.0											9.09	4.76																																		16.67						50.0	50.0	50.0	50.0					100.0					50.0							33.33													25.0	45.45					25.0		37.5						25.0								8.33		8.33	5.56		25.0													16.67	20.0		11.11																		
SRR24759607_binette_bin26	Bacteria	unclassified	unclassified	unclassified	unclassified	unclassified	unclassified	1	9.5	0.24	0.0	173.0	173.0	173.0	33.15	67.0	147.0	4233.0	1758.0	1129.0	285577.0	285577.0	285577.0	1798.7																0.0	56	24	0.05896762780952382					25.0	16.67																																									25.0						6.67				33.33				8.33		13.33					33.33						16.67										20.0	40.0	20.0		25.0	33.33									20.0		50.0														75.0						50.0	14.29						16.67	30.0			25.0	25.0		25.0		33.33	30.0		41.67					50.0				10.0		11.11	11.11														14.29	16.67	11.11		22.22												14.29				9.52														50.0						13.64									50.0											16.67			50.0					100.0									25.0										20.0							9.09	54.55	55.56			37.5		6.25	50.0												16.67	16.67		16.67	11.11		50.0	20.0					16.67														12.5														
SRR24759610_binette_bin53	Bacteria	unclassified	unclassified	unclassified	unclassified	unclassified	unclassified	1	9.5	0.0	0.0	258.0	258.0	258.0	40.22	108.0	226.0	2803.0	1257.0	1043.0	333510.0	333510.0	333510.0	1360.3																0.0	104	58	0.02018483761904762						16.67				14.29	33.33																	50.0									33.33										12.5			25.0											12.5	33.33			13.64		14.29	33.33						16.67									50.0					37.5			50.0							20.0				33.33			25.0	8.33	8.33		25.0	33.33	11.11	25.0									21.43						22.22	20.0		20.0	25.0	25.0		25.0		22.22	30.0		25.0					50.0	7.14	25.0		20.0		22.22	22.22				33.33										28.57	33.33	22.22		33.33	8.0						11.11	11.11				42.86	25.0	37.5		14.29			20.0																	9.09												25.0		16.67												50.0			5.56					33.33	50.0		25.0	100.0							20.0		40.0	33.33		33.33		14.29	15.0	9.09	9.09	11.11					12.5	41.67						12.5							16.67	12.5	8.33	11.11			60.0				25.0	41.67			50.0	66.67	20.0		16.67	20.0	16.67	33.33		20.0		25.0									33.33					
SRR24759602_binette_bin40	Bacteria	unclassified	unclassified	unclassified	unclassified	unclassified	unclassified	1	9.5	0.13	0.0	85.0	85.0	85.0	39.55	26.0	71.0	40206.0	4324.0	2936.0	386747.0	386747.0	386747.0	8539.4																0.0	56	24	0.17960345142857145																																															12.5																					16.67											66.67				25.0					12.5																						33.33											28.57						44.44	40.0			25.0			12.5		11.11	10.0				25.0	25.0				25.0							33.33										50.0		14.29	16.67	11.11		11.11												14.29	50.0				16.67								16.67																															8.33																	50.0		33.33		10.0													9.09							6.25																																16.67	20.0																				83.33
SRR24759611_binette_bin39	Bacteria	unclassified	unclassified	unclassified	unclassified	unclassified	unclassified	1	9.4	0.0	0.0	81.0	81.0	81.0	33.92	39.0	73.0	2980.0	2718.0	2508.0	219745.0	219745.0	219745.0	2721.4																0.0	104	58	0.08206232566666667						33.33							14.29																																		12.5														6.25		10.0			16.67																		20.0	40.0			12.5	16.67				3.85					20.0																	33.33							14.29	50.0		50.0						25.0	25.0		12.5		11.11	20.0							50.0	7.14					11.11	11.11			25.0											14.29	16.67	11.11		22.22												14.29					16.67				16.67			16.67										20.0	12.5											33.33														20.0		50.0		33.33																									5.0		36.36	44.44					37.5	16.67										20.0		33.33							20.0								25.0	33.33											25.0													
SRR24759599_binette_bin76	Bacteria	unclassified	unclassified	unclassified	unclassified	unclassified	unclassified	1	9.4	1.46	0.0	221.0	221.0	221.0	44.73	68.0	181.0	9024.0	2108.0	1157.0	438532.0	438532.0	438532.0	2702.8																0.0	56	24	0.37600379190476196										14.29	33.33																										33.33								14.29	16.67	25.0			25.0											9.38		15.0	36.36	36.36	50.0	14.29	33.33							50.0					13.33		25.0						25.0												50.0			8.33					25.0			11.11						50.0				28.57			33.33			22.22	40.0									10.0					25.0								22.22	22.22						50.0		5.56	33.33	50.0	50.0	50.0		28.57	16.67	22.22		33.33	10.0	14.29	11.11	20.0						10.0							33.33																	20.0	12.5	4.55					50.0									16.67						25.0	50.0	25.0	25.0		14.29		50.0		12.5											16.67		14.29					20.0	33.33		83.33		14.29		18.18		11.11					25.0											30.0		33.33																						11.11		20.0			16.67								16.67					
SRR24759607_binette_bin27	Bacteria	unclassified	unclassified	unclassified	unclassified	unclassified	unclassified	2	9.4	0.44	0.0	246.0	246.0	246.0	58.36	82.0	210.0	59517.0	1330.0	1045.0	372173.0	372173.0	372173.0	10629.4																100.0	104	58	0.08828686899999999	3.7												14.29																25.0													14.29	25.0	25.0			25.0	50.0													8.33		13.33			16.67	14.29												66.67					60.0	80.0	20.0					50.0		15.38																		11.11				33.33						28.57	14.29	50.0				27.78	30.0			25.0								13.89							25.0		40.0											16.67								11.11			20.0	14.29								10.0		14.29				9.52																		40.0	12.5											33.33						16.67	22.22								14.29	25.0	100.0																				20.0						15.0	9.09		11.11			37.5								50.0			50.0											20.0				25.0	8.33			25.0	33.33			16.67	20.0						25.0	12.5													33.33
SRR24759608_binette_bin55	unclassified	unclassified	unclassified	unclassified	unclassified	unclassified	unclassified	1	9.4	0.08	0.0	226.0	226.0	226.0	36.29	75.0	189.0	5665.0	1833.0	1139.0	399831.0	399831.0	399831.0	2173.8																0.0	56	24	0.03065688142857143						16.67							14.29		13.33																20.0	25.0	20.0	33.33			33.33																								4.17		6.67					33.33																																					12.5						11.11			25.0							14.29				50.0		11.11	20.0			25.0	25.0					10.0													11.11	11.11																															25.0	12.5		4.76					16.67				16.67																					33.33																50.0		33.33															100.0									14.29			36.36	44.44																		16.67															50.0	33.33	20.0																							
SRR24759604_binette_bin46	Bacteria	unclassified	unclassified	unclassified	unclassified	unclassified	unclassified	1	9.4	0.14	0.0	145.0	145.0	145.0	37.8	58.0	126.0	3332.0	1352.0	1054.0	202300.0	202300.0	202300.0	1516.6																0.0	56	24	0.030923130642857143						50.0																							50.0							50.0	33.33		50.0		25.0					2.08	12.5										33.33				6.25		10.0		9.09										50.0													50.0	5.56		25.0															8.33	8.33	25.0	50.0	33.33	22.22									25.0	14.29			33.33			22.22	20.0				25.0		12.5		11.11	10.0		66.67					50.0				20.0											5.56													5.56				11.11	11.11						12.5			16.67				16.67				16.67									20.0	12.5															8.33												50.0			18.06																		30.0	33.33		100.0			10.0			11.11					25.0	33.33													16.67		16.67	11.11		100.0	20.0				25.0	33.33			50.0	33.33				20.0		5.56				25.0														
SRR24759615_binette_bin60	Bacteria	unclassified	unclassified	unclassified	unclassified	unclassified	unclassified	1	9.4	0.57	0.0	189.0	189.0	189.0	34.97	71.0	162.0	3761.0	1426.0	1057.0	277492.0	277492.0	277492.0	1637.9																0.0	104	58	0.05463830352380952						33.33				14.29		20.0	14.29		53.33														25.0							50.0	33.33										12.5							25.0							16.67	33.33	6.67																					40.0	80.0									25.0																	11.11			25.0	66.67					50.0			100.0		50.0		11.11			20.0	25.0	25.0																60.0		11.11	11.11					33.33			16.67						28.57	33.33	11.11		33.33												57.14			9.09	19.05														50.0				20.0	12.5										50.0	66.67		25.0					11.11			16.67		25.0						33.33	5.56																		20.0							9.09					25.0		12.5										33.33	30.0	20.0	16.67							40.0												16.67	20.0						75.0														
SRR24759615_binette_bin59	Bacteria	unclassified	unclassified	unclassified	unclassified	unclassified	unclassified	1	9.3	0.45	0.0	147.0	147.0	147.0	42.32	30.0	114.0	22669.0	3018.0	1210.0	371546.0	371546.0	371546.0	5448.5																0.0	56	24	0.05924221428571428																																										14.29	25.0						50.0												12.5	33.33																																														25.0		33.33																	11.11			20.0	25.0											25.0						20.0		11.11	11.11								5.56																						14.29	25.0																																																								16.67									14.29											20.0																																									20.0						25.0														
SRR24759611_binette_bin43	Bacteria	unclassified	unclassified	unclassified	unclassified	unclassified	unclassified	2	9.3	0.14	0.0	108.0	108.0	108.0	30.32	22.0	83.0	19582.0	3759.0	1249.0	293295.0	293295.0	293295.0	5695.5																0.0	56	24	0.048096092																			3.12																							14.29	25.0	25.0				50.0													18.75	33.33	10.0					16.67																		20.0			33.33				11.54															25.0	25.0		11.11								25.0		14.29						5.56	10.0		20.0									8.33					50.0	7.14			20.0																												33.33	33.33					25.0			14.29																				18.18																				16.67			50.0	40.0									16.67																				20.0	9.09					12.5																	12.5	16.67	16.67	11.11																					25.0														100.0
SRR24759615_binette_bin61	Bacteria	unclassified	unclassified	unclassified	unclassified	unclassified	unclassified	1	9.3	0.84	0.0	138.0	138.0	138.0	43.45	41.0	111.0	12433.0	2571.0	1358.0	317015.0	317015.0	317015.0	3266.8																0.0	56	24	0.5209622352380952	1.39				50.0					14.29	33.33		14.29																25.0																		12.5																	9.09	4.55										50.0														38.89		75.0							20.0								16.67	16.67	25.0	12.5																50.0		11.11				50.0			37.5		33.33	50.0										16.67	40.0										16.67						12.5	14.29	16.67	11.11		22.22					11.11							28.57					33.33																	20.0	12.5						50.0					66.67				41.67												25.0							16.67									14.29					50.0	33.33							18.18	33.33					31.25	41.67																			20.0												16.67	20.0		22.22		20.0		25.0														
SRR24759607_binette_bin28	Bacteria	unclassified	unclassified	unclassified	unclassified	unclassified	unclassified	1	9.2	0.21	0.0	220.0	220.0	220.0	41.78	71.0	184.0	12370.0	1745.0	1129.0	386866.0	386866.0	386866.0	2400.3																0.0	56	24	0.36800909095238094	12.5																		3.12									50.0	25.0																		37.5																			16.67		33.33						16.67	50.0				33.33									12.5			25.0											33.33			12.5	8.33	25.0	25.0	25.0						33.33	33.33															50.0			12.5		11.11	10.0		16.67		75.0							30.0				20.0				33.33													11.11	20.0	14.29			11.11		44.44	44.44					25.0	12.5					20.0																	18.18																16.67													5.56				16.67														10.0																								33.33	20.0	20.0			12.5			11.11		20.0												16.67	40.0		11.11				12.5							16.67							
SRR24759610_binette_bin108	Bacteria	unclassified	unclassified	unclassified	unclassified	unclassified	unclassified	1	9.2	7.09	0.0	117.0	117.0	117.0	47.18	34.0	97.0	7673.0	1885.0	1108.0	216339.0	216339.0	216339.0	2569.3																100.0	104	58	0.32934534761904755																																																													12.5		20.0	6.06																											25.0									50.0																								66.67			11.11				25.0	25.0					10.0							50.0		25.0												33.33																					20.0															33.33																															16.67			25.0			25.0			37.5																		10.0																																										25.0	33.33			16.67	20.0																				
SRR24759600_binette_bin65	Bacteria	unclassified	unclassified	unclassified	unclassified	unclassified	unclassified	1	9.2	0.0	0.0	280.0	280.0	280.0	56.43	112.0	244.0	6461.0	1273.0	1036.0	374594.0	374594.0	374594.0	1510.4																0.0	102	57	0.018207521	2.78											40.0																50.0														14.29	25.0	25.0			12.5	50.0													37.5	66.67	20.0			16.67				16.67				33.33										20.0	20.0	40.0				16.67			7.69	58.33								33.33							25.0	33.33	11.11									25.0	42.86	14.29		33.33		83.33	50.0	50.0		20.0	25.0			37.5		22.22	30.0		33.33		50.0					25.0	16.67	50.0		33.33	33.33							16.67	16.67						14.29	16.67	11.11		11.11	8.0												25.0	31.25	13.64	28.57			20.0												50.0			20.0		18.18										33.33					100.0		11.11		16.67	16.67		25.0			5.71	50.0			12.5				16.67											16.67	10.0	33.33						4.76	25.0	27.27	36.36	44.44			37.5	33.33	56.25	41.67						25.0						16.67									2.08			8.33			50.0	33.33	20.0			20.0			75.0			62.5									33.33					33.33
SRR24759603_binette_bin51	Bacteria	unclassified	unclassified	unclassified	unclassified	unclassified	unclassified	1	9.2	0.59	0.0	151.0	151.0	151.0	46.54	63.0	132.0	2810.0	1302.0	1054.0	202577.0	202577.0	202577.0	1415.4																0.0	104	58	0.36511496238095237	12.96				50.0	16.67																																					25.0				25.0		50.0												16.67	33.33	6.67	36.36	27.27										50.0								25.0					25.0	11.11		25.0		3.85					20.0					33.33		25.0			25.0		33.33					33.33		25.0										11.11			20.0		25.0							25.0				7.14													33.33				33.33	50.0	50.0	50.0		14.29	16.67	11.11		11.11	20.0	14.29										14.29				4.76					16.67			16.67	16.67									20.0	12.5	31.82	10.0				50.0									33.33						16.67		25.0		20.0				33.33					16.67		100.0		25.0			66.67							10.0						15.0	9.09	9.09	66.67					12.5						25.0				33.33	50.0	20.0	50.0							20.0												16.67	20.0		22.22		20.0																
SRR24759611_binette_bin42	Bacteria	Pseudomonadota	Gammaproteobacteria	Enterobacterales	Enterobacteriaceae	Proteus	Proteus mirabilis	1	9.2	0.0	0.0	164.0	164.0	164.0	40.86	60.0	140.0	4758.0	1586.0	1101.0	258783.0	258783.0	258783.0	1812.4																0.0	103	57	0.07618784723809524	1.39	40.0			25.0					42.86	33.33																	50.0										50.0	50.0	33.33	25.0				14.29	16.67	12.5																																					40.0	40.0			15.62	5.56											25.0						8.33	25.0	50.0	87.5						33.33					50.0											50.0			25.0		22.22	20.0																																	20.0	14.29			55.56		16.67	16.67																	16.67								12.5			28.57									50.0			50.0		16.67						16.67			50.0						5.56		25.0		33.33				50.0	100.0	33.33	16.67															9.09	22.22			50.0			33.33										20.0	20.0													33.33									16.67	33.33		20.0																
SRR24759610_binette_bin59	Bacteria	unclassified	unclassified	unclassified	unclassified	unclassified	unclassified	1	9.2	0.07	0.0	226.0	226.0	226.0	41.39	92.0	196.0	3425.0	1354.0	1059.0	310597.0	310597.0	310597.0	1479.7																0.0	104	58	0.018361012690476197	4.17									42.86	33.33		14.29																50.0							50.0	33.33					14.29	50.0	25.0	14.29	16.67	37.5	50.0	50.0												3.12		5.0					16.67						16.67	50.0													15.62	11.11		25.0		15.38					20.0					5.56		25.0			25.0	37.5		33.33										14.29				50.0		22.22	20.0											16.67				7.14					40.0		33.33	33.33				11.11			33.33	16.67						28.57	33.33	22.22		33.33	4.0		5.56									28.57		12.5											50.0				16.67					20.0	12.5											33.33		62.5		16.67			11.11			25.0	50.0	25.0						66.67	5.56				16.67	33.33			25.0							16.67	20.0	33.33	10.0			66.67			5.0	9.09							12.5											10.0									40.0												16.67	20.0		22.22		20.0		25.0										100.0				16.67
SRR24759607_binette_bin29	Bacteria	unclassified	unclassified	unclassified	unclassified	unclassified	unclassified	1	9.1	0.18	0.0	261.0	261.0	261.0	42.55	105.0	227.0	4774.0	1292.0	1039.0	353439.0	353439.0	353439.0	1518.6																0.0	56	24	0.05965945042857142														12.5														50.0														14.29	25.0		14.29	16.67	25.0		50.0				20.0											21.21	18.18	16.67	14.29	33.33																				25.0			25.0		7.69										5.56		37.5		16.67	25.0	25.0			25.0									21.43						33.33	20.0			75.0								33.33				7.14							22.22	22.22	20.0			11.11	33.33			5.56											10.0	14.29					5.56	5.56				14.29	25.0				33.33																12.5			9.09										33.33				16.67						8.33													16.67							16.67		14.29					10.0			16.67			5.0	9.09						33.33	25.0										33.33	20.0	20.0		16.67		16.67	11.11		100.0			16.67										50.0	60.0		11.11													33.33					
SRR24759610_binette_bin75	Archaea	unclassified	unclassified	unclassified	unclassified	unclassified	unclassified	1	9.1	1.12	0.0	125.0	125.0	125.0	46.33	42.0	106.0	5795.0	1692.0	1113.0	206250.0	206250.0	206250.0	1986.1																0.0	56	24	0.45475382952380955	13.89												14.29																								33.33													25.0											31.25	33.33	30.0												50.0													12.5	22.22				7.69							25.0									12.5						33.33	33.33								33.33	50.0														25.0						14.29	25.0		10.0											5.56					12.5	14.29	16.67	11.11		11.11	24.0	14.29	5.56	20.0						20.0					9.09		16.67																													33.33		12.5		33.33		16.67									14.29				12.5																					66.67		14.29	20.0			11.11																20.0	20.0													83.33								20.0						12.5									16.67					
SRR24759608_binette_bin87	Bacteria	unclassified	unclassified	unclassified	unclassified	unclassified	unclassified	1	9.1	2.1	0.0	168.0	168.0	168.0	35.19	69.0	146.0	3957.0	1324.0	1060.0	229739.0	229739.0	229739.0	1468.4																87.5	104	58	0.04936554019047619	2.78				25.0					28.57	33.33	20.0						16.67																																																													33.33						20.0			12.5						25.0				20.0		25.0					12.5	16.67	16.67	25.0	25.0	33.33		25.0								25.0	14.29						22.22	20.0			25.0						10.0		33.33									40.0		22.22	22.22					33.33			16.67						28.57	33.33	22.22		33.33												28.57					33.33															33.33		20.0	12.5													50.0		33.33	100.0		11.11			16.67		25.0						33.33					16.67															33.33		100.0			10.0	9.09		11.11															33.33										20.0					8.33												20.0		50.0														
SRR24759605_binette_bin36	Bacteria	unclassified	unclassified	unclassified	unclassified	unclassified	unclassified	1	9.1	0.03	0.0	149.0	149.0	149.0	29.84	54.0	127.0	7291.0	1662.0	1120.0	245171.0	245171.0	245171.0	1933.0																0.0	103	58	0.004061688885714286		20.0			25.0	33.33																																									12.5																			8.33								16.67														12.5			75.0							40.0							12.5					33.33						33.33				25.0							22.22	20.0			25.0	25.0																20.0											16.67						42.86	50.0	44.44		44.44												28.57		25.0																						9.09																16.67	11.11			16.67		25.0			14.29									66.67													30.0	33.33						9.09		11.11																									40.0													20.0						25.0														
SRR24759600_binette_bin67	Bacteria	unclassified	unclassified	unclassified	unclassified	unclassified	unclassified	1	9.0	0.0	0.0	128.0	128.0	128.0	32.64	44.0	108.0	14405.0	1726.0	1116.0	222426.0	222426.0	222426.0	2716.4																0.0	104	58	0.024953255761904762	1.39					33.33									40.0																																12.5														12.5		20.0																66.67					20.0									7.69					40.0									16.67	25.0	25.0	83.33		25.0			33.33						7.14						44.44	20.0				25.0													14.29		33.33											66.67							28.57	33.33	22.22		22.22							5.56	5.56				42.86																					12.5			13.64										33.33										16.67	25.0	25.0					50.0	33.33					16.67							16.67							20.0						10.0	18.18	18.18	22.22																									40.0												16.67	20.0																				
SRR24759600_binette_bin68	Bacteria	unclassified	unclassified	unclassified	unclassified	unclassified	unclassified	1	9.0	0.05	0.0	97.0	97.0	97.0	31.75	28.0	75.0	15980.0	3935.0	1892.0	327135.0	327135.0	327135.0	4810.0																0.0	56	24	0.04000814111904762						16.67								12.5					3.12																		33.33																																															20.0	40.0			12.5	33.33																12.5					33.33		50.0									7.14					33.33	22.22	20.0				25.0							16.67									20.0																					11.11							33.33	33.33									16.67																													33.33																		33.33																		33.33						14.29		9.09																						12.5			11.11						25.0								16.67	20.0						25.0														
SRR24759608_binette_bin85	Bacteria	unclassified	unclassified	unclassified	unclassified	unclassified	unclassified	1	9.0	1.67	0.0	141.0	141.0	141.0	44.75	50.0	119.0	9725.0	1651.0	1119.0	234420.0	234420.0	234420.0	2224.2																0.0	56	24	0.31999954190476193																																											25.0						50.0												12.5	33.33		3.03		16.67				16.67					50.0														16.67	8.33				16.67												16.67	33.33	50.0			11.11				33.33					25.0	14.29						22.22	40.0		20.0	50.0						10.0											20.0											16.67											30.0	28.57								20.0					9.09						16.67			16.67																													11.11							20.0			100.0	33.33					33.33				25.0											33.33																								10.0	20.0	16.67						50.0									25.0	33.33			16.67	40.0						25.0														
SRR24759602_binette_bin48	Bacteria	unclassified	unclassified	unclassified	unclassified	unclassified	unclassified	1	9.0	0.77	0.0	112.0	112.0	112.0	64.13	45.0	98.0	4322.0	1910.0	1543.0	223069.0	223069.0	223069.0	2152.0																0.0	56	24	0.04782533447619047					25.0	66.67				14.29	33.33			12.5	6.67																																12.5														6.25		10.0					16.67																				62.5	61.11				3.85												25.0																	14.29				33.33					25.0	50.0							16.67						7.14	25.0		10.0																	57.14	66.67	33.33		66.67												28.57		12.5																				20.0	12.5						50.0					33.33		25.0		16.67												50.0											50.0		33.33														5.0								50.0																				40.0					33.33			25.0	33.33				20.0				20.0		12.5														
SRR24759613_binette_bin42	Bacteria	unclassified	unclassified	unclassified	unclassified	unclassified	unclassified	2	9.0	0.09	0.0	56.0	56.0	56.0	32.95	3.0	37.0	125460.0	6049.0	2020.0	277624.0	277624.0	277624.0	58662.4																0.0	104	58	0.06877332452380955																																															12.5																		9.09																													50.0											25.0																	14.29																																																																																																	16.67																																	20.0															16.67																																																				
SRR24759606_binette_bin40	Bacteria	unclassified	unclassified	unclassified	unclassified	unclassified	unclassified	1	9.0	0.07	0.0	122.0	122.0	122.0	28.59	27.0	92.0	25495.0	3833.0	1392.0	367828.0	367828.0	367828.0	6231.3																0.0	56	24	0.024893433428571428		60.0			25.0	16.67												16.67	3.12																																33.33																																					12.5							25.0														25.0																						25.0	25.0																				20.0																								33.33	33.33				14.29	25.0	12.5																																																50.0											50.0		33.33						20.0		20.0			33.33																																							50.0	33.33	20.0																							100.0
SRR24759599_binette_bin95	Bacteria	unclassified	unclassified	unclassified	unclassified	unclassified	unclassified	1	9.0	1.91	0.0	197.0	197.0	197.0	42.95	76.0	169.0	3390.0	1571.0	1173.0	312129.0	312129.0	312129.0	1732.1																100.0	104	58	0.295341359047619	12.5				25.0																																													25.0							33.33							18.18	27.27			16.67						16.67	50.0													25.0	16.67		25.0											33.33				8.33	8.33	25.0	50.0						33.33	33.33					14.29						11.11	20.0			50.0								22.22	12.5	25.0					25.0	16.67	10.0		11.11	11.11					33.33		16.67							14.29	16.67	11.11		22.22	20.0	14.29					11.11	11.11				14.29	25.0	12.5					20.0																																	16.67				16.67	50.0	25.0						33.33					16.67														30.0	33.33						9.09	9.09	22.22				33.33											33.33	40.0	40.0	16.67							20.0												16.67	20.0		33.33				12.5														83.33
SRR24759602_binette_bin42	Bacteria	unclassified	unclassified	unclassified	unclassified	unclassified	unclassified	4	9.0	0.07	0.0	210.0	210.0	210.0	32.52	63.0	169.0	8901.0	2381.0	1250.0	461969.0	461969.0	461969.0	2954.2																0.0	56	24	0.07018336280952381										28.57	66.67																										33.33																																														25.0					12.5	5.56																			25.0							33.33					25.0											25.0			12.5		11.11	10.0											40.0				20.0							16.67																				10.0			25.0				16.67																																	58.33			11.11			16.67		25.0					50.0		5.56				16.67				75.0		33.33								20.0					14.29		9.09	18.18	55.56						16.67												16.67																						5.56		40.0		50.0										100.0				
SRR24759605_binette_bin42	Bacteria	unclassified	unclassified	unclassified	unclassified	unclassified	unclassified	1	9.0	1.09	0.0	45.0	45.0	45.0	44.54	13.0	38.0	16959.0	4423.0	2868.0	220637.0	220637.0	220637.0	7516.7																0.0	104	58	0.609991509047619	3.7									14.29	33.33																															14.29	25.0						50.0												8.33		13.33	18.18	9.09		14.29								50.0													37.5					7.69												25.0										33.33	33.33							50.0								50.0								16.67			25.0						30.0				20.0				33.33	50.0		16.67						28.57	33.33	22.22		22.22	20.0	14.29								10.0						9.52																																		33.33		33.33	22.22										50.0								50.0									16.67									15.0		18.18	33.33											50.0				33.33	30.0	20.0	16.67	16.67		47.22	36.11		50.0															16.67	33.33		20.0		37.5														
SRR24759604_binette_bin53	Bacteria	unclassified	unclassified	unclassified	unclassified	unclassified	unclassified	1	8.9	0.74	0.0	144.0	144.0	144.0	32.72	33.0	116.0	14738.0	2081.0	1167.0	311276.0	311276.0	311276.0	3985.6																100.0	104	58	0.03551947507142857	1.39				25.0					14.29		20.0			6.67																																														4.17		6.67																					80.0	80.0	20.0		50.0	16.67		25.0																	25.0	12.5	33.33		25.0		25.0							28.57					33.33	27.78	30.0						12.5		11.11	20.0											20.0		22.22	22.22																		22.22																4.76	50.0																	20.0	12.5											33.33		50.0								50.0		75.0		20.0																							10.0							45.45		22.22			37.5	33.33	12.5	16.67										30.0	20.0																											25.0														
SRR24759610_binette_bin58	Bacteria	unclassified	unclassified	unclassified	unclassified	unclassified	unclassified	1	8.9	0.0	0.0	146.0	146.0	146.0	41.26	56.0	124.0	5316.0	1715.0	1141.0	246403.0	246403.0	246403.0	1892.8																100.0	104	58	0.10579146571428573	5.56																																																												25.0	33.33	20.0	9.09		16.67		16.67							50.0									20.0	20.0			12.5	50.0		25.0									25.0																										33.33	11.11				25.0			12.5			10.0		5.56					50.0		25.0						20.0													14.29	16.67	11.11		22.22												14.29			9.09	14.29	66.67				16.67			16.67										20.0	12.5											66.67				25.0						8.33		25.0		20.0													50.0		33.33								10.0						20.0						25.0	33.33	25.0											10.0		16.67												33.33							16.67	40.0		22.22											16.67							
SRR24759599_binette_bin65	Bacteria	unclassified	unclassified	unclassified	unclassified	unclassified	unclassified	1	8.9	0.09	0.0	138.0	138.0	138.0	40.76	47.0	117.0	5886.0	1700.0	1097.0	231546.0	231546.0	231546.0	2046.8																0.0	56	24	0.26513830285714285	1.85												14.29																																																10.42		16.67			16.67	14.29	33.33															50.0										3.85																	33.33					33.33						7.14	14.29		33.33			33.33				25.0								11.11			50.0				25.0		20.0											5.56	33.33	50.0	50.0	50.0							20.0	14.29	5.56							20.0						4.76									16.67																															8.33									12.5												20.0									33.33			5.0	9.09		11.11				33.33	6.25						25.0													50.0													16.67	20.0						25.0														
SRR24759615_binette_bin58	Bacteria	unclassified	unclassified	unclassified	unclassified	unclassified	unclassified	1	8.9	0.0	0.0	1.0	1.0	1.0	44.95	1.0	1.0	267006.0	267006.0	267006.0	267006.0	267006.0	267006.0	267006.0																0.0	56	24	0.01576280565714286	5.56												14.29																													14.29	25.0				37.5		50.0	25.0																								16.67						6.67		25.0						12.5			50.0							20.0					16.67		37.5			25.0													14.29				50.0		11.11	20.0			50.0			12.5		11.11	10.0		8.33								16.67					20.0						16.67							14.29	16.67	11.11		11.11												14.29		6.25			16.67																													33.33		50.0																	5.56				16.67							33.33				16.67			20.0						5.0			44.44					25.0													16.67	16.67		47.22	36.11		50.0	60.0														16.67	33.33																		
SRR24759600_binette_bin75	Bacteria	unclassified	unclassified	unclassified	unclassified	unclassified	unclassified	1	8.9	0.68	0.0	157.0	157.0	157.0	44.19	54.0	131.0	5262.0	1927.0	1188.0	291430.0	291430.0	291430.0	2203.2																0.0	56	24	0.33331947142857143	6.94																																																	25.0											12.5		20.0	9.09	18.18	8.33	14.29	16.67							50.0													18.75			25.0																		12.5		11.11										14.29					33.33	22.22	20.0			25.0								5.56	12.5		25.0				25.0				11.11	11.11							33.33							14.29		11.11		11.11										20.0						14.29																														66.67		12.5		16.67		16.67	11.11										50.0								100.0									16.67			30.0	33.33					10.0		9.09	22.22				33.33	6.25											10.0		16.67																			16.67	20.0				20.0																
SRR24759608_binette_bin61	Bacteria	unclassified	unclassified	unclassified	unclassified	unclassified	unclassified	1	8.9	0.03	0.0	148.0	148.0	148.0	36.83	59.0	127.0	3177.0	1548.0	1138.0	229020.0	229020.0	229020.0	1663.5																0.0	104	58	0.014951649290476189					25.0	16.67																																50.0	50.0	33.33	25.0				14.29	16.67	25.0																																									12.5	50.0									20.0							25.0										33.33				25.0		14.29						11.11	20.0				25.0																																	42.86	33.33	33.33		33.33												28.57																																																													50.0		33.33																																										20.0																											33.33						
SRR24759601_binette_bin43	unclassified	unclassified	unclassified	unclassified	unclassified	unclassified	unclassified	1	8.8	0.06	0.0	157.0	157.0	157.0	29.7	45.0	125.0	11115.0	2679.0	1376.0	394290.0	394290.0	394290.0	3525.1																0.0	56	24	0.040068186000000006	1.85									14.29		20.0			6.67																														14.29	16.67															4.17		6.67																									12.5			25.0		11.54					20.0					5.56				16.67	25.0		33.33				25.0								14.29					11.11				25.0												7.14												11.11										14.29	16.67	22.22		22.22	4.0											14.29				4.76																		20.0	12.5													25.0												20.0									16.67														30.0						5.0		9.09	22.22					12.5						25.0														20.0																																	100.0
SRR24759604_binette_bin51	Bacteria	unclassified	unclassified	unclassified	unclassified	unclassified	unclassified	1	8.8	0.38	0.0	255.0	255.0	255.0	60.73	106.0	223.0	2480.0	1286.0	1035.0	332314.0	332314.0	332314.0	1368.7																0.0	56	24	0.08869775214285716	3.7												14.29	12.5	40.0																																25.0														8.33		13.33				14.29	33.33						16.67										80.0	100.0	20.0		50.0	33.33				7.69							25.0		33.33			12.5			100.0	50.0										25.0	25.0	14.29	14.29	50.0		50.0	33.33	16.67	10.0									10.0		25.0							25.0																			28.57	33.33	22.22		22.22												14.29	25.0	12.5		9.52			20.0															40.0	12.5										50.0	100.0				16.67		16.67	11.11									50.0	50.0	33.33	18.06								50.0		33.33									33.33					10.0	9.09					62.5								50.0			50.0						12.5			11.11							8.33			50.0	33.33			33.33	40.0																				66.67
SRR24759597_binette_bin49	Bacteria	unclassified	unclassified	unclassified	unclassified	unclassified	unclassified	1	8.8	0.0	0.0	90.0	90.0	90.0	36.45	26.0	73.0	14660.0	2303.0	1253.0	204749.0	204749.0	204749.0	3829.1																0.0	104	58	0.11613938485714287	5.56				25.0	16.67																																							28.57	8.33															16.67		26.67					50.0																		20.0			55.56																12.5									25.0						25.0	14.29						5.56	10.0																																					28.57	33.33	33.33		22.22																19.05																																		25.0	100.0																																20.0	33.33					10.0	9.09		11.11			12.5																16.67		16.67	11.11		100.0													16.67	40.0														33.33						
SRR24759615_binette_bin88	Bacteria	unclassified	unclassified	unclassified	unclassified	unclassified	unclassified	1	8.8	2.2	0.0	258.0	258.0	258.0	48.15	101.0	221.0	2918.0	1511.0	1067.0	382286.0	382286.0	382286.0	1593.3																66.67	104	58	0.43165074999999997						50.0																															33.33		50.0				25.0		14.29	16.67	12.5		50.0	25.0														21.21	18.18	16.67	14.29	33.33						16.67			20.0	50.0						20.0	20.0	20.0		6.25	33.33				7.69							25.0			22.22						25.0							33.33					21.43						38.89	10.0				25.0							58.33				7.14					20.0							11.11			33.33	8.33										11.11	4.0						5.56	5.56				14.29		12.5			16.67								16.67						50.0		12.5													33.33					100.0	33.33	11.11			8.33						50.0									100.0		50.0		33.33	33.33				16.67			20.0					14.29		18.18		44.44			37.5		12.5	16.67										20.0	20.0	16.67						50.0						50.0			25.0	33.33			33.33	40.0				20.0		25.0									33.33	100.0				
SRR24759608_binette_bin63	unclassified	unclassified	unclassified	unclassified	unclassified	unclassified	unclassified	1	8.8	0.03	0.0	158.0	158.0	158.0	35.3	43.0	127.0	14941.0	2403.0	1199.0	345820.0	345820.0	345820.0	3571.5																0.0	56	24	0.039736255809523814																																																																																						20.0			55.56																										33.33						14.29						5.56	10.0			25.0																																							20.0	14.29																																																8.33																																								9.09					12.5																					50.0																																		
SRR24759616_binette_bin31	Bacteria	unclassified	unclassified	unclassified	unclassified	unclassified	unclassified	1	8.8	0.01	0.0	257.0	257.0	257.0	59.35	98.0	222.0	7916.0	1357.0	1057.0	367003.0	367003.0	367003.0	1727.9																0.0	104	58	0.011539525676190474																													25.0	33.33															14.29	16.67	12.5														12.5	33.33				8.33				16.67		33.33			50.0													25.0		8.33	25.0		7.69	41.67				40.0		50.0			5.56				16.67	25.0									50.0					14.29				66.67	11.11			20.0				12.5		11.11	10.0			25.0			7.14			25.0		20.0		11.11	11.11				11.11										28.57	33.33	22.22		22.22	4.0				11.11							28.57	25.0		9.09											50.0						33.33		20.0		27.27										33.33				16.67						25.0		25.0	25.0					33.33					16.67								20.0			16.67			10.0						10.0	9.09	9.09	22.22					6.25																				20.0			16.67									16.67	20.0		22.22				25.0								33.33	33.33					
SRR24759610_binette_bin60	Bacteria	unclassified	unclassified	unclassified	unclassified	unclassified	unclassified	1	8.8	0.16	0.0	92.0	92.0	92.0	33.5	17.0	66.0	19675.0	4661.0	1469.0	334907.0	334907.0	334907.0	7372.2																0.0	104	58	0.01543727887142857																																																																																																											16.67	25.0								33.33																																																																		25.0																																							16.67																	16.67																																																					16.67																												
SRR24759609_binette_bin55	Bacteria	unclassified	unclassified	unclassified	unclassified	unclassified	unclassified	1	8.8	0.0	0.0	201.0	201.0	201.0	41.17	78.0	173.0	4673.0	1392.0	1053.0	289001.0	289001.0	289001.0	1597.1																0.0	56	24	0.036544571904761895	2.78				25.0					14.29	33.33																										33.33										25.0										33.33							30.3	27.27															6.67								15.62	5.56																25.0				25.0		11.11					33.33					21.43						22.22	20.0			25.0								25.0									20.0																																		25.0				16.67								16.67																									25.0		16.67													5.56													14.29		16.67								14.29		9.09						33.33															8.33		8.33	5.56		25.0															16.67	11.11		20.0		25.0							16.67							
SRR24759603_binette_bin88	Bacteria	unclassified	unclassified	unclassified	unclassified	unclassified	unclassified	1	8.7	1.17	0.0	247.0	247.0	247.0	43.83	98.0	213.0	3029.0	1445.0	1086.0	356428.0	356428.0	356428.0	1542.5																0.0	104	58	0.3226772647619048	6.94				50.0					14.29	66.67																																				25.0														25.0	33.33	20.0	9.09	9.09	16.67									50.0								25.0					25.0										40.0											12.5		11.11					33.33					14.29			33.33			22.22	20.0			50.0			25.0		11.11	20.0							50.0			50.0	30.0										50.0		33.33	50.0	50.0	50.0	12.5	42.86	50.0	33.33		55.56												28.57			9.09	14.29	33.33																													33.33		50.0		33.33		16.67				16.67		25.0				25.0			12.5									100.0				14.29		16.67									20.0	9.09						66.67												20.0	20.0		16.67		36.11	36.11		50.0	40.0					50.0							16.67	20.0		22.22		40.0		37.5														
SRR24759611_binette_bin45	Bacteria	unclassified	unclassified	unclassified	unclassified	unclassified	unclassified	1	8.7	0.01	0.0	44.0	44.0	44.0	33.92	12.0	35.0	23966.0	7599.0	3866.0	313722.0	313722.0	313722.0	10132.6																0.0	104	58	0.056706345619047624					25.0					14.29																																				2.08	25.0																					33.33							50.0													37.5																		16.67	33.33	50.0	25.0						66.67						14.29						11.11	20.0									10.0					25.0																												40.0	28.57					5.56	5.56		10.0				12.5																		33.33	12.5															25.0								16.67		25.0				50.0	100.0						33.33	16.67						16.67						33.33				100.0			10.0	9.09							25.0											5.0				12.5			11.11										50.0	33.33	20.0					5.56																		
SRR24759614_binette_bin103	Bacteria	unclassified	unclassified	unclassified	unclassified	unclassified	unclassified	1	8.7	3.67	0.0	239.0	239.0	239.0	64.52	97.0	208.0	2484.0	1329.0	1049.0	321440.0	321440.0	321440.0	1426.4																50.0	104	58	0.024241589176190476					25.0	50.0				14.29					6.67														25.0							50.0	100.0										25.0	50.0													12.5		20.0											16.67														50.0	83.33				7.69									33.33						100.0	50.0		33.33									50.0	28.57	14.29					22.22	40.0		20.0	25.0	25.0							25.0						14.29		33.33	30.0										33.33	16.67						42.86	33.33	33.33		33.33												14.29	25.0	25.0	9.09	14.29			20.0																										100.0			62.5					11.11			16.67			50.0						5.56								50.0										20.0					42.86	10.0								56.25											20.0		16.67							20.0					16.67			25.0					20.0						37.5														
SRR24759613_binette_bin44	Bacteria	unclassified	unclassified	unclassified	unclassified	unclassified	unclassified	1	8.7	0.11	0.0	102.0	102.0	102.0	45.25	43.0	89.0	3830.0	1998.0	1556.0	202539.0	202539.0	202539.0	2073.7																100.0	104	58	0.14590108066666665	23.61												14.29																										50.0				25.0				25.0		50.0	25.0											12.5		20.0	9.09	9.09	16.67	28.57	66.67						16.67	50.0									20.0	20.0						25.0								25.0	25.0		33.33	16.67		12.5				25.0																50.0	33.33													16.67									10.0		22.22	22.22																		22.22	4.0			20.0			5.56	5.56		20.0			25.0	12.5		14.29			20.0												50.0		12.5													66.67						16.67	11.11								42.86	25.0	100.0										50.0	100.0	33.33	50.0							10.0						10.0						25.0		25.0														8.33		8.33	5.56		75.0						66.67														12.5									16.67					
SRR24759599_binette_bin64	Bacteria	unclassified	unclassified	unclassified	unclassified	unclassified	unclassified	1	8.7	0.0	0.0	108.0	108.0	108.0	59.58	40.0	90.0	12664.0	2150.0	1482.0	228145.0	228145.0	228145.0	2925.6																0.0	104	58	0.026117836571428573						50.0		33.33																					25.0																		37.5	50.0													12.5		20.0			16.67								16.67												20.0			50.0	25.0			7.69									33.33								33.33	11.11	25.0									50.0						61.11	50.0		20.0	25.0	25.0		12.5		22.22	10.0		5.56						14.29	25.0	33.33											66.67							14.29	16.67	11.11		11.11										10.0			25.0	25.0	9.09	14.29			20.0															20.0	12.5											33.33										8.33					14.29	50.0	50.0																										10.0	27.27					12.5		18.75											10.0														16.67			50.0	33.33			33.33	60.0																100.0				
SRR24759606_binette_bin43	Bacteria	unclassified	unclassified	unclassified	unclassified	unclassified	unclassified	1	8.7	0.26	0.0	112.0	112.0	112.0	39.21	36.0	95.0	31683.0	3703.0	2713.0	457056.0	457056.0	457056.0	6393.5																0.0	56	24	0.1788936780952381	2.78	20.0																										50.0																			12.5																				14.29																																								16.67	25.0	25.0	33.33					33.33												33.33				25.0								25.0			25.0						20.0					33.33			33.33			22.22				50.0							20.0	14.29											50.0				16.67								16.67																					33.33						16.67	22.22			8.33									5.56				16.67								20.0			16.67						33.33											6.25										33.33	20.0	20.0																				33.33	40.0						25.0														16.67
SRR24759604_binette_bin47	Bacteria	unclassified	unclassified	unclassified	unclassified	unclassified	unclassified	1	8.6	0.02	0.0	107.0	107.0	107.0	40.13	21.0	78.0	29392.0	4608.0	1543.0	367769.0	367769.0	367769.0	7680.8																0.0	56	24	0.046496387380952374					25.0																																																																																	20.0		12.5			50.0															16.67	16.67	25.0			11.11										42.86						27.78	50.0			25.0																																																																																																											16.67														20.0	33.33						18.18					12.5													5.0																																										
SRR24759602_binette_bin46	Bacteria	unclassified	unclassified	unclassified	unclassified	unclassified	unclassified	1	8.6	0.21	0.0	70.0	70.0	70.0	45.43	25.0	60.0	8224.0	3205.0	2650.0	258274.0	258274.0	258274.0	4292.9																0.0	104	58	0.34178472190476183	5.56				25.0						33.33																	50.0									33.33																								25.0	33.33	20.0	6.06											50.0							25.0	75.0			20.0					50.0														37.5	16.67	16.67	75.0			11.11										35.71						16.67	30.0		20.0	25.0			12.5		11.11	20.0				75.0							20.0											16.67																						14.29	25.0			14.29	33.33														50.0																			16.67			11.11			16.67		25.0											33.33														40.0	33.33				14.29	20.0	45.45					12.5		6.25											10.0		16.67	8.33		8.33	5.56		25.0	20.0					33.33												20.0		25.0														16.67
SRR24759609_binette_bin57	Bacteria	unclassified	unclassified	unclassified	unclassified	unclassified	unclassified	1	8.6	0.11	0.0	151.0	151.0	151.0	33.57	60.0	129.0	2854.0	1689.0	1146.0	242553.0	242553.0	242553.0	1713.5																100.0	56	24	0.0355437980952381	1.39	20.0				50.0				14.29					40.0																																																																					60.0	40.0															25.0									12.5	33.33		25.0									7.14		50.0				22.22					25.0		12.5		11.11	30.0		8.33											11.11	11.11			25.0											28.57	33.33	22.22		22.22														25.0			16.67																													33.33		12.5				33.33	33.33									50.0															20.0				20.0	33.33								9.09		11.11			50.0			25.0										10.0		16.67															50.0	33.33	20.0		16.67	20.0		22.22																		
SRR24759612_binette_bin36	Bacteria	unclassified	unclassified	unclassified	unclassified	unclassified	unclassified	1	8.6	0.34	0.0	120.0	120.0	120.0	40.58	35.0	99.0	11262.0	2067.0	1195.0	234138.0	234138.0	234138.0	2944.0																0.0	56	24	0.07251728547619048								33.33		14.29																			25.0														25.0						50.0															45.45	45.45	41.67	28.57	33.33							50.0					6.67								12.5	33.33	25.0									25.0							8.33	25.0	50.0	25.0						33.33					25.0	14.29						33.33	40.0						12.5					16.67									40.0								33.33														20.0	14.29					11.11	11.11				14.29																																				12.5				16.67	11.11			8.33													33.33									14.29		16.67										9.09																	33.33	20.0	20.0																				16.67	20.0		22.22				25.0														
SRR24759600_binette_bin113	Bacteria	unclassified	unclassified	unclassified	unclassified	unclassified	unclassified	1	8.6	3.82	0.0	172.0	172.0	172.0	42.94	68.0	149.0	3841.0	1394.0	1043.0	242039.0	242039.0	242039.0	1541.2																0.0	104	58	0.07682194619047619	5.56				75.0					14.29			14.29	12.5															25.0							50.0	33.33						25.0						50.0												37.5	33.33	40.0	33.33	27.27	16.67		33.33							50.0					6.67								25.0	16.67										25.0								16.67	25.0	25.0		11.11										7.14	14.29				33.33	22.22			20.0	25.0			12.5			20.0		33.33									20.0								33.33			16.67											4.0			20.0								28.57			9.09	14.29					16.67			16.67										40.0	25.0	3.03										33.33		12.5					11.11			41.67		50.0		20.0	14.29				5.56				16.67				25.0																10.0	27.27	18.18	22.22				66.67	25.0										33.33	20.0	20.0		8.33		8.33	5.56		25.0	20.0												16.67	20.0						25.0									16.67					
SRR24759609_binette_bin56	Bacteria	unclassified	unclassified	unclassified	unclassified	unclassified	unclassified	1	8.6	0.0	0.0	174.0	174.0	174.0	45.69	52.0	143.0	10024.0	2015.0	1164.0	343469.0	343469.0	343469.0	2930.6																0.0	104	58	0.029968867238095238	5.56				25.0					14.29																													50.0						14.29	16.67	12.5										33.33				28.12	33.33	25.0	27.27	36.36	8.33								16.67	100.0											20.0		12.5	33.33	8.33	50.0		7.69	16.67									22.22		25.0				25.0							33.33				25.0	21.43						16.67	10.0		20.0				12.5			20.0		25.0				7.14			25.0				44.44	55.56				11.11														11.11	4.0		5.56							20.0		14.29		6.25											16.67									20.0	12.5													25.0			100.0	16.67				33.33	50.0	50.0			14.29		100.0	66.67												33.33				16.67			20.0						10.0	36.36					12.5	66.67	6.25											20.0	20.0	16.67	8.33		8.33	5.56		25.0																													33.33					
SRR24759603_binette_bin49	Bacteria	unclassified	unclassified	unclassified	unclassified	unclassified	unclassified	2	8.6	0.01	0.0	3.0	3.0	3.0	36.26	1.0	1.0	392603.0	392603.0	392603.0	397112.0	397112.0	397112.0	388171.9																0.0	56	24	0.04371371656190476					50.0														3.12										25.0							50.0	33.33							25.0			12.5											66.67			12.5	33.33		72.73	100.0	100.0																						12.5			50.0															8.33	25.0	25.0	25.0		11.11	25.0									21.43		50.0							60.0	25.0			12.5		11.11	10.0															20.0																								44.44	44.44						12.5		21.43																		60.0	25.0													50.0														50.0		33.33	11.11				16.67														20.0	33.33					10.0	9.09	9.09	11.11				33.33		16.67																			20.0								50.0	33.33	20.0					22.22																		
SRR24759606_binette_bin42	Bacteria	unclassified	unclassified	unclassified	unclassified	unclassified	unclassified	1	8.6	0.05	0.0	116.0	116.0	116.0	33.98	35.0	95.0	8620.0	2017.0	1140.0	227907.0	227907.0	227907.0	2752.0																0.0	56	24	0.062497398285714295						66.67									13.33			16.67																			33.33																														14.29												66.67																25.0			20.0										25.0			11.11										14.29						11.11	20.0			25.0	50.0					10.0													11.11	11.11														28.57	33.33	22.22		22.22												14.29		25.0																						13.64																16.67	11.11									100.0		33.33																								14.29			9.09	11.11					43.75	25.0																			20.0					16.67			75.0	66.67	20.0					22.22																		
SRR24759616_binette_bin30	Bacteria	unclassified	unclassified	unclassified	unclassified	unclassified	unclassified	1	8.6	0.0	0.0	145.0	145.0	145.0	50.26	58.0	126.0	3335.0	1316.0	1044.0	197285.0	197285.0	197285.0	1473.5																0.0	103	57	0.011798708809523809					25.0																																										12.5	50.0		25.0											12.5		20.0				14.29	33.33																		20.0		12.5					7.69														16.67	25.0			11.11	25.0							25.0		21.43			33.33			16.67	30.0		20.0				12.5		22.22	20.0			25.0				50.0	14.29																																				14.29			22.73	14.29									16.67				16.67			33.33																			100.0														25.0				16.67	16.67													20.0	33.33				4.76	10.0	18.18					12.5	33.33		16.67													16.67	12.5	8.33	11.11																		5.56																		
SRR24759600_binette_bin76	unclassified	unclassified	unclassified	unclassified	unclassified	unclassified	unclassified	1	8.6	0.43	0.0	109.0	109.0	109.0	45.83	33.0	89.0	7617.0	2113.0	1220.0	222376.0	222376.0	222376.0	2706.9																0.0	56	24	0.4156035857142858						50.0																							25.0														25.0		14.29	16.67	25.0		50.0					25.0																			50.0						66.67									15.62	16.67		25.0		7.69										5.56																													25.0							16.67			25.0	7.14	50.0				30.0							11.11			33.33												4.0									20.0			50.0	12.5																				20.0	12.5															8.33	100.0												100.0										25.0										10.0									44.44				33.33														16.67							20.0																			12.5									33.33					
SRR24759604_binette_bin57	unclassified	unclassified	unclassified	unclassified	unclassified	unclassified	unclassified	1	8.6	0.61	0.0	219.0	219.0	219.0	46.63	84.0	188.0	4099.0	1466.0	1048.0	316382.0	316382.0	316382.0	1596.1																0.0	56	24	0.38075297761904764																																					33.33										12.5														12.5		20.0				14.29							16.67			30.0	100.0		6.67									38.89													33.33						25.0															50.0				22.22							12.5			10.0																												14.29	16.67	11.11		11.11												14.29	25.0	12.5			16.67		20.0						16.67			33.33			50.0															33.33				25.0	100.0	16.67	11.11			8.33						25.0							16.67				50.0	100.0	33.33		20.0						20.0					14.29									12.5																									66.67							33.33	40.0																				
SRR24759615_binette_bin64	Bacteria	unclassified	unclassified	unclassified	unclassified	unclassified	unclassified	1	8.6	0.49	0.0	353.0	353.0	353.0	56.9	137.0	304.0	5011.0	1430.0	1072.0	511422.0	511422.0	511422.0	1610.5																100.0	56	24	0.03142220271428572	3.7				25.0			33.33					28.57		40.0														25.0													14.29	25.0					50.0	50.0												20.83		33.33			16.67								16.67					33.33					60.0	60.0			12.5		25.0			15.38							25.0							16.67	100.0	50.0		11.11										14.29	28.57			50.0		33.33	40.0		20.0	25.0								25.0						14.29		33.33	40.0										33.33									11.11														14.29		6.25	9.09	23.81																		20.0					16.67							66.67										25.0		50.0			14.29	25.0							16.67																				25.0	9.09					50.0								50.0			50.0																16.67			25.0	33.33			16.67	20.0						25.0	12.5													33.33
SRR24759609_binette_bin60	Bacteria	unclassified	unclassified	unclassified	unclassified	unclassified	unclassified	1	8.5	0.08	0.0	99.0	99.0	99.0	44.84	26.0	80.0	15630.0	2233.0	1191.0	217765.0	217765.0	217765.0	4111.5																0.0	56	24	0.26847855571428575	12.5									14.29	33.33											16.67																							14.29	16.67	12.5																	18.18	18.18	8.33	28.57	16.67					50.0		50.0													25.0			50.0		7.69										5.56								11.11						25.0				21.43						22.22	20.0			25.0												7.14					20.0							11.11															4.0												25.0																																					16.67		66.67	55.56								57.14										100.0									16.67			20.0							9.09		11.11						16.67										10.0		16.67							20.0										40.0							40.0		25.0										100.0				100.0
SRR24759599_binette_bin68	Bacteria	unclassified	unclassified	unclassified	unclassified	unclassified	unclassified	1	8.5	0.04	0.0	177.0	177.0	177.0	36.86	62.0	150.0	5870.0	1614.0	1095.0	283040.0	283040.0	283040.0	1927.4																0.0	56	24	0.027684395857142854						16.67																																								2.08	12.5														4.17		6.67	9.09	27.27																								33.33											25.0					12.5									25.0																	25.0								8.33																																			11.11							14.29				4.76																		20.0	12.5																					8.33			25.0																																9.09	11.11					12.5	16.67																																		5.56																		
SRR24759608_binette_bin66	Bacteria	unclassified	unclassified	unclassified	unclassified	unclassified	unclassified	1	8.5	0.37	0.0	207.0	207.0	207.0	34.06	83.0	179.0	2528.0	1456.0	1088.0	297456.0	297456.0	297456.0	1525.5																0.0	104	58	0.05891054561904762	1.39	20.0			25.0	50.0				42.86		20.0			20.0																						33.33										12.5			25.0																								33.33					33.33					20.0				25.0										20.0				33.33				16.67	16.67	50.0	12.5	50.0	11.11										14.29	14.29					22.22	20.0				50.0				11.11	20.0		16.67					100.0		25.0	33.33	40.0		11.11	11.11							33.33	16.67						28.57	33.33	22.22		33.33												28.57	25.0	18.75					20.0																													75.0					11.11				25.0							33.33					33.33																			14.29				11.11					12.5	16.67										30.0	20.0	16.67	8.33		25.0	22.22		75.0	40.0					66.67										11.11				50.0														
SRR24759614_binette_bin52	Bacteria	unclassified	unclassified	unclassified	unclassified	unclassified	unclassified	1	8.5	0.01	0.0	65.0	65.0	65.0	46.38	31.0	58.0	4034.0	3588.0	3225.0	231276.0	231276.0	231276.0	3578.6																0.0	56	24	0.20552922952380953										14.29	33.33								3.12																															25.0							33.33				12.5	33.33						16.67																					5.56									20.0								25.0	41.67	50.0	25.0		11.11				33.33						14.29						11.11	20.0		20.0							10.0													44.44	55.56									33.33	50.0	50.0	50.0		28.57	33.33	22.22		44.44	20.0	14.29			11.11		44.44	44.44		10.0		14.29			9.09																50.0			20.0	12.5													12.5		33.33											14.29		50.0						33.33															33.33				14.29								33.33																					20.0					16.67							16.67	40.0		11.11		20.0																
SRR24759614_binette_bin92	Bacteria	unclassified	unclassified	unclassified	unclassified	unclassified	unclassified	1	8.5	1.1	0.0	146.0	146.0	146.0	59.86	60.0	127.0	2358.0	1410.0	1105.0	207065.0	207065.0	207065.0	1493.9																0.0	56	24	0.029816647952380954	1.85				50.0			33.33						12.5																																	12.5	50.0													29.17	33.33	26.67					16.67						16.67					33.33					40.0	60.0			3.12		25.0			11.54					40.0		25.0							16.67	25.0			11.11										14.29						22.22	20.0		20.0				12.5		11.11	10.0		16.67						14.29																				28.57	33.33	22.22		22.22					11.11							28.57			18.18	19.05																														33.33																							16.67																				25.0						25.0		6.25						25.0			50.0											40.0				25.0	8.33							16.67	20.0							12.5									100.0				
SRR24759614_binette_bin58	Bacteria	unclassified	unclassified	unclassified	unclassified	unclassified	unclassified	1	8.5	0.46	0.0	185.0	185.0	185.0	47.35	70.0	159.0	5752.0	1476.0	1073.0	274712.0	274712.0	274712.0	1684.3																0.0	104	58	0.4506402080952381	1.39									14.29	33.33			12.5																							33.33																								12.5		20.0														10.0	50.0										6.25	38.89																				37.5																		22.22							25.0		11.11	20.0		16.67																										14.29	16.67	11.11		11.11							5.56	5.56				14.29					16.67								16.67						50.0		12.5													33.33				25.0						8.33						50.0											50.0		33.33	16.67	20.0											14.29										16.67										20.0	20.0													66.67			25.0	33.33			33.33	40.0				20.0																
SRR24759601_binette_bin44	Bacteria	unclassified	unclassified	unclassified	unclassified	unclassified	unclassified	1	8.4	0.04	0.0	72.0	72.0	72.0	43.88	27.0	63.0	14510.0	3246.0	2984.0	280450.0	280450.0	280450.0	5144.1																0.0	56	24	0.5216922533333334	11.11									14.29	66.67																																		14.29	16.67																		12.12	18.18	16.67	14.29																					18.75	33.33		25.0		7.69										38.89							33.33	11.11						25.0			25.0							11.11							12.5		11.11	30.0		8.33			75.0	14.29					40.0		11.11	11.11				11.11				16.67				50.0		28.57	33.33	22.22		33.33	4.0											14.29																			50.0			20.0	12.5															41.67	100.0	16.67	22.22			16.67	50.0	25.0													50.0					66.67				16.67			10.0							9.09						33.33	37.5											20.0	20.0	16.67							20.0					16.67									16.67	11.11		40.0		50.0									33.33	100.0				50.0
SRR24759597_binette_bin54	Bacteria	unclassified	unclassified	unclassified	unclassified	unclassified	unclassified	1	8.4	0.0	0.0	228.0	228.0	228.0	31.88	84.0	195.0	3747.0	1533.0	1090.0	353542.0	353542.0	353542.0	1748.9																0.0	104	58	0.01615822259523809																			3.12																																					8.33					4.17		6.67																																											16.67	16.67	25.0		16.67				25.0								28.57									25.0																																											11.11		33.33	33.33					25.0	6.25		4.76																																								33.33	25.0	50.0											16.67															33.33						18.18																																										11.11						40.0												33.33
SRR24759608_binette_bin64	Bacteria	unclassified	unclassified	unclassified	unclassified	unclassified	unclassified	1	8.4	0.02	0.0	177.0	177.0	177.0	36.64	50.0	146.0	10405.0	1929.0	1098.0	338097.0	338097.0	338097.0	2810.7																0.0	56	24	0.011484040452380953															20.0																																														4.17		6.67																										38.89																	16.67	33.33	50.0						25.0																																																																							4.76																																		8.33						16.67			50.0										33.33																																							20.0		16.67																				20.0																				
SRR24759612_binette_bin35	Bacteria	unclassified	unclassified	unclassified	unclassified	unclassified	unclassified	1	8.4	0.12	0.0	227.0	227.0	227.0	35.76	94.0	198.0	2991.0	1277.0	1039.0	296056.0	296056.0	296056.0	1377.5																0.0	56	24	0.0013599167619047618					25.0																																	50.0	50.0	33.33	25.0				14.29	16.67	12.5	50.0													12.5		20.0												50.0											20.0		37.5					7.69							25.0											11.11				33.33						14.29						16.67	10.0		20.0															14.29																													11.11						33.33				9.09	14.29																				21.21										33.33				16.67						8.33			25.0														50.0		33.33							66.67	20.0						10.0	9.09					12.5		6.25																25.0	25.0															16.67	20.0							25.0													
SRR24759604_binette_bin48	Bacteria	unclassified	unclassified	unclassified	unclassified	unclassified	unclassified	1	8.4	0.17	0.0	103.0	103.0	103.0	45.74	25.0	81.0	13316.0	3005.0	1419.0	273691.0	273691.0	273691.0	4606.6																0.0	56	24	0.12658361114285713																																																									33.33																																16.67																																14.29						11.11	20.0					4.35																																																																																																																															9.09	11.11																																																										
SRR24759600_binette_bin77	Bacteria	unclassified	unclassified	unclassified	unclassified	unclassified	unclassified	1	8.4	0.3	0.0	126.0	126.0	126.0	43.74	42.0	104.0	6813.0	2046.0	1152.0	238112.0	238112.0	238112.0	2308.7																0.0	56	24	0.4563397285714287					25.0					14.29						50.0													25.0														25.0						50.0	25.0														18.18	9.09									16.67	50.0																											33.33					16.67	50.0			11.11										42.86						44.44	60.0			25.0																																						11.11										20.0		14.29	25.0	12.5					20.0																											33.33		25.0								16.67		25.0					50.0	33.33					33.33											16.67				33.33						18.18																					8.33		8.33	5.56		25.0													16.67	40.0																				
SRR24759614_binette_bin53	Bacteria	unclassified	unclassified	unclassified	unclassified	unclassified	unclassified	1	8.4	0.0	0.0	178.0	178.0	178.0	31.68	76.0	156.0	2546.0	1286.0	1044.0	231928.0	231928.0	231928.0	1363.1																0.0	104	58	0.007793590728571429														12.5																																										8.33																		16.67												20.0			5.56											25.0		33.33								83.33		25.0								25.0	50.0						61.11	50.0				25.0																40.0											16.67						28.57	33.33	44.44		33.33													50.0	25.0					20.0	50.0																										33.33				8.33			11.11			8.33	25.0		25.0			50.0																					20.0	33.33						27.27					12.5		6.25																												50.0	33.33	20.0		33.33	40.0		5.56				50.0														
SRR24759610_binette_bin62	Bacteria	unclassified	unclassified	unclassified	unclassified	unclassified	unclassified	1	8.3	0.01	0.0	154.0	154.0	154.0	29.35	34.0	121.0	20832.0	2710.0	1175.0	372953.0	372953.0	372953.0	4866.8																0.0	56	24	0.02983209578571429														12.5															25.0																																																							20.0	20.0	20.0		12.5			25.0		7.69																25.0												14.29	14.29					5.56	10.0																50.0				20.0																																						16.67																																																																	33.33	10.0						5.0	9.09	9.09	11.11			12.5		18.75															12.5			11.11							8.33																												16.67
SRR24759602_binette_bin45	unclassified	unclassified	unclassified	unclassified	unclassified	unclassified	unclassified	1	8.3	0.02	0.0	207.0	207.0	207.0	30.97	54.0	164.0	10441.0	2479.0	1186.0	467625.0	467625.0	467625.0	3319.8																0.0	56	24	0.015450715657142854		40.0												12.5																							33.33																															33.33																20.0	20.0													20.0		25.0																					28.57						22.22	40.0			25.0																	20.0											16.67						28.57	16.67	22.22		22.22												28.57	25.0																	50.0											50.0												11.11																														20.0					14.29		9.09					25.0																						20.0																			25.0										100.0				
SRR24759614_binette_bin54	Bacteria	unclassified	unclassified	unclassified	unclassified	unclassified	unclassified	1	8.3	0.01	0.0	46.0	46.0	46.0	32.35	16.0	38.0	18207.0	5097.0	3011.0	224618.0	224618.0	224618.0	6213.4																0.0	56	24	0.024928783757142855																																																								8.33					4.17		6.67					16.67																					16.67																						11.11			25.0						25.0																																																														25.0			4.76																									50.0									16.67																																														33.33												20.0		16.67																																								
SRR24759603_binette_bin54	unclassified	unclassified	unclassified	unclassified	unclassified	unclassified	unclassified	1	8.3	0.92	0.0	92.0	92.0	92.0	40.95	27.0	74.0	7699.0	2778.0	1243.0	210373.0	210373.0	210373.0	3068.4																0.0	56	24	0.1416502026666667					25.0																																																								12.5	33.33		18.18	27.27			16.67							50.0				33.33									12.5																																														12.5		11.11	20.0		5.56			25.0				25.0																																			14.29			9.09																										50.0															8.33		25.0						33.33																									10.0								6.25																																16.67	40.0																				
SRR24759608_binette_bin71	Bacteria	unclassified	unclassified	unclassified	unclassified	unclassified	unclassified	1	8.3	0.75	0.0	142.0	142.0	142.0	45.06	54.0	121.0	3275.0	1702.0	1125.0	224767.0	224767.0	224767.0	1719.4																0.0	56	24	0.3568233352380953	18.06																												25.0																		25.0														15.62		25.0												50.0				33.33									25.0										20.0								8.33	25.0	75.0	25.0								25.0																						8.33									30.0		33.33	33.33					33.33				33.33	50.0	50.0	50.0		14.29	16.67	11.11		11.11	10.0	14.29	5.56				11.11	11.11				28.57				14.29																																		16.67						16.67	50.0	25.0											50.0											33.33			40.0	33.33					10.0	9.09		44.44				33.33											33.33	30.0	20.0	33.33	8.33		38.89	30.56		75.0	40.0															22.22				12.5														
SRR24759615_binette_bin67	Bacteria	unclassified	unclassified	unclassified	unclassified	unclassified	unclassified	1	8.3	0.61	0.0	176.0	176.0	176.0	41.55	62.0	147.0	4423.0	1959.0	1171.0	322396.0	322396.0	322396.0	2083.5																0.0	104	58	0.2836400866666667	1.39												14.29																25.0																14.29	16.67																		27.27	36.36										50.0								25.0					12.5			25.0														25.0				12.5	33.33					33.33		25.0				21.43	14.29					33.33	20.0			25.0										50.0							40.0											16.67				50.0							24.0	14.29		20.0																																22.73										33.33							11.11			16.67	50.0	25.0			14.29				5.56													14.29					10.0			16.67				27.27							25.0																			50.0													16.67	20.0						25.0									16.67					
SRR24759610_binette_bin63	Bacteria	unclassified	unclassified	unclassified	unclassified	unclassified	unclassified	1	8.3	0.29	0.0	131.0	131.0	131.0	44.26	45.0	111.0	5946.0	1628.0	1093.0	214431.0	214431.0	214431.0	2028.5																0.0	56	24	0.17417460714285715										14.29	33.33																																				12.5														6.25		10.0										50.0		50.0									20.0	20.0															25.0					12.5	16.67	16.67	25.0									25.0							33.33							25.0																												5.56	33.33	50.0	50.0	50.0									5.56										25.0				16.67																	20.0	12.5													62.5		16.67														33.33	12.5				16.67											16.67			20.0			33.33									25.0	66.67																						33.33									40.0							20.0								33.33	16.67							
SRR24759610_binette_bin105	Bacteria	unclassified	unclassified	unclassified	unclassified	unclassified	unclassified	1	8.3	3.2	0.0	112.0	112.0	112.0	45.75	37.0	93.0	4975.0	1961.0	1098.0	202764.0	202764.0	202764.0	2216.6																100.0	56	24	0.4391033804761905	7.41																																																												29.17		46.67					33.33						16.67					33.33	6.67						20.0			66.67		50.0		3.85					40.0																							14.29		50.0				5.56	10.0			25.0	25.0		12.5		11.11	10.0		58.33			25.0						20.0		11.11	11.11	20.0													28.57	33.33	22.22		22.22												42.86		6.25		19.05																																		16.67						16.67		25.0																						33.33			20.0					14.29	15.0	18.18					12.5	66.67							25.0								8.33		8.33	5.56		25.0	60.0														16.67	22.22				25.0														
SRR24759614_binette_bin56	Bacteria	unclassified	unclassified	unclassified	unclassified	unclassified	unclassified	1	8.3	0.16	0.0	88.0	88.0	88.0	34.44	22.0	70.0	9899.0	2688.0	1196.0	204425.0	204425.0	204425.0	3591.6																0.0	56	24	0.055093566					25.0	50.0									80.0																											14.29	25.0	25.0				50.0		25.0															9.09										50.0										20.0				16.67		50.0		7.69	50.0															25.0	16.67	11.11																				50.0	50.0		12.5		11.11	10.0											20.0		11.11	11.11														14.29	16.67	11.11		11.11							5.56	5.56						12.5																			12.5			36.36																					25.0																50.0		33.33	16.67							20.0	33.33					5.0									33.33																																						25.0														
SRR24759606_binette_bin89	Bacteria	unclassified	unclassified	unclassified	unclassified	unclassified	unclassified	1	8.2	1.84	0.0	109.0	109.0	109.0	35.41	31.0	87.0	7344.0	2428.0	1231.0	247127.0	247127.0	247127.0	3071.4																0.0	56	24	0.06251771523809524	1.39	20.0			25.0	33.33									20.0			66.67											25.0							50.0	33.33		50.0		25.0						25.0																																									37.5							25.0														12.5		11.11																					25.0		37.5		33.33	40.0							100.0				10.0																	28.57	16.67	22.22		22.22														12.5																				20.0	12.5																											50.0			5.56														50.0		20.0					100.0			10.0							33.33		41.67						50.0				30.0	20.0	16.67															50.0	33.33	20.0					11.11				12.5														
SRR24759605_binette_bin40	Bacteria	unclassified	unclassified	unclassified	unclassified	unclassified	unclassified	1	8.2	0.01	0.0	44.0	44.0	44.0	38.11	10.0	33.0	27690.0	4759.0	2038.0	200032.0	200032.0	200032.0	8933.2																0.0	56	24	0.0384180501904762															13.33														25.0								33.33																								6.25		10.0					33.33																																									25.0												14.29			33.33			11.11	20.0											66.67									80.0											22.22													5.56																																													25.0					11.11			33.33		25.0	50.0						12.5																					66.67		14.29		18.18																																							16.67	40.0						75.0														
SRR24759610_binette_bin69	Bacteria	Pseudomonadota	Gammaproteobacteria	Enterobacterales	Enterobacteriaceae	Gilliamella	unclassified	1	8.2	0.25	0.0	71.0	71.0	71.0	33.86	19.0	57.0	18303.0	3325.0	1749.0	234445.0	234445.0	234445.0	5225.6																0.0	104	58	0.052472837999999994		20.0			25.0					42.86	66.67	20.0																																		2.08	12.5														12.5	33.33																	33.33									12.5																		8.33	8.33	25.0	50.0			25.0			33.33						28.57						22.22	40.0		20.0									8.33											33.33	33.33														14.29	16.67	11.11		22.22							11.11	11.11							9.09	14.29					16.67				16.67																							50.0		33.33														33.33					16.67				50.0		33.33						20.0					100.0			10.0	9.09																																										22.22		40.0																
SRR24759601_binette_bin45	Bacteria	unclassified	unclassified	unclassified	unclassified	unclassified	unclassified	1	8.2	0.55	0.0	110.0	110.0	110.0	45.86	27.0	90.0	10273.0	1814.0	1125.0	210918.0	210918.0	210918.0	3317.6																0.0	104	58	0.3789749428571428	5.56																		3.12																												37.5			25.0																	14.29	33.33		16.67																		12.5	16.67	16.67				33.33									16.67			16.67	16.67	25.0							33.33	33.33					7.14													12.5		11.11	10.0		8.33			25.0				25.0		30.0											16.67						14.29		11.11		11.11	20.0	14.29		20.0			33.33	33.33				14.29																								4.55														16.67		16.67	11.11									25.0		33.33	5.56				16.67							33.33		14.29		16.67				33.33					10.0	18.18		11.11					31.25														8.33		19.44	22.22		25.0	60.0								25.0	33.33										37.5														
SRR24759609_binette_bin62	Bacteria	unclassified	unclassified	unclassified	unclassified	unclassified	unclassified	1	8.2	0.24	0.0	139.0	139.0	139.0	44.44	44.0	116.0	7708.0	1951.0	1111.0	247745.0	247745.0	247745.0	2300.9																100.0	104	58	0.12776759895238096	8.8					50.0							14.29																																		37.5			25.0											29.17		46.67												50.0		10.0	25.0										37.5	16.67		25.0		3.85												12.5				12.5		11.11				33.33	33.33	25.0				14.29	14.29				33.33	11.11	20.0				25.0															33.33			22.22	22.22							33.33												24.0	14.29		20.0								14.29		12.5		19.05																				9.09										33.33						50.0	33.33								14.29													100.0				14.29					10.0			50.0		14.29	15.0								12.5						25.0					20.0	20.0		16.67		16.67	11.11		50.0																													16.67					
SRR24759610_binette_bin65	Bacteria	unclassified	unclassified	unclassified	unclassified	unclassified	unclassified	1	8.2	0.12	0.0	146.0	146.0	146.0	45.7	55.0	125.0	3054.0	1630.0	1116.0	234864.0	234864.0	234864.0	1761.4																0.0	56	24	0.5730725647619048	5.56									28.57	66.67			12.5																													25.0						50.0												18.75	33.33	10.0	48.48	50.0																			20.0	20.0	20.0		12.5	5.56											25.0			25.0													33.33					21.43			33.33			16.67	10.0						25.0		22.22	20.0							50.0			33.33											33.33	5.56					12.5	14.29	16.67	11.11		11.11			5.56							10.0					9.09		16.67																																	41.67		16.67											50.0	33.33	12.5									100.0		50.0							20.0			33.33			10.0	18.18					37.5		6.25	41.67																								16.67			25.0	33.33						11.11		40.0																
SRR24759609_binette_bin82	Bacteria	unclassified	unclassified	unclassified	unclassified	unclassified	unclassified	1	8.2	1.03	0.0	147.0	147.0	147.0	32.35	54.0	125.0	3669.0	1669.0	1063.0	233560.0	233560.0	233560.0	1768.6																0.0	56	24	0.029478095761904754		20.0				33.33									13.33																																			25.0											4.17		6.67																66.67					60.0	60.0				33.33																					33.33				25.0							14.29		50.0				33.33	40.0				25.0					10.0							50.0																					28.57	33.33	11.11		33.33												28.57				4.76	83.33																																							16.67	50.0	25.0																							20.0	33.33								18.18					25.0	33.33	12.5											10.0									80.0												16.67	20.0																				100.0
SRR24759597_binette_bin55	Bacteria	unclassified	unclassified	unclassified	unclassified	unclassified	unclassified	1	8.2	0.04	0.0	203.0	203.0	203.0	44.86	58.0	166.0	8619.0	2217.0	1142.0	402173.0	402173.0	402173.0	2760.5																0.0	56	24	0.3084288828571428																																																																																			25.0																							16.67	16.67	25.0																																								20.0																																																																																										16.67																																																																			25.0														
SRR24759610_binette_bin64	Bacteria	unclassified	unclassified	unclassified	unclassified	unclassified	unclassified	1	8.2	0.0	0.0	175.0	175.0	175.0	34.18	69.0	152.0	3581.0	1332.0	1048.0	241182.0	241182.0	241182.0	1507.7																100.0	103	57	0.01285661002857143						16.67									20.0																																														10.42		16.67																						20.0				16.67																25.0									25.0										33.33							50.0	25.0																											5.56													5.56													4.76																																		16.67	100.0					33.33		50.0							12.5																					50.0				18.18																																																												
SRR24759606_binette_bin44	Bacteria	unclassified	unclassified	unclassified	unclassified	unclassified	unclassified	1	8.2	0.03	0.0	115.0	115.0	115.0	45.88	51.0	102.0	7661.0	2923.0	2544.0	340147.0	340147.0	340147.0	3073.2																50.0	104	58	0.387424849047619	5.56																												25.0													14.29	50.0						100.0																	16.67				33.33				16.67			20.0	100.0											5.56	16.67				33.33				20.0					25.0						25.0							33.33							50.0				11.11				50.0			12.5		11.11	20.0							50.0		25.0		20.0																	14.29	16.67	11.11		11.11												28.57		6.25							16.67			16.67	33.33						50.0															33.33				8.33		16.67				8.33		25.0		20.0		25.0									50.0					50.0							20.0			50.0			5.0							33.33																					20.0					16.67			50.0	66.67			16.67	40.0																				
SRR24759609_binette_bin63	Bacteria	unclassified	unclassified	unclassified	unclassified	unclassified	unclassified	1	8.1	0.13	0.0	146.0	146.0	146.0	37.84	50.0	122.0	5193.0	1863.0	1176.0	260534.0	260534.0	260534.0	2102.1																0.0	56	24	0.14945197190476192																																																																											50.0								25.0																																33.33																25.0								8.33			25.0				25.0																								20.0	14.29								20.0			50.0				16.67																			18.18																											50.0															14.29																																																																								16.67
SRR24759609_binette_bin61	Bacteria	unclassified	unclassified	unclassified	unclassified	unclassified	unclassified	1	8.1	0.0	0.0	145.0	145.0	145.0	39.19	47.0	122.0	16354.0	1694.0	1131.0	256479.0	256479.0	256479.0	2957.9																0.0	56	24	0.3756567480952381					25.0																																																														14.29	33.33							50.0		10.0	25.0		13.33											75.0													6.67		8.33	8.33		25.0		11.11										21.43						11.11	20.0			25.0								11.11	12.5		25.0				25.0		20.0											16.67						14.29		11.11		11.11							11.11	11.11													16.67			16.67												42.86																	11.11							20.0																							30.0	33.33						18.18						33.33																																				11.11				25.0														
SRR24759606_binette_bin46	Bacteria	unclassified	unclassified	unclassified	unclassified	unclassified	unclassified	1	8.0	0.0	0.0	329.0	329.0	329.0	56.93	134.0	286.0	2632.0	1335.0	1041.0	442293.0	442293.0	442293.0	1425.3																100.0	102	57	0.0023595506428571427					25.0	16.67			25.0	42.86	33.33	20.0			60.0														25.0														25.0			2.08			50.0	25.0											37.5	33.33	40.0		9.09									16.67										20.0	20.0				16.67									20.0								16.67	33.33	50.0		50.0		25.0			33.33					25.0	21.43	14.29	50.0		50.0		22.22	20.0		20.0				12.5			10.0			25.0						25.0	50.0	10.0						25.0				50.0							28.57	33.33	22.22		33.33	24.0	14.29			11.11					10.0		57.14			9.09	28.57	16.67				16.67		50.0		33.33						50.0	33.33		20.0	12.5													50.0		16.67				66.67			25.0				17.14		50.0						50.0		50.0																	4.76	10.0	9.09	9.09	22.22					12.5	16.67										20.0	20.0		16.67		8.33	27.78			20.0		2.08	33.33										20.0		11.11	50.0	20.0		12.5									50.0					
SRR24759599_binette_bin93	Bacteria	unclassified	unclassified	unclassified	unclassified	unclassified	unclassified	1	7.9	1.03	0.0	218.0	218.0	218.0	45.27	85.0	186.0	2841.0	1605.0	1104.0	335683.0	335683.0	335683.0	1653.6																100.0	104	58	0.3153258166666667	3.24				25.0					14.29			14.29																													14.29	25.0				25.0		50.0	25.0			20.0								16.67	33.33	6.67	18.18	27.27			33.33							50.0					6.67		25.0				20.0		50.0			50.0														12.5	25.0	41.67	75.0	37.5		11.11					33.33				25.0	14.29				50.0		22.22	20.0		20.0	75.0						10.0		8.33			25.0								11.11	11.11									33.33	50.0	50.0	50.0						11.11				20.0			11.11	11.11		20.0					9.09	4.76																														66.67		62.5		16.67		16.67												33.33					33.33														20.0	66.67		50.0			5.0	9.09	9.09	11.11											50.0								8.33		38.89	30.56		25.0		33.33	16.67			33.33							16.67	20.0		11.11										33.33								50.0
SRR24759599_binette_bin71	Bacteria	unclassified	unclassified	unclassified	unclassified	unclassified	unclassified	1	7.9	0.08	0.0	132.0	132.0	132.0	35.18	47.0	109.0	4346.0	2129.0	1269.0	263677.0	263677.0	263677.0	2302.5																0.0	104	58	0.04587907066666667															20.0																																12.5									8.33					4.17		6.67																										5.56																									25.0	33.33					25.0							11.11				25.0																																							20.0	14.29			22.22							14.29				4.76																		20.0	12.5						50.0				50.0					8.33						41.67		25.0	50.0								14.29																							9.09						33.33												20.0		16.67		12.5			11.11														16.67	20.0														33.33						
SRR24759612_binette_bin39	Bacteria	unclassified	unclassified	unclassified	unclassified	unclassified	unclassified	1	7.9	0.12	0.0	118.0	118.0	118.0	42.81	45.0	100.0	7363.0	1879.0	1217.0	207412.0	207412.0	207412.0	2020.1																0.0	104	58	0.15447612271428568	12.5				25.0					14.29	33.33																															14.29	25.0	25.0			12.5	50.0	50.0												18.75		30.0												50.0					6.67		25.0	50.0	20.0	20.0			25.0					11.54					20.0		25.0									25.0		11.11										21.43						11.11			20.0				12.5		11.11	10.0		8.33						21.43	25.0	33.33				11.11						50.0	33.33							14.29	16.67	11.11		33.33							5.56	5.56				14.29			9.09	14.29																	12.5	20.0	12.5													87.5		16.67	100.0					16.67		25.0				25.0									50.0					16.67				16.67						33.33		14.29	20.0	18.18		11.11			25.0			16.67													8.33		8.33	5.56		25.0	40.0								25.0	33.33					16.67	33.33		20.0																
SRR24759614_binette_bin55	Bacteria	unclassified	unclassified	unclassified	unclassified	unclassified	unclassified	1	7.9	0.0	0.0	91.0	91.0	91.0	30.24	23.0	72.0	17712.0	2871.0	1488.0	258876.0	258876.0	258876.0	5186.7																100.0	104	58	0.013692573738095237																																																																																																																									14.29						22.22	40.0			25.0																	20.0											16.67																				10.0		14.29																																						16.67			11.11										50.0																													11.11																																												25.0														
SRR24759604_binette_bin50	Bacteria	unclassified	unclassified	unclassified	unclassified	unclassified	unclassified	3	7.9	0.02	0.0	71.0	71.0	71.0	38.23	15.0	52.0	37622.0	4436.0	1654.0	267754.0	267754.0	267754.0	9901.1																0.0	56	24	0.050575732666666665	5.56																																																												12.5		20.0					16.67																				25.0																																	7.14																				25.0							20.0											16.67																										14.29																																					11.11																																				10.0	18.18							12.5																																							25.0														
SRR24759607_binette_bin31	Bacteria	unclassified	unclassified	unclassified	unclassified	unclassified	unclassified	1	7.9	0.03	0.0	205.0	205.0	205.0	32.98	81.0	178.0	3389.0	1344.0	1055.0	285426.0	285426.0	285426.0	1519.7																0.0	56	24	0.027369484761904758	1.39														13.33																							50.0	50.0	33.33	25.0				42.86	16.67	12.5														16.67		26.67																					60.0	40.0						50.0							20.0											12.5					25.0						25.0												25.0								25.0					10.71																				14.29	16.67	11.11		11.11												14.29			4.55	4.76	33.33			50.0																																				33.33		25.0	50.0																								20.0						10.0	9.09					25.0		12.5											20.0		16.67			8.33	8.33			20.0																																	33.33
SRR24759610_binette_bin68	Bacteria	unclassified	unclassified	unclassified	unclassified	unclassified	unclassified	3	7.9	0.09	0.0	64.0	64.0	64.0	48.67	4.0	38.0	81651.0	21051.0	1604.0	332769.0	332769.0	332769.0	31691.5																0.0	56	24	0.033002793614285715													14.29																									50.0	50.0	33.33	25.0				28.57	18.75	12.5																					33.33																20.0	60.0																						16.67	25.0		33.33		25.0									21.43	14.29					22.22	20.0				25.0									25.0									11.11	11.11														14.29	16.67	11.11		11.11																																																								41.67		50.0	50.0										16.67																					18.18																																										11.11																		
SRR24759610_binette_bin70	Bacteria	unclassified	unclassified	unclassified	unclassified	unclassified	unclassified	1	7.8	0.31	0.0	142.0	142.0	142.0	44.6	49.0	119.0	4309.0	1906.0	1174.0	259194.0	259194.0	259194.0	2123.6																0.0	56	24	0.5111643866666666	16.67																																														25.0			25.0											12.5		20.0					16.67														25.0							5.56														33.33					50.0															50.0	33.33		33.33					25.0			12.5		11.11	20.0					25.0	7.14				16.67			44.44	44.44							16.67						12.5	14.29		11.11		22.22																14.29	16.67											33.33																		33.33				8.33												25.0			12.5				33.33		100.0					66.67													10.0							33.33												20.0	20.0		8.33		8.33	5.56		25.0																		20.0																
SRR24759606_binette_bin48	Bacteria	unclassified	unclassified	unclassified	unclassified	unclassified	unclassified	1	7.8	0.16	0.0	247.0	247.0	247.0	44.57	89.0	212.0	5846.0	1370.0	1053.0	361341.0	361341.0	361341.0	1768.7																0.0	56	24	0.06393618642857143					25.0	50.0				14.29	33.33																										33.33		50.0						14.29	16.67	37.5			25.0											12.5		20.0	30.3	31.82	8.33	14.29								50.0				33.33	6.67		25.0		20.0	20.0			15.62	22.22				7.69					20.0		25.0			5.56					50.0			11.11					33.33					14.29		50.0				22.22	20.0				25.0		37.5		22.22	30.0		25.0				7.14				33.33								11.11			66.67							14.29	16.67	11.11		22.22	4.0											14.29		12.5											16.67			33.33																						25.0	100.0	33.33	11.11			8.33													33.33																			14.29							25.0		12.5	41.67													8.33		8.33	5.56		25.0	20.0				25.0	16.67							16.67	20.0		11.11		20.0											33.33	100.0				
SRR24759599_binette_bin72	Bacteria	unclassified	unclassified	unclassified	unclassified	unclassified	unclassified	1	7.8	0.06	0.0	155.0	155.0	155.0	41.94	56.0	132.0	6931.0	1507.0	1080.0	241114.0	241114.0	241114.0	1913.6																100.0	104	58	0.03596295280952381																																																													12.5	33.33																																														25.0													7.14									20.0																																																				25.0		9.09																																																						16.67				50.0		33.33			14.29												18.18							25.0																																																					
SRR24759615_binette_bin71	Bacteria	unclassified	unclassified	unclassified	unclassified	unclassified	unclassified	1	7.7	0.66	0.0	158.0	158.0	158.0	44.71	62.0	135.0	3257.0	1593.0	1092.0	246309.0	246309.0	246309.0	1683.6																100.0	56	24	0.34857997238095234	1.85																																														25.0														4.17		6.67	18.18	18.18	8.33	14.29												33.33	6.67		25.0																20.0										25.0																													10.0											10.0		44.44	44.44	20.0													28.57	33.33	22.22		22.22												28.57				4.76																				54.55	10.0				50.0											16.67	11.11																16.67																													16.67					25.0									12.5			11.11		20.0													20.0						12.5														
SRR24759607_binette_bin32	unclassified	unclassified	unclassified	unclassified	unclassified	unclassified	unclassified	1	7.7	0.0	0.0	289.0	289.0	289.0	28.87	102.0	246.0	5270.0	1539.0	1075.0	455447.0	455447.0	455447.0	1859.6																0.0	56	24	0.04254383780952381	5.56			50.0	25.0					14.29		20.0	14.29		20.0																						33.33										12.5														12.5		20.0																									12.5																																	14.29	14.29					11.11	20.0					4.35											100.0				20.0																					22.22														12.5		14.29	16.67				16.67			16.67																								25.0								16.67		25.0		80.0		50.0																		16.67			20.0					14.29	10.0	18.18	9.09	11.11				33.33	25.0																												50.0	33.33	20.0									25.0														16.67
SRR24759607_binette_bin33	Bacteria	unclassified	unclassified	unclassified	unclassified	unclassified	unclassified	1	7.7	0.27	0.0	316.0	316.0	316.0	42.87	108.0	270.0	15523.0	1368.0	1054.0	482439.0	482439.0	482439.0	2510.2																0.0	56	24	0.10294996333333335	11.57				50.0								14.29															50.0									33.33								14.29	16.67	12.5			50.0											16.67		26.67	9.09	9.09	8.33	14.29	50.0							50.0									20.0	20.0			25.0	27.78		25.0		11.54							25.0			5.56				16.67	25.0	37.5	33.33						33.33				25.0	7.14				50.0	33.33	22.22	20.0			50.0											50.0	7.14					10.0							11.11			33.33							28.57	33.33	22.22		22.22	4.0			20.0						20.0		28.57				19.05	16.67				16.67			16.67	16.67						50.0															66.67		50.0		16.67		16.67				16.67		25.0		20.0			50.0						16.67		50.0		75.0	100.0	33.33			14.29					10.0	33.33				28.57	15.0	27.27		11.11			25.0		6.25						25.0								16.67		16.67	11.11		50.0	20.0	33.33				33.33								20.0						12.5						33.33			33.33					
SRR24759612_binette_bin60	Bacteria	unclassified	unclassified	unclassified	unclassified	unclassified	unclassified	1	7.7	0.89	0.0	189.0	189.0	189.0	60.28	76.0	164.0	2486.0	1318.0	1041.0	255011.0	255011.0	255011.0	1432.1																0.0	103	57	0.03854974523809524								33.33							26.67																																25.0														12.5	33.33												16.67										40.0	40.0			50.0	33.33	25.0	25.0									25.0		33.33																		25.0		14.29	50.0				22.22	20.0		20.0							10.0		25.0																																											25.0	12.5	9.09				20.0																											33.33										8.33			25.0		14.29	50.0			12.5								50.0		33.33								30.0												25.0																										25.0	25.0			25.0	33.33			16.67	40.0							12.5									100.0				66.67
SRR24759610_binette_bin106	Bacteria	unclassified	unclassified	unclassified	unclassified	unclassified	unclassified	1	7.7	2.52	0.0	158.0	158.0	158.0	46.28	62.0	137.0	4088.0	1455.0	1082.0	227759.0	227759.0	227759.0	1564.1																100.0	104	58	0.3636480276190477	16.67				25.0					14.29	33.33		14.29																													14.29	50.0						100.0	25.0											25.0		40.0					16.67		16.67																		25.0		8.33				16.67									33.33			16.67	33.33	50.0			11.11										14.29				50.0	33.33	11.11	20.0															7.14					20.0		11.11	11.11																												20.0			25.0			14.29	33.33																													66.67				16.67						16.67		25.0					100.0						33.33				25.0			66.67							20.0						15.0	9.09																																												20.0		25.0														
SRR24759604_binette_bin54	Bacteria	unclassified	unclassified	unclassified	unclassified	unclassified	unclassified	1	7.6	0.1	0.0	122.0	122.0	122.0	44.8	34.0	99.0	9620.0	2103.0	1143.0	250986.0	250986.0	250986.0	3093.9																0.0	56	24	0.10529333480952381	3.24				25.0					14.29			14.29									16.67							50.0							50.0	33.33						25.0						50.0												4.17		6.67	12.12	4.55		14.29	50.0							50.0																50.0		3.85																25.0		11.11						25.0					14.29									25.0			25.0		22.22	20.0							50.0													50.0													10.0	14.29		20.0			5.56	5.56								4.76	100.0																12.5															12.5				33.33	33.33								14.29				5.56											16.67		14.29					20.0	33.33					5.0								12.5	41.67					25.0					20.0	20.0	16.67	8.33	12.5	8.33	5.56	11.11	25.0	20.0					33.33								20.0													16.67		16.67					
SRR24759600_binette_bin111	unclassified	unclassified	unclassified	unclassified	unclassified	unclassified	unclassified	1	7.6	2.51	0.0	117.0	117.0	117.0	47.22	40.0	98.0	8511.0	1795.0	1093.0	206052.0	206052.0	206052.0	2299.3																0.0	56	24	0.3965069271428572	5.56																												25.0													14.29	50.0				37.5		100.0																												20.0	100.0										37.5	44.44	8.33				16.67									16.67				16.67	25.0								33.33							50.0	33.33										25.0		22.22	20.0		25.0											11.11	11.11														14.29	16.67	11.11		11.11	4.0			20.0	11.11																																													33.33		16.67									14.29			33.33	12.5				16.67					100.0		33.33				16.67									5.0							66.67	12.5	16.67													8.33		38.89	30.56		25.0						33.33					40.0					11.11													16.67					
SRR24759598_binette_bin65	Bacteria	unclassified	unclassified	unclassified	unclassified	unclassified	unclassified	1	7.6	0.05	0.0	57.0	57.0	57.0	45.11	25.0	51.0	9032.0	3320.0	2949.0	202150.0	202150.0	202150.0	3941.5																0.0	104	58	0.21722069833333332					25.0																																													25.0							33.33							36.36	36.36		14.29																			20.0			16.67		25.0									25.0							16.67	25.0	25.0		11.11					33.33	25.0				28.57						27.78	30.0			25.0								11.11	12.5		25.0				25.0				11.11	11.11								5.56					12.5												5.56	5.56																									12.5													33.33		50.0		16.67		66.67	44.44			25.0		25.0	25.0										16.67							16.67							10.0	33.33		16.67				18.18					12.5																16.67		47.22	36.11		50.0					25.0								16.67	20.0																				
SRR24759608_binette_bin91	Bacteria	unclassified	unclassified	unclassified	unclassified	unclassified	unclassified	1	7.6	1.49	0.0	182.0	182.0	182.0	43.15	69.0	155.0	4070.0	1613.0	1133.0	293703.0	293703.0	293703.0	1790.9																0.0	56	24	0.3258828266666666																																													14.29	16.67											33.33							36.36	36.36	8.33	14.29	33.33												6.67								37.5																												33.33											11.11												8.33			75.0																							14.29	16.67	11.11		11.11	4.0			20.0								28.57	25.0																							6.06										33.33		50.0				16.67									14.29				5.56						100.0															50.0						44.44																20.0	20.0	33.33			30.56	25.0															33.33	60.0				20.0											16.67					83.33
SRR24759609_binette_bin64	Bacteria	unclassified	unclassified	unclassified	unclassified	unclassified	unclassified	1	7.6	0.04	0.0	145.0	145.0	145.0	33.94	58.0	126.0	2455.0	1396.0	1062.0	205766.0	205766.0	205766.0	1509.5																0.0	56	24	0.04203950528571428		20.0				16.67				14.29	33.33				13.33																												25.0						50.0												6.25		10.0		9.09														66.67					20.0					16.67																					16.67														33.33								25.0																		11.11	11.11								5.56						14.29	16.67	11.11		11.11			5.56											12.5			16.67																			18.18														16.67						16.67	25.0	25.0				50.0		66.67	12.5																					33.33				9.09						66.67		16.67																							25.0	33.33			50.0	33.33	20.0		16.67	20.0		11.11		20.0																
SRR24759609_binette_bin67	Bacteria	unclassified	unclassified	unclassified	unclassified	unclassified	unclassified	1	7.6	0.29	0.0	270.0	270.0	270.0	61.66	84.0	227.0	24965.0	1565.0	1070.0	447125.0	447125.0	447125.0	3261.7																0.0	56	24	0.031972135428571434								33.33							20.0																											28.57	50.0	25.0			12.5	50.0	50.0																																					20.0				25.0			7.69																		11.11										14.29						27.78	10.0																																					14.29	16.67	22.22		11.11																																														33.33										8.33						50.0	50.0																										10.0	9.09					12.5											50.0															25.0				50.0	33.33			33.33	40.0							16.67													
SRR24759611_binette_bin47	Bacteria	unclassified	unclassified	unclassified	unclassified	unclassified	unclassified	1	7.6	0.24	0.0	129.0	129.0	129.0	36.57	48.0	110.0	5268.0	1469.0	1095.0	201495.0	201495.0	201495.0	1820.4																0.0	104	58	0.08375764638095239	1.39									14.29																			50.0							50.0	33.33										12.5			25.0							33.33				4.17		6.67			16.67	14.29																	20.0	20.0	20.0			16.67											25.0									12.5		11.11			50.0							14.29	14.29					5.56	10.0			25.0													100.0			16.67	40.0						25.0				16.67																											4.76	16.67				16.67			16.67						50.0						4.55												25.0				50.0	44.44							20.0					5.56																									9.09					37.5	33.33	37.5											20.0	20.0		16.67		16.67	11.11		100.0						33.33														25.0														
SRR24759610_binette_bin103	Bacteria	unclassified	unclassified	unclassified	unclassified	unclassified	unclassified	1	7.6	1.83	0.0	136.0	136.0	136.0	45.16	51.0	116.0	5408.0	1604.0	1099.0	217596.0	217596.0	217596.0	1838.0																100.0	104	58	0.392964459047619	6.94				25.0					14.29																			25.0							50.0	33.33													25.0											12.5	33.33												16.67															16.67		50.0											33.33	16.67				16.67	25.0	12.5		11.11									25.0	7.14						11.11			20.0	25.0						10.0		5.56	12.5				50.0		25.0						20.0												12.5															20.0		28.57	25.0	12.5	9.09				20.0																	18.18												12.5																33.33	5.56				16.67							33.33							20.0	66.67						9.09							25.0																				20.0																																	
SRR24759607_binette_bin36	Bacteria	unclassified	unclassified	unclassified	unclassified	unclassified	unclassified	1	7.6	0.43	0.0	121.0	121.0	121.0	43.93	37.0	98.0	7284.0	2200.0	1204.0	251878.0	251878.0	251878.0	2712.0																0.0	56	24	0.4999240828571429	12.5					50.0							14.29						3.12																												12.5														12.5	33.33					14.29																								25.0												33.33		25.0	25.0	41.67	75.0	37.5							33.33						14.29										25.0		25.0		11.11	30.0					25.0	7.14																						28.57	16.67	22.22		22.22							44.44	44.44		10.0				12.5	9.09		33.33																	20.0	12.5						50.0											33.33	11.11										50.0						50.0				50.0			66.67		14.29		33.33			10.0						10.0								6.25																						16.67			33.33					20.0																16.67							
SRR24759597_binette_bin57	Bacteria	unclassified	unclassified	unclassified	unclassified	unclassified	unclassified	1	7.6	0.12	0.0	257.0	257.0	257.0	63.56	72.0	213.0	8156.0	1668.0	1105.0	468072.0	468072.0	468072.0	2708.2																0.0	149	107	0.03050376842857143																													25.0													14.29	25.0	25.0				50.0													12.5		20.0											16.67												20.0							15.38																		11.11										14.29						16.67	30.0			50.0														14.29		33.33	20.0										33.33							28.57	33.33	11.11		22.22												28.57	25.0	6.25																																																25.0																											15.0	9.09					12.5											50.0											60.0								25.0	33.33																								
SRR24759611_binette_bin70	Bacteria	unclassified	unclassified	unclassified	unclassified	unclassified	unclassified	1	7.5	0.63	0.0	230.0	230.0	230.0	41.33	90.0	198.0	5112.0	1412.0	1070.0	332463.0	332463.0	332463.0	1593.8																0.0	56	24	0.06637736414285715	1.39									14.29	33.33		28.57																25.0																		25.0			50.0							33.33							48.48	36.36																	25.0							38.89																				12.5	33.33							25.0					14.29			50.0		11.11												5.56							25.0				22.22	22.22	20.0													14.29	16.67	11.11		11.11												28.57																																		33.33				25.0												25.0		33.33									75.0		33.33			14.29		16.67			20.0	33.33												33.33												20.0		16.67	8.33		8.33	5.56		25.0	20.0													20.0				20.0																
SRR24759598_binette_bin69	Bacteria	unclassified	unclassified	unclassified	unclassified	unclassified	unclassified	1	7.5	0.16	0.0	233.0	233.0	233.0	38.27	78.0	196.0	14470.0	1658.0	1099.0	388886.0	388886.0	388886.0	2518.0																0.0	56	24	0.2542269623809524	12.5																												25.0																																			9.09	9.09										50.0													12.5										20.0							12.5																7.14										25.0								8.33		25.0	25.0						20.0					33.33						22.22				50.0		28.57	33.33	22.22		22.22										20.0		14.29	25.0								16.67			16.67												13.64																	11.11							20.0			50.0		5.56													14.29												18.18																										50.0	20.0					33.33														25.0														100.0
SRR24759596_binette_bin27	Bacteria	unclassified	unclassified	unclassified	unclassified	unclassified	unclassified	2	7.5	0.01	0.0	48.0	48.0	48.0	34.59	16.0	41.0	15618.0	4171.0	2851.0	211855.0	211855.0	211855.0	5584.7																0.0	56	24	0.05529310866666667		20.0			25.0	33.33									20.0																												25.0				12.5		50.0												12.5		20.0																33.33					20.0		20.0							7.69																	33.33		50.0									42.86						27.78	30.0				25.0				11.11	10.0							50.0	14.29			10.0																	42.86	33.33	33.33		55.56																	66.67																	20.0	12.5																																																			100.0			20.0	36.36					12.5			16.67						12.5																	25.0															12.5														
SRR24759614_binette_bin59	Bacteria	unclassified	unclassified	unclassified	unclassified	unclassified	unclassified	1	7.4	0.02	0.0	112.0	112.0	112.0	35.35	36.0	92.0	5867.0	2189.0	1208.0	220861.0	220861.0	220861.0	2441.9																0.0	56	24	0.019078663190476193	1.39	40.0											14.29		20.0																												25.0				37.5		50.0												16.67		26.67											33.33										40.0	40.0			62.5					7.69	25.0						25.0		33.33					16.67	25.0	37.5					25.0						25.0		14.29			50.0		11.11									11.11	20.0								14.29			20.0								33.33									14.29	16.67			11.11												28.57	25.0	18.75		4.76			20.0																											66.67										50.0		75.0						66.67					16.67								20.0				20.0								10.0	27.27		11.11			25.0		37.5	16.67									33.33	40.0	40.0								40.0					33.33							16.67	20.0						25.0														
SRR24759600_binette_bin116	Bacteria	unclassified	unclassified	unclassified	unclassified	unclassified	unclassified	1	7.4	5.35	0.0	109.0	109.0	109.0	47.01	36.0	90.0	6520.0	2088.0	1196.0	209707.0	209707.0	209707.0	2366.0																100.0	56	24	0.4549964385714286	6.94				25.0	16.67																																																																																												20.0		50.0			16.67						12.5												14.29		50.0				11.11	20.0				25.0																		11.11	11.11														14.29	16.67	11.11		22.22					11.11							57.14					33.33																																							16.67			50.0			25.0			5.56						100.0			100.0		33.33												14.29				44.44					25.0											20.0	20.0	16.67							40.0					50.0										44.44		20.0																
SRR24759603_binette_bin52	Bacteria	unclassified	unclassified	unclassified	unclassified	unclassified	unclassified	1	7.4	0.0	0.0	30.0	30.0	30.0	37.41	3.0	16.0	46846.0	24349.0	2655.0	224032.0	224032.0	224032.0	25428.5																0.0	56	24	0.05282339123809524										57.14	66.67																																																																																																	25.0																																		25.0																																																																											50.0		33.33																			16.67											16.67			20.0													33.33																																						40.0																
SRR24759610_binette_bin72	Bacteria	unclassified	unclassified	unclassified	unclassified	unclassified	unclassified	1	7.4	0.18	0.0	160.0	160.0	160.0	41.43	42.0	127.0	8790.0	2660.0	1182.0	369057.0	369057.0	369057.0	3367.5																0.0	56	24	0.07213738614285714	1.39				25.0																							50.0																	14.29	16.67																		36.36	36.36										50.0								25.0			20.0		18.75	16.67				7.69										5.56						12.5		11.11										28.57						16.67	10.0			25.0						10.0		25.0		75.0		7.14			25.0		40.0		11.11	11.11				11.11	33.33			16.67										11.11	4.0											14.29									16.67			16.67																													11.11							20.0													50.0		33.33		20.0	14.29					20.0							36.36					12.5	33.33											33.33	40.0	40.0	16.67																										50.0									33.33					
SRR24759612_binette_bin40	Bacteria	unclassified	unclassified	unclassified	unclassified	unclassified	unclassified	1	7.4	0.0	0.0	189.0	189.0	189.0	38.82	78.0	165.0	3397.0	1279.0	1052.0	252722.0	252722.0	252722.0	1433.9																0.0	56	24	0.0013807666666666666	2.78										33.33										14.29								25.0		40.0	25.0	40.0	33.33		50.0	33.33							25.0	14.29	16.67								25.0							37.5	33.33	40.0												100.0					6.67								37.5	44.44				15.38										13.89				16.67	25.0	25.0	66.67	11.11	25.0								25.0	21.43				25.0	33.33	22.22			40.0						11.11	10.0						7.14		14.29										44.44															8.0		16.67	20.0						20.0	33.33	14.29		12.5	9.09	57.14				100.0										50.0				40.0	12.5	18.18														33.33						25.0		50.0			14.29				11.11				16.67	16.67	50.0			50.0		16.67						33.33				33.33			10.0	18.18	9.09	11.11						16.67																				33.33		16.67										20.0				20.0								33.33			16.67					
SRR24759608_binette_bin68	Bacteria	unclassified	unclassified	unclassified	unclassified	unclassified	unclassified	1	7.4	0.05	0.0	194.0	194.0	194.0	37.98	51.0	157.0	23140.0	2215.0	1157.0	399642.0	399642.0	399642.0	4002.3																0.0	56	24	0.03381489038095238										14.29	33.33																		3.12														25.0						50.0																		14.29	16.67																					16.67																		16.67	25.0			11.11				33.33	33.33																		12.5								25.0																							14.29	16.67	11.11		11.11	20.0	14.29																			16.67			16.67																										16.67		33.33	11.11							20.0					5.56				16.67				50.0		33.33								20.0													33.33																																						20.0																
SRR24759604_binette_bin52	Bacteria	unclassified	unclassified	unclassified	unclassified	unclassified	unclassified	1	7.4	0.12	0.0	136.0	136.0	136.0	45.48	45.0	115.0	8909.0	1616.0	1077.0	228514.0	228514.0	228514.0	2297.4																0.0	56	24	0.154184000952381	12.5									14.29	66.67																										33.33																				33.33				18.75		30.0			16.67	14.29																	20.0	20.0			12.5	38.89											25.0									25.0												14.29			33.33			22.22	20.0						25.0		22.22	20.0													33.33	44.44							33.33	5.56													5.56				5.56	5.56																	16.67								12.5																	41.67		16.67	11.11			8.33					14.29				12.5											16.67										33.33		14.29							25.0			16.67										20.0	20.0		16.67		16.67	11.11		50.0													16.67	20.0				40.0																
SRR24759611_binette_bin48	Bacteria	unclassified	unclassified	unclassified	unclassified	unclassified	unclassified	1	7.4	0.16	0.0	134.0	134.0	134.0	41.39	51.0	115.0	4341.0	1467.0	1083.0	201669.0	201669.0	201669.0	1705.6																0.0	104	58	0.05960901152380954	5.56	20.0			50.0	16.67									6.67																																25.0			50.0											15.62		25.0					16.67											100.0									3.12			50.0															16.67	33.33	50.0		33.33		50.0					25.0				21.43						33.33	20.0			50.0	25.0							33.33																																												12.5		14.29																		20.0	12.5													12.5								8.33													33.33	33.33										16.67			20.0	33.33					10.0	9.09							25.0											20.0									20.0					16.67							16.67	20.0																				
SRR24759598_binette_bin71	Bacteria	unclassified	unclassified	unclassified	unclassified	unclassified	unclassified	1	7.4	0.38	0.0	128.0	128.0	128.0	43.48	49.0	108.0	3585.0	1875.0	1200.0	224713.0	224713.0	224713.0	1919.6																0.0	104	58	0.357757159047619	1.39				25.0					14.29			14.29																25.0																		12.5																	18.18	13.64	8.33	28.57	50.0							50.0		20.0	50.0		6.67								12.5			25.0							20.0											12.5								25.0					14.29												25.0		22.22	20.0					25.0				25.0		20.0				20.0					50.0								28.57	33.33	22.22		33.33										20.0		28.57																								13.64												25.0		16.67		16.67	11.11			8.33		25.0				25.0																					10.0	33.33													6.25	41.67																			40.0					16.67			25.0	33.33																								
SRR24759597_binette_bin60	Bacteria	unclassified	unclassified	unclassified	unclassified	unclassified	unclassified	1	7.4	0.41	0.0	131.0	131.0	131.0	44.53	48.0	109.0	6841.0	1858.0	1192.0	242023.0	242023.0	242023.0	2219.5																0.0	56	24	0.36324008476190484	14.35																																																												16.67		26.67			8.33		16.67					50.0																50.0				3.85																		11.11					33.33	50.0			25.0	14.29						22.22	20.0			25.0	25.0		12.5		11.11	20.0													44.44	55.56													12.5																	14.29	25.0			4.76																				18.18										33.33		12.5		16.67		16.67				25.0		50.0			14.29										100.0									16.67						16.67			5.0	9.09						33.33	31.25						25.0								8.33		8.33	5.56		25.0						33.33							16.67	20.0				20.0																33.33
SRR24759600_binette_bin79	unclassified	unclassified	unclassified	unclassified	unclassified	unclassified	unclassified	1	7.4	0.16	0.0	230.0	230.0	230.0	30.87	89.0	199.0	4774.0	1342.0	1058.0	324256.0	324256.0	324256.0	1563.9																0.0	56	24	0.010296829357142857																																																								8.33																																																	12.5																																																																					11.11								25.0																																																																					33.33																																																		11.11																		
SRR24759612_binette_bin41	Bacteria	unclassified	unclassified	unclassified	unclassified	unclassified	unclassified	1	7.4	0.01	0.0	58.0	58.0	58.0	39.49	17.0	48.0	25543.0	4913.0	2754.0	277286.0	277286.0	277286.0	8080.9																0.0	56	24	0.19624811333333333																																																					20.0																														25.0																								16.67	25.0							66.67												11.11				25.0										25.0	25.0		50.0																			50.0							20.0	14.29											25.0								16.67			16.67												13.64										33.33														20.0									16.67								20.0																																										16.67										16.67	20.0																				
SRR24759599_binette_bin89	unclassified	unclassified	unclassified	unclassified	unclassified	unclassified	unclassified	2	7.4	0.08	0.0	28.0	28.0	28.0	50.53	5.0	14.0	65731.0	39908.0	11270.0	490829.0	490829.0	490829.0	37975.6																0.0	56	24	0.04984807920952382																																																																																											25.0																																																																																																																																																																	30.0																																																																			
SRR24759614_binette_bin62	Bacteria	unclassified	unclassified	unclassified	unclassified	unclassified	unclassified	1	7.3	0.0	0.0	172.0	172.0	172.0	32.17	50.0	138.0	8825.0	2719.0	1308.0	396009.0	396009.0	396009.0	3042.8																0.0	56	24	0.049365827523809525				50.0						14.29	33.33																																																																50.0								25.0					25.0										20.0										25.0																										12.5		11.11	10.0		16.67									20.0		11.11	11.11														14.29	16.67	11.11		11.11												14.29									16.67			16.67																										16.67						16.67		25.0		40.0					5.56				16.67				50.0		33.33								20.0			33.33				9.09	9.09	11.11						16.67																			20.0															11.11		20.0		25.0	25.0													
SRR24759599_binette_bin74	Bacteria	unclassified	unclassified	unclassified	unclassified	unclassified	unclassified	1	7.3	0.01	0.0	192.0	192.0	192.0	38.69	55.0	157.0	8498.0	2184.0	1162.0	383383.0	383383.0	383383.0	2756.1																0.0	56	24	0.10952847209523808	1.39																																																																		14.29	16.67											33.33										5.56																		16.67	25.0	12.5						33.33						7.14										25.0											25.0						20.0											16.67				50.0																			25.0												16.67																									8.33		16.67	22.22												5.56				16.67																					18.18																																														25.0														16.67
SRR24759610_binette_bin78	Bacteria	unclassified	unclassified	unclassified	unclassified	unclassified	unclassified	1	7.3	0.44	0.0	141.0	141.0	141.0	43.47	42.0	115.0	8805.0	2108.0	1225.0	293165.0	293165.0	293165.0	2889.9																0.0	56	24	0.191087149047619					50.0																																					14.29	25.0				12.5		50.0								33.33							9.09	18.18			33.33																		20.0		50.0			100.0															16.67	16.67	25.0									25.0														50.0						10.0		16.67									20.0		11.11	11.11					33.33							50.0																20.0							33.33																			12.12	10.0																											33.33					16.67									14.29		16.67			40.0	33.33		50.0			5.0																		33.33	40.0	40.0	16.67	8.33		8.33	5.56		75.0						33.33					60.0									25.0														
SRR24759613_binette_bin45	Bacteria	unclassified	unclassified	unclassified	unclassified	unclassified	unclassified	1	7.3	0.0	0.0	189.0	189.0	189.0	51.84	79.0	165.0	2399.0	1249.0	1037.0	247010.0	247010.0	247010.0	1377.1																0.0	103	57	0.007963157790476192	3.7												28.57																																14.29	18.75	12.5														14.58		23.33	18.18	27.27	58.33								33.33	50.0											20.0		12.5	5.56		25.0		11.54							25.0		33.33	5.56							33.33				25.0							14.29	14.29	50.0	33.33	50.0		27.78	10.0								11.11	10.0		16.67				7.14					10.0		22.22	22.22				11.11				11.11						28.57	33.33	11.11		22.22	4.0		5.56		11.11							57.14	25.0	18.75		9.52	16.67		20.0																											66.67				8.33					16.67							25.0			12.5		3.57			16.67	50.0											33.33	10.0			33.33		4.76	5.0	9.09					12.5		31.25	33.33					75.0										8.33	8.33			40.0								50.0				33.33	40.0		5.56	25.0			12.5										100.0				33.33
SRR24759600_binette_bin99	Bacteria	unclassified	unclassified	unclassified	unclassified	unclassified	unclassified	1	7.3	0.4	0.0	191.0	191.0	191.0	38.61	50.0	153.0	12766.0	2364.0	1144.0	416680.0	416680.0	416680.0	3645.2																0.0	56	24	0.1268287930952381										14.29																																			14.29	16.67	37.5																												50.0				33.33														7.69					20.0					5.56				16.67	25.0							66.67																25.0											25.0	7.14												11.11									12.5	28.57	33.33	22.22		22.22	44.0	28.57										14.29	25.0				16.67																															25.0																					16.67	16.67			50.0		33.33		10.0							33.33					10.0							33.33										50.0											20.0					33.33																												100.0
SRR24759600_binette_bin80	unclassified	unclassified	unclassified	unclassified	unclassified	unclassified	unclassified	1	7.2	0.2	0.0	210.0	210.0	210.0	32.25	74.0	176.0	5139.0	1851.0	1157.0	377157.0	377157.0	377157.0	2082.7																0.0	56	24	0.008074867152380951										14.29	33.33																				20.0	25.0	20.0	16.67																											12.5	33.33						16.67																	20.0			12.5	33.33							6.25											16.67	25.0		33.33	11.11	25.0				33.33					21.43	14.29					22.22	20.0			25.0							12.5	8.33											22.22	11.11			25.0																				11.11										9.09																																			16.67										20.0							3.57		16.67												20.0								10.0	9.09							25.0																																					20.0						14.29	4.55									66.67
SRR24759601_binette_bin46	Archaea	unclassified	unclassified	unclassified	unclassified	unclassified	unclassified	1	7.2	0.04	0.0	161.0	161.0	161.0	45.8	66.0	140.0	3232.0	1357.0	1065.0	220708.0	220708.0	220708.0	1453.2																0.0	56	24	0.5518772961904761	11.11									14.29	33.33																												50.0				25.0						50.0								33.33				25.0	33.33	20.0	45.45	63.64	8.33	14.29	33.33		16.67									66.67	13.33		25.0	25.0					6.25	33.33	8.33				16.67					25.0				25.0					25.0																										12.5		11.11	10.0											10.0		33.33	33.33																												20.0					9.09	14.29												33.33								22.73					50.0							12.5		16.67														66.67					16.67							50.0													20.0									33.33																																				20.0		12.5														
SRR24759614_binette_bin61	Bacteria	unclassified	unclassified	unclassified	unclassified	unclassified	unclassified	1	7.2	0.0	0.0	74.0	74.0	74.0	33.21	31.0	65.0	2584.0	1204.0	1040.0	93239.0	93239.0	93239.0	1334.8																0.0	104	58	0.010603933595238096																																																																																				10.0		20.0							7.69																	33.33		25.0									35.71						27.78	30.0																																																					14.29																								9.09																				8.33		25.0																												100.0			15.0	27.27		11.11			12.5																																																							
SRR24759602_binette_bin51	Bacteria	unclassified	unclassified	unclassified	unclassified	unclassified	unclassified	1	7.2	0.02	0.0	147.0	147.0	147.0	62.44	37.0	120.0	37292.0	1819.0	1079.0	289036.0	289036.0	289036.0	7107.7																0.0	104	58	0.04473937976190475	3.7							33.33							20.0			33.33																								14.29	25.0	25.0				50.0													20.83		33.33																											25.0			23.08							25.0											11.11																11.11																		14.29																				28.57	33.33	22.22		22.22													25.0			9.52																		20.0																						16.67			25.0			25.0																											25.0														50.0																						25.0	33.33			16.67	20.0																				
SRR24759602_binette_bin72	Bacteria	unclassified	unclassified	unclassified	unclassified	unclassified	unclassified	1	7.2	0.61	0.0	125.0	125.0	125.0	34.14	48.0	107.0	4612.0	1627.0	1147.0	202708.0	202708.0	202708.0	1819.4																0.0	56	24	0.052381358999999995		20.0			25.0	16.67													3.12																								25.0				12.5		50.0	25.0											16.67		26.67																									25.0					7.69												12.5					33.33				25.0									50.0				11.11					25.0		37.5		33.33	30.0		41.67						14.29		16.67			11.11	11.11							50.0											11.11							33.33	33.33								4.76	16.67																																													25.0		33.33																									10.0		45.45	66.67						41.67												16.67			16.67	16.67																		11.11																		
SRR24759598_binette_bin70	Bacteria	unclassified	unclassified	unclassified	unclassified	unclassified	unclassified	1	7.2	0.11	0.0	53.0	53.0	53.0	33.12	24.0	46.0	9328.0	5233.0	4607.0	267563.0	267563.0	267563.0	5271.9																100.0	104	58	0.05889084828571427					25.0	16.67				14.29			14.29		20.0														25.0																					50.0			6.67								16.67	33.33	6.67				14.29							16.67										20.0				37.5	50.0																	16.67	33.33	50.0						25.0	33.33						14.29				50.0		11.11	20.0		20.0		25.0		12.5		22.22	20.0											20.0		22.22	22.22														28.57	16.67	22.22		22.22														12.5	9.09	19.05	16.67																	20.0	12.5											33.33		25.0				16.67	11.11									50.0							33.33											16.67		33.33									45.45	55.56				33.33	12.5	16.67												16.67															50.0	33.33	20.0									25.0														
SRR24759604_binette_bin87	Bacteria	unclassified	unclassified	unclassified	unclassified	unclassified	unclassified	1	7.1	0.48	0.0	174.0	174.0	174.0	40.07	61.0	146.0	6131.0	1815.0	1151.0	309265.0	309265.0	309265.0	2112.1																0.0	56	24	0.05403873547619049					25.0																																													25.0											25.0	66.67		36.36	54.55																		25.0																																												11.11	20.0		20.0	25.0								25.0																														11.11													25.0		18.18		50.0																			9.09																				16.67			50.0		14.29			33.33	5.56													14.29					20.0						10.0							33.33												10.0		16.67												66.67																												
SRR24759613_binette_bin46	unclassified	unclassified	unclassified	unclassified	unclassified	unclassified	unclassified	1	7.1	0.0	0.0	60.0	60.0	60.0	42.19	11.0	42.0	19293.0	5808.0	1424.0	211753.0	211753.0	211753.0	6995.9																0.0	56	24	0.15650067419047622																																							50.0																																																																																																																																																																																										16.67			50.0																																																																																	7.14										
SRR24759603_binette_bin53	Bacteria	unclassified	unclassified	unclassified	unclassified	unclassified	unclassified	1	7.1	0.07	0.0	172.0	172.0	172.0	35.98	51.0	142.0	15245.0	1822.0	1153.0	330371.0	330371.0	330371.0	3158.8																0.0	56	24	0.015099895204761907																																															12.5																				14.29																					12.5																								25.0																					4.35	12.5		11.11	10.0											20.0																																																																									16.67	11.11																																												6.25																																							25.0														
SRR24759610_binette_bin74	unclassified	unclassified	unclassified	unclassified	unclassified	unclassified	unclassified	1	7.0	0.06	0.0	170.0	170.0	170.0	37.81	52.0	141.0	7353.0	1814.0	1088.0	312754.0	312754.0	312754.0	2563.7																0.0	56	24	0.08806545142857145					25.0																																																																						50.0				33.33												25.0							20.0									16.67	25.0							33.33		25.0																									50.0																					50.0		14.29	16.67	11.11		11.11	20.0	14.29										14.29																																								33.33	33.33																16.67														10.0																																		20.0															11.11																		
SRR24759611_binette_bin74	Bacteria	unclassified	unclassified	unclassified	unclassified	unclassified	unclassified	1	7.0	0.59	0.0	113.0	113.0	113.0	38.99	35.0	94.0	6443.0	1759.0	1115.0	200844.0	200844.0	200844.0	2372.2																0.0	104	58	0.033511042738095236						16.67																																									12.5									8.33					4.17		6.67																										11.11																									25.0						25.0																																													14.29		22.22		11.11					11.11											4.76																									50.0									16.67																																									45.45	66.67					6.25													16.67																																								
SRR24759616_binette_bin34	Bacteria	unclassified	unclassified	unclassified	unclassified	unclassified	unclassified	1	6.9	0.03	0.0	112.0	112.0	112.0	43.1	50.0	99.0	2679.0	1128.0	1029.0	133186.0	133186.0	133186.0	1236.5																0.0	103	57	0.009608188623809525																																																																		8.33																			20.0															25.0					37.5					33.33																	11.11																					50.0											16.67																																																															11.11	33.33		8.33			25.0														50.0		33.33											100.0		4.76	10.0																								16.67	16.67															16.67	20.0					22.22	62.5														
SRR24759607_binette_bin34	Bacteria	unclassified	unclassified	unclassified	unclassified	unclassified	unclassified	1	6.9	0.0	0.0	69.0	69.0	69.0	41.67	23.0	57.0	7593.0	4586.0	1963.0	224191.0	224191.0	224191.0	3903.1																0.0	104	58	0.15372713914285713	12.5									14.29	33.33		14.29																								33.33													25.0														36.36	27.27					33.33							20.0	50.0				25.0							16.67	16.67	25.0			33.33				20.0	25.0																										50.0												10.0			12.5							50.0										50.0	50.0							42.86	33.33	33.33		44.44	4.0			20.0								14.29					33.33								16.67									20.0	12.5											33.33		25.0		16.67											14.29				5.56															16.67			10.0					14.29																				10.0		16.67	8.33		8.33	5.56		25.0	20.0					16.67										33.33		20.0											16.67					
SRR24759604_binette_bin93	Bacteria	unclassified	unclassified	unclassified	unclassified	unclassified	unclassified	1	6.9	0.6	0.0	203.0	203.0	203.0	38.89	57.0	165.0	14150.0	2084.0	1122.0	407606.0	407606.0	407606.0	3462.6																0.0	104	58	0.05884900066666667					25.0																																											50.0						25.0							12.5		20.0												50.0														16.67				7.69														16.67	25.0			11.11																			20.0									5.56		25.0	50.0			14.29	25.0		20.0				20.0											50.0		14.29		11.11		11.11	10.0	14.29													9.09	14.29																																																	5.56				16.67									14.29		16.67									20.0																																											22.22				25.0														16.67
SRR24759597_binette_bin62	unclassified	unclassified	unclassified	unclassified	unclassified	unclassified	unclassified	1	6.8	0.03	0.0	185.0	185.0	185.0	39.12	48.0	152.0	10883.0	1807.0	1119.0	355410.0	355410.0	355410.0	3045.6																0.0	56	24	0.11688429104761903	2.78																																															50.0													12.5		20.0				14.29	33.33							50.0																		7.69																25.0	33.33	22.22				33.33		25.0										11.11			20.0	25.0								8.33		25.0				14.29	25.0																								20.0	14.29										14.29	25.0		9.09	14.29	16.67																																							8.33		25.0							5.56								50.0		33.33					16.67									10.0																			20.0	20.0	16.67						50.0																																		16.67
SRR24759598_binette_bin104	Bacteria	unclassified	unclassified	unclassified	unclassified	unclassified	unclassified	1	6.8	0.79	0.0	151.0	151.0	151.0	44.62	59.0	130.0	3669.0	1544.0	1083.0	229260.0	229260.0	229260.0	1638.2																0.0	56	24	0.4104076814285714	1.39												14.29																										50.0								25.0														6.25		10.0	12.12	9.09	8.33		16.67							50.0													12.5	16.67		25.0																	25.0	12.5							33.33								66.67	50.0						50.0						10.0		58.33			25.0					16.67	30.0		44.44	44.44							50.0	5.56	33.33	50.0	50.0	50.0							4.0		5.56	20.0								28.57																																		33.33				8.33		16.67				8.33		25.0			14.29				25.0				16.67														10.0			33.33						11.11					6.25											20.0	20.0		8.33		8.33	5.56		25.0	40.0								25.0	33.33										37.5									16.67	100.0		20.0	20.0	
SRR24759614_binette_bin64	Bacteria	unclassified	unclassified	unclassified	unclassified	unclassified	unclassified	1	6.8	0.05	0.0	41.0	41.0	41.0	44.11	8.0	29.0	23152.0	6847.0	2210.0	206369.0	206369.0	206369.0	10377.8																0.0	56	24	0.10546302576190476																																																50.0					20.0				33.33				12.5		20.0																									12.5					7.69										8.33			8.33	25.0	25.0	25.0		11.11				33.33							14.29								20.0	50.0											25.0			14.29			20.0											22.22											20.0	14.29					11.11	11.11				14.29	25.0		9.09	14.29					16.67			16.67																								50.0					11.11			16.67	50.0	25.0		20.0									16.67							16.67		14.29		16.67			20.0			66.67			10.0	9.09						33.33																							16.67																	25.0														
SRR24759610_binette_bin73	Bacteria	unclassified	unclassified	unclassified	unclassified	unclassified	unclassified	1	6.8	0.02	0.0	279.0	279.0	279.0	61.02	91.0	235.0	11127.0	1576.0	1090.0	465553.0	465553.0	465553.0	2302.5																0.0	56	24	0.03387115833333334	3.7							33.33							20.0																																														8.33		13.33																											25.0			7.69							25.0										33.33		25.0									7.14					16.67	22.22												16.67																			33.33							28.57	33.33	22.22		22.22																9.52																		20.0												33.33										8.33			25.0			25.0																											10.0	9.09													50.0			50.0																16.67			25.0	33.33			16.67	20.0																				
SRR24759598_binette_bin106	Bacteria	unclassified	unclassified	unclassified	unclassified	unclassified	unclassified	1	6.8	0.89	0.0	147.0	147.0	147.0	45.73	60.0	128.0	2492.0	1367.0	1077.0	204760.0	204760.0	204760.0	1471.9																0.0	56	24	0.3716925338095238										14.29	33.33																																																					9.09	18.18		14.29			16.67										6.67		25.0	25.0							8.33				16.67												16.67	33.33	50.0																																								20.0			11.11								16.67						14.29	16.67	11.11		11.11										20.0			25.0				33.33																			9.09					50.0							62.5		16.67		16.67	22.22																33.33																						9.09	11.11					6.25											20.0	20.0	16.67							20.0					33.33												20.0		25.0														33.33
SRR24759608_binette_bin90	Bacteria	unclassified	unclassified	unclassified	unclassified	unclassified	unclassified	1	6.8	1.26	0.0	133.0	133.0	133.0	45.93	54.0	115.0	2435.0	1531.0	1102.0	200481.0	200481.0	200481.0	1600.4																0.0	56	24	0.43010254047619045						16.67																																				14.29	25.0	25.0	14.29	16.67	12.5		50.0																	16.67								33.33														15.62		8.33			7.69	16.67				20.0				33.33	5.56													33.33					14.29											25.0							22.22			25.0	7.14			25.0	33.33								11.11			33.33							28.57	33.33	22.22		33.33	4.0											28.57	25.0	18.75			16.67		20.0																																	16.67									14.29																												5.0																						8.33		19.44	5.56		25.0	20.0																												33.33					
SRR24759596_binette_bin28	Bacteria	unclassified	unclassified	unclassified	unclassified	unclassified	unclassified	1	6.8	0.13	0.0	62.0	62.0	62.0	46.02	16.0	48.0	19996.0	3500.0	1656.0	200719.0	200719.0	200719.0	5681.2																0.0	56	24	0.07935381385714282																																												25.0																																																																													14.29																																																				20.0									25.0																																																																																																																																									
SRR24759602_binette_bin55	Bacteria	unclassified	unclassified	unclassified	unclassified	unclassified	unclassified	1	6.8	0.21	0.0	203.0	203.0	203.0	43.44	79.0	176.0	3230.0	1336.0	1039.0	282107.0	282107.0	282107.0	1525.8																0.0	56	24	0.07964693971428571	1.85				50.0								14.29			50.0												50.0	25.0								33.33								14.29	16.67	12.5														16.67	33.33	6.67	18.18	9.09																							15.62					11.54										5.56		25.0																	14.29								20.0	50.0												7.14					30.0							11.11					33.33	50.0	50.0	50.0		14.29	16.67	11.11		11.11	4.0			20.0	11.11							28.57				4.76	16.67				16.67			16.67										20.0	12.5																	33.33	33.33							20.0											100.0																	14.29	25.0			11.11											25.0								16.67		16.67	11.11		50.0	20.0										60.0					22.22		20.0		37.5									33.33	100.0				
SRR24759602_binette_bin52	unclassified	unclassified	unclassified	unclassified	unclassified	unclassified	unclassified	1	6.8	0.0	0.0	122.0	122.0	122.0	35.72	40.0	102.0	6946.0	1740.0	1136.0	215869.0	215869.0	215869.0	2239.8																0.0	56	24	0.03147253271428571																																																																																																																																			25.0																																																		14.29																																																																																																																																										
SRR24759599_binette_bin77	Bacteria	unclassified	unclassified	unclassified	unclassified	unclassified	unclassified	1	6.7	0.03	0.0	95.0	95.0	95.0	31.46	25.0	70.0	18294.0	4594.0	1450.0	300457.0	300457.0	300457.0	5070.0																0.0	104	58	0.027044710642857153										14.29								16.67																																											12.5	33.33																													25.0				25.0													25.0		33.33		25.0									7.14						11.11			20.0	25.0																																		14.29	16.67	11.11		11.11													25.0			7.14																																25.0																					16.67														10.0	33.33					10.0	9.09						33.33												10.0																					16.67	20.0		11.11																		
SRR24759609_binette_bin80	Bacteria	unclassified	unclassified	unclassified	unclassified	unclassified	unclassified	1	6.7	0.01	0.0	171.0	171.0	171.0	55.62	68.0	148.0	2525.0	1334.0	1054.0	236639.0	236639.0	236639.0	1489.0																0.0	56	24	0.012843208480952379					25.0			33.33																					25.0							50.0	33.33					14.29	25.0						50.0												6.25		10.0																					60.0	40.0					25.0	25.0																				11.11	25.0							25.0	25.0	14.29	14.29		33.33			11.11	20.0								11.11	10.0		16.67								33.33	20.0							33.33			33.33	5.56											4.0		22.22	20.0								14.29																																	50.0											33.33		50.0							18.06															16.67			10.0			33.33			5.0	27.27					25.0																											58.33														25.0	16.67									100.0				
SRR24759614_binette_bin63	Bacteria	unclassified	unclassified	unclassified	unclassified	unclassified	unclassified	1	6.7	0.0	0.0	119.0	119.0	119.0	32.56	46.0	101.0	4541.0	1747.0	1178.0	200923.0	200923.0	200923.0	1860.2																0.0	56	24	0.011287195209523808										14.29	33.33			12.5				33.33																									25.0						50.0																									16.67															22.22																	16.67	16.67	25.0																						20.0	50.0	25.0																		11.11	11.11																															25.0	6.25																																				25.0																			16.67										50.0																																		16.67	16.67																				20.0																
SRR24759614_binette_bin67	Bacteria	unclassified	unclassified	unclassified	unclassified	unclassified	unclassified	1	6.7	0.01	0.0	84.0	84.0	84.0	42.89	38.0	75.0	4514.0	2982.0	2554.0	251247.0	251247.0	251247.0	3040.9																0.0	104	58	0.29017500761904763													14.29																25.0																																12.5	33.33		27.27	36.36	16.67	14.29	50.0						16.67																																										33.33					28.57	14.29					22.22	40.0			25.0			12.5		11.11	20.0		5.56	12.5						25.0		20.0					33.33				50.0								14.29	16.67	11.11		11.11										20.0			25.0	6.25	9.09						16.67			16.67				33.33																								16.67				8.33		25.0		20.0			100.0		5.56																			33.33					10.0	9.09																					16.67		16.67	11.11		50.0																																		83.33
SRR24759600_binette_bin81	Bacteria	unclassified	unclassified	unclassified	unclassified	unclassified	unclassified	1	6.7	0.08	0.0	48.0	48.0	48.0	36.66	15.0	40.0	26756.0	5194.0	3132.0	248995.0	248995.0	248995.0	7852.6																0.0	104	58	0.0360873932095238																		33.33																																											6.25		10.0	72.73	95.45	91.67																											3.85													8.33	8.33		25.0		11.11																11.11	20.0		40.0							10.0			50.0					7.14			10.0																												11.11	11.11								14.29					16.67			16.67												9.09																								60.0												11.11		100.0															5.0									8.33																																						12.5														
SRR24759612_binette_bin42	Bacteria	unclassified	unclassified	unclassified	unclassified	unclassified	unclassified	1	6.7	0.04	0.0	65.0	65.0	65.0	32.11	28.0	57.0	7541.0	3227.0	2662.0	217322.0	217322.0	217322.0	3534.0																0.0	56	24	0.024575118238095238															6.67														25.0														25.0						50.0																			16.67																20.0	20.0	20.0		12.5												25.0								25.0													14.29						5.56	10.0																50.0				40.0		11.11	11.11	20.0																																																					27.27																				33.33		50.0															100.0		33.33								20.0							27.27	36.36	44.44			37.5	33.33	12.5													16.67																						11.11				25.0														
SRR24759599_binette_bin88	Bacteria	unclassified	unclassified	unclassified	unclassified	unclassified	unclassified	2	6.7	0.17	0.0	64.0	64.0	64.0	33.61	23.0	54.0	13281.0	4950.0	2963.0	282433.0	282433.0	282433.0	5189.3																0.0	56	24	0.06349064457142857				50.0	25.0					14.29	33.33																		25.0							50.0	66.67																								12.5		20.0												50.0								25.0					12.5										20.0											25.0		11.11				33.33																25.0			12.5		11.11	10.0		16.67									20.0		33.33	33.33																			20.0	14.29										14.29	25.0																																					16.67						16.67		25.0		20.0					11.11																							14.29		9.09	18.18	22.22						16.67																																				20.0		25.0														
SRR24759603_binette_bin55	unclassified	unclassified	unclassified	unclassified	unclassified	unclassified	unclassified	1	6.6	0.02	0.0	243.0	243.0	243.0	31.71	92.0	210.0	3798.0	1407.0	1041.0	343953.0	343953.0	343953.0	1583.0																0.0	56	24	0.01269996715238095													14.29		6.67																											14.29	25.0	25.0				50.0													12.5	33.33																								20.0		12.5					7.69	25.0											12.5			25.0		33.33	11.11	25.0								25.0	14.29	14.29					16.67	10.0		20.0																				11.11	11.11																														14.29	25.0			14.29																			12.5													12.5								16.67		25.0						33.33					16.67																				15.0	18.18		22.22			12.5		12.5																										14.29																							100.0				50.0
SRR24759607_binette_bin35	Bacteria	unclassified	unclassified	unclassified	unclassified	unclassified	unclassified	1	6.6	0.0	0.0	68.0	68.0	68.0	46.04	32.0	61.0	3476.0	2995.0	2746.0	205338.0	205338.0	205338.0	3034.5																0.0	104	58	0.19004653576190478	20.83																																									14.29	25.0				25.0		50.0	25.0											37.5	33.33	40.0																									40.62	16.67																				25.0		11.11						25.0			25.0	14.29					33.33	22.22	20.0		20.0	25.0			12.5		11.11	10.0													22.22	22.22													12.5						4.0			20.0								14.29			9.09	14.29																														66.67				16.67											14.29																											14.29	15.0																																								16.67	20.0															16.67					
SRR24759597_binette_bin61	Bacteria	unclassified	unclassified	unclassified	unclassified	unclassified	unclassified	1	6.6	0.02	0.0	88.0	88.0	88.0	32.19	25.0	71.0	13709.0	2355.0	1293.0	203447.0	203447.0	203447.0	3621.2																0.0	277	177	0.09399926057142857																																																																																																																										14.29																																																																																																																																																							25.0																																														
SRR24759615_binette_bin69	Bacteria	unclassified	unclassified	unclassified	unclassified	unclassified	unclassified	1	6.6	0.0	0.0	10.0	10.0	10.0	47.08	3.0	6.0	69194.0	50780.0	16782.0	269505.0	269505.0	269505.0	48091.9																0.0	56	24	0.01873190833333333						50.0																															33.33																								12.5		20.0										50.0				30.0	100.0											16.67																																14.29						33.33	20.0				25.0		12.5			10.0																					33.33							14.29	16.67	11.11		11.11												14.29	25.0	12.5											33.33						50.0															33.33					100.0					8.33																	50.0		33.33													14.29																																		16.67							33.33	60.0																				
SRR24759603_binette_bin56	Bacteria	unclassified	unclassified	unclassified	unclassified	unclassified	unclassified	1	6.6	0.02	0.0	152.0	152.0	152.0	45.84	52.0	128.0	4840.0	1795.0	1115.0	258922.0	258922.0	258922.0	2014.7																0.0	56	24	0.34833654904761907																																																																9.09	18.18	16.67									50.0																																																				11.11												41.67																																										14.29																																		33.33		50.0																																				33.33								44.44					25.0													16.67						50.0													16.67	20.0																				
SRR24759602_binette_bin54	Bacteria	unclassified	unclassified	unclassified	unclassified	unclassified	unclassified	2	6.6	0.01	0.0	167.0	167.0	167.0	32.51	56.0	141.0	4949.0	1739.0	1096.0	282432.0	282432.0	282432.0	2020.0																100.0	56	24	0.032776021523809526				50.0																																							25.0						50.0																																		50.0					12.5		8.33				16.67														25.0	25.0		11.11				33.33																			12.5		11.11	10.0													11.11	11.11																			20.0	14.29																																																						16.67		25.0		20.0									16.67				25.0					14.29												9.09	9.09	11.11					25.0	16.67										10.0																																										
SRR24759613_binette_bin47	unclassified	unclassified	unclassified	unclassified	unclassified	unclassified	unclassified	1	6.5	0.0	0.0	91.0	91.0	91.0	30.21	28.0	74.0	11466.0	3404.0	1888.0	290524.0	290524.0	290524.0	4191.1																0.0	56	24	0.02936333795714286																			3.12																											2.08																						16.67																												10.0																						1.85			21.43			33.33			22.22	20.0																				20.0																												33.33	33.33									33.33														50.0	33.33																																	12.5																	33.33															18.75														8.33		8.33	5.56		25.0						8.33										5.56				25.0					7.95									
SRR24759600_binette_bin103	unclassified	unclassified	unclassified	unclassified	unclassified	unclassified	unclassified	1	6.4	0.3	0.0	116.0	116.0	116.0	42.73	38.0	98.0	7362.0	1783.0	1134.0	203406.0	203406.0	203406.0	2221.0																100.0	104	58	0.29408951857142857	5.56				25.0																																																								12.5		20.0					16.67																20.0	20.0			12.5			50.0									75.0															33.33	33.33				25.0											25.0						10.0							50.0			16.67											16.67					50.0							20.0	14.29														14.29																									50.0											16.67				8.33			25.0																								40.0						10.0		9.09	22.22			25.0	33.33																					20.0															11.11																		
SRR24759606_binette_bin78	Bacteria	unclassified	unclassified	unclassified	unclassified	unclassified	unclassified	1	6.4	0.02	0.0	178.0	178.0	178.0	50.54	68.0	152.0	5232.0	1612.0	1087.0	274872.0	274872.0	274872.0	1707.0																0.0	56	24	0.01518977369047619								33.33					14.29		13.33																																37.5																			16.67																		20.0	20.0					25.0	25.0																															42.86				33.33																						20.0																																	14.29	25.0																																											8.33		25.0																									10.0												25.0																																									25.0														
SRR24759610_binette_bin92	unclassified	unclassified	unclassified	unclassified	unclassified	unclassified	unclassified	1	6.4	0.24	0.0	113.0	113.0	113.0	45.07	38.0	95.0	8447.0	1850.0	1151.0	200436.0	200436.0	200436.0	2283.4																0.0	56	24	0.4900121333333333	2.78												14.29																								33.33										12.5														12.5		20.0	18.18	9.09	50.0	14.29													6.67								12.5																					25.0													14.29		33.33															8.33											11.11	11.11								5.56											4.0		11.11	20.0						20.0																															16.67							12.5				16.67	11.11			8.33		25.0			14.29				12.5																					33.33		14.29				44.44					25.0													16.67	8.33	12.5	38.89	30.56	11.11	25.0						33.33															16.67								16.67					
SRR24759600_binette_bin107	Bacteria	unclassified	unclassified	unclassified	unclassified	unclassified	unclassified	1	6.4	0.81	0.0	101.0	101.0	101.0	44.72	33.0	84.0	5917.0	2143.0	1264.0	204530.0	204530.0	204530.0	2493.1																100.0	104	58	0.5265681047619046	6.94																																						50.0					25.0																	6.25		10.0			16.67	14.29	50.0						16.67																8.33				16.67				20.0					16.67						12.5												14.29			66.67							25.0			25.0		11.11	30.0					25.0	7.14					10.0		11.11	11.11						50.0		5.56					12.5	28.57	16.67	22.22		33.33			5.56							20.0		14.29		6.25			16.67																																															66.67	25.0											33.33				16.67						33.33																						20.0	20.0								20.0														16.67	11.11				12.5														
SRR24759606_binette_bin64	unclassified	unclassified	unclassified	unclassified	unclassified	unclassified	unclassified	1	6.4	0.0	0.0	44.0	44.0	44.0	45.38	21.0	39.0	1830.0	1384.0	1203.0	59755.0	59755.0	59755.0	1373.5																0.0	56	24	0.007518078414285715																																																																																																																																																																																																																																																																																																																															
SRR24759600_binette_bin86	unclassified	unclassified	unclassified	unclassified	unclassified	unclassified	unclassified	1	6.4	0.0	0.0	32.0	32.0	32.0	42.26	11.0	27.0	4702.0	1578.0	1150.0	53516.0	53516.0	53516.0	2032.9																0.0	56	24	0.13151125380952383																																																																																																																																																																																																																																																																																																																															
SRR24759599_binette_bin80	unclassified	unclassified	unclassified	unclassified	unclassified	unclassified	unclassified	1	6.4	0.0	0.0	32.0	32.0	32.0	41.89	11.0	27.0	3977.0	1508.0	1126.0	52768.0	52768.0	52768.0	1973.0																0.0	56	24	0.09055329166666667																																																																																																																																																																																																																																																																																																																															
SRR24759596_binette_bin33	unclassified	unclassified	unclassified	unclassified	unclassified	unclassified	unclassified	1	6.4	0.0	0.0	110.0	110.0	110.0	21.65	34.0	91.0	9414.0	1780.0	1114.0	202341.0	202341.0	202341.0	2569.1																0.0	56	24	0.029853004266666663																																																																																																																																																																																																																																																																																																																															
SRR24759605_binette_bin51	unclassified	unclassified	unclassified	unclassified	unclassified	unclassified	unclassified	1	6.4	0.0	0.0	39.0	39.0	39.0	42.17	16.0	34.0	2884.0	1409.0	1057.0	55821.0	55821.0	55821.0	1578.1																0.0	56	24	0.068494385																																																																																																																																																																																																																																																																																																																															
SRR24759609_binette_bin69	unclassified	unclassified	unclassified	unclassified	unclassified	unclassified	unclassified	1	6.4	0.0	0.0	32.0	32.0	32.0	41.51	11.0	27.0	3354.0	1659.0	1060.0	51949.0	51949.0	51949.0	1882.2																0.0	56	24	0.12833113042857142																																																																																																																																																																																																																																																																																																																															
SRR24759599_binette_bin78	unclassified	unclassified	unclassified	unclassified	unclassified	unclassified	unclassified	2	6.4	0.0	0.0	39.0	39.0	39.0	22.42	8.0	31.0	10450.0	2343.0	1104.0	84328.0	84328.0	84328.0	4183.3																0.0	56	24	0.03260678571428571																																																																																																																																																																																																																																																																																																																															
SRR24759615_binette_bin86	Bacteria	unclassified	unclassified	unclassified	unclassified	unclassified	unclassified	1	6.4	0.43	0.0	23.0	23.0	23.0	29.8	8.0	19.0	18254.0	9688.0	6046.0	226866.0	226866.0	226866.0	11824.1																0.0	56	24	0.023747756476190478													14.29						3.12																																										4.17		6.67											16.67										40.0	20.0			12.5	33.33																						11.11			25.0							14.29	14.29					11.11	20.0																																							11.11									33.33	33.33					25.0	6.25		4.76																																																																		33.33																						12.5																																														100.0
SRR24759597_binette_bin64	Bacteria	unclassified	unclassified	unclassified	unclassified	unclassified	unclassified	1	6.4	0.01	0.0	144.0	144.0	144.0	34.33	57.0	125.0	3558.0	1423.0	1067.0	204832.0	204832.0	204832.0	1554.6																0.0	104	58	0.008121363333333334	6.94													12.5																													25.0				12.5		50.0												18.75		30.0			16.67																				20.0		37.5					3.85												12.5				12.5	33.33		25.0								25.0	50.0						38.89	50.0		20.0		25.0					10.0								7.14			20.0		22.22	22.22																		11.11					11.11					10.0						28.57	16.67																			9.09																											50.0	33.33																	10.0					66.67			15.0	27.27					12.5																																			20.0		11.11				25.0														
SRR24759613_binette_bin54	unclassified	unclassified	unclassified	unclassified	unclassified	unclassified	unclassified	1	6.4	0.1	0.0	91.0	91.0	91.0	51.87	32.0	77.0	13017.0	3926.0	2745.0	369410.0	369410.0	369410.0	4973.3																0.0	56	24	0.016148230228571432																																															25.0																			16.67																		40.0	20.0																																			25.0		14.29					11.11																					20.0																																	14.29	25.0																																	33.33																																																																																			16.67	20.0						25.0														33.33
SRR24759611_binette_bin78	Bacteria	unclassified	unclassified	unclassified	unclassified	unclassified	unclassified	1	6.3	0.31	0.0	191.0	191.0	191.0	63.78	79.0	167.0	2532.0	1271.0	1041.0	250497.0	250497.0	250497.0	1385.5																0.0	104	58	0.02271110419047619	1.85				25.0					42.86	66.67																											50.0	50.0								37.5														22.92	33.33	16.67				14.29				25.0																	25.0	33.33				7.69																																					20.0				12.5		11.11	10.0		25.0						7.14	25.0		20.0																	42.86	50.0	33.33		33.33																4.76																		20.0													6.67	62.5		33.33		16.67	11.11			16.67			50.0		14.29	50.0																											20.0			11.11					31.25						25.0					20.0	20.0			12.5			11.11		20.0					16.67			50.0	33.33								40.0		25.0														
SRR24759604_binette_bin88	unclassified	unclassified	unclassified	unclassified	unclassified	unclassified	unclassified	2	6.3	0.01	0.0	37.0	37.0	37.0	39.69	11.0	30.0	17537.0	6377.0	3462.0	208424.0	208424.0	208424.0	7458.8																0.0	56	24	0.041963618804761904																																																																																																											16.67	25.0																							25.0																																																																		33.33																												16.67			50.0										16.67																																																																						16.67											
SRR24759611_binette_bin71	unclassified	unclassified	unclassified	unclassified	unclassified	unclassified	unclassified	2	6.3	0.01	0.0	63.0	63.0	63.0	32.25	13.0	46.0	19141.0	4673.0	1454.0	216218.0	216218.0	216218.0	6408.0																0.0	104	58	0.01074000863333333																																																																																				20.0	20.0																																																				10.0																												14.29	16.67	11.11		11.11										10.0																																																					100.0																				20.0												25.0																																																							
SRR24759600_binette_bin115	Bacteria	unclassified	unclassified	unclassified	unclassified	unclassified	unclassified	1	6.2	4.52	0.0	122.0	122.0	122.0	44.04	42.0	103.0	5520.0	1607.0	1083.0	203333.0	203333.0	203333.0	1998.2																100.0	104	58	0.30923810142857144						16.67				14.29																		50.0	50.0							50.0	33.33										25.0																																			25.0	75.0																												11.11										14.29						11.11	20.0			25.0	50.0					10.0		58.33		50.0						16.67	30.0		11.11	11.11					33.33		16.67											11.11																												33.33						20.0	12.5	45.45	10.0											12.5																	5.56																			33.33																							33.33	30.0	20.0	16.67							20.0															11.11				12.5														
SRR24759603_binette_bin86	Bacteria	unclassified	unclassified	unclassified	unclassified	unclassified	unclassified	1	6.2	0.0	0.0	38.0	38.0	38.0	54.87	19.0	34.0	7514.0	7241.0	6902.0	273169.0	273169.0	273169.0	7195.3																0.0	102	57	0.019661404247619047		20.0			25.0	50.0				14.29		20.0	14.29		13.33	50.0													25.0															25.0														66.67			31.25	33.33	30.0			33.33													66.67					20.0	20.0			12.5						25.0				40.0																							35.71	14.29		33.33			22.22	20.0		20.0		25.0		25.0		11.11	20.0									25.0													5.56						14.29	16.67	11.11		22.22			5.56									14.29		31.25		28.57																				27.27					50.0							25.0								41.67		75.0				50.0			12.5								50.0		33.33		30.0									66.67			10.0	27.27					25.0			16.67																			20.0								25.0	33.33																			33.33					100.0
SRR24759609_binette_bin79	unclassified	unclassified	unclassified	unclassified	unclassified	unclassified	unclassified	1	6.2	0.01	0.0	45.0	45.0	45.0	29.01	15.0	37.0	19384.0	6580.0	3887.0	288842.0	288842.0	288842.0	7969.8																0.0	56	24	0.02372194771428572															20.0																																														4.17		6.67																										33.33																									25.0																			13.04																																																	25.0			4.76																																																																			20.0													33.33																																																						
SRR24759598_binette_bin98	unclassified	unclassified	unclassified	unclassified	unclassified	unclassified	unclassified	1	6.2	0.01	0.0	139.0	139.0	139.0	37.15	50.0	119.0	5175.0	1534.0	1090.0	217765.0	217765.0	217765.0	1840.5																0.0	56	24	0.04863675157142856					25.0										13.33														25.0																																																									20.0					50.0																	25.0													14.29						5.56	10.0			25.0																	20.0																																										16.67				16.67					50.0																																							16.67														40.0	33.33						9.09					12.5																																					22.22																		
SRR24759613_binette_bin55	Bacteria	unclassified	unclassified	unclassified	unclassified	unclassified	unclassified	2	6.1	0.01	0.0	195.0	195.0	195.0	29.35	68.0	164.0	5916.0	1739.0	1114.0	335497.0	335497.0	335497.0	2069.6																0.0	56	24	0.03167573547619048				50.0																																	33.33																																						50.0													12.5																																																																																														25.0								16.67			16.67																																				20.0													25.0													33.33		14.29																																																														
SRR24759613_binette_bin56	Bacteria	unclassified	unclassified	unclassified	unclassified	unclassified	unclassified	1	6.1	0.07	0.0	161.0	161.0	161.0	36.87	66.0	139.0	2519.0	1461.0	1128.0	235151.0	235151.0	235151.0	1536.9																0.0	56	24	0.18954095666666668																																													14.29	16.67								25.0																									66.67																																										7.14																		8.33									20.0											16.67				50.0																			25.0								16.67			16.67																													11.11							20.0					5.56												10.0													18.18						33.33																																								25.0														16.67
SRR24759600_binette_bin101	Bacteria	unclassified	unclassified	unclassified	unclassified	unclassified	unclassified	1	6.1	0.03	0.0	145.0	145.0	145.0	37.96	50.0	121.0	6925.0	1869.0	1159.0	258925.0	258925.0	258925.0	2160.5																0.0	56	24	0.010169831333333334																		33.33																																																																																									16.67	25.0																		33.33																																																								25.0																																	33.33										16.67		25.0											16.67																					9.09																															25.0																													16.67
SRR24759608_binette_bin86	unclassified	unclassified	unclassified	unclassified	unclassified	unclassified	unclassified	1	6.1	0.2	0.0	205.0	205.0	205.0	40.27	79.0	177.0	3143.0	1343.0	1063.0	290473.0	290473.0	290473.0	1546.5																0.0	56	24	0.06220093266666666	1.85																																																								33.33				16.67	33.33	6.67	9.09																								12.5			25.0		3.85												12.5											33.33														20.0	50.0										25.0																		5.56						14.29		11.11		11.11										20.0		14.29			9.09	4.76	16.67																			9.09																16.67											50.0	33.33									50.0		33.33			14.29					10.0						5.0														25.0																													11.11																		
SRR24759605_binette_bin81	unclassified	unclassified	unclassified	unclassified	unclassified	unclassified	unclassified	1	6.0	0.0	0.0	198.0	198.0	198.0	43.52	71.0	169.0	4118.0	1548.0	1080.0	303266.0	303266.0	303266.0	1751.6																0.0	56	24	0.01767150002857143																		33.33																																																																									25.0		7.69																												14.29					33.33	11.11	20.0									10.0																																												14.29																																		33.33										16.67		25.0																									10.0						5.0	18.18																																																40.0												66.67
SRR24759615_binette_bin83	Bacteria	unclassified	unclassified	unclassified	unclassified	unclassified	unclassified	1	6.0	0.01	0.0	119.0	119.0	119.0	35.48	38.0	98.0	10849.0	1956.0	1176.0	232285.0	232285.0	232285.0	2771.5																0.0	56	24	0.041678485571428565						33.33				14.29	33.33				20.0			16.67											25.0							50.0	33.33																								16.67	33.33	6.67		9.09														33.33						20.0			12.5						50.0				20.0								16.67	16.67	25.0	25.0	33.33	11.11	25.0		25.0							7.14					33.33	33.33			20.0	25.0	25.0		12.5		11.11	20.0											20.0		22.22	22.22			25.0											14.29	16.67	11.11		22.22												28.57				11.9																														66.67				16.67						8.33									5.56				16.67																	66.67		14.29	10.0	9.09							25.0	16.67													16.67		16.67	11.11		50.0	20.0					33.33							33.33	40.0				20.0		25.0														
SRR24759607_binette_bin45	Bacteria	unclassified	unclassified	unclassified	unclassified	unclassified	unclassified	1	6.0	0.94	0.0	106.0	106.0	106.0	45.04	29.0	87.0	10001.0	2048.0	1095.0	204753.0	204753.0	204753.0	2978.7																0.0	56	24	0.4567489590476191										14.29	33.33																																		14.29	16.67				25.0																	14.29	33.33							50.0											20.0		25.0					7.69										5.56							33.33	11.11										14.29		100.0				22.22	20.0											5.56				7.14			25.0				22.22	22.22				11.11										14.29	16.67	11.11		11.11	4.0									20.0																															50.0							50.0		16.67													100.0																																													10.0		16.67																	40.0							20.0																
SRR24759603_binette_bin89	Bacteria	unclassified	unclassified	unclassified	unclassified	unclassified	unclassified	1	6.0	0.26	0.0	62.0	62.0	62.0	40.66	19.0	50.0	15036.0	3647.0	2032.0	212501.0	212501.0	212501.0	4792.4																0.0	56	24	0.11264147419047621	2.78																																												14.29	16.67																																															7.69										5.56			16.67	33.33	50.0	25.0																														8.33			25.0	7.14					10.0							11.11				5.56				50.0							10.0	14.29										14.29					16.67																																																				33.33											16.67									10.0																						8.33		8.33	5.56		25.0																11.11				12.5														16.67
SRR24759600_binette_bin114	Bacteria	unclassified	unclassified	unclassified	unclassified	unclassified	unclassified	1	6.0	3.55	0.0	110.0	110.0	110.0	44.7	34.0	91.0	6879.0	2006.0	1152.0	209194.0	209194.0	209194.0	2455.7																100.0	56	24	0.3570975504761905					25.0																																		50.0				25.0						50.0																	8.33	14.29								50.0													25.0	16.67																		16.67	25.0													7.14													12.5		11.11	10.0					25.0										20.0																													14.29																																								50.0	44.44																16.67														20.0							18.18																											20.0																																	
SRR24759602_binette_bin73	unclassified	unclassified	unclassified	unclassified	unclassified	unclassified	unclassified	1	5.9	0.02	0.0	89.0	89.0	89.0	45.11	17.0	70.0	40486.0	2315.0	1119.0	201901.0	201901.0	201901.0	10360.6																0.0	56	24	0.1336117378095238																																																																																											25.0																														14.29						11.11	20.0																						22.22	22.22																															25.0																																																																						10.0																														19.44	8.33																																				
SRR24759604_binette_bin91	unclassified	unclassified	unclassified	unclassified	unclassified	unclassified	unclassified	1	5.9	0.05	0.0	124.0	124.0	124.0	27.65	46.0	105.0	6003.0	1711.0	1136.0	207720.0	207720.0	207720.0	1963.0																0.0	56	24	0.018336964095238096						16.67							14.29		6.67																																																												50.0													25.0																																25.0		14.29									25.0	25.0																																																		25.0																																																																																				12.5																																																					
SRR24759603_binette_bin57	Bacteria	unclassified	unclassified	unclassified	unclassified	unclassified	unclassified	1	5.9	0.0	0.0	111.0	111.0	111.0	56.43	45.0	93.0	2973.0	1976.0	1268.0	200158.0	200158.0	200158.0	1921.5																0.0	56	24	0.019137781166666673																								50.0							20.0	25.0	20.0	16.67																																33.33																																														25.0									14.29	14.29					33.33	40.0				25.0							41.67	50.0																															14.29							8.33			14.29	25.0												16.67		50.0									22.73		4.17								33.33										33.33		50.0				50.0			5.56					33.33										16.67		33.33								18.18			25.0				25.0																					33.33							25.0	33.33			16.67	20.0		11.11										33.33								
SRR24759603_binette_bin90	Bacteria	unclassified	unclassified	unclassified	unclassified	unclassified	unclassified	1	5.9	0.75	0.0	152.0	152.0	152.0	41.4	60.0	132.0	4088.0	1406.0	1057.0	217037.0	217037.0	217037.0	1555.7																0.0	56	24	0.15919305047619045	12.5																																						50.0				25.0				12.5		50.0	25.0																8.33																									25.0																	25.0													14.29						11.11	20.0			25.0																										50.0																																																														16.67																			16.67														30.0	33.33																											8.33		8.33	5.56		25.0														20.0		11.11																		
SRR24759616_binette_bin72	unclassified	unclassified	unclassified	unclassified	unclassified	unclassified	unclassified	1	5.9	0.01	0.0	72.0	72.0	72.0	28.64	21.0	60.0	35644.0	3961.0	2642.0	310225.0	310225.0	310225.0	8181.5																0.0	56	24	0.01953623969047619																																																																											50.0																																																								25.0																																																		14.29	25.0																																																																																																																																									33.33
SRR24759615_binette_bin84	Bacteria	unclassified	unclassified	unclassified	unclassified	unclassified	unclassified	1	5.9	0.0	0.0	174.0	174.0	174.0	30.97	67.0	150.0	3955.0	1369.0	1060.0	248788.0	248788.0	248788.0	1581.1																0.0	104	58	0.013564726128571429					25.0	11.11																																													33.33																																																																																	8.33							5.56																																		20.0								14.29	25.0																																																																6.67					16.67																																																																				33.33
SRR24759600_binette_bin102	Bacteria	unclassified	unclassified	unclassified	unclassified	unclassified	unclassified	1	5.8	0.03	0.0	176.0	176.0	176.0	38.7	65.0	150.0	5726.0	1551.0	1117.0	279515.0	279515.0	279515.0	1833.5																0.0	56	24	0.006481060723809525															20.0													50.0										50.0	50.0	33.33	25.0				28.57	16.67	12.5														12.5	33.33																															7.69			5.0				25.0															33.33												11.11			20.0				12.5			10.0			25.0										11.11	11.11																		11.11												14.29				14.29				50.0	16.67			16.67																																16.67			25.0	40.0			50.0	33.33										100.0														14.29	15.0								31.25														8.33		8.33	5.56		25.0					25.0								16.67	20.0		22.22								14.29	3.41									
SRR24759597_binette_bin74	Bacteria	unclassified	unclassified	unclassified	unclassified	unclassified	unclassified	1	5.8	0.0	0.0	154.0	154.0	154.0	34.17	58.0	132.0	4178.0	1464.0	1064.0	228297.0	228297.0	228297.0	1659.8																0.0	104	58	0.025097952571428567	5.56									14.29			14.29		33.33																																														12.5		20.0																					40.0	40.0			12.5	33.33																						11.11										14.29		50.0		50.0	33.33	11.11	20.0			25.0																																						11.11																14.29																														66.67		12.5								16.67		25.0																						16.67						100.0			20.0	9.09					25.0	33.33					14.29																															5.56																		
SRR24759611_binette_bin73	unclassified	unclassified	unclassified	unclassified	unclassified	unclassified	unclassified	1	5.8	0.0	0.0	140.0	140.0	140.0	45.93	53.0	120.0	5690.0	1429.0	1105.0	213367.0	213367.0	213367.0	1761.6																0.0	56	24	0.3407348933333333																																																																																6.67		25.0																																							7.14						11.11																																																																																																																																				9.09	9.09	22.22																																																										
SRR24759598_binette_bin100	Bacteria	unclassified	unclassified	unclassified	unclassified	unclassified	unclassified	1	5.8	0.0	0.0	186.0	186.0	186.0	50.87	78.0	163.0	2595.0	1227.0	1040.0	235273.0	235273.0	235273.0	1330.9																0.0	56	24	0.009575649823809521	1.85	40.0				38.89										50.0															20.0	25.0	40.0	50.0																											23.96	33.33	18.33	45.45	45.45	50.0	14.29	66.67							50.0								25.0	40.0	60.0						25.0		11.54			1.25		20.0		25.0														50.0																20.0		16.67				11.11	10.0		25.0											11.11	11.11														14.29	16.67	11.11		11.11												28.57		12.5		23.81	33.33																	20.0	12.5																											50.0		33.33													13.33			16.67			30.0			100.0			30.0						25.0		25.0	33.33					25.0								25.0	25.0	25.0	30.56		50.0	20.0								50.0	33.33	20.0					5.56													33.33	100.0				
SRR24759614_binette_bin93	Bacteria	unclassified	unclassified	unclassified	unclassified	unclassified	unclassified	1	5.8	0.22	0.0	233.0	233.0	233.0	52.83	92.0	202.0	2490.0	1382.0	1074.0	328184.0	328184.0	328184.0	1508.3																0.0	56	24	0.013404167623809526															13.33																																																			16.67													33.33					40.0	40.0						25.0																															14.29				16.67	11.11										10.0										33.33	40.0										33.33																							14.29																																		33.33															14.29																						10.0																							50.0															25.0	8.33							16.67	20.0						50.0	12.5													33.33
SRR24759604_binette_bin96	Bacteria	unclassified	unclassified	unclassified	unclassified	unclassified	unclassified	1	5.8	0.41	0.0	126.0	126.0	126.0	43.91	45.0	107.0	4631.0	1646.0	1098.0	206024.0	206024.0	206024.0	1871.2																0.0	56	24	0.340621560952381																																															12.5																					16.67							50.0														38.89									20.0											25.0																																									11.11	11.11							33.33							14.29	16.67	11.11		11.11					11.11		5.56	5.56				14.29																					12.5																	8.33												25.0														16.67												14.29																							8.33		8.33	5.56		25.0	20.0															11.11																		
SRR24759598_binette_bin103	unclassified	unclassified	unclassified	unclassified	unclassified	unclassified	unclassified	1	5.8	0.23	0.0	57.0	57.0	57.0	28.74	20.0	48.0	19334.0	4366.0	2755.0	242428.0	242428.0	242428.0	5667.6																0.0	56	24	0.01286197730952381													14.29	12.5					3.12																																																																	20.0	20.0																									66.67												14.29					11.11				25.0																					20.0																								33.33	33.33					25.0																																												50.0					50.0																					20.0												25.0																														25.0	33.33																								100.0
SRR24759610_binette_bin93	Bacteria	unclassified	unclassified	unclassified	unclassified	unclassified	unclassified	1	5.8	0.01	0.0	148.0	148.0	148.0	34.79	40.0	120.0	11029.0	2113.0	1153.0	305447.0	305447.0	305447.0	3133.7																0.0	56	24	0.03620301314285714										14.29			14.29																25.0																		12.5																																										33.33																				25.0																50.0																					25.0		20.0										33.33							14.29	16.67	11.11		11.11							5.56	5.56																									12.5	20.0	12.5											33.33		25.0												20.0				33.33												16.67			50.0																																										25.0																													
SRR24759607_binette_bin42	Bacteria	unclassified	unclassified	unclassified	unclassified	unclassified	unclassified	1	5.8	0.03	0.0	81.0	81.0	81.0	43.47	16.0	62.0	16336.0	3261.0	1177.0	208116.0	208116.0	208116.0	5366.7																0.0	56	24	0.12186628504761902																																										14.29	25.0				12.5		50.0															9.09																6.67		25.0	25.0					3.12	5.56																	16.67	16.67	25.0																33.33																		25.0						20.0															50.0																																								20.0	12.5	4.55														8.33		33.33	33.33												12.5				16.67																				10.0								25.0																																							25.0														
SRR24759597_binette_bin76	Bacteria	unclassified	unclassified	unclassified	unclassified	unclassified	unclassified	1	5.8	0.01	0.0	138.0	138.0	138.0	32.41	51.0	118.0	5029.0	1442.0	1046.0	206076.0	206076.0	206076.0	1749.0																0.0	56	24	0.010708120647619048																																																								8.33																																			50.0																														14.29						11.11	20.0						12.5	33.33	11.11	10.0											30.0																																																																																																								20.0							9.09																																														37.5		40.0												
SRR24759610_binette_bin97	Bacteria	unclassified	unclassified	unclassified	unclassified	unclassified	unclassified	1	5.7	0.1	0.0	141.0	141.0	141.0	32.06	52.0	121.0	4712.0	1404.0	1039.0	203861.0	203861.0	203861.0	1668.5																0.0	104	58	0.01629844975714286	1.39									14.29		20.0			6.67																														14.29	16.67																												16.67														12.5					7.69										5.56				16.67	25.0	12.5	16.67		25.0									7.14	14.29									25.0		4.35										7.14												11.11														11.11	4.0											14.29		6.25																																		25.0								16.67	25.0		50.0					33.33					16.67														20.0							9.09							12.5											20.0	20.0			12.5			11.11																														33.33					
SRR24759602_binette_bin75	Bacteria	unclassified	unclassified	unclassified	unclassified	unclassified	unclassified	1	5.7	0.0	0.0	163.0	163.0	163.0	43.45	64.0	141.0	3204.0	1427.0	1058.0	233130.0	233130.0	233130.0	1549.6																0.0	56	24	0.042808588809523804	3.7																							33.33																								50.0													20.83		33.33												50.0													12.5			25.0		15.38																		11.11				33.33					25.0	14.29						11.11	20.0		20.0	25.0														14.29							20.0																		20.0	14.29							8.33				25.0		9.09	23.81																																								16.67		25.0																									30.0						20.0	9.09	9.09	11.11											50.0																													11.11																		
SRR24759600_binette_bin104	Bacteria	unclassified	unclassified	unclassified	unclassified	unclassified	unclassified	1	5.7	0.0	0.0	86.0	86.0	86.0	30.29	18.0	64.0	17764.0	4667.0	1682.0	297570.0	297570.0	297570.0	6593.0																0.0	56	24	0.030378256857142866		20.0											14.29					16.67	3.12																																																14.29																	60.0	40.0										25.0															33.33		25.0										14.29	50.0				11.11				25.0			12.5		11.11	10.0		8.33																																					33.33	33.33					25.0																			33.33																				16.67	11.11																																	100.0			10.0						25.0		25.0	16.67																								8.33																												33.33
SRR24759612_binette_bin62	Bacteria	unclassified	unclassified	unclassified	unclassified	unclassified	unclassified	1	5.7	0.02	0.0	158.0	158.0	158.0	53.66	64.0	137.0	2406.0	1359.0	1060.0	215880.0	215880.0	215880.0	1454.1																0.0	56	24	0.015421438528571429								33.33							6.67														25.0																																													16.67										40.0	40.0					25.0	25.0											33.33					16.67	25.0													14.29	14.29					11.11	20.0																			33.33	20.0										33.33																								25.0	12.5					20.0																				16.67																	16.67		25.0											16.67											16.67			10.0							18.18																																														25.0														33.33
SRR24759600_binette_bin105	Bacteria	unclassified	unclassified	unclassified	unclassified	unclassified	unclassified	1	5.7	0.06	0.0	154.0	154.0	154.0	35.76	60.0	133.0	2673.0	1443.0	1094.0	228076.0	228076.0	228076.0	1600.2																0.0	104	58	0.030648478571428567					25.0	66.67				28.57								16.67											25.0							50.0	33.33						25.0						50.0	25.0											4.17		6.67				14.29	33.33						16.67										40.0	40.0			12.5										40.0		25.0								25.0	25.0	33.33	22.22	25.0		25.0						25.0	21.43						44.44	20.0				50.0					10.0		66.67							25.0		10.0																	28.57	33.33	22.22		22.22												42.86		12.5		4.76	16.67																			9.09										33.33		50.0								8.33								33.33	5.56																20.0		20.0							9.09					25.0		6.25											10.0			16.67		16.67	11.11		50.0	40.0				25.0	8.33							33.33	40.0						12.5														
SRR24759600_binette_bin112	Bacteria	unclassified	unclassified	unclassified	unclassified	unclassified	unclassified	1	5.7	1.58	0.0	123.0	123.0	123.0	44.07	42.0	103.0	5190.0	1962.0	1160.0	221110.0	221110.0	221110.0	2138.3																100.0	104	58	0.3579843514285714																																					33.33																																																				33.33																										33.33								50.0																								33.33	20.0		11.11	11.11						50.0	33.33												20.0	14.29																			16.67			16.67																																				20.0		25.0		33.33																			20.0					14.29				44.44																		16.67												16.67			25.0	33.33										25.0														
SRR24759597_binette_bin75	Bacteria	unclassified	unclassified	unclassified	unclassified	unclassified	unclassified	1	5.7	0.0	0.0	1.0	1.0	1.0	38.57	1.0	1.0	209464.0	209464.0	209464.0	209464.0	209464.0	209464.0	209464.0																0.0	103	57	0.1339439491904762					25.0					14.29		20.0							3.12																																		6.67																																			12.5																		25.0	41.67	50.0	25.0															33.33			11.11				25.0																																		14.29	16.67	11.11		22.22							44.44	44.44																							50.0															33.33		25.0																	12.5				50.0																			19.05		9.09																																8.33							16.67	20.0																				
SRR24759610_binette_bin91	Bacteria	unclassified	unclassified	unclassified	unclassified	unclassified	unclassified	1	5.6	0.1	0.0	127.0	127.0	127.0	42.73	43.0	108.0	5162.0	1608.0	1051.0	202374.0	202374.0	202374.0	1953.7																0.0	104	58	0.15762334547619047													14.29																										50.0								25.0			25.0											18.75	33.33	10.0				14.29								50.0																25.0																				22.22					33.33	25.0				28.57	14.29		33.33			22.22	40.0			25.0	25.0		12.5		11.11	20.0					25.0						20.0		22.22	22.22								5.56	33.33	50.0	50.0	50.0									5.56							20.0					9.09																																					33.33	11.11										100.0	33.33	12.5						50.0									16.67			30.0	33.33		33.33		14.29	10.0	9.09																					8.33		8.33	5.56		25.0														20.0						25.0														
SRR24759598_binette_bin101	Bacteria	unclassified	unclassified	unclassified	unclassified	unclassified	unclassified	1	5.6	0.0	0.0	178.0	178.0	178.0	43.1	66.0	153.0	3729.0	1408.0	1043.0	258869.0	258869.0	258869.0	1663.0																0.0	56	24	0.011335069952380952																																																																		58.33													66.67						20.0			12.5																																25.0							11.11																																																16.67						14.29	25.0																																			50.0								8.33																																																								12.5	16.67	16.67	11.11														16.67	40.0					22.22			20.0												33.33
SRR24759598_binette_bin110	Bacteria	unclassified	unclassified	unclassified	unclassified	unclassified	unclassified	1	5.6	1.39	0.0	169.0	169.0	169.0	43.03	68.0	146.0	2862.0	1468.0	1111.0	247456.0	247456.0	247456.0	1563.7																0.0	56	24	0.35331052857142853	25.46									14.29																			25.0																																4.17		6.67			8.33									50.0					6.67								37.5					3.85										33.33																							33.33					25.0			12.5		11.11	10.0		8.33				7.14	50.0				40.0										33.33																											4.76																		20.0	12.5											33.33		12.5																												66.67				16.67			40.0						5.0														25.0										19.44	8.33																		11.11				25.0														
SRR24759612_binette_bin65	unclassified	unclassified	unclassified	unclassified	unclassified	unclassified	unclassified	1	5.6	0.27	0.0	109.0	109.0	109.0	37.46	29.0	88.0	7888.0	2246.0	1185.0	240963.0	240963.0	240963.0	3218.3																0.0	56	24	0.11752972557142856		20.0																																																																							50.0																																					33.33										25.0							11.11				25.0								8.33																																											75.0																																50.0																												50.0		33.33								20.0																																																																			50.0
SRR24759601_binette_bin58	Bacteria	unclassified	unclassified	unclassified	unclassified	unclassified	unclassified	1	5.6	0.01	0.0	123.0	123.0	123.0	45.11	39.0	103.0	13709.0	1618.0	1091.0	209550.0	209550.0	209550.0	2749.7																0.0	56	24	0.20101456619047614	12.5																																												14.29	16.67	12.5							25.0			33.33							21.21	18.18	8.33	14.29																					25.0	16.67				7.69										5.56			16.67	16.67	50.0			11.11										14.29						22.22	40.0															7.14					10.0				20.0			11.11										28.57	33.33	22.22		22.22	4.0																50.0																	20.0	12.5	9.09																16.67	11.11									25.0							33.33									14.29					20.0									11.11					12.5	16.67																																						12.5														
SRR24759610_binette_bin95	Bacteria	unclassified	unclassified	unclassified	unclassified	unclassified	unclassified	1	5.5	0.23	0.0	129.0	129.0	129.0	44.94	39.0	108.0	6999.0	1673.0	1053.0	217238.0	217238.0	217238.0	2302.7																0.0	56	24	0.13011185452380955																																					33.33		50.0								25.0																				14.29	33.33							50.0														5.56									20.0											25.0								25.0				7.14						22.22																							11.11	11.11														14.29	16.67	11.11		11.11							5.56	5.56				28.57					16.67								16.67								12.5																	8.33						8.33								33.33									50.0	100.0	33.33	16.67	10.0						20.0					14.29		9.09		44.44					25.0													16.67							20.0				25.0								16.67	20.0																				
SRR24759612_binette_bin66	Bacteria	unclassified	unclassified	unclassified	unclassified	unclassified	unclassified	1	5.5	0.71	0.0	161.0	161.0	161.0	62.71	67.0	140.0	2307.0	1359.0	1065.0	221591.0	221591.0	221591.0	1447.9																0.0	56	24	0.019509041404761902								33.33		14.29	33.33				6.67																							50.0	50.0								12.5																				14.29				25.0			16.67														31.25	33.33	25.0										50.0		33.33																	25.0	75.0														12.5		11.11	10.0		5.56							25.0	33.33											33.33											11.11													25.0	12.5					20.0															20.0	12.5										100.0		6.67	25.0		16.67		16.67	11.11			16.67			50.0					33.33																																	18.75															12.5			11.11																			20.0																
SRR24759611_binette_bin75	Bacteria	unclassified	unclassified	unclassified	unclassified	unclassified	unclassified	1	5.5	0.01	0.0	94.0	94.0	94.0	59.4	33.0	80.0	3430.0	1712.0	1092.0	152567.0	152567.0	152567.0	1856.7																0.0	56	24	0.001701534238095238					25.0																																																																																																																														25.0																																																			25.0																																																																																																																																									
SRR24759616_binette_bin76	Bacteria	unclassified	unclassified	unclassified	unclassified	unclassified	unclassified	1	5.5	0.0	0.0	80.0	80.0	80.0	38.69	28.0	69.0	16196.0	3838.0	2636.0	309307.0	309307.0	309307.0	4901.9																0.0	56	24	0.1469934657619048		20.0																																											14.29	16.67																																																													16.67	25.0							66.67																25.0								16.67																	33.33							50.0							20.0	14.29										14.29					16.67								16.67																																												16.67				50.0		33.33		10.0																														33.33	20.0	20.0																																									16.67
SRR24759606_binette_bin87	unclassified	unclassified	unclassified	unclassified	unclassified	unclassified	unclassified	1	5.5	0.27	0.0	45.0	45.0	45.0	51.35	16.0	38.0	14473.0	4639.0	2934.0	210281.0	210281.0	210281.0	5767.6																0.0	56	24	0.035758891952380946								33.33					14.29																																		12.5																																											25.0																																			50.0																						33.33											33.33																							14.29																																		33.33																																																																							20.0																																	
SRR24759616_binette_bin78	Bacteria	unclassified	unclassified	unclassified	unclassified	unclassified	unclassified	1	5.5	0.01	0.0	57.0	57.0	57.0	31.31	22.0	49.0	14403.0	3844.0	2775.0	223083.0	223083.0	223083.0	4626.8																0.0	56	24	0.04652449571428571						16.67								12.5	6.67														25.0																												33.33				8.33		13.33					33.33																					33.33																			25.0						75.0												33.33	11.11					25.0		12.5		11.11	10.0																																																9.52																														66.67										16.67	50.0	25.0						33.33					16.67											16.67										9.09						66.67	12.5																																16.67	20.0																				
SRR24759616_binette_bin75	unclassified	unclassified	unclassified	unclassified	unclassified	unclassified	unclassified	1	5.5	0.0	0.0	53.0	53.0	53.0	36.81	17.0	45.0	24709.0	4224.0	2720.0	234482.0	234482.0	234482.0	6765.2																0.0	56	24	0.054612407619047613	5.56																		3.12																																										12.5		20.0				14.29	33.33																																						16.67	33.33	50.0																																		25.0										20.0																								33.33	33.33					50.0			14.29	16.67				16.67			16.67																																				20.0	14.29								33.33																				10.0																																																													
SRR24759607_binette_bin43	unclassified	unclassified	unclassified	unclassified	unclassified	unclassified	unclassified	2	5.5	0.01	0.0	118.0	118.0	118.0	42.08	36.0	98.0	10322.0	1877.0	1138.0	221270.0	221270.0	221270.0	2732.8																0.0	56	24	0.06465944542857144																																																		25.0																8.33																																								8.33	8.33		25.0																									37.5		11.11	20.0											10.0																					11.11							11.11	11.11																																																																								16.67																33.33		16.67																																						12.5														
SRR24759598_binette_bin109	unclassified	unclassified	unclassified	unclassified	unclassified	unclassified	unclassified	1	5.4	0.57	0.0	9.0	9.0	9.0	50.03	3.0	6.0	62965.0	41474.0	9748.0	273323.0	273323.0	273323.0	44767.4																0.0	56	24	0.012926350604761903						33.33																																																																																																																														25.0																																																		25.0	18.75																																																																																																																																								
SRR24759616_binette_bin77	unclassified	unclassified	unclassified	unclassified	unclassified	unclassified	unclassified	1	5.4	0.01	0.0	44.0	44.0	44.0	36.63	14.0	36.0	17092.0	6252.0	2971.0	243540.0	243540.0	243540.0	7105.3																0.0	56	24	0.017448625114285715																															20.0	25.0	20.0	33.33																																																				20.0												20.0																	33.33						14.29						5.56	10.0						12.5		11.11	10.0																												14.29	16.67	11.11		11.11												14.29	25.0																																																																													9.09					12.5																						20.0																																	
SRR24759615_binette_bin85	Bacteria	unclassified	unclassified	unclassified	unclassified	unclassified	unclassified	1	5.4	0.0	0.0	97.0	97.0	97.0	35.32	33.0	77.0	5061.0	3313.0	1391.0	233756.0	233756.0	233756.0	2857.8																0.0	104	58	0.015076268652380955	1.39									14.29	33.33																																																		6.25		10.0												50.0																															8.33	8.33		62.5		11.11									25.0	14.29			33.33			22.22	20.0																50.0			33.33	60.0		11.11	11.11							33.33	5.56						28.57	16.67	22.22		33.33			5.56				11.11	11.11				28.57																																						16.67						8.33									12.5								25.0													66.67					9.09	11.11					12.5																								25.0								16.67	20.0				20.0		75.0								33.33						50.0
SRR24759611_binette_bin79	Bacteria	unclassified	unclassified	unclassified	unclassified	unclassified	unclassified	1	5.4	0.0	0.0	164.0	164.0	164.0	38.16	69.0	143.0	2201.0	1326.0	1068.0	219690.0	219690.0	219690.0	1402.3																0.0	56	24	0.06757531713333334	1.39	20.0			25.0	50.0							14.29														25.0				20.0	25.0	20.0	16.67																																																						12.5	16.67	8.33				16.67		2.5													37.5												7.14				50.0		11.11					25.0																								33.33										16.67													20.0		28.57		12.5			16.67			50.0								33.33								18.18										33.33		25.0								16.67		25.0											16.67					100.0							10.0		20.0							9.09	36.36	44.44					31.25							50.0			33.33	20.0	20.0	16.67	16.67		8.33	11.11																	16.67	11.11							16.67		2.27									16.67
SRR24759604_binette_bin98	unclassified	unclassified	unclassified	unclassified	unclassified	unclassified	unclassified	1	5.4	0.8	0.0	115.0	115.0	115.0	43.77	39.0	96.0	7328.0	1781.0	1174.0	209218.0	209218.0	209218.0	2271.2																100.0	56	24	0.2996748552380952					25.0																																								14.29	16.67																		18.18	18.18		14.29	33.33																				12.5					7.69					20.0					5.56																	25.0																							7.14			25.0									11.11								50.0		14.29	16.67	11.11		11.11	10.0	14.29		20.0								14.29																								18.18																									14.29			33.33																																		16.67																			20.0															11.11													50.0					
SRR24759598_binette_bin105	unclassified	unclassified	unclassified	unclassified	unclassified	unclassified	unclassified	1	5.2	0.01	0.0	56.0	56.0	56.0	36.05	9.0	39.0	19350.0	6431.0	1521.0	201381.0	201381.0	201381.0	8015.5																0.0	56	24	0.014365400461904761						16.67																																																																																																					16.67	25.0		16.67																						25.0																																																																																													16.67	25.0	25.0											16.67																					9.09																																																												
SRR24759614_binette_bin98	unclassified	unclassified	unclassified	unclassified	unclassified	unclassified	unclassified	1	5.2	0.32	0.0	88.0	88.0	88.0	41.66	17.0	69.0	15559.0	2617.0	1182.0	216225.0	216225.0	216225.0	5022.6																100.0	56	24	0.07484000421428572																																																																			14.29																																						12.5															25.0	7.14						11.11				25.0											25.0																																								25.0																																							16.67	11.11											33.33																										9.09																																							16.67	20.0																				
SRR24759600_binette_bin106	Bacteria	unclassified	unclassified	unclassified	unclassified	unclassified	unclassified	1	5.2	0.01	0.0	137.0	137.0	137.0	37.06	48.0	116.0	7079.0	1692.0	1088.0	224133.0	224133.0	224133.0	1989.0																0.0	56	24	0.03298179742857142																																					33.33										12.5														6.25		10.0																33.33														3.85																																											22.22	20.0								7.14			60.0											16.67						14.29		11.11		11.11																	33.33																																				11.11																																			14.29	5.0		36.36	44.44						33.33												16.67																										75.0														
SRR24759610_binette_bin99	Bacteria	unclassified	unclassified	unclassified	unclassified	unclassified	unclassified	1	5.2	0.02	0.0	191.0	191.0	191.0	35.85	71.0	164.0	3894.0	1455.0	1069.0	286004.0	286004.0	286004.0	1679.2																0.0	56	24	0.04273422166666666																													25.0																																																																												12.5															25.0											25.0																	20.0		22.22	22.22																															25.0																																																	25.0									50.0						20.0												10.0																																																													16.67
SRR24759598_binette_bin107	Bacteria	unclassified	unclassified	unclassified	unclassified	unclassified	unclassified	1	5.2	0.16	0.0	148.0	148.0	148.0	46.12	52.0	125.0	6329.0	1718.0	1116.0	248473.0	248473.0	248473.0	2083.6																0.0	56	24	0.4094101161904761	1.39																																																																																																									16.67	16.67	25.0	12.5																																																																																																																																	16.67		100.0									16.67			20.0																									20.0		16.67												33.33												20.0																
SRR24759615_binette_bin87	unclassified	unclassified	unclassified	unclassified	unclassified	unclassified	unclassified	1	5.2	0.01	0.0	159.0	159.0	159.0	38.06	57.0	135.0	5612.0	1659.0	1084.0	255044.0	255044.0	255044.0	1858.6																0.0	56	24	0.041651363428571425																																																													6.25		10.0																										33.33																																7.14			33.33																								20.0											22.22													5.56														33.33																																				11.11												12.5														50.0							33.33				18.18	36.36	44.44									14.29									16.67												33.33														25.0														
SRR24759605_binette_bin85	unclassified	unclassified	unclassified	unclassified	unclassified	unclassified	unclassified	1	5.1	0.04	0.0	59.0	59.0	59.0	38.01	23.0	51.0	7602.0	3467.0	2622.0	211316.0	211316.0	211316.0	3925.3																0.0	56	24	0.0716161448095238																																	20.0	16.67																				25.0							12.5	33.33						16.67							50.0																																														14.29						11.11	20.0		20.0	25.0																			11.11	11.11																																	9.09		16.67																																																								50.0		33.33		10.0																													50.0																																												
SRR24759606_binette_bin86	unclassified	unclassified	unclassified	unclassified	unclassified	unclassified	unclassified	1	5.1	0.03	0.0	112.0	112.0	112.0	34.23	32.0	92.0	9720.0	2172.0	1238.0	234759.0	234759.0	234759.0	2970.6																0.0	56	24	0.06095317476190476																																																																															33.33										33.33																																14.29						11.11	20.0																																							11.11																																																																																																		33.33																																																						
SRR24759612_binette_bin63	Bacteria	unclassified	unclassified	unclassified	unclassified	unclassified	unclassified	2	5.0	0.0	0.0	73.0	73.0	73.0	38.06	14.0	55.0	25999.0	3384.0	1257.0	200495.0	200495.0	200495.0	6793.8																0.0	104	58	0.05129816928571428																																																																																																																															11.11	20.0																																																																																																																																																										16.67	16.67																20.0																				
SRR24759613_binette_bin58	Bacteria	unclassified	unclassified	unclassified	unclassified	unclassified	unclassified	1	5.0	0.08	0.0	56.0	56.0	56.0	44.37	17.0	46.0	18441.0	3259.0	2383.0	211225.0	211225.0	211225.0	6494.0																100.0	104	58	0.13134156161904761						50.0							14.29																																					25.0														18.18	18.18	8.33	14.29	33.33																				12.5																				25.0							33.33	33.33									50.0						25.0	25.0		12.5		11.11	20.0													33.33	33.33																		11.11	20.0	14.29								20.0				12.5																																33.33						16.67											100.0						16.67											16.67			40.0									44.44					25.0	16.67												16.67																					16.67	11.11																		
SRR24759598_binette_bin111	Bacteria	unclassified	unclassified	unclassified	unclassified	unclassified	unclassified	1	5.0	1.45	0.0	141.0	141.0	141.0	43.37	56.0	122.0	3358.0	1427.0	1060.0	201696.0	201696.0	201696.0	1552.4																0.0	56	24	0.30797671190476195					75.0					14.29	33.33																																																		6.25		10.0	36.36	36.36			16.67																				25.0			75.0																				11.11										28.57			33.33			22.22	40.0			50.0																												5.56						14.29	16.67	11.11		11.11			5.56																		16.67			16.67												9.09														16.67						16.67		25.0		20.0				33.33	12.5													14.29					30.0	66.67		33.33				18.18																												33.33														11.11		20.0								33.33								
SRR24759607_binette_bin44	unclassified	unclassified	unclassified	unclassified	unclassified	unclassified	unclassified	1	5.0	0.0	0.0	186.0	186.0	186.0	38.61	78.0	163.0	2438.0	1240.0	1041.0	238062.0	238062.0	238062.0	1349.0																0.0	56	24	0.017348552228571425																			3.12										25.0																		12.5			25.0																		16.67											33.33					40.0	40.0											3.75		20.0		25.0						8.33	8.33		25.0					25.0	33.33						14.29						11.11	20.0																																					28.57	33.33	22.22		22.22	20.0	14.29					44.44	44.44				28.57								50.0											50.0			20.0		13.64												25.0												40.0				33.33																									10.0	9.09					50.0																						20.0				25.0											22.22									3.41					100.0				16.67
SRR24759609_binette_bin86	Bacteria	unclassified	unclassified	unclassified	unclassified	unclassified	unclassified	1	4.9	0.03	0.0	96.0	96.0	96.0	41.66	27.0	78.0	11820.0	2191.0	1232.0	209027.0	209027.0	209027.0	3280.2																0.0	56	24	0.4562703985714284																																																																27.27	18.18	8.33																						25.0																																	28.57						22.22	40.0											16.67			25.0														33.33							50.0							4.0			20.0																																																									28.57				5.56																					16.67				9.09																	33.33	20.0	20.0																																				16.67					16.67
SRR24759597_binette_bin77	Bacteria	unclassified	unclassified	unclassified	unclassified	unclassified	unclassified	1	4.9	0.09	0.0	63.0	63.0	63.0	30.65	26.0	55.0	7241.0	3431.0	2791.0	222019.0	222019.0	222019.0	3738.1																0.0	56	24	0.025059345000000004															20.0																														14.29	16.67																																										12.5					7.69										5.56						25.0	33.33		25.0			33.33						7.14						11.11																7.14					10.0							11.11															24.0	14.29					5.56	5.56					25.0																				12.5	20.0	12.5																					16.67			50.0					33.33												16.67														9.09																						12.5			11.11														16.67	20.0						12.5														
SRR24759602_binette_bin76	Bacteria	unclassified	unclassified	unclassified	unclassified	unclassified	unclassified	1	4.9	0.01	0.0	73.0	73.0	73.0	48.63	19.0	56.0	10304.0	3344.0	1392.0	212320.0	212320.0	212320.0	4380.8																0.0	56	24	0.027227129238095237					25.0																																																																					16.67																																																									25.0																																																		14.29	25.0																																																				5.56																																																																																					
SRR24759611_binette_bin80	unclassified	unclassified	unclassified	unclassified	unclassified	unclassified	unclassified	1	4.9	0.0	0.0	41.0	41.0	41.0	40.2	7.0	27.0	24145.0	10126.0	1776.0	201181.0	201181.0	201181.0	10834.2																0.0	56	24	0.04007498933333334																																																		25.0																																							5.56																																14.29						11.11	20.0																																																						25.0																																					8.33																																								9.09																															25.0																													
SRR24759608_binette_bin93	Bacteria	unclassified	unclassified	unclassified	unclassified	unclassified	unclassified	1	4.8	0.28	0.0	128.0	128.0	128.0	42.5	49.0	110.0	4095.0	1563.0	1113.0	201682.0	201682.0	201682.0	1735.7																0.0	56	24	0.36318995571428564	6.94																												25.0																					25.0											18.75		30.0			16.67		16.67						16.67																												33.33			12.5			25.0	12.5		11.11										14.29			33.33			11.11	20.0			25.0			12.5		11.11	20.0		5.56			25.0		50.0		25.0		20.0									50.0		5.56													5.56									14.29	25.0	12.5		14.29			20.0		16.67			16.67																																8.33		25.0		20.0					12.5				16.67											33.33						33.33			10.0								6.25																									33.33																												
SRR24759598_binette_bin113	Bacteria	unclassified	unclassified	unclassified	unclassified	unclassified	unclassified	1	4.8	1.44	0.0	144.0	144.0	144.0	45.62	57.0	123.0	2511.0	1650.0	1130.0	223563.0	223563.0	223563.0	1656.1																87.5	104	58	0.46054025714285723	5.56																												25.0														25.0						50.0															3.03		8.33	14.29	16.67		16.67																				16.67				33.33									25.0		12.5		16.67	25.0																							25.0			12.5		11.11	20.0		8.33									20.0										33.33						12.5					11.11										20.0		14.29					16.67											33.33																								16.67	11.11								14.29								16.67		100.0		25.0			50.0																					6.25											10.0	20.0	16.67							20.0					50.0												20.0																
SRR24759601_binette_bin59	Bacteria	unclassified	unclassified	unclassified	unclassified	unclassified	unclassified	1	4.8	0.12	0.0	119.0	119.0	119.0	38.27	40.0	99.0	4900.0	1862.0	1113.0	212736.0	212736.0	212736.0	2153.4																0.0	56	24	0.06497541142857141															6.67														25.0																		25.0																																				25.0																							8.33	25.0	25.0	25.0	33.33							25.0										11.11														50.0							20.0																												11.11	11.11				14.29	25.0																																					16.67												25.0							16.67											16.67																																																																						
SRR24759609_binette_bin87	unclassified	unclassified	unclassified	unclassified	unclassified	unclassified	unclassified	3	4.7	0.01	0.0	116.0	116.0	116.0	40.93	31.0	93.0	10286.0	2503.0	1197.0	261537.0	261537.0	261537.0	3277.4																0.0	56	24	0.063553555																																																																						16.67												25.0	75.0							8.33				16.67																																																						20.0		11.11	11.11																																																																																																																		33.33																										16.67														25.0														
SRR24759609_binette_bin88	Bacteria	unclassified	unclassified	unclassified	unclassified	unclassified	unclassified	1	4.7	0.02	0.0	53.0	53.0	53.0	41.83	14.0	41.0	15514.0	5076.0	2321.0	220166.0	220166.0	220166.0	6306.0																0.0	56	24	0.03260264338095239										14.29																					20.0	25.0	20.0	33.33											14.29	16.67																		27.27	36.36																												7.69										5.56												33.33					25.0											25.0			12.5								25.0	7.14												11.11															24.0	14.29																																														25.0																						16.67							10.0			16.67																																																																	33.33					
SRR24759608_binette_bin88	Archaea	unclassified	unclassified	unclassified	unclassified	unclassified	unclassified	1	4.7	0.0	0.0	137.0	137.0	137.0	32.46	50.0	117.0	4425.0	1541.0	1057.0	207658.0	207658.0	207658.0	1736.5																0.0	104	58	0.013547713109523811																																																													4.17		6.67																										33.33																									25.0	33.33						14.29						11.11	20.0			25.0																																		14.29		11.11		11.11										10.0						4.76																																															50.0																											9.09						33.33																																																						
SRR24759600_binette_bin108	unclassified	unclassified	unclassified	unclassified	unclassified	unclassified	unclassified	1	4.7	0.1	0.0	141.0	141.0	141.0	29.23	43.0	115.0	5932.0	2121.0	1176.0	280675.0	280675.0	280675.0	2556.1																0.0	56	24	0.02375543423809524													14.29	12.5																																																																										25.0																						33.33															50.0		11.11										10.0											10.0																																	14.29	25.0																																	33.33																																					20.0	33.33												33.33								12.5																										20.0						12.5														
SRR24759611_binette_bin82	Bacteria	unclassified	unclassified	unclassified	unclassified	unclassified	unclassified	1	4.6	0.0	0.0	128.0	128.0	128.0	29.16	46.0	109.0	5857.0	1563.0	1070.0	200263.0	200263.0	200263.0	1854.0																0.0	56	24	0.00956453238095238																																																																																																																										14.29									25.0																																											11.11								25.0																																																																																																																				16.67	20.0		11.11																		
SRR24759614_binette_bin96	Bacteria	unclassified	unclassified	unclassified	unclassified	unclassified	unclassified	1	4.6	0.03	0.0	138.0	138.0	138.0	42.87	49.0	119.0	14352.0	1366.0	1042.0	204960.0	204960.0	204960.0	2458.4																0.0	56	24	0.070939573	12.5					50.0																						50.0																			12.5	50.0													12.5		20.0												50.0													3.12	5.56		25.0		7.69													16.67	16.67	25.0			11.11										7.14			33.33			11.11	20.0		20.0		25.0							11.11		50.0				14.29	25.0		20.0		11.11	11.11							33.33	16.67						14.29	16.67	11.11		11.11												14.29	25.0	12.5	9.09	14.29																																		8.33			11.11											33.33	12.5				16.67								10.0						10.0					14.29	10.0	18.18							25.0																						16.67			16.67								20.0		22.22				25.0														
SRR24759611_binette_bin84	unclassified	unclassified	unclassified	unclassified	unclassified	unclassified	unclassified	1	4.6	0.02	0.0	109.0	109.0	109.0	40.96	31.0	88.0	9061.0	2508.0	1145.0	226629.0	226629.0	226629.0	2916.4																0.0	56	24	0.05492274419047619																																															12.5			25.0														18.18	9.09		28.57	33.33																																																					7.14																											40.0											16.67																											16.67																																			16.67	22.22												5.56													14.29												18.18	9.09	22.22																				12.5			11.11																	22.22				50.0														
SRR24759597_binette_bin78	Bacteria	unclassified	unclassified	unclassified	unclassified	unclassified	unclassified	1	4.6	0.89	0.0	120.0	120.0	120.0	44.7	38.0	100.0	10961.0	1858.0	1108.0	215030.0	215030.0	215030.0	2581.2																0.0	104	58	0.4631157157142856										14.29																			25.0							50.0	33.33										25.0																			8.33									50.0					6.67		25.0						12.5																			16.67	25.0			11.11										14.29		50.0				22.22	40.0			25.0													50.0				10.0				20.0																																		16.67											33.33						20.0	12.5													12.5								16.67		25.0			14.29	25.0			5.56				16.67				50.0							16.67			20.0			50.0				18.18																		20.0		16.67			11.11									16.67							16.67	20.0						12.5														
SRR24759602_binette_bin77	unclassified	unclassified	unclassified	unclassified	unclassified	unclassified	unclassified	1	4.3	0.02	0.0	118.0	118.0	118.0	37.86	32.0	96.0	10574.0	2018.0	1100.0	233699.0	233699.0	233699.0	3039.5																0.0	56	24	0.041823416	1.39									14.29																		50.0																																				18.18	27.27			16.67																																					12.5				12.5						66.67																																	20.0															50.0		14.29	16.67	11.11		22.22	40.0	28.57															16.67																															25.0																						16.67																																						20.0	20.0	16.67																										25.0														
SRR24759604_binette_bin100	unclassified	unclassified	unclassified	unclassified	unclassified	unclassified	unclassified	1	4.3	0.21	0.0	115.0	115.0	115.0	39.06	38.0	96.0	4900.0	1837.0	1137.0	202219.0	202219.0	202219.0	2178.3																0.0	56	24	0.25072522	1.39				25.0																								25.0																																																																																12.5												7.14										25.0								8.33									60.0											16.67				50.0						11.11										20.0		14.29																																									11.11												5.56																									18.18	9.09	22.22																10.0		16.67																										50.0														
SRR24759608_binette_bin96	Bacteria	unclassified	unclassified	unclassified	unclassified	unclassified	unclassified	1	4.2	1.25	0.0	140.0	140.0	140.0	43.29	56.0	121.0	3644.0	1445.0	1076.0	200871.0	200871.0	200871.0	1537.9																100.0	104	58	0.26226317571428565	5.56																												25.0																		12.5			25.0											37.5	33.33	40.0	9.09	18.18		14.29	33.33							100.0														16.67																	16.67	16.67	25.0			11.11										14.29					33.33	22.22	20.0			25.0								5.56	12.5						25.0		20.0		11.11	11.11																																	9.09	14.29																														66.67				16.67																			16.67															33.33					20.0																						8.33	12.5	8.33	5.56	11.11	25.0													16.67	20.0																				
SRR24759600_binette_bin109	Bacteria	unclassified	unclassified	unclassified	unclassified	unclassified	unclassified	1	4.1	0.01	0.0	132.0	132.0	132.0	30.63	49.0	113.0	3903.0	1561.0	1083.0	206097.0	206097.0	206097.0	1765.6																0.0	56	24	0.013498006090476189	5.56									14.29	33.33																												50.0																						12.5		20.0																					20.0	40.0																														33.33							14.29												12.5		11.11	10.0		13.89							25.0				11.11	11.11																			20.0	14.29												12.5		14.29																																		16.67						16.67		25.0		20.0										33.33																			10.0	9.09								16.67																								16.67										5.56		20.0					16.67											
SRR24759605_binette_bin88	unclassified	unclassified	unclassified	unclassified	unclassified	unclassified	unclassified	1	4.1	0.05	0.0	53.0	53.0	53.0	43.75	17.0	43.0	10354.0	3949.0	2465.0	206800.0	206800.0	206800.0	4936.7																0.0	56	24	0.020882418476190483						33.33												33.33																																																								16.67	50.0																											33.33																									11.11					25.0																																											16.67							25.0	25.0					20.0																											33.33									16.67																																																																										16.67	20.0																				
SRR24759606_binette_bin90	Bacteria	unclassified	unclassified	unclassified	unclassified	unclassified	unclassified	1	4.1	0.21	0.0	136.0	136.0	136.0	46.36	54.0	117.0	2748.0	1528.0	1067.0	201573.0	201573.0	201573.0	1584.2																0.0	56	24	0.44515867571428586	12.5																																				33.33							25.0																																													5.56		25.0							20.0																							14.29		50.0				22.22				25.0			12.5			10.0										33.33											33.33						12.5	14.29	16.67	11.11		11.11												28.57																			50.0															33.33				8.33	100.0					8.33															50.0			100.0			20.0						10.0					14.29																													20.0												33.33	40.0																				
SRR24759608_binette_bin95	unclassified	unclassified	unclassified	unclassified	unclassified	unclassified	unclassified	1	4.0	1.36	0.0	132.0	132.0	132.0	44.13	51.0	113.0	3579.0	1579.0	1085.0	203121.0	203121.0	203121.0	1691.3																0.0	56	24	0.27758506428571433	1.85				50.0					14.29																																															33.33				16.67	33.33	6.67					16.67											100.0	6.67				20.0	20.0			25.0			50.0		3.85							25.0									25.0											25.0										20.0	75.0								16.67											33.33	33.33					33.33													11.11							5.56	5.56								4.76																	12.5															12.5													14.29			66.67												16.67				16.67			20.0	33.33				14.29	15.0						25.0	66.67	18.75						25.0				33.33	20.0	20.0												25.0									20.0		11.11																		
SRR24759614_binette_bin101	Bacteria	unclassified	unclassified	unclassified	unclassified	unclassified	unclassified	1	4.0	0.0	0.0	116.0	116.0	116.0	38.1	36.0	96.0	7516.0	1833.0	1099.0	213928.0	213928.0	213928.0	2433.5																0.0	56	24	0.07663673066666665	1.85																																				33.33																								4.17		6.67	3.03															33.33										5.56				3.85												25.0																										50.0																																																						4.76	33.33				16.67			16.67	16.67																									8.33										20.0																	10.0						20.0					14.29	5.0							33.33							25.0																													11.11																		
SRR24759613_binette_bin59	unclassified	unclassified	unclassified	unclassified	unclassified	unclassified	unclassified	1	3.8	0.02	0.0	130.0	130.0	130.0	37.09	50.0	112.0	4646.0	1574.0	1130.0	201656.0	201656.0	201656.0	1755.1																0.0	56	24	0.05663728695238094	12.5				25.0																																																								12.5	33.33																																											12.5		16.67	25.0							33.33															20.0																																	50.0																			25.0		9.09	14.29																																													14.29								16.67																																																																																	
SRR24759602_binette_bin78	unclassified	unclassified	unclassified	unclassified	unclassified	unclassified	unclassified	1	3.8	0.0	0.0	106.0	106.0	106.0	45.45	34.0	88.0	6373.0	1888.0	1206.0	202842.0	202842.0	202842.0	2440.0																0.0	56	24	0.4193135452380953																																																																																																																																																																																																																																																																																																																															
SRR24759596_binette_bin58	unclassified	unclassified	unclassified	unclassified	unclassified	unclassified	unclassified	1	3.6	0.0	0.0	26.0	26.0	26.0	52.35	6.0	17.0	14224.0	6405.0	1766.0	114766.0	114766.0	114766.0	7601.5																0.0	56	24	0.004220551271428573																																																																																																																																																																																																																																																												40.0																																																																			
SRR24759605_binette_bin90	unclassified	unclassified	unclassified	unclassified	unclassified	unclassified	unclassified	1	3.4	0.0	0.0	23.0	23.0	23.0	51.98	6.0	16.0	16921.0	6216.0	2147.0	115081.0	115081.0	115081.0	8064.2																0.0	56	24	0.0026761060142857142																																																																																																																																																																																																																																																												40.0																																																																			
SRR24759609_binette_bin90	unclassified	unclassified	unclassified	unclassified	unclassified	unclassified	unclassified	2	3.3	0.0	0.0	48.0	48.0	48.0	57.5	18.0	41.0	5200.0	1542.0	1146.0	78671.0	78671.0	78671.0	2030.6																0.0	56	24	0.0663198278142857																																																																																											25.0																																																																																																																																																																	10.0																																																																			
SRR24759616_binette_bin82	unclassified	unclassified	unclassified	unclassified	unclassified	unclassified	unclassified	3	3.1	0.0	0.0	38.0	38.0	38.0	32.01	13.0	32.0	4897.0	1881.0	1333.0	75525.0	75525.0	75525.0	2399.0																0.0	56	24	0.027383287500000002																																																																																											50.0																																																																	33.33																																																																																																40.0																								33.33	20.0																																										
SRR24759609_binette_bin91	unclassified	unclassified	unclassified	unclassified	unclassified	unclassified	unclassified	1	3.1	0.0	0.0	36.0	36.0	36.0	56.19	12.0	29.0	6375.0	2812.0	1445.0	88910.0	88910.0	88910.0	3080.3																0.0	56	24	0.003765724061904762																																																																																																																																																																																																																																																												20.0																																																																			
SRR24759604_binette_bin101	unclassified	unclassified	unclassified	unclassified	unclassified	unclassified	unclassified	1	3.1	0.0	0.0	19.0	19.0	19.0	52.41	5.0	14.0	17912.0	8151.0	2663.0	111970.0	111970.0	111970.0	9259.3																0.0	56	24	0.002825303595238095																																																																																																																																																																																																																																																												40.0																																																																			
SRR24759608_binette_bin94	unclassified	unclassified	unclassified	unclassified	unclassified	unclassified	unclassified	1	2.6	0.0	0.0	43.0	43.0	43.0	41.45	15.0	37.0	5985.0	1614.0	1041.0	67837.0	67837.0	67837.0	2044.0																0.0	56	24	0.10332437414285717																																																																																																																																																																																																																																																																																																																															
SRR24759611_binette_bin92	unclassified	unclassified	unclassified	unclassified	unclassified	unclassified	unclassified	1	2.2	0.0	0.0	37.0	37.0	37.0	42.31	15.0	32.0	3081.0	1365.0	1032.0	51932.0	51932.0	51932.0	1545.8																0.0	56	24	0.0934078389047619																																																																																																																																																																																																																																																																																																																															
